{"2009102501":{"home":{"score":{"1":0,"2":3,"3":0,"4":0,"5":0,"T":3},"abbr":"CLE","to":2,"stats":{"passing":{"00-0023645":{"name":"D.Anderson","att":29,"cmp":12,"yds":99,"tds":0,"ints":1,"twopta":0,"twoptm":0}},"rushing":{"00-0019693":{"name":"J.Lewis","att":15,"yds":47,"tds":0,"lng":16,"twopta":0,"twoptm":0},"00-0024359":{"name":"J.Harrison","att":3,"yds":7,"tds":0,"lng":4,"twopta":0,"twoptm":0},"00-0023645":{"name":"D.Anderson","att":2,"yds":3,"tds":0,"lng":3,"twopta":0,"twoptm":0},"00-0023176":{"name":"J.Cribbs","att":1,"yds":1,"tds":0,"lng":1,"twopta":0,"twoptm":0}},"receiving":{"00-0024359":{"name":"J.Harrison","rec":4,"yds":23,"tds":0,"lng":10,"twopta":0,"twoptm":0},"00-0022706":{"name":"M.Gaines","rec":2,"yds":30,"tds":0,"lng":21,"twopta":0,"twoptm":0},"00-0023784":{"name":"G.Estandia","rec":2,"yds":10,"tds":0,"lng":5,"twopta":0,"twoptm":0},"00-0027026":{"name":"M.Massaquoi","rec":1,"yds":22,"tds":0,"lng":22,"twopta":0,"twoptm":0},"00-0024394":{"name":"L.Vickers","rec":1,"yds":10,"tds":0,"lng":10,"twopta":0,"twoptm":0},"00-0019281":{"name":"M.Furrey","rec":1,"yds":5,"tds":0,"lng":5,"twopta":0,"twoptm":0},"00-0023176":{"name":"J.Cribbs","rec":1,"yds":-1,"tds":0,"lng":-1,"twopta":0,"twoptm":0}},"fumbles":{"00-0023645":{"name":"D.Anderson","tot":2,"rcv":2,"trcv":2,"yds":-2,"lost":0},"00-0023176":{"name":"J.Cribbs","tot":1,"rcv":0,"trcv":0,"yds":0,"lost":1}},"kicking":{"00-0020972":{"name":"B.Cundiff","fgm":1,"fga":1,"fgyds":22,"totpfg":3,"xpmade":0,"xpmissed":0,"xpa":0,"xpb":0,"xptot":0}},"punting":{"00-0021235":{"name":"D.Zastudil","pts":4,"yds":185,"avg":45,"i20":4,"lng":56}},"kickret":{"00-0023176":{"name":"J.Cribbs","ret":2,"avg":34,"tds":0,"lng":41}},"puntret":{"00-0023176":{"name":"J.Cribbs","ret":1,"avg":9,"tds":0,"lng":9}},"defense":{"00-0019573":{"name":"R.Smith","tkl":9,"ast":3,"sk":0,"int":0,"ffum":0},"00-0001563":{"name":"D.Bowens","tkl":4,"ast":4,"sk":0,"int":0,"ffum":0},"00-0000846":{"name":"E.Barton","tkl":5,"ast":2,"sk":0,"int":0,"ffum":0},"00-0025527":{"name":"B.McDonald","tkl":5,"ast":1,"sk":0,"int":0,"ffum":0},"00-0023469":{"name":"B.Pool","tkl":4,"ast":2,"sk":0,"int":0,"ffum":0},"00-0027074":{"name":"K.Maiava","tkl":5,"ast":0,"sk":0,"int":0,"ffum":0},"00-0023405":{"name":"A.Elam","tkl":3,"ast":2,"sk":0,"int":0,"ffum":0},"00-0025440":{"name":"E.Wright","tkl":4,"ast":0,"sk":0,"int":0,"ffum":0},"00-0025697":{"name":"J.Trusnik","tkl":3,"ast":1,"sk":0,"int":0,"ffum":0},"00-0020528":{"name":"S.Rogers","tkl":2,"ast":2,"sk":0,"int":0,"ffum":0},"00-0024228":{"name":"K.Wimbley","tkl":2,"ast":2,"sk":0,"int":0,"ffum":0},"00-0021262":{"name":"K.Coleman","tkl":2,"ast":0,"sk":0,"int":0,"ffum":0},"00-0022247":{"name":"M.Adams","tkl":1,"ast":1,"sk":0,"int":0,"ffum":0},"00-0026330":{"name":"A.Rubin","tkl":1,"ast":1,"sk":0,"int":0,"ffum":0},"00-0019710":{"name":"H.Poteat","tkl":0,"ast":2,"sk":0,"int":0,"ffum":0},"00-0019281":{"name":"M.Furrey","tkl":1,"ast":0,"sk":0,"int":0,"ffum":0},"00-0023624":{"name":"C.Mosley","tkl":1,"ast":0,"sk":0,"int":0,"ffum":0},"00-0022906":{"name":"C.Williams","tkl":1,"ast":0,"sk":0,"int":0,"ffum":0}},"team":{"totfd":12,"totyds":139,"pyds":81,"ryds":58,"pen":5,"penyds":40,"trnovr":2,"pt":4,"ptyds":185,"ptavg":45,"top":"24:06"}},"players":null},"away":{"score":{"1":0,"2":21,"3":3,"4":7,"5":0,"T":31},"abbr":"GB","to":1,"stats":{"passing":{"00-0023459":{"name":"A.Rodgers","att":20,"cmp":15,"yds":246,"tds":3,"ints":0,"twopta":0,"twoptm":0},"00-0026349":{"name":"M.Flynn","att":2,"cmp":1,"yds":12,"tds":0,"ints":0,"twopta":0,"twoptm":0}},"rushing":{"00-0022984":{"name":"R.Grant","att":27,"yds":148,"tds":1,"lng":37,"twopta":0,"twoptm":0},"00-0025450":{"name":"B.Jackson","att":9,"yds":31,"tds":0,"lng":9,"twopta":0,"twoptm":0},"00-0023459":{"name":"A.Rodgers","att":4,"yds":23,"tds":0,"lng":19,"twopta":0,"twoptm":0},"00-0022999":{"name":"J.Kuhn","att":1,"yds":0,"tds":0,"lng":0,"twopta":0,"twoptm":0}},"receiving":{"00-0024267":{"name":"G.Jennings","rec":5,"yds":52,"tds":0,"lng":18,"twopta":0,"twoptm":0},"00-0021929":{"name":"D.Lee","rec":3,"yds":39,"tds":0,"lng":19,"twopta":0,"twoptm":0},"00-0004541":{"name":"D.Driver","rec":2,"yds":84,"tds":1,"lng":71,"twopta":0,"twoptm":0},"00-0023832":{"name":"S.Havner","rec":2,"yds":59,"tds":1,"lng":45,"twopta":0,"twoptm":0},"00-0026231":{"name":"J.Finley","rec":1,"yds":16,"tds":0,"lng":16,"twopta":0,"twoptm":0},"00-0025465":{"name":"J.Jones","rec":1,"yds":5,"tds":1,"lng":5,"twopta":0,"twoptm":0},"00-0022984":{"name":"R.Grant","rec":1,"yds":3,"tds":0,"lng":3,"twopta":0,"twoptm":0},"00-0027106":{"name":"Q.Johnson","rec":1,"yds":0,"tds":0,"lng":0,"twopta":0,"twoptm":0}},"fumbles":{"00-0022711":{"name":"B.Chillar","tot":0,"rcv":0,"trcv":1,"yds":0,"lost":0}},"kicking":{"00-0025580":{"name":"M.Crosby","fgm":1,"fga":2,"fgyds":18,"totpfg":3,"xpmade":4,"xpmissed":0,"xpa":4,"xpb":0,"xptot":4}},"punting":{"00-0025786":{"name":"J.Kapinos","pts":2,"yds":87,"avg":29,"i20":0,"lng":45}},"kickret":{"00-0025450":{"name":"B.Jackson","ret":2,"avg":18,"tds":0,"lng":23}},"puntret":{"00-0024061":{"name":"T.Williams","ret":3,"avg":2,"tds":0,"lng":6}},"defense":{"00-0024220":{"name":"A.Hawk","tkl":7,"ast":1,"sk":0,"int":0,"ffum":0},"00-0021990":{"name":"N.Barnett","tkl":6,"ast":0,"sk":0,"int":0,"ffum":0},"00-0021269":{"name":"A.Kampman","tkl":3,"ast":2,"sk":1,"int":0,"ffum":0},"00-0023404":{"name":"A.Bigby","tkl":3,"ast":1,"sk":0,"int":0,"ffum":0},"00-0022711":{"name":"B.Chillar","tkl":3,"ast":1,"sk":0,"int":0,"ffum":0},"00-0021706":{"name":"C.Jenkins","tkl":3,"ast":0,"sk":1,"int":0,"ffum":1},"00-0018227":{"name":"C.Woodson","tkl":3,"ast":0,"sk":0,"int":1,"ffum":1},"00-0024397":{"name":"J.Jolly","tkl":3,"ast":0,"sk":0,"int":0,"ffum":0},"00-0027002":{"name":"C.Matthews","tkl":2,"ast":1,"sk":0,"int":0,"ffum":0},"00-0023486":{"name":"N.Collins","tkl":1,"ast":1,"sk":0,"int":0,"ffum":0},"00-0006915":{"name":"A.Harris","tkl":1,"ast":0,"sk":0,"int":0,"ffum":0},"00-0026985":{"name":"B.Raji","tkl":1,"ast":0,"sk":0,"int":0,"ffum":0},"00-0020515":{"name":"R.Pickett","tkl":0,"ast":1,"sk":0,"int":0,"ffum":0}},"team":{"totfd":25,"totyds":460,"pyds":258,"ryds":202,"pen":8,"penyds":70,"trnovr":0,"pt":2,"ptyds":87,"ptavg":29,"top":"35:54"}},"players":null},"drives":{"1":{"posteam":"CLE","qtr":1,"redzone":true,"plays":{"37":{"sp":0,"qtr":1,"down":0,"time":"15:00","yrdln":"GB 30","ydstogo":0,"ydsnet":0,"posteam":"GB","desc":"M.Crosby kicks 69 yards from GB 30 to CLE 1, out of bounds.","note":"KICKOFF","players":{"00-0025580":[{"sequence":1,"clubcode":"GB","playerName":"M.Crosby","statId":41,"yards":30}],"0":[{"sequence":2,"clubcode":"CLE","playerName":"","statId":49,"yards":0}]}},"52":{"sp":0,"qtr":1,"down":1,"time":"15:00","yrdln":"CLE 40","ydstogo":10,"ydsnet":3,"posteam":"CLE","desc":"(15:00) J.Lewis right guard to CLE 43 for 3 yards (A.Hawk).","note":null,"players":{"00-0024220":[{"sequence":2,"clubcode":"GB","playerName":"A.Hawk","statId":79,"yards":0}],"00-0019693":[{"sequence":1,"clubcode":"CLE","playerName":"J.Lewis","statId":10,"yards":3}]}},"73":{"sp":0,"qtr":1,"down":2,"time":"14:18","yrdln":"CLE 43","ydstogo":7,"ydsnet":2,"posteam":"CLE","desc":"(14:18) D.Anderson pass incomplete short left to M.Massaquoi. PENALTY on CLE-M.Massaquoi, Offensive Pass Interference, 10 yards, enforced at CLE 43 - No Play.","note":"PENALTY","players":{"00-0027026":[{"sequence":1,"clubcode":"CLE","playerName":"M.Massaquoi","statId":93,"yards":10}]}},"106":{"sp":0,"qtr":1,"down":2,"time":"14:13","yrdln":"CLE 33","ydstogo":17,"ydsnet":2,"posteam":"CLE","desc":"(14:13) J.Lewis right guard to CLE 33 for no gain (C.Jenkins).","note":null,"players":{"00-0021706":[{"sequence":2,"clubcode":"GB","playerName":"C.Jenkins","statId":79,"yards":0}],"00-0019693":[{"sequence":1,"clubcode":"CLE","playerName":"J.Lewis","statId":10,"yards":0}]}},"127":{"sp":0,"qtr":1,"down":3,"time":"13:32","yrdln":"CLE 33","ydstogo":17,"ydsnet":2,"posteam":"CLE","desc":"(13:32) (Shotgun) D.Anderson pass short right to J.Harrison to CLE 42 for 9 yards (B.Chillar, C.Matthews).","note":null,"players":{"00-0022711":[{"sequence":7,"clubcode":"GB","playerName":"B.Chillar","statId":80,"yards":0}],"00-0027002":[{"sequence":8,"clubcode":"GB","playerName":"C.Matthews","statId":82,"yards":0}],"0":[{"sequence":1,"clubcode":"CLE","playerName":"","statId":7,"yards":0}],"00-0024359":[{"sequence":4,"clubcode":"CLE","playerName":"J.Harrison","statId":21,"yards":9},{"sequence":5,"clubcode":"CLE","playerName":"J.Harrison","statId":115,"yards":0},{"sequence":6,"clubcode":"CLE","playerName":"J.Harrison","statId":113,"yards":9}],"00-0023645":[{"sequence":2,"clubcode":"CLE","playerName":"D.Anderson","statId":15,"yards":9},{"sequence":3,"clubcode":"CLE","playerName":"D.Anderson","statId":111,"yards":0}]}},"151":{"sp":0,"qtr":1,"down":4,"time":"12:53","yrdln":"CLE 42","ydstogo":8,"ydsnet":2,"posteam":"CLE","desc":"(12:53) D.Zastudil punts 46 yards to GB 12, Center-R.Pontbriand. T.Williams to GB 14 for 2 yards (M.Adams).","note":"PUNT","players":{"00-0021235":[{"sequence":1,"clubcode":"CLE","playerName":"D.Zastudil","statId":29,"yards":46},{"sequence":3,"clubcode":"CLE","playerName":"D.Zastudil","statId":30,"yards":0}],"00-0024061":[{"sequence":2,"clubcode":"GB","playerName":"T.Williams","statId":33,"yards":2}],"00-0022247":[{"sequence":4,"clubcode":"CLE","playerName":"M.Adams","statId":79,"yards":0}]}}},"fds":0,"result":"Punt","penyds":-10,"ydsgained":12,"numplays":6,"postime":"2:16","start":{"qtr":1,"time":"15:00","yrdln":"CLE 40","team":"CLE"},"end":{"qtr":1,"time":"12:44","yrdln":"CLE 42","team":"CLE"}},"2":{"posteam":"GB","qtr":1,"redzone":true,"plays":{"176":{"sp":0,"qtr":1,"down":1,"time":"12:44","yrdln":"GB 14","ydstogo":10,"ydsnet":4,"posteam":"GB","desc":"(12:44) R.Grant right tackle ran ob at GB 18 for 4 yards (E.Wright).","note":null,"players":{"00-0025440":[{"sequence":2,"clubcode":"CLE","playerName":"E.Wright","statId":79,"yards":0}],"00-0022984":[{"sequence":1,"clubcode":"GB","playerName":"R.Grant","statId":10,"yards":4}]}},"197":{"sp":0,"qtr":1,"down":2,"time":"12:18","yrdln":"GB 18","ydstogo":6,"ydsnet":7,"posteam":"GB","desc":"(12:18) R.Grant right tackle to GB 21 for 3 yards (K.Maiava).","note":null,"players":{"00-0022984":[{"sequence":1,"clubcode":"GB","playerName":"R.Grant","statId":10,"yards":3}],"00-0027074":[{"sequence":2,"clubcode":"CLE","playerName":"K.Maiava","statId":79,"yards":0}]}},"218":{"sp":0,"qtr":1,"down":3,"time":"11:36","yrdln":"GB 21","ydstogo":3,"ydsnet":10,"posteam":"GB","desc":"(11:36) (Shotgun) B.Jackson right guard to GB 24 for 3 yards (B.McDonald, H.Poteat).","note":null,"players":{"00-0025527":[{"sequence":4,"clubcode":"CLE","playerName":"B.McDonald","statId":80,"yards":0}],"0":[{"sequence":1,"clubcode":"GB","playerName":"","statId":3,"yards":0},{"sequence":2,"clubcode":"GB","playerName":"","statId":6,"yards":0}],"00-0019710":[{"sequence":5,"clubcode":"CLE","playerName":"H.Poteat","statId":82,"yards":0}],"00-0025450":[{"sequence":3,"clubcode":"GB","playerName":"B.Jackson","statId":10,"yards":3}]}},"239":{"sp":0,"qtr":1,"down":1,"time":"10:53","yrdln":"GB 24","ydstogo":10,"ydsnet":19,"posteam":"GB","desc":"(10:53) R.Grant right guard to GB 33 for 9 yards (B.Pool, K.Wimbley).","note":null,"players":{"00-0022984":[{"sequence":1,"clubcode":"GB","playerName":"R.Grant","statId":10,"yards":9}],"00-0024228":[{"sequence":3,"clubcode":"CLE","playerName":"K.Wimbley","statId":82,"yards":0}],"00-0023469":[{"sequence":2,"clubcode":"CLE","playerName":"B.Pool","statId":80,"yards":0}]}},"260":{"sp":0,"qtr":1,"down":2,"time":"10:12","yrdln":"GB 33","ydstogo":1,"ydsnet":35,"posteam":"GB","desc":"(10:12) A.Rodgers pass short left to J.Finley to GB 49 for 16 yards (E.Wright).","note":null,"players":{"00-0025440":[{"sequence":7,"clubcode":"CLE","playerName":"E.Wright","statId":79,"yards":0}],"00-0026231":[{"sequence":4,"clubcode":"GB","playerName":"J.Finley","statId":21,"yards":16},{"sequence":5,"clubcode":"GB","playerName":"J.Finley","statId":115,"yards":0},{"sequence":6,"clubcode":"GB","playerName":"J.Finley","statId":113,"yards":16}],"0":[{"sequence":1,"clubcode":"GB","playerName":"","statId":4,"yards":0}],"00-0023459":[{"sequence":2,"clubcode":"GB","playerName":"A.Rodgers","statId":15,"yards":16},{"sequence":3,"clubcode":"GB","playerName":"A.Rodgers","statId":111,"yards":0}]}},"284":{"sp":0,"qtr":1,"down":1,"time":"09:27","yrdln":"GB 49","ydstogo":10,"ydsnet":41,"posteam":"GB","desc":"(9:27) B.Jackson left guard to CLE 45 for 6 yards (K.Wimbley, M.Adams).","note":null,"players":{"00-0024228":[{"sequence":2,"clubcode":"CLE","playerName":"K.Wimbley","statId":80,"yards":0}],"00-0025450":[{"sequence":1,"clubcode":"GB","playerName":"B.Jackson","statId":10,"yards":6}],"00-0022247":[{"sequence":3,"clubcode":"CLE","playerName":"M.Adams","statId":82,"yards":0}]}},"305":{"sp":0,"qtr":1,"down":2,"time":"08:47","yrdln":"CLE 45","ydstogo":4,"ydsnet":45,"posteam":"GB","desc":"(8:47) R.Grant left guard to CLE 41 for 4 yards (R.Smith). CLE-R.Smith was injured during the play. His return is Questionable.","note":null,"players":{"00-0019573":[{"sequence":3,"clubcode":"CLE","playerName":"R.Smith","statId":79,"yards":0}],"00-0022984":[{"sequence":2,"clubcode":"GB","playerName":"R.Grant","statId":10,"yards":4}],"0":[{"sequence":1,"clubcode":"GB","playerName":"","statId":3,"yards":0}]}},"333":{"sp":0,"qtr":1,"down":1,"time":"08:13","yrdln":"CLE 41","ydstogo":10,"ydsnet":50,"posteam":"GB","desc":"(8:13) R.Grant left tackle to CLE 36 for 5 yards (K.Maiava).","note":null,"players":{"00-0022984":[{"sequence":1,"clubcode":"GB","playerName":"R.Grant","statId":10,"yards":5}],"00-0027074":[{"sequence":2,"clubcode":"CLE","playerName":"K.Maiava","statId":79,"yards":0}]}},"354":{"sp":0,"qtr":1,"down":2,"time":"07:36","yrdln":"CLE 36","ydstogo":5,"ydsnet":52,"posteam":"GB","desc":"(7:36) R.Grant left guard to CLE 34 for 2 yards (E.Barton).","note":null,"players":{"00-0022984":[{"sequence":1,"clubcode":"GB","playerName":"R.Grant","statId":10,"yards":2}],"00-0000846":[{"sequence":2,"clubcode":"CLE","playerName":"E.Barton","statId":79,"yards":0}]}},"375":{"sp":0,"qtr":1,"down":3,"time":"06:57","yrdln":"CLE 34","ydstogo":3,"ydsnet":54,"posteam":"GB","desc":"(6:57) (Shotgun) B.Jackson left tackle to CLE 32 for 2 yards (S.Rogers).","note":null,"players":{"00-0020528":[{"sequence":3,"clubcode":"CLE","playerName":"S.Rogers","statId":79,"yards":0}],"0":[{"sequence":1,"clubcode":"GB","playerName":"","statId":7,"yards":0}],"00-0025450":[{"sequence":2,"clubcode":"GB","playerName":"B.Jackson","statId":10,"yards":2}]}},"396":{"sp":0,"qtr":1,"down":4,"time":"06:24","yrdln":"CLE 32","ydstogo":1,"ydsnet":54,"posteam":"GB","desc":"(6:24) A.Rodgers up the middle to CLE 32 for no gain (R.Smith, D.Bowens). Green Bay challenged the first down ruling, and the play was Upheld. (Timeout #1 at 06:19.)","note":"TIMEOUT","players":{"00-0019573":[{"sequence":4,"clubcode":"CLE","playerName":"R.Smith","statId":80,"yards":0}],"0":[{"sequence":1,"clubcode":"GB","playerName":"","statId":68,"yards":0},{"sequence":2,"clubcode":"GB","playerName":"","statId":9,"yards":0}],"00-0023459":[{"sequence":3,"clubcode":"GB","playerName":"A.Rodgers","statId":10,"yards":0}],"00-0001563":[{"sequence":5,"clubcode":"CLE","playerName":"D.Bowens","statId":82,"yards":0}]}}},"fds":3,"result":"Downs","penyds":0,"ydsgained":54,"numplays":11,"postime":"6:25","start":{"qtr":1,"time":"12:44","yrdln":"GB 14","team":"GB"},"end":{"qtr":1,"time":"06:19","yrdln":"CLE 32","team":"GB"}},"3":{"posteam":"CLE","qtr":2,"redzone":true,"plays":{"417":{"sp":0,"qtr":1,"down":1,"time":"06:19","yrdln":"CLE 31","ydstogo":10,"ydsnet":9,"posteam":"CLE","desc":"(6:19) D.Anderson pass short right to M.Gaines to CLE 40 for 9 yards (A.Bigby).","note":null,"players":{"00-0022706":[{"sequence":3,"clubcode":"CLE","playerName":"M.Gaines","statId":21,"yards":9},{"sequence":4,"clubcode":"CLE","playerName":"M.Gaines","statId":115,"yards":0},{"sequence":5,"clubcode":"CLE","playerName":"M.Gaines","statId":113,"yards":8}],"00-0023645":[{"sequence":1,"clubcode":"CLE","playerName":"D.Anderson","statId":15,"yards":9},{"sequence":2,"clubcode":"CLE","playerName":"D.Anderson","statId":111,"yards":1}],"00-0023404":[{"sequence":6,"clubcode":"GB","playerName":"A.Bigby","statId":79,"yards":0}]}},"466":{"sp":0,"qtr":1,"down":2,"time":"05:46","yrdln":"CLE 40","ydstogo":1,"ydsnet":12,"posteam":"CLE","desc":"(5:46) D.Anderson up the middle to CLE 43 for 3 yards (A.Hawk).","note":null,"players":{"00-0024220":[{"sequence":3,"clubcode":"GB","playerName":"A.Hawk","statId":79,"yards":0}],"0":[{"sequence":1,"clubcode":"CLE","playerName":"","statId":3,"yards":0}],"00-0023645":[{"sequence":2,"clubcode":"CLE","playerName":"D.Anderson","statId":10,"yards":3}]}},"487":{"sp":0,"qtr":1,"down":1,"time":"05:14","yrdln":"CLE 43","ydstogo":10,"ydsnet":11,"posteam":"CLE","desc":"(5:14) J.Lewis left tackle to CLE 42 for -1 yards (A.Hawk, A.Kampman).","note":null,"players":{"00-0024220":[{"sequence":3,"clubcode":"GB","playerName":"A.Hawk","statId":80,"yards":0},{"sequence":5,"clubcode":"GB","playerName":"A.Hawk","statId":120,"yards":0}],"00-0021269":[{"sequence":4,"clubcode":"GB","playerName":"A.Kampman","statId":82,"yards":0}],"0":[{"sequence":2,"clubcode":"CLE","playerName":"","statId":95,"yards":-1}],"00-0019693":[{"sequence":1,"clubcode":"CLE","playerName":"J.Lewis","statId":10,"yards":-1}]}},"508":{"sp":0,"qtr":1,"down":2,"time":"04:34","yrdln":"CLE 42","ydstogo":11,"ydsnet":48,"posteam":"CLE","desc":"(4:34) D.Anderson pass deep middle to M.Massaquoi to GB 36 for 22 yards (A.Harris). PENALTY on GB-A.Harris, Face Mask (15 Yards), 15 yards, enforced at GB 36.","note":"PENALTY","players":{"00-0027026":[{"sequence":5,"clubcode":"CLE","playerName":"M.Massaquoi","statId":21,"yards":22},{"sequence":6,"clubcode":"CLE","playerName":"M.Massaquoi","statId":115,"yards":0},{"sequence":7,"clubcode":"CLE","playerName":"M.Massaquoi","statId":113,"yards":3}],"00-0006915":[{"sequence":8,"clubcode":"GB","playerName":"A.Harris","statId":79,"yards":0},{"sequence":9,"clubcode":"GB","playerName":"A.Harris","statId":93,"yards":15}],"0":[{"sequence":1,"clubcode":"CLE","playerName":"","statId":4,"yards":0},{"sequence":2,"clubcode":"CLE","playerName":"","statId":5,"yards":0}],"00-0023645":[{"sequence":3,"clubcode":"CLE","playerName":"D.Anderson","statId":15,"yards":22},{"sequence":4,"clubcode":"CLE","playerName":"D.Anderson","statId":111,"yards":19}]}},"543":{"sp":0,"qtr":1,"down":1,"time":"04:10","yrdln":"GB 21","ydstogo":10,"ydsnet":54,"posteam":"CLE","desc":"(4:10) (Shotgun) J.Cribbs left guard to GB 20 for 1 yard (C.Matthews). direct snap to Josh Cribbs","note":null,"players":{"00-0027002":[{"sequence":2,"clubcode":"GB","playerName":"C.Matthews","statId":79,"yards":0}],"00-0023176":[{"sequence":1,"clubcode":"CLE","playerName":"J.Cribbs","statId":10,"yards":1}]}},"564":{"sp":0,"qtr":1,"down":2,"time":"03:29","yrdln":"GB 20","ydstogo":9,"ydsnet":54,"posteam":"CLE","desc":"(3:29) D.Anderson pass short right to M.Furrey to GB 15 for 5 yards (C.Woodson).","note":null,"players":{"00-0019281":[{"sequence":3,"clubcode":"CLE","playerName":"M.Furrey","statId":21,"yards":5},{"sequence":4,"clubcode":"CLE","playerName":"M.Furrey","statId":115,"yards":0},{"sequence":5,"clubcode":"CLE","playerName":"M.Furrey","statId":113,"yards":5}],"00-0018227":[{"sequence":6,"clubcode":"GB","playerName":"C.Woodson","statId":79,"yards":0}],"00-0023645":[{"sequence":1,"clubcode":"CLE","playerName":"D.Anderson","statId":15,"yards":5},{"sequence":2,"clubcode":"CLE","playerName":"D.Anderson","statId":111,"yards":0}]}},"592":{"sp":0,"qtr":1,"down":3,"time":"02:50","yrdln":"GB 15","ydstogo":4,"ydsnet":64,"posteam":"CLE","desc":"(2:50) D.Anderson pass short left to L.Vickers to GB 5 for 10 yards (C.Jenkins).","note":null,"players":{"00-0021706":[{"sequence":8,"clubcode":"GB","playerName":"C.Jenkins","statId":79,"yards":0}],"0":[{"sequence":1,"clubcode":"CLE","playerName":"","statId":4,"yards":0},{"sequence":2,"clubcode":"CLE","playerName":"","statId":6,"yards":0}],"00-0023645":[{"sequence":3,"clubcode":"CLE","playerName":"D.Anderson","statId":15,"yards":10},{"sequence":4,"clubcode":"CLE","playerName":"D.Anderson","statId":111,"yards":1}],"00-0024394":[{"sequence":5,"clubcode":"CLE","playerName":"L.Vickers","statId":21,"yards":10},{"sequence":6,"clubcode":"CLE","playerName":"L.Vickers","statId":115,"yards":0},{"sequence":7,"clubcode":"CLE","playerName":"L.Vickers","statId":113,"yards":9}]}},"616":{"sp":0,"qtr":1,"down":1,"time":"02:04","yrdln":"GB 5","ydstogo":5,"ydsnet":67,"posteam":"CLE","desc":"(2:04) J.Lewis right tackle to GB 2 for 3 yards (A.Hawk).","note":null,"players":{"00-0024220":[{"sequence":2,"clubcode":"GB","playerName":"A.Hawk","statId":79,"yards":0}],"00-0019693":[{"sequence":1,"clubcode":"CLE","playerName":"J.Lewis","statId":10,"yards":3}]}},"1806":{"sp":0,"qtr":1,"down":0,"time":"02:04","yrdln":"","ydstogo":0,"ydsnet":65,"posteam":"","desc":"Timeout #1 by CLE at 02:04.","note":"TIMEOUT","players":{"0":[{"sequence":1,"clubcode":"CLE","playerName":"","statId":68,"yards":0}]}},"637":{"sp":0,"qtr":1,"down":2,"time":"01:18","yrdln":"GB 2","ydstogo":2,"ydsnet":65,"posteam":"CLE","desc":"(1:18) D.Anderson FUMBLES (Aborted) at GB 2, and recovers at GB 2. D.Anderson to GB 4 for -2 yards (A.Hawk).","note":"FUMBLE","players":{"00-0024220":[{"sequence":5,"clubcode":"GB","playerName":"A.Hawk","statId":79,"yards":0},{"sequence":6,"clubcode":"GB","playerName":"A.Hawk","statId":120,"yards":0}],"00-0023645":[{"sequence":1,"clubcode":"CLE","playerName":"D.Anderson","statId":53,"yards":0},{"sequence":2,"clubcode":"CLE","playerName":"D.Anderson","statId":55,"yards":0},{"sequence":3,"clubcode":"CLE","playerName":"D.Anderson","statId":10,"yards":0},{"sequence":4,"clubcode":"CLE","playerName":"D.Anderson","statId":57,"yards":-2}]}},"663":{"sp":0,"qtr":1,"down":3,"time":"00:06","yrdln":"GB 4","ydstogo":4,"ydsnet":65,"posteam":"CLE","desc":"(:06) (Shotgun) D.Anderson pass incomplete short right to M.Furrey (N.Barnett).","note":null,"players":{"00-0021990":[{"sequence":4,"clubcode":"GB","playerName":"N.Barnett","statId":85,"yards":0}],"00-0019281":[{"sequence":3,"clubcode":"CLE","playerName":"M.Furrey","statId":115,"yards":0}],"0":[{"sequence":1,"clubcode":"CLE","playerName":"","statId":7,"yards":0}],"00-0023645":[{"sequence":2,"clubcode":"CLE","playerName":"D.Anderson","statId":14,"yards":0},{"sequence":5,"clubcode":"CLE","playerName":"D.Anderson","statId":112,"yards":0}]}},"685":{"sp":0,"qtr":1,"down":0,"time":"","yrdln":"","ydstogo":0,"ydsnet":65,"posteam":"","desc":"END QUARTER 1","note":null,"players":{}},"701":{"sp":1,"qtr":2,"down":4,"time":"15:00","yrdln":"GB 4","ydstogo":4,"ydsnet":65,"posteam":"CLE","desc":"(15:00) B.Cundiff 22 yard field goal is GOOD, Center-R.Pontbriand, Holder-D.Zastudil.","note":"FG","players":{"00-0020972":[{"sequence":1,"clubcode":"CLE","playerName":"B.Cundiff","statId":70,"yards":22}]}}},"fds":4,"result":"Field Goal","penyds":15,"ydsgained":50,"numplays":13,"postime":"6:21","start":{"qtr":1,"time":"06:19","yrdln":"CLE 31","team":"CLE"},"end":{"qtr":1,"time":"14:58","yrdln":"GB 4","team":"CLE"}},"4":{"posteam":"GB","qtr":2,"redzone":true,"plays":{"720":{"sp":0,"qtr":2,"down":0,"time":"14:58","yrdln":"CLE 30","ydstogo":0,"ydsnet":0,"posteam":"CLE","desc":"B.Cundiff kicks 64 yards from CLE 30 to GB 6. B.Jackson to GB 29 for 23 yards (J.Trusnik).","note":"KICKOFF","players":{"00-0025697":[{"sequence":3,"clubcode":"CLE","playerName":"J.Trusnik","statId":79,"yards":0}],"00-0025450":[{"sequence":2,"clubcode":"GB","playerName":"B.Jackson","statId":45,"yards":23}],"00-0020972":[{"sequence":1,"clubcode":"CLE","playerName":"B.Cundiff","statId":41,"yards":64}]}},"742":{"sp":0,"qtr":2,"down":1,"time":"14:53","yrdln":"GB 29","ydstogo":10,"ydsnet":0,"posteam":"GB","desc":"(14:53) (Shotgun) A.Rodgers pass incomplete short right to G.Jennings.","note":null,"players":{"00-0024267":[{"sequence":2,"clubcode":"GB","playerName":"G.Jennings","statId":115,"yards":0}],"00-0023459":[{"sequence":1,"clubcode":"GB","playerName":"A.Rodgers","statId":14,"yards":0},{"sequence":3,"clubcode":"GB","playerName":"A.Rodgers","statId":112,"yards":11}]}},"764":{"sp":0,"qtr":2,"down":2,"time":"14:50","yrdln":"GB 29","ydstogo":10,"ydsnet":4,"posteam":"GB","desc":"(14:50) (Shotgun) A.Rodgers pass short left to D.Lee to GB 33 for 4 yards (K.Maiava).","note":null,"players":{"00-0021929":[{"sequence":3,"clubcode":"GB","playerName":"D.Lee","statId":21,"yards":4},{"sequence":4,"clubcode":"GB","playerName":"D.Lee","statId":115,"yards":0},{"sequence":5,"clubcode":"GB","playerName":"D.Lee","statId":113,"yards":1}],"00-0027074":[{"sequence":6,"clubcode":"CLE","playerName":"K.Maiava","statId":79,"yards":0}],"00-0023459":[{"sequence":1,"clubcode":"GB","playerName":"A.Rodgers","statId":15,"yards":4},{"sequence":2,"clubcode":"GB","playerName":"A.Rodgers","statId":111,"yards":3}]}},"788":{"sp":0,"qtr":2,"down":3,"time":"14:10","yrdln":"GB 33","ydstogo":6,"ydsnet":17,"posteam":"GB","desc":"(14:10) (Shotgun) A.Rodgers pass short right to D.Driver pushed ob at GB 46 for 13 yards (B.Pool).","note":null,"players":{"00-0023469":[{"sequence":8,"clubcode":"CLE","playerName":"B.Pool","statId":79,"yards":0}],"0":[{"sequence":1,"clubcode":"GB","playerName":"","statId":4,"yards":0},{"sequence":2,"clubcode":"GB","playerName":"","statId":6,"yards":0}],"00-0004541":[{"sequence":5,"clubcode":"GB","playerName":"D.Driver","statId":21,"yards":13},{"sequence":6,"clubcode":"GB","playerName":"D.Driver","statId":115,"yards":0},{"sequence":7,"clubcode":"GB","playerName":"D.Driver","statId":113,"yards":2}],"00-0023459":[{"sequence":3,"clubcode":"GB","playerName":"A.Rodgers","statId":15,"yards":13},{"sequence":4,"clubcode":"GB","playerName":"A.Rodgers","statId":111,"yards":11}]}},"812":{"sp":0,"qtr":2,"down":1,"time":"13:41","yrdln":"GB 46","ydstogo":10,"ydsnet":23,"posteam":"GB","desc":"(13:41) A.Rodgers pass short left to G.Jennings to CLE 48 for 6 yards (M.Furrey, B.McDonald).","note":null,"players":{"00-0019281":[{"sequence":6,"clubcode":"CLE","playerName":"M.Furrey","statId":80,"yards":0}],"00-0024267":[{"sequence":3,"clubcode":"GB","playerName":"G.Jennings","statId":21,"yards":6},{"sequence":4,"clubcode":"GB","playerName":"G.Jennings","statId":115,"yards":0},{"sequence":5,"clubcode":"GB","playerName":"G.Jennings","statId":113,"yards":1}],"00-0025527":[{"sequence":7,"clubcode":"CLE","playerName":"B.McDonald","statId":82,"yards":0}],"00-0023459":[{"sequence":1,"clubcode":"GB","playerName":"A.Rodgers","statId":15,"yards":6},{"sequence":2,"clubcode":"GB","playerName":"A.Rodgers","statId":111,"yards":5}]}},"836":{"sp":0,"qtr":2,"down":2,"time":"13:00","yrdln":"CLE 48","ydstogo":4,"ydsnet":26,"posteam":"GB","desc":"(13:00) R.Grant right guard to CLE 45 for 3 yards (M.Adams, A.Rubin).","note":null,"players":{"00-0026330":[{"sequence":3,"clubcode":"CLE","playerName":"A.Rubin","statId":82,"yards":0}],"00-0022984":[{"sequence":1,"clubcode":"GB","playerName":"R.Grant","statId":10,"yards":3}],"00-0022247":[{"sequence":2,"clubcode":"CLE","playerName":"M.Adams","statId":80,"yards":0}]}},"857":{"sp":1,"qtr":2,"down":3,"time":"12:22","yrdln":"CLE 45","ydstogo":1,"ydsnet":71,"posteam":"GB","desc":"(12:22) A.Rodgers pass short right to S.Havner for 45 yards, TOUCHDOWN.","note":"TD","players":{"0":[{"sequence":1,"clubcode":"GB","playerName":"","statId":4,"yards":0},{"sequence":2,"clubcode":"GB","playerName":"","statId":6,"yards":0}],"00-0023459":[{"sequence":3,"clubcode":"GB","playerName":"A.Rodgers","statId":16,"yards":45},{"sequence":4,"clubcode":"GB","playerName":"A.Rodgers","statId":111,"yards":4}],"00-0023832":[{"sequence":5,"clubcode":"GB","playerName":"S.Havner","statId":22,"yards":45},{"sequence":6,"clubcode":"GB","playerName":"S.Havner","statId":115,"yards":0},{"sequence":7,"clubcode":"GB","playerName":"S.Havner","statId":113,"yards":41}]}},"877":{"sp":1,"qtr":2,"down":0,"time":"12:11","yrdln":"CLE 2","ydstogo":0,"ydsnet":71,"posteam":"GB","desc":"M.Crosby extra point is GOOD, Center-B.Goode, Holder-M.Flynn.","note":"XP","players":{"00-0025580":[{"sequence":1,"clubcode":"GB","playerName":"M.Crosby","statId":72,"yards":0}]}}},"fds":2,"result":"Touchdown","penyds":0,"ydsgained":71,"numplays":8,"postime":"2:47","start":{"qtr":2,"time":"14:58","yrdln":"GB 29","team":"GB"},"end":{"qtr":2,"time":"12:11","yrdln":"CLE 45","team":"GB"}},"5":{"posteam":"CLE","qtr":2,"redzone":true,"plays":{"893":{"sp":0,"qtr":2,"down":0,"time":"12:11","yrdln":"GB 30","ydstogo":0,"ydsnet":0,"posteam":"GB","desc":"M.Crosby kicks 71 yards from GB 30 to CLE -1. J.Cribbs to CLE 27 for 28 yards (S.Havner, D.Bishop). GB-B.Swain was injured during the play. His return is Questionable.","note":"KICKOFF","players":{"00-0025579":[{"sequence":4,"clubcode":"GB","playerName":"D.Bishop","statId":82,"yards":0}],"00-0025580":[{"sequence":1,"clubcode":"GB","playerName":"M.Crosby","statId":43,"yards":71}],"00-0023832":[{"sequence":3,"clubcode":"GB","playerName":"S.Havner","statId":80,"yards":0}],"00-0023176":[{"sequence":2,"clubcode":"CLE","playerName":"J.Cribbs","statId":45,"yards":28}]}},"919":{"sp":0,"qtr":2,"down":1,"time":"12:03","yrdln":"CLE 27","ydstogo":10,"ydsnet":0,"posteam":"CLE","desc":"(12:03) D.Anderson pass incomplete short left to L.Vickers.","note":null,"players":{"00-0023645":[{"sequence":1,"clubcode":"CLE","playerName":"D.Anderson","statId":14,"yards":0},{"sequence":3,"clubcode":"CLE","playerName":"D.Anderson","statId":112,"yards":-2}],"00-0024394":[{"sequence":2,"clubcode":"CLE","playerName":"L.Vickers","statId":115,"yards":0}]}},"941":{"sp":0,"qtr":2,"down":2,"time":"11:59","yrdln":"CLE 27","ydstogo":10,"ydsnet":5,"posteam":"CLE","desc":"(11:59) D.Anderson pass short left to G.Estandia to CLE 32 for 5 yards (A.Hawk).","note":null,"players":{"00-0024220":[{"sequence":6,"clubcode":"GB","playerName":"A.Hawk","statId":79,"yards":0}],"00-0023784":[{"sequence":3,"clubcode":"CLE","playerName":"G.Estandia","statId":21,"yards":5},{"sequence":4,"clubcode":"CLE","playerName":"G.Estandia","statId":115,"yards":0},{"sequence":5,"clubcode":"CLE","playerName":"G.Estandia","statId":113,"yards":1}],"00-0023645":[{"sequence":1,"clubcode":"CLE","playerName":"D.Anderson","statId":15,"yards":5},{"sequence":2,"clubcode":"CLE","playerName":"D.Anderson","statId":111,"yards":4}]}},"965":{"sp":0,"qtr":2,"down":3,"time":"11:15","yrdln":"CLE 32","ydstogo":5,"ydsnet":5,"posteam":"CLE","desc":"(11:15) (Shotgun) D.Anderson pass incomplete deep left to M.Massaquoi [A.Kampman].","note":null,"players":{"00-0027026":[{"sequence":3,"clubcode":"CLE","playerName":"M.Massaquoi","statId":115,"yards":0}],"00-0021269":[{"sequence":4,"clubcode":"GB","playerName":"A.Kampman","statId":110,"yards":0}],"0":[{"sequence":1,"clubcode":"CLE","playerName":"","statId":7,"yards":0}],"00-0023645":[{"sequence":2,"clubcode":"CLE","playerName":"D.Anderson","statId":14,"yards":0},{"sequence":5,"clubcode":"CLE","playerName":"D.Anderson","statId":112,"yards":23}]}},"987":{"sp":0,"qtr":2,"down":4,"time":"11:09","yrdln":"CLE 32","ydstogo":5,"ydsnet":10,"posteam":"CLE","desc":"(11:09) D.Zastudil punts 40 yards to GB 28, Center-R.Pontbriand. T.Williams to GB 33 for 5 yards (B.Costanzo). PENALTY on GB, Defensive 12 On-field, 5 yards, enforced at CLE 32 - No Play.","note":"PENALTY","players":{"0":[{"sequence":1,"clubcode":"CLE","playerName":"","statId":5,"yards":0},{"sequence":2,"clubcode":"GB","playerName":"","statId":93,"yards":5}]}},"1023":{"sp":0,"qtr":2,"down":1,"time":"10:56","yrdln":"CLE 37","ydstogo":10,"ydsnet":10,"posteam":"CLE","desc":"(10:56) J.Lewis right tackle to CLE 37 for no gain (J.Jolly, R.Pickett).","note":null,"players":{"00-0020515":[{"sequence":3,"clubcode":"GB","playerName":"R.Pickett","statId":82,"yards":0}],"00-0024397":[{"sequence":2,"clubcode":"GB","playerName":"J.Jolly","statId":80,"yards":0}],"00-0019693":[{"sequence":1,"clubcode":"CLE","playerName":"J.Lewis","statId":10,"yards":0}]}},"1044":{"sp":0,"qtr":2,"down":2,"time":"10:56","yrdln":"CLE 37","ydstogo":10,"ydsnet":5,"posteam":"CLE","desc":"(10:56) PENALTY on CLE-L.Vickers, False Start, 5 yards, enforced at CLE 37 - No Play.","note":"PENALTY","players":{"00-0024394":[{"sequence":1,"clubcode":"CLE","playerName":"L.Vickers","statId":93,"yards":5}]}},"1067":{"sp":0,"qtr":2,"down":2,"time":"09:55","yrdln":"CLE 32","ydstogo":15,"ydsnet":5,"posteam":"CLE","desc":"(9:55) D.Anderson pass incomplete deep left to M.Massaquoi.","note":null,"players":{"00-0027026":[{"sequence":2,"clubcode":"CLE","playerName":"M.Massaquoi","statId":115,"yards":0}],"00-0023645":[{"sequence":1,"clubcode":"CLE","playerName":"D.Anderson","statId":14,"yards":0},{"sequence":3,"clubcode":"CLE","playerName":"D.Anderson","statId":112,"yards":38}]}},"1089":{"sp":0,"qtr":2,"down":3,"time":"09:49","yrdln":"CLE 32","ydstogo":15,"ydsnet":9,"posteam":"CLE","desc":"(9:49) (Shotgun) J.Harrison right guard to CLE 36 for 4 yards (J.Jolly, B.Chillar).","note":null,"players":{"00-0022711":[{"sequence":4,"clubcode":"GB","playerName":"B.Chillar","statId":82,"yards":0}],"0":[{"sequence":1,"clubcode":"CLE","playerName":"","statId":7,"yards":0}],"00-0024397":[{"sequence":3,"clubcode":"GB","playerName":"J.Jolly","statId":80,"yards":0}],"00-0024359":[{"sequence":2,"clubcode":"CLE","playerName":"J.Harrison","statId":10,"yards":4}]}},"1110":{"sp":0,"qtr":2,"down":4,"time":"09:14","yrdln":"CLE 36","ydstogo":11,"ydsnet":9,"posteam":"CLE","desc":"(9:14) D.Zastudil punts 56 yards to GB 8, Center-R.Pontbriand. T.Williams to GB 14 for 6 yards (R.Ventrone, B.Costanzo).","note":"PUNT","players":{"00-0023316":[{"sequence":4,"clubcode":"CLE","playerName":"R.Ventrone","statId":80,"yards":0}],"00-0021235":[{"sequence":1,"clubcode":"CLE","playerName":"D.Zastudil","statId":29,"yards":56},{"sequence":3,"clubcode":"CLE","playerName":"D.Zastudil","statId":30,"yards":0}],"00-0024061":[{"sequence":2,"clubcode":"GB","playerName":"T.Williams","statId":33,"yards":6}],"00-0024129":[{"sequence":5,"clubcode":"CLE","playerName":"B.Costanzo","statId":82,"yards":0}]}}},"fds":1,"result":"Punt","penyds":0,"ydsgained":9,"numplays":10,"postime":"3:13","start":{"qtr":2,"time":"12:11","yrdln":"CLE 27","team":"CLE"},"end":{"qtr":2,"time":"08:58","yrdln":"CLE 36","team":"CLE"}},"6":{"posteam":"GB","qtr":2,"redzone":true,"plays":{"1135":{"sp":0,"qtr":2,"down":1,"time":"08:58","yrdln":"GB 14","ydstogo":10,"ydsnet":6,"posteam":"GB","desc":"(8:58) R.Grant right guard to GB 20 for 6 yards (D.Bowens).","note":null,"players":{"00-0022984":[{"sequence":1,"clubcode":"GB","playerName":"R.Grant","statId":10,"yards":6}],"00-0001563":[{"sequence":2,"clubcode":"CLE","playerName":"D.Bowens","statId":79,"yards":0}]}},"1156":{"sp":0,"qtr":2,"down":2,"time":"08:22","yrdln":"GB 20","ydstogo":4,"ydsnet":-4,"posteam":"GB","desc":"(8:22) R.Grant right tackle ran ob at GB 24 for 4 yards (E.Wright). PENALTY on GB-D.Lee, Offensive Holding, 10 yards, enforced at GB 20 - No Play.","note":"PENALTY","players":{"00-0021929":[{"sequence":1,"clubcode":"GB","playerName":"D.Lee","statId":93,"yards":10}]}},"1193":{"sp":0,"qtr":2,"down":2,"time":"07:59","yrdln":"GB 10","ydstogo":14,"ydsnet":15,"posteam":"GB","desc":"(7:59) (Shotgun) A.Rodgers pass deep middle to D.Lee to GB 29 for 19 yards (E.Barton, B.Pool).","note":null,"players":{"00-0021929":[{"sequence":4,"clubcode":"GB","playerName":"D.Lee","statId":21,"yards":19},{"sequence":5,"clubcode":"GB","playerName":"D.Lee","statId":115,"yards":0},{"sequence":6,"clubcode":"GB","playerName":"D.Lee","statId":113,"yards":3}],"00-0023469":[{"sequence":8,"clubcode":"CLE","playerName":"B.Pool","statId":82,"yards":0}],"0":[{"sequence":1,"clubcode":"GB","playerName":"","statId":4,"yards":0}],"00-0000846":[{"sequence":7,"clubcode":"CLE","playerName":"E.Barton","statId":80,"yards":0}],"00-0023459":[{"sequence":2,"clubcode":"GB","playerName":"A.Rodgers","statId":15,"yards":19},{"sequence":3,"clubcode":"GB","playerName":"A.Rodgers","statId":111,"yards":16}]}},"1217":{"sp":1,"qtr":2,"down":1,"time":"07:12","yrdln":"GB 29","ydstogo":10,"ydsnet":86,"posteam":"GB","desc":"(7:12) A.Rodgers pass short left to D.Driver for 71 yards, TOUCHDOWN.","note":"TD","players":{"0":[{"sequence":1,"clubcode":"GB","playerName":"","statId":4,"yards":0}],"00-0004541":[{"sequence":4,"clubcode":"GB","playerName":"D.Driver","statId":22,"yards":71},{"sequence":5,"clubcode":"GB","playerName":"D.Driver","statId":115,"yards":0},{"sequence":6,"clubcode":"GB","playerName":"D.Driver","statId":113,"yards":61}],"00-0023459":[{"sequence":2,"clubcode":"GB","playerName":"A.Rodgers","statId":16,"yards":71},{"sequence":3,"clubcode":"GB","playerName":"A.Rodgers","statId":111,"yards":10}]}},"1237":{"sp":1,"qtr":2,"down":0,"time":"07:01","yrdln":"CLE 2","ydstogo":0,"ydsnet":86,"posteam":"GB","desc":"M.Crosby extra point is GOOD, Center-B.Goode, Holder-M.Flynn.","note":"XP","players":{"00-0025580":[{"sequence":1,"clubcode":"GB","playerName":"M.Crosby","statId":72,"yards":0}]}}},"fds":2,"result":"Touchdown","penyds":-10,"ydsgained":96,"numplays":5,"postime":"1:57","start":{"qtr":2,"time":"08:58","yrdln":"GB 14","team":"GB"},"end":{"qtr":2,"time":"07:01","yrdln":"GB 29","team":"GB"}},"7":{"posteam":"CLE","qtr":2,"redzone":true,"plays":{"1253":{"sp":0,"qtr":2,"down":0,"time":"07:01","yrdln":"GB 30","ydstogo":0,"ydsnet":0,"posteam":"GB","desc":"M.Crosby kicks 73 yards from GB 30 to CLE -3. J.Cribbs, Touchback.","note":"KICKOFF","players":{"00-0025580":[{"sequence":1,"clubcode":"GB","playerName":"M.Crosby","statId":44,"yards":70}],"0":[{"sequence":2,"clubcode":"CLE","playerName":"","statId":51,"yards":0}]}},"1271":{"sp":0,"qtr":2,"down":1,"time":"07:01","yrdln":"CLE 20","ydstogo":10,"ydsnet":0,"posteam":"CLE","desc":"(7:01) D.Anderson pass incomplete short left to L.Vickers [C.Jenkins].","note":null,"players":{"00-0021706":[{"sequence":3,"clubcode":"GB","playerName":"C.Jenkins","statId":110,"yards":0}],"00-0023645":[{"sequence":1,"clubcode":"CLE","playerName":"D.Anderson","statId":14,"yards":0},{"sequence":4,"clubcode":"CLE","playerName":"D.Anderson","statId":112,"yards":0}],"00-0024394":[{"sequence":2,"clubcode":"CLE","playerName":"L.Vickers","statId":115,"yards":0}]}},"1293":{"sp":0,"qtr":2,"down":2,"time":"06:55","yrdln":"CLE 20","ydstogo":10,"ydsnet":2,"posteam":"CLE","desc":"(6:55) (Shotgun) J.Harrison right guard to CLE 22 for 2 yards (B.Chillar).","note":null,"players":{"00-0022711":[{"sequence":2,"clubcode":"GB","playerName":"B.Chillar","statId":79,"yards":0}],"00-0024359":[{"sequence":1,"clubcode":"CLE","playerName":"J.Harrison","statId":10,"yards":2}]}},"1314":{"sp":0,"qtr":2,"down":3,"time":"06:09","yrdln":"CLE 22","ydstogo":8,"ydsnet":7,"posteam":"CLE","desc":"(6:09) (Shotgun) D.Anderson pass incomplete deep left to M.Massaquoi. PENALTY on GB-A.Harris, Illegal Contact, 5 yards, enforced at CLE 22 - No Play.","note":"PENALTY","players":{"00-0006915":[{"sequence":2,"clubcode":"GB","playerName":"A.Harris","statId":93,"yards":5}],"0":[{"sequence":1,"clubcode":"CLE","playerName":"","statId":5,"yards":0}]}},"1347":{"sp":0,"qtr":2,"down":1,"time":"06:05","yrdln":"CLE 27","ydstogo":10,"ydsnet":7,"posteam":"CLE","desc":"(6:05) D.Anderson pass incomplete short left to B.Robiskie.","note":null,"players":{"00-0027012":[{"sequence":2,"clubcode":"CLE","playerName":"B.Robiskie","statId":115,"yards":0}],"00-0023645":[{"sequence":1,"clubcode":"CLE","playerName":"D.Anderson","statId":14,"yards":0},{"sequence":3,"clubcode":"CLE","playerName":"D.Anderson","statId":112,"yards":15}]}},"1369":{"sp":0,"qtr":2,"down":2,"time":"06:00","yrdln":"CLE 27","ydstogo":10,"ydsnet":8,"posteam":"CLE","desc":"(6:00) J.Lewis left tackle to CLE 28 for 1 yard (C.Matthews).","note":null,"players":{"00-0027002":[{"sequence":2,"clubcode":"GB","playerName":"C.Matthews","statId":79,"yards":0}],"00-0019693":[{"sequence":1,"clubcode":"CLE","playerName":"J.Lewis","statId":10,"yards":1}]}},"1390":{"sp":0,"qtr":2,"down":3,"time":"05:15","yrdln":"CLE 28","ydstogo":9,"ydsnet":8,"posteam":"CLE","desc":"(5:15) (Shotgun) D.Anderson pass short right intended for B.Robiskie INTERCEPTED by C.Woodson at CLE 40. C.Woodson to CLE 15 for 25 yards (J.Harrison).","note":"INT","players":{"00-0027012":[{"sequence":3,"clubcode":"CLE","playerName":"B.Robiskie","statId":115,"yards":0}],"00-0018227":[{"sequence":5,"clubcode":"GB","playerName":"C.Woodson","statId":25,"yards":25},{"sequence":6,"clubcode":"GB","playerName":"C.Woodson","statId":85,"yards":0}],"0":[{"sequence":1,"clubcode":"CLE","playerName":"","statId":7,"yards":0}],"00-0024359":[{"sequence":7,"clubcode":"CLE","playerName":"J.Harrison","statId":79,"yards":0}],"00-0023645":[{"sequence":2,"clubcode":"CLE","playerName":"D.Anderson","statId":19,"yards":0},{"sequence":4,"clubcode":"CLE","playerName":"D.Anderson","statId":112,"yards":12}]}}},"fds":1,"result":"Interception","penyds":5,"ydsgained":3,"numplays":7,"postime":"1:58","start":{"qtr":2,"time":"07:01","yrdln":"CLE 20","team":"CLE"},"end":{"qtr":2,"time":"05:03","yrdln":"CLE 28","team":"CLE"}},"8":{"posteam":"GB","qtr":2,"redzone":true,"plays":{"1416":{"sp":0,"qtr":2,"down":1,"time":"05:03","yrdln":"CLE 15","ydstogo":10,"ydsnet":3,"posteam":"GB","desc":"(5:03) A.Rodgers scrambles left end ran ob at CLE 12 for 3 yards (K.Maiava).","note":null,"players":{"00-0027074":[{"sequence":2,"clubcode":"CLE","playerName":"K.Maiava","statId":79,"yards":0}],"00-0023459":[{"sequence":1,"clubcode":"GB","playerName":"A.Rodgers","statId":10,"yards":3}]}},"1437":{"sp":0,"qtr":2,"down":2,"time":"04:35","yrdln":"CLE 12","ydstogo":7,"ydsnet":12,"posteam":"GB","desc":"(4:35) R.Grant right guard to CLE 3 for 9 yards (B.Pool, A.Elam).","note":null,"players":{"00-0022984":[{"sequence":2,"clubcode":"GB","playerName":"R.Grant","statId":10,"yards":9}],"00-0023405":[{"sequence":4,"clubcode":"CLE","playerName":"A.Elam","statId":82,"yards":0}],"00-0023469":[{"sequence":3,"clubcode":"CLE","playerName":"B.Pool","statId":80,"yards":0}],"0":[{"sequence":1,"clubcode":"GB","playerName":"","statId":3,"yards":0}]}},"1458":{"sp":0,"qtr":2,"down":1,"time":"03:49","yrdln":"CLE 3","ydstogo":3,"ydsnet":12,"posteam":"GB","desc":"(3:49) A.Rodgers pass incomplete short left to G.Jennings.","note":null,"players":{"00-0024267":[{"sequence":2,"clubcode":"GB","playerName":"G.Jennings","statId":115,"yards":0}],"00-0023459":[{"sequence":1,"clubcode":"GB","playerName":"A.Rodgers","statId":14,"yards":0},{"sequence":3,"clubcode":"GB","playerName":"A.Rodgers","statId":112,"yards":3}]}},"1480":{"sp":0,"qtr":2,"down":2,"time":"03:45","yrdln":"CLE 3","ydstogo":3,"ydsnet":14,"posteam":"GB","desc":"(3:45) R.Grant left guard to CLE 1 for 2 yards (K.Coleman, D.Bowens).","note":null,"players":{"00-0021262":[{"sequence":2,"clubcode":"CLE","playerName":"K.Coleman","statId":80,"yards":0}],"00-0022984":[{"sequence":1,"clubcode":"GB","playerName":"R.Grant","statId":10,"yards":2}],"00-0001563":[{"sequence":3,"clubcode":"CLE","playerName":"D.Bowens","statId":82,"yards":0}]}},"1501":{"sp":0,"qtr":2,"down":3,"time":"03:01","yrdln":"CLE 1","ydstogo":1,"ydsnet":14,"posteam":"GB","desc":"(3:01) (Shotgun) A.Rodgers pass incomplete short right to D.Driver. PENALTY on CLE-B.McDonald, Defensive Pass Interference, 0 yards, enforced at CLE 1 - No Play.","note":"PENALTY","players":{"00-0025527":[{"sequence":2,"clubcode":"CLE","playerName":"B.McDonald","statId":93,"yards":0}],"0":[{"sequence":1,"clubcode":"GB","playerName":"","statId":5,"yards":0}]}},"1534":{"sp":0,"qtr":2,"down":1,"time":"02:56","yrdln":"CLE 1","ydstogo":1,"ydsnet":14,"posteam":"GB","desc":"(2:56) R.Grant left guard to CLE 1 for no gain (R.Smith, E.Barton).","note":null,"players":{"00-0019573":[{"sequence":2,"clubcode":"CLE","playerName":"R.Smith","statId":80,"yards":0}],"00-0022984":[{"sequence":1,"clubcode":"GB","playerName":"R.Grant","statId":10,"yards":0}],"00-0000846":[{"sequence":3,"clubcode":"CLE","playerName":"E.Barton","statId":82,"yards":0}]}},"1555":{"sp":0,"qtr":2,"down":2,"time":"02:20","yrdln":"CLE 1","ydstogo":1,"ydsnet":14,"posteam":"GB","desc":"(2:20) J.Kuhn right guard to CLE 1 for no gain (A.Rubin, R.Smith).","note":null,"players":{"00-0026330":[{"sequence":2,"clubcode":"CLE","playerName":"A.Rubin","statId":80,"yards":0}],"00-0019573":[{"sequence":3,"clubcode":"CLE","playerName":"R.Smith","statId":82,"yards":0}],"00-0022999":[{"sequence":1,"clubcode":"GB","playerName":"J.Kuhn","statId":10,"yards":0}]}},"1576":{"sp":0,"qtr":2,"down":0,"time":"02:00","yrdln":"","ydstogo":0,"ydsnet":14,"posteam":"","desc":"Two-Minute Warning","note":null,"players":{}},"1593":{"sp":1,"qtr":2,"down":3,"time":"02:00","yrdln":"CLE 1","ydstogo":1,"ydsnet":15,"posteam":"GB","desc":"(2:00) R.Grant left tackle for 1 yard, TOUCHDOWN.","note":"TD","players":{"00-0022984":[{"sequence":3,"clubcode":"GB","playerName":"R.Grant","statId":11,"yards":1}],"0":[{"sequence":1,"clubcode":"GB","playerName":"","statId":3,"yards":0},{"sequence":2,"clubcode":"GB","playerName":"","statId":6,"yards":0}]}},"1610":{"sp":1,"qtr":2,"down":0,"time":"01:56","yrdln":"CLE 2","ydstogo":0,"ydsnet":15,"posteam":"GB","desc":"M.Crosby extra point is GOOD, Center-B.Goode, Holder-M.Flynn.","note":"XP","players":{"00-0025580":[{"sequence":1,"clubcode":"GB","playerName":"M.Crosby","statId":72,"yards":0}]}}},"fds":3,"result":"Touchdown","penyds":0,"ydsgained":15,"numplays":10,"postime":"3:07","start":{"qtr":2,"time":"05:03","yrdln":"CLE 15","team":"GB"},"end":{"qtr":2,"time":"01:56","yrdln":"CLE 1","team":"GB"}},"9":{"posteam":"CLE","qtr":2,"redzone":true,"plays":{"1626":{"sp":0,"qtr":2,"down":0,"time":"01:56","yrdln":"GB 30","ydstogo":0,"ydsnet":0,"posteam":"GB","desc":"M.Crosby kicks 68 yards from GB 30 to CLE 2. J.Cribbs pushed ob at CLE 43 for 41 yards (D.Martin, M.Crosby).","note":"KICKOFF","players":{"00-0024422":[{"sequence":3,"clubcode":"GB","playerName":"D.Martin","statId":80,"yards":0}],"00-0025580":[{"sequence":1,"clubcode":"GB","playerName":"M.Crosby","statId":41,"yards":68},{"sequence":4,"clubcode":"GB","playerName":"M.Crosby","statId":82,"yards":0}],"00-0023176":[{"sequence":2,"clubcode":"CLE","playerName":"J.Cribbs","statId":45,"yards":41}]}},"1648":{"sp":0,"qtr":2,"down":1,"time":"01:46","yrdln":"CLE 43","ydstogo":10,"ydsnet":-2,"posteam":"CLE","desc":"(1:46) (Shotgun) D.Anderson pass short right to J.Harrison to CLE 41 for -2 yards (N.Barnett).","note":null,"players":{"00-0021990":[{"sequence":6,"clubcode":"GB","playerName":"N.Barnett","statId":79,"yards":0},{"sequence":7,"clubcode":"GB","playerName":"N.Barnett","statId":120,"yards":0}],"00-0024359":[{"sequence":3,"clubcode":"CLE","playerName":"J.Harrison","statId":21,"yards":-2},{"sequence":4,"clubcode":"CLE","playerName":"J.Harrison","statId":115,"yards":0},{"sequence":5,"clubcode":"CLE","playerName":"J.Harrison","statId":113,"yards":0}],"00-0023645":[{"sequence":1,"clubcode":"CLE","playerName":"D.Anderson","statId":15,"yards":-2},{"sequence":2,"clubcode":"CLE","playerName":"D.Anderson","statId":111,"yards":-2}]}},"1672":{"sp":0,"qtr":2,"down":2,"time":"01:09","yrdln":"CLE 41","ydstogo":12,"ydsnet":8,"posteam":"CLE","desc":"(1:09) (Shotgun) D.Anderson pass short right to J.Harrison to GB 49 for 10 yards (N.Collins).","note":null,"players":{"00-0024359":[{"sequence":3,"clubcode":"CLE","playerName":"J.Harrison","statId":21,"yards":10},{"sequence":4,"clubcode":"CLE","playerName":"J.Harrison","statId":115,"yards":0},{"sequence":5,"clubcode":"CLE","playerName":"J.Harrison","statId":113,"yards":14}],"00-0023645":[{"sequence":1,"clubcode":"CLE","playerName":"D.Anderson","statId":15,"yards":10},{"sequence":2,"clubcode":"CLE","playerName":"D.Anderson","statId":111,"yards":-4}],"00-0023486":[{"sequence":6,"clubcode":"GB","playerName":"N.Collins","statId":79,"yards":0}]}},"1696":{"sp":0,"qtr":2,"down":3,"time":"00:41","yrdln":"GB 49","ydstogo":2,"ydsnet":13,"posteam":"CLE","desc":"(:41) (No Huddle, Shotgun) D.Anderson pass short left to G.Estandia to GB 44 for 5 yards (A.Bigby).","note":null,"players":{"0":[{"sequence":1,"clubcode":"CLE","playerName":"","statId":4,"yards":0},{"sequence":2,"clubcode":"CLE","playerName":"","statId":6,"yards":0}],"00-0023784":[{"sequence":5,"clubcode":"CLE","playerName":"G.Estandia","statId":21,"yards":5},{"sequence":6,"clubcode":"CLE","playerName":"G.Estandia","statId":115,"yards":0},{"sequence":7,"clubcode":"CLE","playerName":"G.Estandia","statId":113,"yards":0}],"00-0023645":[{"sequence":3,"clubcode":"CLE","playerName":"D.Anderson","statId":15,"yards":5},{"sequence":4,"clubcode":"CLE","playerName":"D.Anderson","statId":111,"yards":5}],"00-0023404":[{"sequence":8,"clubcode":"GB","playerName":"A.Bigby","statId":79,"yards":0}]}},"1720":{"sp":0,"qtr":2,"down":0,"time":"00:35","yrdln":"","ydstogo":0,"ydsnet":13,"posteam":"","desc":"Timeout #1 by CLE at 00:35.","note":"TIMEOUT","players":{"0":[{"sequence":1,"clubcode":"CLE","playerName":"","statId":68,"yards":0}]}},"1737":{"sp":0,"qtr":2,"down":1,"time":"00:35","yrdln":"GB 44","ydstogo":10,"ydsnet":13,"posteam":"CLE","desc":"(:35) (Shotgun) D.Anderson pass incomplete short left to B.Robiskie.","note":null,"players":{"00-0027012":[{"sequence":2,"clubcode":"CLE","playerName":"B.Robiskie","statId":115,"yards":0}],"00-0023645":[{"sequence":1,"clubcode":"CLE","playerName":"D.Anderson","statId":14,"yards":0},{"sequence":3,"clubcode":"CLE","playerName":"D.Anderson","statId":112,"yards":0}]}},"1759":{"sp":0,"qtr":2,"down":2,"time":"00:30","yrdln":"GB 44","ydstogo":10,"ydsnet":6,"posteam":"CLE","desc":"(:30) (Shotgun) D.Anderson sacked at CLE 49 for -7 yards (A.Kampman).","note":null,"players":{"00-0021269":[{"sequence":2,"clubcode":"GB","playerName":"A.Kampman","statId":83,"yards":-7},{"sequence":3,"clubcode":"GB","playerName":"A.Kampman","statId":110,"yards":0},{"sequence":4,"clubcode":"GB","playerName":"A.Kampman","statId":79,"yards":0},{"sequence":5,"clubcode":"GB","playerName":"A.Kampman","statId":120,"yards":0}],"00-0023645":[{"sequence":1,"clubcode":"CLE","playerName":"D.Anderson","statId":20,"yards":-7}]}},"1778":{"sp":0,"qtr":2,"down":0,"time":"00:02","yrdln":"","ydstogo":0,"ydsnet":6,"posteam":"","desc":"Timeout #2 by CLE at 00:02.","note":"TIMEOUT","players":{"0":[{"sequence":1,"clubcode":"CLE","playerName":"","statId":68,"yards":0}]}},"1795":{"sp":0,"qtr":2,"down":3,"time":"00:02","yrdln":"CLE 49","ydstogo":17,"ydsnet":6,"posteam":"CLE","desc":"(:02) (Shotgun) D.Anderson pass incomplete deep right to B.Robiskie (A.Bigby).","note":null,"players":{"00-0027012":[{"sequence":3,"clubcode":"CLE","playerName":"B.Robiskie","statId":115,"yards":0}],"0":[{"sequence":1,"clubcode":"CLE","playerName":"","statId":7,"yards":0}],"00-0023645":[{"sequence":2,"clubcode":"CLE","playerName":"D.Anderson","statId":14,"yards":0},{"sequence":5,"clubcode":"CLE","playerName":"D.Anderson","statId":112,"yards":50}],"00-0023404":[{"sequence":4,"clubcode":"GB","playerName":"A.Bigby","statId":85,"yards":0}]}},"1824":{"sp":0,"qtr":2,"down":0,"time":"","yrdln":"","ydstogo":0,"ydsnet":6,"posteam":"","desc":"END QUARTER 2","note":null,"players":{}}},"fds":1,"result":"End of Half","penyds":0,"ydsgained":6,"numplays":10,"postime":"1:56","start":{"qtr":2,"time":"01:56","yrdln":"CLE 43","team":"CLE"},"end":{"qtr":2,"time":"00:00","yrdln":"CLE 49","team":"CLE"}},"10":{"posteam":"GB","qtr":3,"redzone":true,"plays":{"1840":{"sp":0,"qtr":3,"down":0,"time":"15:00","yrdln":"CLE 30","ydstogo":0,"ydsnet":0,"posteam":"CLE","desc":"B.Cundiff kicks 67 yards from CLE 30 to GB 3. B.Jackson to GB 16 for 13 yards (N.Sorensen).","note":"KICKOFF","players":{"00-0020107":[{"sequence":4,"clubcode":"CLE","playerName":"N.Sorensen","statId":79,"yards":0}],"00-0025450":[{"sequence":2,"clubcode":"GB","playerName":"B.Jackson","statId":45,"yards":13}],"00-0020972":[{"sequence":1,"clubcode":"CLE","playerName":"B.Cundiff","statId":41,"yards":67},{"sequence":3,"clubcode":"CLE","playerName":"B.Cundiff","statId":42,"yards":0}]}},"1862":{"sp":0,"qtr":3,"down":1,"time":"14:55","yrdln":"GB 16","ydstogo":10,"ydsnet":7,"posteam":"GB","desc":"(14:55) R.Grant right guard to GB 23 for 7 yards (D.Bowens, R.Smith).","note":null,"players":{"00-0019573":[{"sequence":3,"clubcode":"CLE","playerName":"R.Smith","statId":82,"yards":0}],"00-0022984":[{"sequence":1,"clubcode":"GB","playerName":"R.Grant","statId":10,"yards":7}],"00-0001563":[{"sequence":2,"clubcode":"CLE","playerName":"D.Bowens","statId":80,"yards":0}]}},"1883":{"sp":0,"qtr":3,"down":2,"time":"14:15","yrdln":"GB 23","ydstogo":3,"ydsnet":30,"posteam":"GB","desc":"(14:15) A.Rodgers pass short right to G.Jennings to GB 31 for 8 yards (E.Barton). PENALTY on CLE-K.Maiava, Unnecessary Roughness, 15 yards, enforced at GB 31.","note":"PENALTY","players":{"00-0024267":[{"sequence":5,"clubcode":"GB","playerName":"G.Jennings","statId":21,"yards":8},{"sequence":6,"clubcode":"GB","playerName":"G.Jennings","statId":115,"yards":0},{"sequence":7,"clubcode":"GB","playerName":"G.Jennings","statId":113,"yards":2}],"00-0027074":[{"sequence":9,"clubcode":"CLE","playerName":"K.Maiava","statId":93,"yards":15}],"0":[{"sequence":1,"clubcode":"GB","playerName":"","statId":4,"yards":0},{"sequence":2,"clubcode":"GB","playerName":"","statId":5,"yards":0}],"00-0000846":[{"sequence":8,"clubcode":"CLE","playerName":"E.Barton","statId":79,"yards":0}],"00-0023459":[{"sequence":3,"clubcode":"GB","playerName":"A.Rodgers","statId":15,"yards":8},{"sequence":4,"clubcode":"GB","playerName":"A.Rodgers","statId":111,"yards":6}]}},"1918":{"sp":0,"qtr":3,"down":1,"time":"13:43","yrdln":"GB 46","ydstogo":10,"ydsnet":57,"posteam":"GB","desc":"(13:43) R.Grant right guard to GB 45 for -1 yards (S.Rogers). PENALTY on CLE-S.Rogers, Tripping, 10 yards, enforced at GB 45.","note":"PENALTY","players":{"00-0020528":[{"sequence":4,"clubcode":"CLE","playerName":"S.Rogers","statId":79,"yards":0},{"sequence":5,"clubcode":"CLE","playerName":"S.Rogers","statId":93,"yards":10}],"00-0022984":[{"sequence":2,"clubcode":"GB","playerName":"R.Grant","statId":10,"yards":-1}],"0":[{"sequence":1,"clubcode":"GB","playerName":"","statId":5,"yards":0},{"sequence":3,"clubcode":"GB","playerName":"","statId":95,"yards":-1}]}},"1950":{"sp":0,"qtr":3,"down":1,"time":"13:27","yrdln":"CLE 45","ydstogo":10,"ydsnet":40,"posteam":"GB","desc":"(13:27) A.Rodgers scrambles up the middle to CLE 44 for 1 yard (R.Smith).","note":null,"players":{"00-0019573":[{"sequence":2,"clubcode":"CLE","playerName":"R.Smith","statId":79,"yards":0}],"00-0023459":[{"sequence":1,"clubcode":"GB","playerName":"A.Rodgers","statId":10,"yards":1}]}},"1971":{"sp":0,"qtr":3,"down":2,"time":"12:41","yrdln":"CLE 44","ydstogo":9,"ydsnet":48,"posteam":"GB","desc":"(12:41) (Shotgun) A.Rodgers pass short right to G.Jennings to CLE 36 for 8 yards (B.McDonald).","note":null,"players":{"00-0024267":[{"sequence":3,"clubcode":"GB","playerName":"G.Jennings","statId":21,"yards":8},{"sequence":4,"clubcode":"GB","playerName":"G.Jennings","statId":115,"yards":0},{"sequence":5,"clubcode":"GB","playerName":"G.Jennings","statId":113,"yards":0}],"00-0025527":[{"sequence":6,"clubcode":"CLE","playerName":"B.McDonald","statId":79,"yards":0}],"00-0023459":[{"sequence":1,"clubcode":"GB","playerName":"A.Rodgers","statId":15,"yards":8},{"sequence":2,"clubcode":"GB","playerName":"A.Rodgers","statId":111,"yards":8}]}},"1995":{"sp":0,"qtr":3,"down":3,"time":"11:58","yrdln":"CLE 36","ydstogo":1,"ydsnet":57,"posteam":"GB","desc":"(11:58) R.Grant right tackle to CLE 27 for 9 yards (B.Pool).","note":null,"players":{"00-0022984":[{"sequence":3,"clubcode":"GB","playerName":"R.Grant","statId":10,"yards":9}],"00-0023469":[{"sequence":4,"clubcode":"CLE","playerName":"B.Pool","statId":79,"yards":0}],"0":[{"sequence":1,"clubcode":"GB","playerName":"","statId":3,"yards":0},{"sequence":2,"clubcode":"GB","playerName":"","statId":6,"yards":0}]}},"2016":{"sp":0,"qtr":3,"down":1,"time":"11:15","yrdln":"CLE 27","ydstogo":10,"ydsnet":57,"posteam":"GB","desc":"(11:15) A.Rodgers pass incomplete deep right to D.Driver.","note":null,"players":{"00-0004541":[{"sequence":2,"clubcode":"GB","playerName":"D.Driver","statId":115,"yards":0}],"00-0023459":[{"sequence":1,"clubcode":"GB","playerName":"A.Rodgers","statId":14,"yards":0},{"sequence":3,"clubcode":"GB","playerName":"A.Rodgers","statId":112,"yards":25}]}},"2038":{"sp":0,"qtr":3,"down":0,"time":"11:08","yrdln":"","ydstogo":0,"ydsnet":57,"posteam":"","desc":"Timeout #1 by GB at 11:08.","note":"TIMEOUT","players":{"0":[{"sequence":1,"clubcode":"GB","playerName":"","statId":68,"yards":0}]}},"2055":{"sp":0,"qtr":3,"down":2,"time":"11:07","yrdln":"CLE 27","ydstogo":10,"ydsnet":57,"posteam":"GB","desc":"(11:07) A.Rodgers pass incomplete deep right to G.Jennings.","note":null,"players":{"00-0024267":[{"sequence":2,"clubcode":"GB","playerName":"G.Jennings","statId":115,"yards":0}],"00-0023459":[{"sequence":1,"clubcode":"GB","playerName":"A.Rodgers","statId":14,"yards":0},{"sequence":3,"clubcode":"GB","playerName":"A.Rodgers","statId":112,"yards":18}]}},"2077":{"sp":0,"qtr":3,"down":3,"time":"11:04","yrdln":"CLE 27","ydstogo":10,"ydsnet":47,"posteam":"GB","desc":"(11:04) (Shotgun) A.Rodgers pass short middle to S.Havner to CLE 15 for 12 yards (B.McDonald). PENALTY on GB-D.Lee, Offensive Pass Interference, 10 yards, enforced at CLE 27 - No Play.","note":"PENALTY","players":{"00-0021929":[{"sequence":1,"clubcode":"GB","playerName":"D.Lee","statId":93,"yards":10}]}},"2112":{"sp":0,"qtr":3,"down":3,"time":"10:33","yrdln":"CLE 37","ydstogo":20,"ydsnet":47,"posteam":"GB","desc":"(10:33) (Shotgun) A.Rodgers pass incomplete short left to D.Lee (M.Adams).","note":null,"players":{"00-0021929":[{"sequence":3,"clubcode":"GB","playerName":"D.Lee","statId":115,"yards":0}],"0":[{"sequence":1,"clubcode":"GB","playerName":"","statId":7,"yards":0}],"00-0023459":[{"sequence":2,"clubcode":"GB","playerName":"A.Rodgers","statId":14,"yards":0},{"sequence":5,"clubcode":"GB","playerName":"A.Rodgers","statId":112,"yards":5}],"00-0022247":[{"sequence":4,"clubcode":"CLE","playerName":"M.Adams","statId":85,"yards":0}]}},"2134":{"sp":0,"qtr":3,"down":4,"time":"10:28","yrdln":"CLE 37","ydstogo":20,"ydsnet":47,"posteam":"GB","desc":"(10:28) M.Crosby 55 yard field goal is No Good, Wide Left, Center-B.Goode, Holder-M.Flynn.","note":"FGM","players":{"00-0025580":[{"sequence":1,"clubcode":"GB","playerName":"M.Crosby","statId":69,"yards":55}]}}},"fds":4,"result":"Missed FG","penyds":15,"ydsgained":32,"numplays":13,"postime":"4:37","start":{"qtr":3,"time":"15:00","yrdln":"GB 16","team":"GB"},"end":{"qtr":3,"time":"10:23","yrdln":"CLE 37","team":"GB"}},"11":{"posteam":"CLE","qtr":3,"redzone":true,"plays":{"2154":{"sp":0,"qtr":3,"down":1,"time":"10:23","yrdln":"CLE 45","ydstogo":10,"ydsnet":4,"posteam":"CLE","desc":"(10:23) J.Lewis right guard to CLE 49 for 4 yards (N.Barnett).","note":null,"players":{"00-0021990":[{"sequence":2,"clubcode":"GB","playerName":"N.Barnett","statId":79,"yards":0}],"00-0019693":[{"sequence":1,"clubcode":"CLE","playerName":"J.Lewis","statId":10,"yards":4}]}},"2175":{"sp":0,"qtr":3,"down":2,"time":"09:53","yrdln":"CLE 49","ydstogo":6,"ydsnet":8,"posteam":"CLE","desc":"(9:53) J.Lewis left guard to GB 47 for 4 yards (J.Jolly).","note":null,"players":{"00-0024397":[{"sequence":2,"clubcode":"GB","playerName":"J.Jolly","statId":79,"yards":0}],"00-0019693":[{"sequence":1,"clubcode":"CLE","playerName":"J.Lewis","statId":10,"yards":4}]}},"2196":{"sp":0,"qtr":3,"down":3,"time":"09:06","yrdln":"GB 47","ydstogo":2,"ydsnet":7,"posteam":"CLE","desc":"(9:06) D.Anderson pass short right to J.Cribbs to GB 44 for 3 yards (C.Woodson). FUMBLES (C.Woodson), RECOVERED by GB-B.Chillar at GB 48. B.Chillar to GB 48 for no gain (A.Mack). Cleveland challenged the incomplete pass ruling, and the play was Upheld. (Timeout #1 at 08:56.)","note":"FUMBLE","players":{"00-0022711":[{"sequence":12,"clubcode":"GB","playerName":"B.Chillar","statId":59,"yards":0}],"00-0026997":[{"sequence":13,"clubcode":"CLE","playerName":"A.Mack","statId":79,"yards":0}],"00-0018227":[{"sequence":8,"clubcode":"GB","playerName":"C.Woodson","statId":79,"yards":0},{"sequence":11,"clubcode":"GB","playerName":"C.Woodson","statId":91,"yards":0}],"0":[{"sequence":1,"clubcode":"CLE","playerName":"","statId":68,"yards":0},{"sequence":2,"clubcode":"CLE","playerName":"","statId":7,"yards":0}],"00-0023645":[{"sequence":3,"clubcode":"CLE","playerName":"D.Anderson","statId":15,"yards":-1},{"sequence":4,"clubcode":"CLE","playerName":"D.Anderson","statId":111,"yards":3}],"00-0023176":[{"sequence":5,"clubcode":"CLE","playerName":"J.Cribbs","statId":21,"yards":-1},{"sequence":6,"clubcode":"CLE","playerName":"J.Cribbs","statId":115,"yards":0},{"sequence":7,"clubcode":"CLE","playerName":"J.Cribbs","statId":113,"yards":-4},{"sequence":9,"clubcode":"CLE","playerName":"J.Cribbs","statId":52,"yards":0},{"sequence":10,"clubcode":"CLE","playerName":"J.Cribbs","statId":106,"yards":0}]}}},"fds":0,"result":"Fumble","penyds":0,"ydsgained":7,"numplays":3,"postime":"1:27","start":{"qtr":3,"time":"10:23","yrdln":"CLE 45","team":"CLE"},"end":{"qtr":3,"time":"08:56","yrdln":"GB 47","team":"CLE"}},"12":{"posteam":"GB","qtr":3,"redzone":true,"plays":{"2291":{"sp":0,"qtr":3,"down":1,"time":"08:56","yrdln":"GB 48","ydstogo":10,"ydsnet":15,"posteam":"GB","desc":"(8:56) R.Grant left guard to CLE 37 for 15 yards (A.Elam).","note":null,"players":{"00-0022984":[{"sequence":2,"clubcode":"GB","playerName":"R.Grant","statId":10,"yards":15}],"00-0023405":[{"sequence":3,"clubcode":"CLE","playerName":"A.Elam","statId":79,"yards":0}],"0":[{"sequence":1,"clubcode":"GB","playerName":"","statId":3,"yards":0}]}},"2312":{"sp":0,"qtr":3,"down":1,"time":"08:14","yrdln":"CLE 37","ydstogo":10,"ydsnet":20,"posteam":"GB","desc":"(8:14) R.Grant right guard to CLE 32 for 5 yards (R.Smith, D.Bowens).","note":null,"players":{"00-0019573":[{"sequence":2,"clubcode":"CLE","playerName":"R.Smith","statId":80,"yards":0}],"00-0022984":[{"sequence":1,"clubcode":"GB","playerName":"R.Grant","statId":10,"yards":5}],"00-0001563":[{"sequence":3,"clubcode":"CLE","playerName":"D.Bowens","statId":82,"yards":0}]}},"2333":{"sp":0,"qtr":3,"down":2,"time":"07:35","yrdln":"CLE 32","ydstogo":5,"ydsnet":26,"posteam":"GB","desc":"(7:35) R.Grant right guard to CLE 26 for 6 yards (K.Maiava, E.Barton).","note":null,"players":{"00-0022984":[{"sequence":2,"clubcode":"GB","playerName":"R.Grant","statId":10,"yards":6}],"00-0027074":[{"sequence":3,"clubcode":"CLE","playerName":"K.Maiava","statId":80,"yards":0}],"0":[{"sequence":1,"clubcode":"GB","playerName":"","statId":3,"yards":0}],"00-0000846":[{"sequence":4,"clubcode":"CLE","playerName":"E.Barton","statId":82,"yards":0}]}},"2354":{"sp":0,"qtr":3,"down":1,"time":"06:56","yrdln":"CLE 26","ydstogo":10,"ydsnet":28,"posteam":"GB","desc":"(6:56) B.Jackson right guard to CLE 24 for 2 yards (R.Smith, S.Rogers).","note":null,"players":{"00-0020528":[{"sequence":3,"clubcode":"CLE","playerName":"S.Rogers","statId":82,"yards":0}],"00-0019573":[{"sequence":2,"clubcode":"CLE","playerName":"R.Smith","statId":80,"yards":0}],"00-0025450":[{"sequence":1,"clubcode":"GB","playerName":"B.Jackson","statId":10,"yards":2}]}},"2375":{"sp":0,"qtr":3,"down":2,"time":"06:17","yrdln":"CLE 24","ydstogo":8,"ydsnet":44,"posteam":"GB","desc":"(6:17) A.Rodgers pass short left to D.Lee to CLE 8 for 16 yards (B.McDonald, A.Elam) [S.Rogers].","note":null,"players":{"00-0020528":[{"sequence":7,"clubcode":"CLE","playerName":"S.Rogers","statId":110,"yards":0}],"00-0021929":[{"sequence":4,"clubcode":"GB","playerName":"D.Lee","statId":21,"yards":16},{"sequence":5,"clubcode":"GB","playerName":"D.Lee","statId":115,"yards":0},{"sequence":6,"clubcode":"GB","playerName":"D.Lee","statId":113,"yards":3}],"00-0023405":[{"sequence":9,"clubcode":"CLE","playerName":"A.Elam","statId":82,"yards":0}],"00-0025527":[{"sequence":8,"clubcode":"CLE","playerName":"B.McDonald","statId":80,"yards":0}],"0":[{"sequence":1,"clubcode":"GB","playerName":"","statId":4,"yards":0}],"00-0023459":[{"sequence":2,"clubcode":"GB","playerName":"A.Rodgers","statId":15,"yards":16},{"sequence":3,"clubcode":"GB","playerName":"A.Rodgers","statId":111,"yards":13}]}},"2399":{"sp":0,"qtr":3,"down":1,"time":"05:39","yrdln":"CLE 8","ydstogo":8,"ydsnet":48,"posteam":"GB","desc":"(5:39) R.Grant right guard to CLE 4 for 4 yards (K.Coleman).","note":null,"players":{"00-0021262":[{"sequence":2,"clubcode":"CLE","playerName":"K.Coleman","statId":79,"yards":0}],"00-0022984":[{"sequence":1,"clubcode":"GB","playerName":"R.Grant","statId":10,"yards":4}]}},"2420":{"sp":0,"qtr":3,"down":2,"time":"05:00","yrdln":"CLE 4","ydstogo":4,"ydsnet":48,"posteam":"GB","desc":"(5:00) A.Rodgers pass short right to Q.Johnson to CLE 4 for no gain (D.Bowens).","note":null,"players":{"00-0027106":[{"sequence":3,"clubcode":"GB","playerName":"Q.Johnson","statId":21,"yards":0},{"sequence":4,"clubcode":"GB","playerName":"Q.Johnson","statId":115,"yards":0},{"sequence":5,"clubcode":"GB","playerName":"Q.Johnson","statId":113,"yards":0}],"00-0023459":[{"sequence":1,"clubcode":"GB","playerName":"A.Rodgers","statId":15,"yards":0},{"sequence":2,"clubcode":"GB","playerName":"A.Rodgers","statId":111,"yards":0}],"00-0001563":[{"sequence":6,"clubcode":"CLE","playerName":"D.Bowens","statId":79,"yards":0}]}},"2444":{"sp":0,"qtr":3,"down":3,"time":"04:22","yrdln":"CLE 4","ydstogo":4,"ydsnet":51,"posteam":"GB","desc":"(4:22) (Shotgun) A.Rodgers pass short right to R.Grant to CLE 1 for 3 yards (E.Barton).","note":null,"players":{"00-0022984":[{"sequence":4,"clubcode":"GB","playerName":"R.Grant","statId":21,"yards":3},{"sequence":5,"clubcode":"GB","playerName":"R.Grant","statId":115,"yards":0},{"sequence":6,"clubcode":"GB","playerName":"R.Grant","statId":113,"yards":0}],"0":[{"sequence":1,"clubcode":"GB","playerName":"","statId":7,"yards":0}],"00-0000846":[{"sequence":7,"clubcode":"CLE","playerName":"E.Barton","statId":79,"yards":0}],"00-0023459":[{"sequence":2,"clubcode":"GB","playerName":"A.Rodgers","statId":15,"yards":3},{"sequence":3,"clubcode":"GB","playerName":"A.Rodgers","statId":111,"yards":3}]}},"2468":{"sp":1,"qtr":3,"down":4,"time":"03:36","yrdln":"CLE 1","ydstogo":1,"ydsnet":51,"posteam":"GB","desc":"(3:36) M.Crosby 18 yard field goal is GOOD, Center-B.Goode, Holder-M.Flynn.","note":"FG","players":{"00-0025580":[{"sequence":1,"clubcode":"GB","playerName":"M.Crosby","statId":70,"yards":18}]}}},"fds":3,"result":"Field Goal","penyds":0,"ydsgained":51,"numplays":9,"postime":"5:22","start":{"qtr":3,"time":"08:56","yrdln":"GB 48","team":"GB"},"end":{"qtr":3,"time":"03:34","yrdln":"CLE 1","team":"GB"}},"13":{"posteam":"CLE","qtr":4,"redzone":true,"plays":{"2487":{"sp":0,"qtr":3,"down":0,"time":"03:34","yrdln":"GB 30","ydstogo":0,"ydsnet":0,"posteam":"GB","desc":"M.Crosby kicks 76 yards from GB 30 to CLE -6. J.Cribbs, Touchback.","note":"KICKOFF","players":{"00-0025580":[{"sequence":1,"clubcode":"GB","playerName":"M.Crosby","statId":44,"yards":70}],"0":[{"sequence":2,"clubcode":"CLE","playerName":"","statId":51,"yards":0}]}},"2505":{"sp":0,"qtr":3,"down":1,"time":"03:34","yrdln":"CLE 20","ydstogo":10,"ydsnet":5,"posteam":"CLE","desc":"(3:34) PENALTY on GB-R.Pickett, Encroachment, 5 yards, enforced at CLE 20 - No Play.","note":"PENALTY","players":{"00-0020515":[{"sequence":1,"clubcode":"GB","playerName":"R.Pickett","statId":93,"yards":5}]}},"2528":{"sp":0,"qtr":3,"down":1,"time":"03:34","yrdln":"CLE 25","ydstogo":5,"ydsnet":5,"posteam":"CLE","desc":"(3:34) D.Anderson pass incomplete deep left to M.Massaquoi.","note":null,"players":{"00-0027026":[{"sequence":2,"clubcode":"CLE","playerName":"M.Massaquoi","statId":115,"yards":0}],"00-0023645":[{"sequence":1,"clubcode":"CLE","playerName":"D.Anderson","statId":14,"yards":0},{"sequence":3,"clubcode":"CLE","playerName":"D.Anderson","statId":112,"yards":20}]}},"2550":{"sp":0,"qtr":3,"down":2,"time":"03:30","yrdln":"CLE 25","ydstogo":5,"ydsnet":16,"posteam":"CLE","desc":"(3:30) J.Lewis left guard to CLE 36 for 11 yards (A.Kampman, A.Hawk).","note":null,"players":{"00-0024220":[{"sequence":4,"clubcode":"GB","playerName":"A.Hawk","statId":82,"yards":0}],"00-0021269":[{"sequence":3,"clubcode":"GB","playerName":"A.Kampman","statId":80,"yards":0}],"0":[{"sequence":1,"clubcode":"CLE","playerName":"","statId":3,"yards":0}],"00-0019693":[{"sequence":2,"clubcode":"CLE","playerName":"J.Lewis","statId":10,"yards":11}]}},"2571":{"sp":0,"qtr":3,"down":1,"time":"02:49","yrdln":"CLE 36","ydstogo":10,"ydsnet":16,"posteam":"CLE","desc":"(2:49) J.Lewis left guard to CLE 36 for no gain (N.Barnett, A.Kampman).","note":null,"players":{"00-0021990":[{"sequence":2,"clubcode":"GB","playerName":"N.Barnett","statId":80,"yards":0}],"00-0021269":[{"sequence":3,"clubcode":"GB","playerName":"A.Kampman","statId":82,"yards":0}],"00-0019693":[{"sequence":1,"clubcode":"CLE","playerName":"J.Lewis","statId":10,"yards":0}]}},"2592":{"sp":0,"qtr":3,"down":2,"time":"02:05","yrdln":"CLE 36","ydstogo":10,"ydsnet":16,"posteam":"CLE","desc":"(2:05) (Shotgun) D.Anderson pass incomplete short left to J.Cribbs.","note":null,"players":{"00-0023645":[{"sequence":1,"clubcode":"CLE","playerName":"D.Anderson","statId":14,"yards":0},{"sequence":3,"clubcode":"CLE","playerName":"D.Anderson","statId":112,"yards":0}],"00-0023176":[{"sequence":2,"clubcode":"CLE","playerName":"J.Cribbs","statId":115,"yards":0}]}},"2614":{"sp":0,"qtr":3,"down":3,"time":"02:01","yrdln":"CLE 36","ydstogo":10,"ydsnet":21,"posteam":"CLE","desc":"(2:01) (Shotgun) D.Anderson pass incomplete short right to G.Estandia. PENALTY on GB-B.Poppinga, Defensive Holding, 5 yards, enforced at CLE 36 - No Play.","note":"PENALTY","players":{"00-0023559":[{"sequence":2,"clubcode":"GB","playerName":"B.Poppinga","statId":93,"yards":5}],"0":[{"sequence":1,"clubcode":"CLE","playerName":"","statId":5,"yards":0}]}},"2647":{"sp":0,"qtr":3,"down":1,"time":"01:57","yrdln":"CLE 41","ydstogo":10,"ydsnet":21,"posteam":"CLE","desc":"(1:57) D.Anderson pass incomplete deep left to M.Massaquoi.","note":null,"players":{"00-0027026":[{"sequence":2,"clubcode":"CLE","playerName":"M.Massaquoi","statId":115,"yards":0}],"00-0023645":[{"sequence":1,"clubcode":"CLE","playerName":"D.Anderson","statId":14,"yards":0},{"sequence":3,"clubcode":"CLE","playerName":"D.Anderson","statId":112,"yards":32}]}},"2669":{"sp":0,"qtr":3,"down":2,"time":"01:51","yrdln":"CLE 41","ydstogo":10,"ydsnet":42,"posteam":"CLE","desc":"(1:51) (Shotgun) D.Anderson pass short left to J.Harrison ran ob at CLE 47 for 6 yards (N.Barnett). PENALTY on GB-A.Bigby, Unnecessary Roughness, 15 yards, enforced at CLE 47.","note":"PENALTY","players":{"00-0021990":[{"sequence":7,"clubcode":"GB","playerName":"N.Barnett","statId":79,"yards":0}],"0":[{"sequence":1,"clubcode":"CLE","playerName":"","statId":5,"yards":0}],"00-0024359":[{"sequence":4,"clubcode":"CLE","playerName":"J.Harrison","statId":21,"yards":6},{"sequence":5,"clubcode":"CLE","playerName":"J.Harrison","statId":115,"yards":0},{"sequence":6,"clubcode":"CLE","playerName":"J.Harrison","statId":113,"yards":6}],"00-0023645":[{"sequence":2,"clubcode":"CLE","playerName":"D.Anderson","statId":15,"yards":6},{"sequence":3,"clubcode":"CLE","playerName":"D.Anderson","statId":111,"yards":0}],"00-0023404":[{"sequence":8,"clubcode":"GB","playerName":"A.Bigby","statId":93,"yards":15}]}},"2704":{"sp":0,"qtr":3,"down":1,"time":"01:29","yrdln":"GB 38","ydstogo":10,"ydsnet":58,"posteam":"CLE","desc":"(1:29) J.Lewis left tackle ran ob at GB 22 for 16 yards (C.Woodson).","note":null,"players":{"00-0018227":[{"sequence":3,"clubcode":"GB","playerName":"C.Woodson","statId":79,"yards":0}],"0":[{"sequence":1,"clubcode":"CLE","playerName":"","statId":3,"yards":0}],"00-0019693":[{"sequence":2,"clubcode":"CLE","playerName":"J.Lewis","statId":10,"yards":16}]}},"2730":{"sp":0,"qtr":3,"down":1,"time":"01:02","yrdln":"GB 22","ydstogo":10,"ydsnet":79,"posteam":"CLE","desc":"(1:02) D.Anderson pass deep right to M.Gaines to GB 1 for 21 yards (B.Chillar).","note":null,"players":{"00-0022711":[{"sequence":7,"clubcode":"GB","playerName":"B.Chillar","statId":79,"yards":0}],"00-0022706":[{"sequence":4,"clubcode":"CLE","playerName":"M.Gaines","statId":21,"yards":21},{"sequence":5,"clubcode":"CLE","playerName":"M.Gaines","statId":115,"yards":0},{"sequence":6,"clubcode":"CLE","playerName":"M.Gaines","statId":113,"yards":0}],"0":[{"sequence":1,"clubcode":"CLE","playerName":"","statId":4,"yards":0}],"00-0023645":[{"sequence":2,"clubcode":"CLE","playerName":"D.Anderson","statId":15,"yards":21},{"sequence":3,"clubcode":"CLE","playerName":"D.Anderson","statId":111,"yards":21}]}},"2754":{"sp":0,"qtr":3,"down":0,"time":"00:30","yrdln":"","ydstogo":0,"ydsnet":79,"posteam":"","desc":"Timeout #2 by GB at 00:30.","note":"TIMEOUT","players":{"0":[{"sequence":1,"clubcode":"GB","playerName":"","statId":68,"yards":0}]}},"2771":{"sp":0,"qtr":3,"down":1,"time":"00:30","yrdln":"GB 1","ydstogo":1,"ydsnet":77,"posteam":"CLE","desc":"(:30) J.Lewis left guard to GB 3 for -2 yards (A.Hawk).","note":null,"players":{"00-0024220":[{"sequence":3,"clubcode":"GB","playerName":"A.Hawk","statId":79,"yards":0},{"sequence":4,"clubcode":"GB","playerName":"A.Hawk","statId":120,"yards":0}],"0":[{"sequence":2,"clubcode":"CLE","playerName":"","statId":95,"yards":-2}],"00-0019693":[{"sequence":1,"clubcode":"CLE","playerName":"J.Lewis","statId":10,"yards":-2}]}},"2792":{"sp":0,"qtr":3,"down":2,"time":"00:30","yrdln":"GB 3","ydstogo":3,"ydsnet":77,"posteam":"CLE","desc":"(:30) D.Anderson pass incomplete short left to M.Massaquoi.","note":null,"players":{"00-0027026":[{"sequence":2,"clubcode":"CLE","playerName":"M.Massaquoi","statId":115,"yards":0}],"00-0023645":[{"sequence":1,"clubcode":"CLE","playerName":"D.Anderson","statId":14,"yards":0},{"sequence":3,"clubcode":"CLE","playerName":"D.Anderson","statId":112,"yards":3}]}},"2814":{"sp":0,"qtr":3,"down":0,"time":"","yrdln":"","ydstogo":0,"ydsnet":77,"posteam":"","desc":"END QUARTER 3","note":null,"players":{}},"2830":{"sp":0,"qtr":4,"down":3,"time":"15:00","yrdln":"GB 3","ydstogo":3,"ydsnet":79,"posteam":"CLE","desc":"(15:00) (Shotgun) J.Lewis right guard to GB 1 for 2 yards (A.Bigby).","note":null,"players":{"0":[{"sequence":1,"clubcode":"CLE","playerName":"","statId":7,"yards":0}],"00-0019693":[{"sequence":2,"clubcode":"CLE","playerName":"J.Lewis","statId":10,"yards":2}],"00-0023404":[{"sequence":3,"clubcode":"GB","playerName":"A.Bigby","statId":79,"yards":0}]}},"2851":{"sp":0,"qtr":4,"down":4,"time":"14:19","yrdln":"GB 1","ydstogo":1,"ydsnet":79,"posteam":"CLE","desc":"(14:19) (Shotgun) D.Anderson pass incomplete short left to M.Massaquoi.","note":null,"players":{"00-0027026":[{"sequence":3,"clubcode":"CLE","playerName":"M.Massaquoi","statId":115,"yards":0}],"0":[{"sequence":1,"clubcode":"CLE","playerName":"","statId":9,"yards":0}],"00-0023645":[{"sequence":2,"clubcode":"CLE","playerName":"D.Anderson","statId":14,"yards":0},{"sequence":4,"clubcode":"CLE","playerName":"D.Anderson","statId":112,"yards":0}]}}},"fds":5,"result":"Downs","penyds":25,"ydsgained":54,"numplays":17,"postime":"4:20","start":{"qtr":3,"time":"03:34","yrdln":"CLE 20","team":"CLE"},"end":{"qtr":3,"time":"14:14","yrdln":"GB 1","team":"CLE"}},"14":{"posteam":"GB","qtr":4,"redzone":true,"plays":{"2873":{"sp":0,"qtr":4,"down":1,"time":"14:14","yrdln":"GB 1","ydstogo":10,"ydsnet":18,"posteam":"GB","desc":"(14:14) A.Rodgers pass short right to G.Jennings to GB 19 for 18 yards (A.Elam).","note":null,"players":{"00-0024267":[{"sequence":4,"clubcode":"GB","playerName":"G.Jennings","statId":21,"yards":18},{"sequence":5,"clubcode":"GB","playerName":"G.Jennings","statId":115,"yards":0},{"sequence":6,"clubcode":"GB","playerName":"G.Jennings","statId":113,"yards":14}],"00-0023405":[{"sequence":7,"clubcode":"CLE","playerName":"A.Elam","statId":79,"yards":0}],"0":[{"sequence":1,"clubcode":"GB","playerName":"","statId":4,"yards":0}],"00-0023459":[{"sequence":2,"clubcode":"GB","playerName":"A.Rodgers","statId":15,"yards":18},{"sequence":3,"clubcode":"GB","playerName":"A.Rodgers","statId":111,"yards":4}]}},"2897":{"sp":0,"qtr":4,"down":1,"time":"13:37","yrdln":"GB 19","ydstogo":10,"ydsnet":20,"posteam":"GB","desc":"(13:37) R.Grant right tackle to GB 21 for 2 yards (E.Barton, S.Rogers).","note":null,"players":{"00-0020528":[{"sequence":3,"clubcode":"CLE","playerName":"S.Rogers","statId":82,"yards":0}],"00-0022984":[{"sequence":1,"clubcode":"GB","playerName":"R.Grant","statId":10,"yards":2}],"00-0000846":[{"sequence":2,"clubcode":"CLE","playerName":"E.Barton","statId":80,"yards":0}]}},"2918":{"sp":0,"qtr":4,"down":2,"time":"13:00","yrdln":"GB 21","ydstogo":8,"ydsnet":34,"posteam":"GB","desc":"(13:00) A.Rodgers pass short right to S.Havner to GB 35 for 14 yards (B.McDonald).","note":null,"players":{"00-0025527":[{"sequence":7,"clubcode":"CLE","playerName":"B.McDonald","statId":79,"yards":0}],"0":[{"sequence":1,"clubcode":"GB","playerName":"","statId":4,"yards":0}],"00-0023459":[{"sequence":2,"clubcode":"GB","playerName":"A.Rodgers","statId":15,"yards":14},{"sequence":3,"clubcode":"GB","playerName":"A.Rodgers","statId":111,"yards":8}],"00-0023832":[{"sequence":4,"clubcode":"GB","playerName":"S.Havner","statId":21,"yards":14},{"sequence":5,"clubcode":"GB","playerName":"S.Havner","statId":115,"yards":0},{"sequence":6,"clubcode":"GB","playerName":"S.Havner","statId":113,"yards":6}]}},"2942":{"sp":0,"qtr":4,"down":1,"time":"12:23","yrdln":"GB 35","ydstogo":10,"ydsnet":35,"posteam":"GB","desc":"(12:23) R.Grant right tackle to GB 36 for 1 yard (C.Mosley, J.Trusnik).","note":null,"players":{"00-0022984":[{"sequence":1,"clubcode":"GB","playerName":"R.Grant","statId":10,"yards":1}],"00-0025697":[{"sequence":3,"clubcode":"CLE","playerName":"J.Trusnik","statId":82,"yards":0}],"00-0023624":[{"sequence":2,"clubcode":"CLE","playerName":"C.Mosley","statId":80,"yards":0}]}},"2963":{"sp":0,"qtr":4,"down":2,"time":"11:44","yrdln":"GB 36","ydstogo":9,"ydsnet":38,"posteam":"GB","desc":"(11:44) R.Grant left tackle to GB 39 for 3 yards (R.Smith, D.Bowens).","note":null,"players":{"00-0019573":[{"sequence":2,"clubcode":"CLE","playerName":"R.Smith","statId":80,"yards":0}],"00-0022984":[{"sequence":1,"clubcode":"GB","playerName":"R.Grant","statId":10,"yards":3}],"00-0001563":[{"sequence":3,"clubcode":"CLE","playerName":"D.Bowens","statId":82,"yards":0}]}},"2984":{"sp":0,"qtr":4,"down":3,"time":"11:05","yrdln":"GB 39","ydstogo":6,"ydsnet":57,"posteam":"GB","desc":"(11:05) (Shotgun) A.Rodgers scrambles up the middle to CLE 42 for 19 yards (E.Wright).","note":null,"players":{"00-0025440":[{"sequence":4,"clubcode":"CLE","playerName":"E.Wright","statId":79,"yards":0}],"0":[{"sequence":1,"clubcode":"GB","playerName":"","statId":3,"yards":0},{"sequence":2,"clubcode":"GB","playerName":"","statId":6,"yards":0}],"00-0023459":[{"sequence":3,"clubcode":"GB","playerName":"A.Rodgers","statId":10,"yards":19}]}},"3005":{"sp":0,"qtr":4,"down":1,"time":"10:19","yrdln":"CLE 42","ydstogo":10,"ydsnet":94,"posteam":"GB","desc":"(10:19) R.Grant right tackle pushed ob at CLE 5 for 37 yards (A.Elam).","note":null,"players":{"00-0022984":[{"sequence":2,"clubcode":"GB","playerName":"R.Grant","statId":10,"yards":37}],"00-0023405":[{"sequence":3,"clubcode":"CLE","playerName":"A.Elam","statId":79,"yards":0}],"0":[{"sequence":1,"clubcode":"GB","playerName":"","statId":3,"yards":0}]}},"3026":{"sp":1,"qtr":4,"down":1,"time":"09:47","yrdln":"CLE 5","ydstogo":5,"ydsnet":99,"posteam":"GB","desc":"(9:47) A.Rodgers pass short left to J.Jones for 5 yards, TOUCHDOWN.","note":"TD","players":{"0":[{"sequence":1,"clubcode":"GB","playerName":"","statId":4,"yards":0}],"00-0025465":[{"sequence":4,"clubcode":"GB","playerName":"J.Jones","statId":22,"yards":5},{"sequence":5,"clubcode":"GB","playerName":"J.Jones","statId":115,"yards":0},{"sequence":6,"clubcode":"GB","playerName":"J.Jones","statId":113,"yards":5}],"00-0023459":[{"sequence":2,"clubcode":"GB","playerName":"A.Rodgers","statId":16,"yards":5},{"sequence":3,"clubcode":"GB","playerName":"A.Rodgers","statId":111,"yards":0}]}},"3046":{"sp":1,"qtr":4,"down":0,"time":"09:42","yrdln":"CLE 2","ydstogo":0,"ydsnet":99,"posteam":"GB","desc":"M.Crosby extra point is GOOD, Center-B.Goode, Holder-M.Flynn.","note":"XP","players":{"00-0025580":[{"sequence":1,"clubcode":"GB","playerName":"M.Crosby","statId":72,"yards":0}]}}},"fds":5,"result":"Touchdown","penyds":0,"ydsgained":99,"numplays":9,"postime":"4:32","start":{"qtr":4,"time":"14:14","yrdln":"GB 1","team":"GB"},"end":{"qtr":4,"time":"09:42","yrdln":"CLE 5","team":"GB"}},"15":{"posteam":"CLE","qtr":4,"redzone":true,"plays":{"3062":{"sp":0,"qtr":4,"down":0,"time":"09:42","yrdln":"GB 30","ydstogo":0,"ydsnet":0,"posteam":"GB","desc":"M.Crosby kicks 66 yards from GB 30 to CLE 4, out of bounds.","note":"KICKOFF","players":{"00-0025580":[{"sequence":1,"clubcode":"GB","playerName":"M.Crosby","statId":41,"yards":30}],"0":[{"sequence":2,"clubcode":"CLE","playerName":"","statId":49,"yards":0}]}},"3077":{"sp":0,"qtr":4,"down":1,"time":"09:42","yrdln":"CLE 40","ydstogo":10,"ydsnet":0,"posteam":"CLE","desc":"(9:42) D.Anderson pass incomplete short left to L.Vickers.","note":null,"players":{"00-0023645":[{"sequence":1,"clubcode":"CLE","playerName":"D.Anderson","statId":14,"yards":0},{"sequence":3,"clubcode":"CLE","playerName":"D.Anderson","statId":112,"yards":-2}],"00-0024394":[{"sequence":2,"clubcode":"CLE","playerName":"L.Vickers","statId":115,"yards":0}]}},"3099":{"sp":0,"qtr":4,"down":2,"time":"09:38","yrdln":"CLE 40","ydstogo":10,"ydsnet":5,"posteam":"CLE","desc":"(9:38) J.Lewis left tackle to CLE 45 for 5 yards (N.Barnett, A.Bigby).","note":null,"players":{"00-0021990":[{"sequence":2,"clubcode":"GB","playerName":"N.Barnett","statId":80,"yards":0}],"00-0019693":[{"sequence":1,"clubcode":"CLE","playerName":"J.Lewis","statId":10,"yards":5}],"00-0023404":[{"sequence":3,"clubcode":"GB","playerName":"A.Bigby","statId":82,"yards":0}]}},"3120":{"sp":0,"qtr":4,"down":3,"time":"09:09","yrdln":"CLE 45","ydstogo":5,"ydsnet":5,"posteam":"CLE","desc":"(9:09) (Shotgun) D.Anderson pass incomplete short right to M.Massaquoi [A.Kampman].","note":null,"players":{"00-0027026":[{"sequence":3,"clubcode":"CLE","playerName":"M.Massaquoi","statId":115,"yards":0}],"00-0021269":[{"sequence":4,"clubcode":"GB","playerName":"A.Kampman","statId":110,"yards":0}],"0":[{"sequence":1,"clubcode":"CLE","playerName":"","statId":7,"yards":0}],"00-0023645":[{"sequence":2,"clubcode":"CLE","playerName":"D.Anderson","statId":14,"yards":0},{"sequence":5,"clubcode":"CLE","playerName":"D.Anderson","statId":112,"yards":2}]}},"3142":{"sp":0,"qtr":4,"down":4,"time":"09:04","yrdln":"CLE 45","ydstogo":5,"ydsnet":5,"posteam":"CLE","desc":"(9:04) D.Zastudil punts 44 yards to GB 11, Center-R.Pontbriand, fair catch by T.Williams.","note":"PUNT","players":{"00-0021235":[{"sequence":1,"clubcode":"CLE","playerName":"D.Zastudil","statId":29,"yards":44},{"sequence":2,"clubcode":"CLE","playerName":"D.Zastudil","statId":30,"yards":0}],"00-0024061":[{"sequence":3,"clubcode":"GB","playerName":"T.Williams","statId":39,"yards":0}]}}},"fds":0,"result":"Punt","penyds":0,"ydsgained":5,"numplays":5,"postime":"0:46","start":{"qtr":4,"time":"09:42","yrdln":"CLE 40","team":"CLE"},"end":{"qtr":4,"time":"08:56","yrdln":"CLE 45","team":"CLE"}},"16":{"posteam":"GB","qtr":4,"redzone":true,"plays":{"3161":{"sp":0,"qtr":4,"down":1,"time":"08:56","yrdln":"GB 11","ydstogo":10,"ydsnet":1,"posteam":"GB","desc":"(8:56) Flynn in at qb R.Grant right guard to GB 14 for 3 yards (J.Trusnik).","note":null,"players":{"00-0022984":[{"sequence":1,"clubcode":"GB","playerName":"R.Grant","statId":10,"yards":3}],"00-0025697":[{"sequence":2,"clubcode":"CLE","playerName":"J.Trusnik","statId":79,"yards":0}]}},"3186":{"sp":0,"qtr":4,"down":2,"time":"08:15","yrdln":"GB 14","ydstogo":7,"ydsnet":1,"posteam":"GB","desc":"(8:15) R.Grant right tackle to GB 12 for -2 yards (R.Smith).","note":null,"players":{"00-0019573":[{"sequence":3,"clubcode":"CLE","playerName":"R.Smith","statId":79,"yards":0},{"sequence":4,"clubcode":"CLE","playerName":"R.Smith","statId":120,"yards":0}],"00-0022984":[{"sequence":1,"clubcode":"GB","playerName":"R.Grant","statId":10,"yards":-2}],"0":[{"sequence":2,"clubcode":"GB","playerName":"","statId":95,"yards":-2}]}},"3207":{"sp":0,"qtr":4,"down":3,"time":"07:30","yrdln":"GB 12","ydstogo":9,"ydsnet":1,"posteam":"GB","desc":"(7:30) (Shotgun) M.Flynn pass incomplete short middle to D.Lee (B.McDonald).","note":null,"players":{"00-0026349":[{"sequence":2,"clubcode":"GB","playerName":"M.Flynn","statId":14,"yards":0},{"sequence":5,"clubcode":"GB","playerName":"M.Flynn","statId":112,"yards":8}],"00-0021929":[{"sequence":3,"clubcode":"GB","playerName":"D.Lee","statId":115,"yards":0}],"00-0025527":[{"sequence":4,"clubcode":"CLE","playerName":"B.McDonald","statId":85,"yards":0}],"0":[{"sequence":1,"clubcode":"GB","playerName":"","statId":7,"yards":0}]}},"3229":{"sp":0,"qtr":4,"down":4,"time":"07:25","yrdln":"GB 12","ydstogo":9,"ydsnet":1,"posteam":"GB","desc":"(7:25) J.Kapinos punts 42 yards to CLE 46, Center-B.Goode. J.Cribbs to GB 45 for 9 yards (S.Havner).","note":"PUNT","players":{"00-0025786":[{"sequence":1,"clubcode":"GB","playerName":"J.Kapinos","statId":29,"yards":42}],"00-0023832":[{"sequence":3,"clubcode":"GB","playerName":"S.Havner","statId":79,"yards":0}],"00-0023176":[{"sequence":2,"clubcode":"CLE","playerName":"J.Cribbs","statId":33,"yards":9}]}}},"fds":0,"result":"Punt","penyds":0,"ydsgained":1,"numplays":4,"postime":"1:42","start":{"qtr":4,"time":"08:56","yrdln":"GB 11","team":"GB"},"end":{"qtr":4,"time":"07:14","yrdln":"GB 12","team":"GB"}},"17":{"posteam":"CLE","qtr":4,"redzone":true,"plays":{"3254":{"sp":0,"qtr":4,"down":1,"time":"07:14","yrdln":"GB 45","ydstogo":10,"ydsnet":0,"posteam":"CLE","desc":"(7:14) D.Anderson pass incomplete short middle to B.Robiskie (R.Pickett).","note":null,"players":{"00-0027012":[{"sequence":2,"clubcode":"CLE","playerName":"B.Robiskie","statId":115,"yards":0}],"00-0020515":[{"sequence":3,"clubcode":"GB","playerName":"R.Pickett","statId":85,"yards":0}],"00-0023645":[{"sequence":1,"clubcode":"CLE","playerName":"D.Anderson","statId":14,"yards":0},{"sequence":4,"clubcode":"CLE","playerName":"D.Anderson","statId":112,"yards":0}]}},"3276":{"sp":0,"qtr":4,"down":2,"time":"07:09","yrdln":"GB 45","ydstogo":10,"ydsnet":1,"posteam":"CLE","desc":"(7:09) J.Lewis left guard to GB 44 for 1 yard (N.Barnett, N.Collins).","note":null,"players":{"00-0021990":[{"sequence":2,"clubcode":"GB","playerName":"N.Barnett","statId":80,"yards":0}],"00-0019693":[{"sequence":1,"clubcode":"CLE","playerName":"J.Lewis","statId":10,"yards":1}],"00-0023486":[{"sequence":3,"clubcode":"GB","playerName":"N.Collins","statId":82,"yards":0}]}},"3297":{"sp":0,"qtr":4,"down":3,"time":"06:25","yrdln":"GB 44","ydstogo":9,"ydsnet":-10,"posteam":"CLE","desc":"(6:25) (Shotgun) D.Anderson sacked at CLE 45 for -11 yards (C.Jenkins). FUMBLES (C.Jenkins), and recovers at CLE 45. D.Anderson to CLE 45 for no gain (A.Kampman).","note":"FUMBLE","players":{"00-0021706":[{"sequence":2,"clubcode":"GB","playerName":"C.Jenkins","statId":79,"yards":0},{"sequence":4,"clubcode":"GB","playerName":"C.Jenkins","statId":91,"yards":0},{"sequence":7,"clubcode":"GB","playerName":"C.Jenkins","statId":83,"yards":-11}],"00-0021269":[{"sequence":8,"clubcode":"GB","playerName":"A.Kampman","statId":79,"yards":0},{"sequence":9,"clubcode":"GB","playerName":"A.Kampman","statId":120,"yards":0}],"0":[{"sequence":1,"clubcode":"CLE","playerName":"","statId":7,"yards":0}],"00-0023645":[{"sequence":3,"clubcode":"CLE","playerName":"D.Anderson","statId":52,"yards":0},{"sequence":5,"clubcode":"CLE","playerName":"D.Anderson","statId":55,"yards":0},{"sequence":6,"clubcode":"CLE","playerName":"D.Anderson","statId":20,"yards":-11}]}},"3326":{"sp":0,"qtr":4,"down":4,"time":"06:01","yrdln":"CLE 45","ydstogo":20,"ydsnet":-10,"posteam":"CLE","desc":"(6:01) D.Zastudil punts 39 yards to GB 16, Center-R.Pontbriand. T.Williams to GB 14 for -2 yards (A.Hall, J.Cribbs).","note":"PUNT","players":{"00-0021235":[{"sequence":1,"clubcode":"CLE","playerName":"D.Zastudil","statId":29,"yards":39},{"sequence":3,"clubcode":"CLE","playerName":"D.Zastudil","statId":30,"yards":0}],"00-0024061":[{"sequence":2,"clubcode":"GB","playerName":"T.Williams","statId":33,"yards":-2}],"00-0026371":[{"sequence":4,"clubcode":"CLE","playerName":"A.Hall","statId":80,"yards":0}],"00-0023176":[{"sequence":5,"clubcode":"CLE","playerName":"J.Cribbs","statId":82,"yards":0}]}}},"fds":0,"result":"Punt","penyds":0,"ydsgained":-10,"numplays":4,"postime":"1:22","start":{"qtr":4,"time":"07:14","yrdln":"GB 45","team":"CLE"},"end":{"qtr":4,"time":"05:52","yrdln":"CLE 45","team":"CLE"}},"18":{"posteam":"GB","qtr":4,"redzone":true,"plays":{"3351":{"sp":0,"qtr":4,"down":1,"time":"05:52","yrdln":"GB 14","ydstogo":10,"ydsnet":8,"posteam":"GB","desc":"(5:52) R.Grant right guard to GB 22 for 8 yards (R.Smith, B.Pool).","note":null,"players":{"00-0019573":[{"sequence":2,"clubcode":"CLE","playerName":"R.Smith","statId":80,"yards":0}],"00-0022984":[{"sequence":1,"clubcode":"GB","playerName":"R.Grant","statId":10,"yards":8}],"00-0023469":[{"sequence":3,"clubcode":"CLE","playerName":"B.Pool","statId":82,"yards":0}]}},"3372":{"sp":0,"qtr":4,"down":2,"time":"05:19","yrdln":"GB 22","ydstogo":2,"ydsnet":11,"posteam":"GB","desc":"(5:19) R.Grant right tackle to GB 25 for 3 yards (D.Bowens, R.Smith).","note":null,"players":{"00-0019573":[{"sequence":4,"clubcode":"CLE","playerName":"R.Smith","statId":82,"yards":0}],"00-0022984":[{"sequence":2,"clubcode":"GB","playerName":"R.Grant","statId":10,"yards":3}],"0":[{"sequence":1,"clubcode":"GB","playerName":"","statId":3,"yards":0}],"00-0001563":[{"sequence":3,"clubcode":"CLE","playerName":"D.Bowens","statId":80,"yards":0}]}},"3393":{"sp":0,"qtr":4,"down":1,"time":"04:34","yrdln":"GB 25","ydstogo":10,"ydsnet":23,"posteam":"GB","desc":"(4:34) M.Flynn pass short right to G.Jennings to GB 37 for 12 yards (E.Wright).","note":null,"players":{"00-0025440":[{"sequence":7,"clubcode":"CLE","playerName":"E.Wright","statId":79,"yards":0}],"00-0024267":[{"sequence":4,"clubcode":"GB","playerName":"G.Jennings","statId":21,"yards":12},{"sequence":5,"clubcode":"GB","playerName":"G.Jennings","statId":115,"yards":0},{"sequence":6,"clubcode":"GB","playerName":"G.Jennings","statId":113,"yards":12}],"00-0026349":[{"sequence":2,"clubcode":"GB","playerName":"M.Flynn","statId":15,"yards":12},{"sequence":3,"clubcode":"GB","playerName":"M.Flynn","statId":111,"yards":0}],"0":[{"sequence":1,"clubcode":"GB","playerName":"","statId":4,"yards":0}]}},"3417":{"sp":0,"qtr":4,"down":1,"time":"03:55","yrdln":"GB 37","ydstogo":10,"ydsnet":25,"posteam":"GB","desc":"(3:55) B.Jackson right guard to GB 39 for 2 yards (J.Trusnik).","note":null,"players":{"00-0025697":[{"sequence":2,"clubcode":"CLE","playerName":"J.Trusnik","statId":79,"yards":0}],"00-0025450":[{"sequence":1,"clubcode":"GB","playerName":"B.Jackson","statId":10,"yards":2}]}},"3438":{"sp":0,"qtr":4,"down":2,"time":"03:12","yrdln":"GB 39","ydstogo":8,"ydsnet":34,"posteam":"GB","desc":"(3:12) B.Jackson left guard to GB 48 for 9 yards (B.McDonald).","note":null,"players":{"00-0025527":[{"sequence":3,"clubcode":"CLE","playerName":"B.McDonald","statId":79,"yards":0}],"0":[{"sequence":1,"clubcode":"GB","playerName":"","statId":3,"yards":0}],"00-0025450":[{"sequence":2,"clubcode":"GB","playerName":"B.Jackson","statId":10,"yards":9}]}},"3459":{"sp":0,"qtr":4,"down":1,"time":"02:25","yrdln":"GB 48","ydstogo":10,"ydsnet":37,"posteam":"GB","desc":"(2:25) B.Jackson right guard to CLE 49 for 3 yards (J.Trusnik, K.Wimbley).","note":null,"players":{"00-0024228":[{"sequence":3,"clubcode":"CLE","playerName":"K.Wimbley","statId":82,"yards":0}],"00-0025697":[{"sequence":2,"clubcode":"CLE","playerName":"J.Trusnik","statId":80,"yards":0}],"00-0025450":[{"sequence":1,"clubcode":"GB","playerName":"B.Jackson","statId":10,"yards":3}]}},"3480":{"sp":0,"qtr":4,"down":0,"time":"02:00","yrdln":"","ydstogo":0,"ydsnet":37,"posteam":"","desc":"Two-Minute Warning","note":null,"players":{}},"3497":{"sp":0,"qtr":4,"down":2,"time":"02:00","yrdln":"CLE 49","ydstogo":7,"ydsnet":39,"posteam":"GB","desc":"(2:00) B.Jackson right tackle to CLE 47 for 2 yards (K.Wimbley).","note":null,"players":{"00-0024228":[{"sequence":2,"clubcode":"CLE","playerName":"K.Wimbley","statId":79,"yards":0}],"00-0025450":[{"sequence":1,"clubcode":"GB","playerName":"B.Jackson","statId":10,"yards":2}]}},"3518":{"sp":0,"qtr":4,"down":3,"time":"01:19","yrdln":"CLE 47","ydstogo":5,"ydsnet":41,"posteam":"GB","desc":"(1:19) (Shotgun) B.Jackson right tackle to CLE 45 for 2 yards (C.Williams, H.Poteat).","note":null,"players":{"0":[{"sequence":1,"clubcode":"GB","playerName":"","statId":7,"yards":0}],"00-0019710":[{"sequence":4,"clubcode":"CLE","playerName":"H.Poteat","statId":82,"yards":0}],"00-0025450":[{"sequence":2,"clubcode":"GB","playerName":"B.Jackson","statId":10,"yards":2}],"00-0022906":[{"sequence":3,"clubcode":"CLE","playerName":"C.Williams","statId":80,"yards":0}]}},"3539":{"sp":0,"qtr":4,"down":4,"time":"00:35","yrdln":"CLE 45","ydstogo":3,"ydsnet":41,"posteam":"GB","desc":"(:35) J.Kapinos punts 45 yards to end zone, Center-B.Goode, Touchback.","note":"PUNT","players":{"00-0025786":[{"sequence":1,"clubcode":"GB","playerName":"J.Kapinos","statId":32,"yards":45}],"0":[{"sequence":2,"clubcode":"CLE","playerName":"","statId":40,"yards":0}]}}},"fds":3,"result":"Punt","penyds":0,"ydsgained":41,"numplays":10,"postime":"5:25","start":{"qtr":4,"time":"05:52","yrdln":"GB 14","team":"GB"},"end":{"qtr":4,"time":"00:27","yrdln":"CLE 45","team":"GB"}},"19":{"posteam":"CLE","qtr":4,"redzone":true,"plays":{"3556":{"sp":0,"qtr":4,"down":1,"time":"00:27","yrdln":"CLE 20","ydstogo":10,"ydsnet":1,"posteam":"CLE","desc":"(:27) J.Harrison left guard to CLE 21 for 1 yard (B.Raji).","note":null,"players":{"00-0026985":[{"sequence":2,"clubcode":"GB","playerName":"B.Raji","statId":79,"yards":0}],"00-0024359":[{"sequence":1,"clubcode":"CLE","playerName":"J.Harrison","statId":10,"yards":1}]}},"3577":{"sp":0,"qtr":4,"down":0,"time":"00:00","yrdln":"","ydstogo":0,"ydsnet":1,"posteam":"","desc":"END GAME","note":null,"players":{}}},"fds":0,"result":"End of Game","penyds":0,"ydsgained":1,"numplays":2,"postime":"0:27","start":{"qtr":4,"time":"00:27","yrdln":"CLE 20","team":"CLE"},"end":{"qtr":4,"time":"00:00","yrdln":"","team":"CLE"}},"crntdrv":19},"scrsummary":{"701":{"type":"FG","desc":"B.Cundiff 22 yd. Field Goal Drive: 11 plays, 65 yards in 6:21","qtr":2,"team":"CLE","players":{"B.Cundiff":"00-0020972"}},"857":{"type":"TD","desc":"S.Havner 45 yd. pass from A.Rodgers (M.Crosby kick is good) Drive: 6 plays, 71 yards in 2:47","qtr":2,"team":"GB","players":{"":"0","A.Rodgers":"00-0023459","S.Havner":"00-0023832","M.Crosby":"00-0025580"}},"1217":{"type":"TD","desc":"D.Driver 71 yd. pass from A.Rodgers (M.Crosby kick is good) Drive: 3 plays, 86 yards in 1:57","qtr":2,"team":"GB","players":{"":"0","A.Rodgers":"00-0023459","D.Driver":"00-0004541","M.Crosby":"00-0025580"}},"1593":{"type":"TD","desc":"R.Grant 1 yd. run (M.Crosby kick is good) Drive: 7 plays, 15 yards in 3:07","qtr":2,"team":"GB","players":{"":"0","R.Grant":"00-0022984","M.Crosby":"00-0025580"}},"2468":{"type":"FG","desc":"M.Crosby 18 yd. Field Goal Drive: 9 plays, 51 yards in 5:22","qtr":3,"team":"GB","players":{"M.Crosby":"00-0025580"}},"3026":{"type":"TD","desc":"J.Jones 5 yd. pass from A.Rodgers (M.Crosby kick is good) Drive: 8 plays, 99 yards in 4:32","qtr":4,"team":"GB","players":{"":"0","A.Rodgers":"00-0023459","J.Jones":"00-0025465","M.Crosby":"00-0025580"}}},"weather":null,"media":null,"yl":"","qtr":"Final","note":null,"down":0,"togo":0,"redzone":true,"clock":"00:27","posteam":"CLE","stadium":null},"nextupdate":242}