{"2009112210":{"home":{"score":{"1":0,"2":0,"3":3,"4":0,"5":0,"T":3},"abbr":"DEN","to":3,"stats":{"passing":{"00-0023541":{"name":"K.Orton","att":29,"cmp":15,"yds":171,"tds":0,"ints":1,"twopta":0,"twoptm":0},"00-0022005":{"name":"C.Simms","att":4,"cmp":2,"yds":10,"tds":0,"ints":0,"twopta":0,"twoptm":0}},"rushing":{"00-0026988":{"name":"K.Moreno","att":10,"yds":80,"tds":0,"lng":36,"twopta":0,"twoptm":0},"00-0020270":{"name":"C.Buckhalter","att":7,"yds":35,"tds":0,"lng":9,"twopta":0,"twoptm":0}},"receiving":{"00-0026182":{"name":"E.Royal","rec":4,"yds":29,"tds":0,"lng":9,"twopta":0,"twoptm":0},"00-0021163":{"name":"J.Gaffney","rec":3,"yds":55,"tds":0,"lng":38,"twopta":0,"twoptm":0},"00-0020270":{"name":"C.Buckhalter","rec":3,"yds":46,"tds":0,"lng":25,"twopta":0,"twoptm":0},"00-0024334":{"name":"B.Marshall","rec":3,"yds":26,"tds":0,"lng":22,"twopta":0,"twoptm":0},"00-0024276":{"name":"T.Scheffler","rec":1,"yds":12,"tds":0,"lng":12,"twopta":0,"twoptm":0},"00-0026988":{"name":"K.Moreno","rec":1,"yds":6,"tds":0,"lng":6,"twopta":0,"twoptm":0},"00-0021154":{"name":"D.Graham","rec":1,"yds":4,"tds":0,"lng":4,"twopta":0,"twoptm":0},"00-0026367":{"name":"P.Hillis","rec":1,"yds":3,"tds":0,"lng":3,"twopta":0,"twoptm":0}},"fumbles":{"00-0022005":{"name":"C.Simms","tot":1,"rcv":0,"trcv":0,"yds":0,"lost":1},"00-0026988":{"name":"K.Moreno","tot":1,"rcv":0,"trcv":0,"yds":0,"lost":1}},"kicking":{"00-0023853":{"name":"M.Prater","fgm":1,"fga":1,"fgyds":23,"totpfg":3,"xpmade":0,"xpmissed":0,"xpa":0,"xpb":0,"xptot":0}},"punting":{"00-0001157":{"name":"M.Berger","pts":3,"yds":144,"avg":46,"i20":0,"lng":54}},"kickret":{"00-0026182":{"name":"E.Royal","ret":3,"avg":29,"tds":0,"lng":38}},"puntret":{"00-0026182":{"name":"E.Royal","ret":1,"avg":10,"tds":0,"lng":10}},"defense":{"00-0020301":{"name":"R.Hill","tkl":8,"ast":1,"sk":0,"int":0,"ffum":0},"00-0021257":{"name":"A.Davis","tkl":6,"ast":1,"sk":0,"int":0,"ffum":0},"00-0027024":{"name":"D.McBath","tkl":6,"ast":1,"sk":0,"int":0,"ffum":0},"00-0000585":{"name":"C.Bailey","tkl":6,"ast":0,"sk":0,"int":0,"ffum":0},"00-0022780":{"name":"D.Williams","tkl":5,"ast":1,"sk":0,"int":0,"ffum":0},"00-0022034":{"name":"M.Haggan","tkl":5,"ast":0,"sk":0,"int":0,"ffum":0},"00-0025519":{"name":"R.McBean","tkl":4,"ast":0,"sk":0,"int":0,"ffum":0},"00-0004073":{"name":"B.Dawkins","tkl":3,"ast":1,"sk":0,"int":0,"ffum":0},"00-0007611":{"name":"V.Holliday","tkl":1,"ast":3,"sk":0,"int":0,"ffum":0},"00-0023571":{"name":"R.Fields","tkl":1,"ast":3,"sk":0,"int":0,"ffum":0},"00-0024341":{"name":"E.Dumervil","tkl":2,"ast":1,"sk":0,"int":0,"ffum":0},"00-0021194":{"name":"A.Goodman","tkl":2,"ast":1,"sk":0,"int":0,"ffum":0},"00-0025508":{"name":"M.Thomas","tkl":1,"ast":2,"sk":0,"int":0,"ffum":0},"00-0023199":{"name":"D.Reid","tkl":1,"ast":1,"sk":0,"int":0,"ffum":0},"00-0022002":{"name":"K.Peterson","tkl":1,"ast":1,"sk":0,"int":0,"ffum":0},"00-0009687":{"name":"T.Law","tkl":1,"ast":0,"sk":0,"int":0,"ffum":0},"00-0024420":{"name":"L.Smith","tkl":1,"ast":0,"sk":0,"int":0,"ffum":0}},"team":{"totfd":14,"totyds":271,"pyds":156,"ryds":115,"pen":9,"penyds":65,"trnovr":3,"pt":3,"ptyds":144,"ptavg":46,"top":"22:08"}},"players":null},"away":{"score":{"1":7,"2":6,"3":7,"4":12,"5":0,"T":32},"abbr":"SD","to":0,"stats":{"passing":{"00-0022942":{"name":"P.Rivers","att":22,"cmp":17,"yds":145,"tds":1,"ints":0,"twopta":0,"twoptm":0}},"rushing":{"00-0020536":{"name":"L.Tomlinson","att":20,"yds":73,"tds":1,"lng":21,"twopta":0,"twoptm":0},"00-0026069":{"name":"M.Tolbert","att":7,"yds":58,"tds":1,"lng":32,"twopta":0,"twoptm":0},"00-0026209":{"name":"J.Hester","att":7,"yds":46,"tds":0,"lng":15,"twopta":0,"twoptm":0},"00-0023564":{"name":"D.Sproles","att":9,"yds":26,"tds":0,"lng":8,"twopta":0,"twoptm":0}},"receiving":{"00-0023496":{"name":"V.Jackson","rec":4,"yds":56,"tds":0,"lng":23,"twopta":0,"twoptm":0},"00-0022414":{"name":"M.Floyd","rec":4,"yds":38,"tds":0,"lng":17,"twopta":0,"twoptm":0},"00-0021547":{"name":"A.Gates","rec":3,"yds":41,"tds":0,"lng":24,"twopta":0,"twoptm":0},"00-0026209":{"name":"J.Hester","rec":3,"yds":0,"tds":0,"lng":3,"twopta":0,"twoptm":0},"00-0023564":{"name":"D.Sproles","rec":1,"yds":7,"tds":0,"lng":7,"twopta":0,"twoptm":0},"00-0025559":{"name":"L.Naanee","rec":1,"yds":2,"tds":1,"lng":2,"twopta":0,"twoptm":0},"00-0026069":{"name":"M.Tolbert","rec":1,"yds":1,"tds":0,"lng":1,"twopta":0,"twoptm":0}},"fumbles":{"00-0023564":{"name":"D.Sproles","tot":1,"rcv":0,"trcv":0,"yds":0,"lost":0},"00-0023998":{"name":"S.Gregory","tot":0,"rcv":0,"trcv":2,"yds":3,"lost":0}},"kicking":{"00-0022737":{"name":"N.Kaeding","fgm":4,"fga":4,"fgyds":47,"totpfg":12,"xpmade":2,"xpmissed":0,"xpa":2,"xpb":1,"xptot":2}},"punting":{"00-0022017":{"name":"M.Scifres","pts":3,"yds":132,"avg":34,"i20":0,"lng":52}},"kickret":{"00-0025559":{"name":"L.Naanee","ret":1,"avg":0,"tds":0,"lng":0}},"puntret":{"00-0023564":{"name":"D.Sproles","ret":3,"avg":2,"tds":0,"lng":6}},"defense":{"00-0023477":{"name":"K.Burnett","tkl":5,"ast":2,"sk":2,"int":0,"ffum":0},"00-0025424":{"name":"E.Weddle","tkl":5,"ast":1,"sk":0,"int":0,"ffum":0},"00-0024234":{"name":"A.Cromartie","tkl":4,"ast":0,"sk":0,"int":1,"ffum":0},"00-0025788":{"name":"P.Oliver","tkl":3,"ast":1,"sk":0,"int":0,"ffum":0},"00-0021544":{"name":"S.Cooper","tkl":3,"ast":1,"sk":0,"int":0,"ffum":0},"00-0022723":{"name":"S.Phillips","tkl":2,"ast":1,"sk":1,"int":0,"ffum":1},"00-0023998":{"name":"S.Gregory","tkl":2,"ast":1,"sk":0,"int":0,"ffum":0},"00-0021381":{"name":"Q.Jammer","tkl":2,"ast":1,"sk":0,"int":0,"ffum":0},"00-0022140":{"name":"I.Scott","tkl":2,"ast":1,"sk":0,"int":0,"ffum":0},"00-0025627":{"name":"B.Siler","tkl":2,"ast":0,"sk":0,"int":0,"ffum":0},"00-0021542":{"name":"J.Cesaire","tkl":1,"ast":0,"sk":0,"int":0,"ffum":1},"00-0027127":{"name":"K.Ellison","tkl":1,"ast":0,"sk":0,"int":0,"ffum":0},"00-0024365":{"name":"T.Dobbins","tkl":1,"ast":0,"sk":0,"int":0,"ffum":0},"00-0023446":{"name":"S.Merriman","tkl":0,"ast":1,"sk":0,"int":0,"ffum":0}},"team":{"totfd":21,"totyds":348,"pyds":145,"ryds":203,"pen":1,"penyds":15,"trnovr":0,"pt":3,"ptyds":132,"ptavg":34,"top":"37:52"}},"players":null},"drives":{"1":{"posteam":"DEN","qtr":1,"redzone":true,"plays":{"36":{"sp":0,"qtr":1,"down":0,"time":"15:00","yrdln":"SD 30","ydstogo":0,"ydsnet":0,"posteam":"SD","desc":"N.Kaeding kicks 72 yards from SD 30 to DEN -2. E.Royal to DEN 26 for 28 yards (J.Holt).","note":"KICKOFF","players":{"00-0022737":[{"sequence":1,"clubcode":"SD","playerName":"N.Kaeding","statId":43,"yards":72}],"00-0026182":[{"sequence":2,"clubcode":"DEN","playerName":"E.Royal","statId":45,"yards":28}],"00-0026751":[{"sequence":3,"clubcode":"SD","playerName":"J.Holt","statId":79,"yards":0}]}},"58":{"sp":0,"qtr":1,"down":1,"time":"14:54","yrdln":"DEN 26","ydstogo":10,"ydsnet":24,"posteam":"DEN","desc":"(14:54) K.Moreno right guard to DEN 35 for 9 yards (P.Oliver). PENALTY on SD-P.Oliver, Face Mask (15 Yards), 15 yards, enforced at DEN 35.","note":"PENALTY","players":{"00-0025788":[{"sequence":3,"clubcode":"SD","playerName":"P.Oliver","statId":79,"yards":0},{"sequence":4,"clubcode":"SD","playerName":"P.Oliver","statId":93,"yards":15}],"00-0026988":[{"sequence":2,"clubcode":"DEN","playerName":"K.Moreno","statId":10,"yards":9}],"0":[{"sequence":1,"clubcode":"DEN","playerName":"","statId":5,"yards":0}]}},"91":{"sp":0,"qtr":1,"down":1,"time":"14:21","yrdln":"50","ydstogo":10,"ydsnet":32,"posteam":"DEN","desc":"(14:21) K.Moreno right tackle to SD 42 for 8 yards (Q.Jammer; K.Burnett).","note":null,"players":{"00-0026988":[{"sequence":1,"clubcode":"DEN","playerName":"K.Moreno","statId":10,"yards":8}],"00-0023477":[{"sequence":3,"clubcode":"SD","playerName":"K.Burnett","statId":82,"yards":0}],"00-0021381":[{"sequence":2,"clubcode":"SD","playerName":"Q.Jammer","statId":82,"yards":0}]}},"112":{"sp":0,"qtr":1,"down":2,"time":"13:43","yrdln":"SD 42","ydstogo":2,"ydsnet":40,"posteam":"DEN","desc":"(13:43) C.Buckhalter right tackle pushed ob at SD 34 for 8 yards (E.Weddle).","note":null,"players":{"00-0025424":[{"sequence":3,"clubcode":"SD","playerName":"E.Weddle","statId":79,"yards":0}],"00-0020270":[{"sequence":2,"clubcode":"DEN","playerName":"C.Buckhalter","statId":10,"yards":8}],"0":[{"sequence":1,"clubcode":"DEN","playerName":"","statId":3,"yards":0}]}},"138":{"sp":0,"qtr":1,"down":1,"time":"13:17","yrdln":"SD 34","ydstogo":10,"ydsnet":44,"posteam":"DEN","desc":"(13:17) C.Buckhalter left tackle to SD 30 for 4 yards (K.Burnett).","note":null,"players":{"00-0020270":[{"sequence":1,"clubcode":"DEN","playerName":"C.Buckhalter","statId":10,"yards":4}],"00-0023477":[{"sequence":2,"clubcode":"SD","playerName":"K.Burnett","statId":79,"yards":0}]}},"159":{"sp":0,"qtr":1,"down":2,"time":"12:37","yrdln":"SD 30","ydstogo":6,"ydsnet":47,"posteam":"DEN","desc":"(12:37) K.Moreno right tackle to SD 27 for 3 yards (I.Scott).","note":null,"players":{"00-0026988":[{"sequence":1,"clubcode":"DEN","playerName":"K.Moreno","statId":10,"yards":3}],"00-0022140":[{"sequence":2,"clubcode":"SD","playerName":"I.Scott","statId":79,"yards":0}]}},"180":{"sp":0,"qtr":1,"down":3,"time":"12:00","yrdln":"SD 27","ydstogo":3,"ydsnet":55,"posteam":"DEN","desc":"(12:00) (Shotgun) K.Moreno right guard to SD 19 for 8 yards (Q.Jammer).","note":null,"players":{"00-0026988":[{"sequence":3,"clubcode":"DEN","playerName":"K.Moreno","statId":10,"yards":8}],"0":[{"sequence":1,"clubcode":"DEN","playerName":"","statId":3,"yards":0},{"sequence":2,"clubcode":"DEN","playerName":"","statId":6,"yards":0}],"00-0021381":[{"sequence":4,"clubcode":"SD","playerName":"Q.Jammer","statId":79,"yards":0}]}},"201":{"sp":0,"qtr":1,"down":1,"time":"11:22","yrdln":"SD 19","ydstogo":10,"ydsnet":57,"posteam":"DEN","desc":"(11:22) C.Buckhalter up the middle to SD 17 for 2 yards (E.Weddle).","note":null,"players":{"00-0025424":[{"sequence":2,"clubcode":"SD","playerName":"E.Weddle","statId":79,"yards":0}],"00-0020270":[{"sequence":1,"clubcode":"DEN","playerName":"C.Buckhalter","statId":10,"yards":2}]}},"222":{"sp":0,"qtr":1,"down":2,"time":"10:44","yrdln":"SD 17","ydstogo":8,"ydsnet":46,"posteam":"DEN","desc":"(10:44) (Shotgun) C.Simms sacked at SD 28 for -11 yards (S.Phillips). FUMBLES (S.Phillips), RECOVERED by SD-S.Gregory at SD 28. S.Gregory to SD 31 for 3 yards (E.Royal).","note":"FUMBLE","players":{"00-0023998":[{"sequence":7,"clubcode":"SD","playerName":"S.Gregory","statId":59,"yards":3}],"00-0026182":[{"sequence":8,"clubcode":"DEN","playerName":"E.Royal","statId":79,"yards":0}],"00-0022723":[{"sequence":2,"clubcode":"SD","playerName":"S.Phillips","statId":83,"yards":-11},{"sequence":3,"clubcode":"SD","playerName":"S.Phillips","statId":79,"yards":0},{"sequence":6,"clubcode":"SD","playerName":"S.Phillips","statId":91,"yards":0}],"00-0022005":[{"sequence":1,"clubcode":"DEN","playerName":"C.Simms","statId":20,"yards":-11},{"sequence":4,"clubcode":"DEN","playerName":"C.Simms","statId":52,"yards":0},{"sequence":5,"clubcode":"DEN","playerName":"C.Simms","statId":106,"yards":0}]}}},"fds":3,"result":"Fumble","penyds":15,"ydsgained":31,"numplays":9,"postime":"4:25","start":{"qtr":1,"time":"15:00","yrdln":"DEN 26","team":"DEN"},"end":{"qtr":1,"time":"10:35","yrdln":"SD 17","team":"DEN"}},"2":{"posteam":"SD","qtr":1,"redzone":true,"plays":{"252":{"sp":0,"qtr":1,"down":1,"time":"10:35","yrdln":"SD 31","ydstogo":10,"ydsnet":4,"posteam":"SD","desc":"(10:35) L.Tomlinson right tackle to SD 35 for 4 yards (R.McBean).","note":null,"players":{"00-0020536":[{"sequence":1,"clubcode":"SD","playerName":"L.Tomlinson","statId":10,"yards":4}],"00-0025519":[{"sequence":2,"clubcode":"DEN","playerName":"R.McBean","statId":79,"yards":0}]}},"273":{"sp":0,"qtr":1,"down":2,"time":"09:55","yrdln":"SD 35","ydstogo":6,"ydsnet":15,"posteam":"SD","desc":"(9:55) P.Rivers pass short right to V.Jackson to SD 46 for 11 yards (C.Bailey).","note":null,"players":{"00-0022942":[{"sequence":2,"clubcode":"SD","playerName":"P.Rivers","statId":15,"yards":11},{"sequence":3,"clubcode":"SD","playerName":"P.Rivers","statId":111,"yards":1}],"00-0023496":[{"sequence":4,"clubcode":"SD","playerName":"V.Jackson","statId":21,"yards":11},{"sequence":5,"clubcode":"SD","playerName":"V.Jackson","statId":115,"yards":0},{"sequence":6,"clubcode":"SD","playerName":"V.Jackson","statId":113,"yards":10}],"0":[{"sequence":1,"clubcode":"SD","playerName":"","statId":4,"yards":0}],"00-0000585":[{"sequence":7,"clubcode":"DEN","playerName":"C.Bailey","statId":79,"yards":0}]}},"297":{"sp":0,"qtr":1,"down":1,"time":"09:18","yrdln":"SD 46","ydstogo":10,"ydsnet":36,"posteam":"SD","desc":"(9:18) L.Tomlinson left end pushed ob at DEN 33 for 21 yards (R.Hill).","note":null,"players":{"00-0020536":[{"sequence":2,"clubcode":"SD","playerName":"L.Tomlinson","statId":10,"yards":21}],"0":[{"sequence":1,"clubcode":"SD","playerName":"","statId":3,"yards":0}],"00-0020301":[{"sequence":3,"clubcode":"DEN","playerName":"R.Hill","statId":79,"yards":0}]}},"323":{"sp":0,"qtr":1,"down":1,"time":"08:50","yrdln":"DEN 33","ydstogo":10,"ydsnet":44,"posteam":"SD","desc":"(8:50) D.Sproles up the middle to DEN 25 for 8 yards (B.Dawkins).","note":null,"players":{"00-0023564":[{"sequence":1,"clubcode":"SD","playerName":"D.Sproles","statId":10,"yards":8}],"00-0004073":[{"sequence":2,"clubcode":"DEN","playerName":"B.Dawkins","statId":79,"yards":0}]}},"344":{"sp":0,"qtr":1,"down":2,"time":"08:09","yrdln":"DEN 25","ydstogo":2,"ydsnet":42,"posteam":"SD","desc":"(8:09) D.Sproles up the middle to DEN 27 for -2 yards (D.Reid; E.Dumervil).","note":null,"players":{"00-0023564":[{"sequence":1,"clubcode":"SD","playerName":"D.Sproles","statId":10,"yards":-2}],"00-0024341":[{"sequence":4,"clubcode":"DEN","playerName":"E.Dumervil","statId":82,"yards":0}],"00-0023199":[{"sequence":3,"clubcode":"DEN","playerName":"D.Reid","statId":82,"yards":0}],"0":[{"sequence":2,"clubcode":"SD","playerName":"","statId":95,"yards":-2}]}},"365":{"sp":0,"qtr":1,"down":0,"time":"07:24","yrdln":"","ydstogo":0,"ydsnet":69,"posteam":"","desc":"Timeout #1 by SD at 07:24.","note":"TIMEOUT","players":{"0":[{"sequence":1,"clubcode":"SD","playerName":"","statId":68,"yards":0}]}},"382":{"sp":0,"qtr":1,"down":3,"time":"07:24","yrdln":"DEN 27","ydstogo":4,"ydsnet":69,"posteam":"SD","desc":"(7:24) (Shotgun) P.Rivers pass short left to M.Floyd to DEN 10 for 17 yards (T.Law). PENALTY on DEN-V.Holliday, Roughing the Passer, 5 yards, enforced at DEN 10.","note":"PENALTY","players":{"00-0022942":[{"sequence":4,"clubcode":"SD","playerName":"P.Rivers","statId":15,"yards":17},{"sequence":5,"clubcode":"SD","playerName":"P.Rivers","statId":111,"yards":6}],"00-0022414":[{"sequence":6,"clubcode":"SD","playerName":"M.Floyd","statId":21,"yards":17},{"sequence":7,"clubcode":"SD","playerName":"M.Floyd","statId":115,"yards":0},{"sequence":8,"clubcode":"SD","playerName":"M.Floyd","statId":113,"yards":11}],"00-0007611":[{"sequence":10,"clubcode":"DEN","playerName":"V.Holliday","statId":93,"yards":5}],"00-0009687":[{"sequence":9,"clubcode":"DEN","playerName":"T.Law","statId":79,"yards":0}],"0":[{"sequence":1,"clubcode":"SD","playerName":"","statId":4,"yards":0},{"sequence":2,"clubcode":"SD","playerName":"","statId":6,"yards":0},{"sequence":3,"clubcode":"SD","playerName":"","statId":5,"yards":0}]}},"417":{"sp":0,"qtr":1,"down":1,"time":"06:54","yrdln":"DEN 5","ydstogo":5,"ydsnet":64,"posteam":"SD","desc":"(6:54) P.Rivers pass incomplete short left to M.Floyd.","note":null,"players":{"00-0022942":[{"sequence":1,"clubcode":"SD","playerName":"P.Rivers","statId":14,"yards":0},{"sequence":3,"clubcode":"SD","playerName":"P.Rivers","statId":112,"yards":5}],"00-0022414":[{"sequence":2,"clubcode":"SD","playerName":"M.Floyd","statId":115,"yards":0}]}},"439":{"sp":0,"qtr":1,"down":2,"time":"06:46","yrdln":"DEN 5","ydstogo":5,"ydsnet":67,"posteam":"SD","desc":"(6:46) L.Tomlinson up the middle to DEN 2 for 3 yards (R.Hill, D.Williams).","note":null,"players":{"00-0020536":[{"sequence":1,"clubcode":"SD","playerName":"L.Tomlinson","statId":10,"yards":3}],"00-0022780":[{"sequence":3,"clubcode":"DEN","playerName":"D.Williams","statId":82,"yards":0}],"00-0020301":[{"sequence":2,"clubcode":"DEN","playerName":"R.Hill","statId":80,"yards":0}]}},"461":{"sp":1,"qtr":1,"down":3,"time":"06:03","yrdln":"DEN 2","ydstogo":2,"ydsnet":69,"posteam":"SD","desc":"(6:03) (Shotgun) P.Rivers pass short middle to L.Naanee for 2 yards, TOUCHDOWN.","note":"TD","players":{"00-0022942":[{"sequence":3,"clubcode":"SD","playerName":"P.Rivers","statId":16,"yards":2},{"sequence":4,"clubcode":"SD","playerName":"P.Rivers","statId":111,"yards":2}],"00-0025559":[{"sequence":5,"clubcode":"SD","playerName":"L.Naanee","statId":22,"yards":2},{"sequence":6,"clubcode":"SD","playerName":"L.Naanee","statId":115,"yards":0},{"sequence":7,"clubcode":"SD","playerName":"L.Naanee","statId":113,"yards":0}],"0":[{"sequence":1,"clubcode":"SD","playerName":"","statId":4,"yards":0},{"sequence":2,"clubcode":"SD","playerName":"","statId":6,"yards":0}]}},"482":{"sp":1,"qtr":1,"down":0,"time":"05:58","yrdln":"DEN 2","ydstogo":0,"ydsnet":69,"posteam":"SD","desc":"N.Kaeding extra point is GOOD, Center-D.Binn, Holder-M.Scifres.","note":"XP","players":{"00-0022737":[{"sequence":1,"clubcode":"SD","playerName":"N.Kaeding","statId":72,"yards":0}]}}},"fds":5,"result":"Touchdown","penyds":5,"ydsgained":64,"numplays":11,"postime":"4:37","start":{"qtr":1,"time":"10:35","yrdln":"SD 31","team":"SD"},"end":{"qtr":1,"time":"05:58","yrdln":"DEN 2","team":"SD"}},"3":{"posteam":"DEN","qtr":1,"redzone":true,"plays":{"498":{"sp":0,"qtr":1,"down":0,"time":"05:58","yrdln":"SD 30","ydstogo":0,"ydsnet":0,"posteam":"SD","desc":"N.Kaeding kicks 70 yards from SD 30 to end zone, Touchback.","note":"KICKOFF","players":{"00-0022737":[{"sequence":1,"clubcode":"SD","playerName":"N.Kaeding","statId":44,"yards":70}],"0":[{"sequence":2,"clubcode":"DEN","playerName":"","statId":51,"yards":0}]}},"516":{"sp":0,"qtr":1,"down":1,"time":"05:58","yrdln":"DEN 20","ydstogo":10,"ydsnet":7,"posteam":"DEN","desc":"(5:58) (Shotgun) C.Simms pass short left to J.Gaffney to DEN 27 for 7 yards (S.Cooper).","note":null,"players":{"00-0021544":[{"sequence":6,"clubcode":"SD","playerName":"S.Cooper","statId":79,"yards":0}],"00-0021163":[{"sequence":3,"clubcode":"DEN","playerName":"J.Gaffney","statId":21,"yards":7},{"sequence":4,"clubcode":"DEN","playerName":"J.Gaffney","statId":115,"yards":0},{"sequence":5,"clubcode":"DEN","playerName":"J.Gaffney","statId":113,"yards":2}],"00-0022005":[{"sequence":1,"clubcode":"DEN","playerName":"C.Simms","statId":15,"yards":7},{"sequence":2,"clubcode":"DEN","playerName":"C.Simms","statId":111,"yards":5}]}},"544":{"sp":0,"qtr":1,"down":2,"time":"05:24","yrdln":"DEN 27","ydstogo":3,"ydsnet":2,"posteam":"DEN","desc":"(5:24) K.Moreno left end to DEN 29 for 2 yards (B.Siler). PENALTY on DEN-D.Graham, Illegal Motion, 5 yards, enforced at DEN 27 - No Play.","note":"PENALTY","players":{"00-0021154":[{"sequence":1,"clubcode":"DEN","playerName":"D.Graham","statId":93,"yards":5}]}},"576":{"sp":0,"qtr":1,"down":2,"time":"04:56","yrdln":"DEN 22","ydstogo":8,"ydsnet":5,"posteam":"DEN","desc":"(4:56) C.Simms pass short right to P.Hillis to DEN 25 for 3 yards (A.Cromartie).","note":null,"players":{"00-0026367":[{"sequence":3,"clubcode":"DEN","playerName":"P.Hillis","statId":21,"yards":3},{"sequence":4,"clubcode":"DEN","playerName":"P.Hillis","statId":115,"yards":0},{"sequence":5,"clubcode":"DEN","playerName":"P.Hillis","statId":113,"yards":3}],"00-0024234":[{"sequence":6,"clubcode":"SD","playerName":"A.Cromartie","statId":79,"yards":0}],"00-0022005":[{"sequence":1,"clubcode":"DEN","playerName":"C.Simms","statId":15,"yards":3},{"sequence":2,"clubcode":"DEN","playerName":"C.Simms","statId":111,"yards":0}]}},"600":{"sp":0,"qtr":1,"down":3,"time":"04:11","yrdln":"DEN 25","ydstogo":5,"ydsnet":0,"posteam":"DEN","desc":"(4:11) (Shotgun) PENALTY on DEN-C.Wiegmann, False Start, 5 yards, enforced at DEN 25 - No Play.","note":"PENALTY","players":{"00-0017638":[{"sequence":1,"clubcode":"DEN","playerName":"C.Wiegmann","statId":93,"yards":5}]}},"623":{"sp":0,"qtr":1,"down":3,"time":"03:49","yrdln":"DEN 20","ydstogo":10,"ydsnet":-7,"posteam":"DEN","desc":"(3:49) (Shotgun) C.Simms sacked at DEN 13 for -7 yards (K.Burnett).","note":null,"players":{"0":[{"sequence":1,"clubcode":"DEN","playerName":"","statId":7,"yards":0}],"00-0023477":[{"sequence":3,"clubcode":"SD","playerName":"K.Burnett","statId":83,"yards":-7},{"sequence":4,"clubcode":"SD","playerName":"K.Burnett","statId":110,"yards":0},{"sequence":5,"clubcode":"SD","playerName":"K.Burnett","statId":79,"yards":0},{"sequence":6,"clubcode":"SD","playerName":"K.Burnett","statId":120,"yards":0}],"00-0022005":[{"sequence":2,"clubcode":"DEN","playerName":"C.Simms","statId":20,"yards":-7}]}},"642":{"sp":0,"qtr":1,"down":4,"time":"03:18","yrdln":"DEN 13","ydstogo":17,"ydsnet":-7,"posteam":"DEN","desc":"(3:18) M.Berger punts 45 yards to SD 42, Center-L.Paxton. D.Sproles MUFFS catch, ball out of bounds at SD 43.","note":"FUMBLE","players":{"00-0023564":[{"sequence":2,"clubcode":"SD","playerName":"D.Sproles","statId":53,"yards":0},{"sequence":3,"clubcode":"SD","playerName":"D.Sproles","statId":54,"yards":0},{"sequence":4,"clubcode":"SD","playerName":"D.Sproles","statId":33,"yards":0}],"00-0001157":[{"sequence":1,"clubcode":"DEN","playerName":"M.Berger","statId":29,"yards":45}]}}},"fds":0,"result":"Punt","penyds":-10,"ydsgained":3,"numplays":7,"postime":"2:50","start":{"qtr":1,"time":"05:58","yrdln":"DEN 20","team":"DEN"},"end":{"qtr":1,"time":"03:08","yrdln":"DEN 13","team":"DEN"}},"4":{"posteam":"SD","qtr":2,"redzone":true,"plays":{"669":{"sp":0,"qtr":1,"down":1,"time":"03:08","yrdln":"SD 43","ydstogo":10,"ydsnet":1,"posteam":"SD","desc":"(3:08) L.Tomlinson up the middle to SD 44 for 1 yard (R.McBean). Direct snap to Tomlison","note":null,"players":{"00-0020536":[{"sequence":1,"clubcode":"SD","playerName":"L.Tomlinson","statId":10,"yards":1}],"00-0025519":[{"sequence":2,"clubcode":"DEN","playerName":"R.McBean","statId":79,"yards":0}]}},"694":{"sp":0,"qtr":1,"down":2,"time":"02:31","yrdln":"SD 44","ydstogo":9,"ydsnet":2,"posteam":"SD","desc":"(2:31) P.Rivers pass short left to M.Tolbert to SD 45 for 1 yard (B.Dawkins).","note":null,"players":{"00-0022942":[{"sequence":1,"clubcode":"SD","playerName":"P.Rivers","statId":15,"yards":1},{"sequence":2,"clubcode":"SD","playerName":"P.Rivers","statId":111,"yards":1}],"00-0004073":[{"sequence":6,"clubcode":"DEN","playerName":"B.Dawkins","statId":79,"yards":0}],"00-0026069":[{"sequence":3,"clubcode":"SD","playerName":"M.Tolbert","statId":21,"yards":1},{"sequence":4,"clubcode":"SD","playerName":"M.Tolbert","statId":115,"yards":0},{"sequence":5,"clubcode":"SD","playerName":"M.Tolbert","statId":113,"yards":0}]}},"718":{"sp":0,"qtr":1,"down":3,"time":"01:50","yrdln":"SD 45","ydstogo":8,"ydsnet":7,"posteam":"SD","desc":"(1:50) (Shotgun) PENALTY on DEN-J.Moss, Defensive Offside, 5 yards, enforced at SD 45 - No Play.","note":"PENALTY","players":{"00-0025404":[{"sequence":1,"clubcode":"DEN","playerName":"J.Moss","statId":93,"yards":5}]}},"741":{"sp":0,"qtr":1,"down":3,"time":"01:27","yrdln":"50","ydstogo":3,"ydsnet":12,"posteam":"SD","desc":"(1:27) (Shotgun) P.Rivers pass short middle to M.Floyd to DEN 45 for 5 yards (D.Williams, A.Goodman).","note":null,"players":{"00-0022942":[{"sequence":3,"clubcode":"SD","playerName":"P.Rivers","statId":15,"yards":5},{"sequence":4,"clubcode":"SD","playerName":"P.Rivers","statId":111,"yards":5}],"00-0022414":[{"sequence":5,"clubcode":"SD","playerName":"M.Floyd","statId":21,"yards":5},{"sequence":6,"clubcode":"SD","playerName":"M.Floyd","statId":115,"yards":0},{"sequence":7,"clubcode":"SD","playerName":"M.Floyd","statId":113,"yards":0}],"00-0021194":[{"sequence":9,"clubcode":"DEN","playerName":"A.Goodman","statId":82,"yards":0}],"0":[{"sequence":1,"clubcode":"SD","playerName":"","statId":4,"yards":0},{"sequence":2,"clubcode":"SD","playerName":"","statId":6,"yards":0}],"00-0022780":[{"sequence":8,"clubcode":"DEN","playerName":"D.Williams","statId":80,"yards":0}]}},"765":{"sp":0,"qtr":1,"down":1,"time":"00:45","yrdln":"DEN 45","ydstogo":10,"ydsnet":13,"posteam":"SD","desc":"(:45) D.Sproles left end to DEN 44 for 1 yard (R.Hill).","note":null,"players":{"00-0023564":[{"sequence":1,"clubcode":"SD","playerName":"D.Sproles","statId":10,"yards":1}],"00-0020301":[{"sequence":2,"clubcode":"DEN","playerName":"R.Hill","statId":79,"yards":0}]}},"786":{"sp":0,"qtr":1,"down":0,"time":"","yrdln":"","ydstogo":0,"ydsnet":13,"posteam":"","desc":"END QUARTER 1","note":null,"players":{}},"802":{"sp":0,"qtr":2,"down":2,"time":"15:00","yrdln":"DEN 44","ydstogo":9,"ydsnet":26,"posteam":"SD","desc":"(15:00) (Shotgun) P.Rivers pass short middle to V.Jackson to DEN 31 for 13 yards (D.Williams).","note":null,"players":{"00-0022942":[{"sequence":2,"clubcode":"SD","playerName":"P.Rivers","statId":15,"yards":13},{"sequence":3,"clubcode":"SD","playerName":"P.Rivers","statId":111,"yards":-1}],"00-0023496":[{"sequence":4,"clubcode":"SD","playerName":"V.Jackson","statId":21,"yards":13},{"sequence":5,"clubcode":"SD","playerName":"V.Jackson","statId":115,"yards":0},{"sequence":6,"clubcode":"SD","playerName":"V.Jackson","statId":113,"yards":14}],"0":[{"sequence":1,"clubcode":"SD","playerName":"","statId":4,"yards":0}],"00-0022780":[{"sequence":7,"clubcode":"DEN","playerName":"D.Williams","statId":79,"yards":0}]}},"827":{"sp":0,"qtr":2,"down":1,"time":"14:19","yrdln":"DEN 31","ydstogo":10,"ydsnet":27,"posteam":"SD","desc":"(14:19) L.Tomlinson up the middle to DEN 30 for 1 yard (A.Davis).","note":null,"players":{"00-0020536":[{"sequence":1,"clubcode":"SD","playerName":"L.Tomlinson","statId":10,"yards":1}],"00-0021257":[{"sequence":2,"clubcode":"DEN","playerName":"A.Davis","statId":79,"yards":0}]}},"848":{"sp":0,"qtr":2,"down":2,"time":"13:42","yrdln":"DEN 30","ydstogo":9,"ydsnet":37,"posteam":"SD","desc":"(13:42) P.Rivers pass short left to A.Gates pushed ob at DEN 20 for 10 yards (B.Dawkins).","note":null,"players":{"00-0022942":[{"sequence":2,"clubcode":"SD","playerName":"P.Rivers","statId":15,"yards":10},{"sequence":3,"clubcode":"SD","playerName":"P.Rivers","statId":111,"yards":8}],"00-0004073":[{"sequence":7,"clubcode":"DEN","playerName":"B.Dawkins","statId":79,"yards":0}],"00-0021547":[{"sequence":4,"clubcode":"SD","playerName":"A.Gates","statId":21,"yards":10},{"sequence":5,"clubcode":"SD","playerName":"A.Gates","statId":115,"yards":0},{"sequence":6,"clubcode":"SD","playerName":"A.Gates","statId":113,"yards":2}],"0":[{"sequence":1,"clubcode":"SD","playerName":"","statId":4,"yards":0}]}},"872":{"sp":0,"qtr":2,"down":1,"time":"13:02","yrdln":"DEN 20","ydstogo":10,"ydsnet":35,"posteam":"SD","desc":"(13:02) L.Tomlinson left end to DEN 22 for -2 yards (C.Bailey).","note":null,"players":{"00-0020536":[{"sequence":1,"clubcode":"SD","playerName":"L.Tomlinson","statId":10,"yards":-2}],"0":[{"sequence":2,"clubcode":"SD","playerName":"","statId":95,"yards":-2}],"00-0000585":[{"sequence":3,"clubcode":"DEN","playerName":"C.Bailey","statId":79,"yards":0},{"sequence":4,"clubcode":"DEN","playerName":"C.Bailey","statId":120,"yards":0}]}},"893":{"sp":0,"qtr":2,"down":2,"time":"12:19","yrdln":"DEN 22","ydstogo":12,"ydsnet":44,"posteam":"SD","desc":"(12:19) P.Rivers pass short middle to M.Floyd to DEN 13 for 9 yards (M.Haggan).","note":null,"players":{"00-0022942":[{"sequence":1,"clubcode":"SD","playerName":"P.Rivers","statId":15,"yards":9},{"sequence":2,"clubcode":"SD","playerName":"P.Rivers","statId":111,"yards":5}],"00-0022414":[{"sequence":3,"clubcode":"SD","playerName":"M.Floyd","statId":21,"yards":9},{"sequence":4,"clubcode":"SD","playerName":"M.Floyd","statId":115,"yards":0},{"sequence":5,"clubcode":"SD","playerName":"M.Floyd","statId":113,"yards":4}],"00-0022034":[{"sequence":6,"clubcode":"DEN","playerName":"M.Haggan","statId":79,"yards":0}]}},"917":{"sp":0,"qtr":2,"down":0,"time":"11:45","yrdln":"","ydstogo":0,"ydsnet":44,"posteam":"","desc":"Timeout #2 by SD at 11:45.","note":"TIMEOUT","players":{"0":[{"sequence":1,"clubcode":"SD","playerName":"","statId":68,"yards":0}]}},"934":{"sp":0,"qtr":2,"down":3,"time":"11:45","yrdln":"DEN 13","ydstogo":3,"ydsnet":46,"posteam":"SD","desc":"(11:45) (Shotgun) L.Tomlinson left guard to DEN 11 for 2 yards (D.Williams, B.Dawkins). DEN-B.Dawkins was injured during the play. His return is Questionable.","note":null,"players":{"00-0004073":[{"sequence":4,"clubcode":"DEN","playerName":"B.Dawkins","statId":82,"yards":0}],"00-0020536":[{"sequence":2,"clubcode":"SD","playerName":"L.Tomlinson","statId":10,"yards":2}],"0":[{"sequence":1,"clubcode":"SD","playerName":"","statId":7,"yards":0}],"00-0022780":[{"sequence":3,"clubcode":"DEN","playerName":"D.Williams","statId":80,"yards":0}]}},"955":{"sp":1,"qtr":2,"down":4,"time":"10:58","yrdln":"DEN 11","ydstogo":1,"ydsnet":46,"posteam":"SD","desc":"(10:58) N.Kaeding 28 yard field goal is GOOD, Center-D.Binn, Holder-M.Scifres.","note":"FG","players":{"00-0022737":[{"sequence":1,"clubcode":"SD","playerName":"N.Kaeding","statId":70,"yards":28}]}}},"fds":3,"result":"Field Goal","penyds":5,"ydsgained":41,"numplays":14,"postime":"7:14","start":{"qtr":1,"time":"03:08","yrdln":"SD 43","team":"SD"},"end":{"qtr":1,"time":"10:54","yrdln":"DEN 11","team":"SD"}},"5":{"posteam":"DEN","qtr":2,"redzone":true,"plays":{"986":{"sp":0,"qtr":2,"down":0,"time":"10:54","yrdln":"SD 30","ydstogo":0,"ydsnet":0,"posteam":"SD","desc":"Penalty occured after the extra point and will be assessed on the kickoff.  PENALTY on DEN-M.Thomas, Unsportsmanlike Conduct, 15 yards, enforced at SD 30 - No Play.","note":"PENALTY","players":{"00-0025508":[{"sequence":1,"clubcode":"DEN","playerName":"M.Thomas","statId":93,"yards":15}]}},"1007":{"sp":0,"qtr":2,"down":0,"time":"10:54","yrdln":"SD 45","ydstogo":0,"ydsnet":0,"posteam":"SD","desc":"N.Kaeding kicks 55 yards from SD 45 to end zone, Touchback.","note":"KICKOFF","players":{"00-0022737":[{"sequence":1,"clubcode":"SD","playerName":"N.Kaeding","statId":44,"yards":55}],"0":[{"sequence":2,"clubcode":"DEN","playerName":"","statId":51,"yards":0}]}},"1026":{"sp":0,"qtr":2,"down":1,"time":"10:54","yrdln":"DEN 20","ydstogo":10,"ydsnet":-1,"posteam":"DEN","desc":"(10:54) K.Moreno right tackle to DEN 19 for -1 yards (P.Oliver).","note":null,"players":{"00-0025788":[{"sequence":3,"clubcode":"SD","playerName":"P.Oliver","statId":79,"yards":0},{"sequence":4,"clubcode":"SD","playerName":"P.Oliver","statId":120,"yards":0}],"00-0026988":[{"sequence":1,"clubcode":"DEN","playerName":"K.Moreno","statId":10,"yards":-1}],"0":[{"sequence":2,"clubcode":"DEN","playerName":"","statId":95,"yards":-1}]}},"1047":{"sp":0,"qtr":2,"down":2,"time":"10:17","yrdln":"DEN 19","ydstogo":11,"ydsnet":-1,"posteam":"DEN","desc":"(10:17) (Shotgun) C.Simms pass incomplete short right to B.Marshall [S.Phillips].","note":null,"players":{"00-0024334":[{"sequence":2,"clubcode":"DEN","playerName":"B.Marshall","statId":115,"yards":0}],"00-0022723":[{"sequence":3,"clubcode":"SD","playerName":"S.Phillips","statId":110,"yards":0}],"00-0022005":[{"sequence":1,"clubcode":"DEN","playerName":"C.Simms","statId":14,"yards":0},{"sequence":4,"clubcode":"DEN","playerName":"C.Simms","statId":112,"yards":0}]}},"1069":{"sp":0,"qtr":2,"down":3,"time":"10:13","yrdln":"DEN 19","ydstogo":11,"ydsnet":-1,"posteam":"DEN","desc":"(10:13) (Shotgun) C.Simms pass incomplete deep right to E.Royal. Penalty on DEN-R.Clady, Offensive Holding, offsetting, enforced at DEN 19 - No Play. Penalty on SD-Q.Jammer, Defensive Holding, offsetting.","note":null,"players":{}},"1102":{"sp":0,"qtr":2,"down":3,"time":"10:06","yrdln":"DEN 19","ydstogo":11,"ydsnet":-1,"posteam":"DEN","desc":"(10:06) (Shotgun) C.Simms pass incomplete short right to E.Royal [E.Weddle].","note":null,"players":{"00-0026182":[{"sequence":3,"clubcode":"DEN","playerName":"E.Royal","statId":115,"yards":0}],"00-0025424":[{"sequence":4,"clubcode":"SD","playerName":"E.Weddle","statId":110,"yards":0}],"0":[{"sequence":1,"clubcode":"DEN","playerName":"","statId":7,"yards":0}],"00-0022005":[{"sequence":2,"clubcode":"DEN","playerName":"C.Simms","statId":14,"yards":0},{"sequence":5,"clubcode":"DEN","playerName":"C.Simms","statId":112,"yards":13}]}},"1124":{"sp":0,"qtr":2,"down":4,"time":"10:00","yrdln":"DEN 19","ydstogo":11,"ydsnet":-1,"posteam":"DEN","desc":"(10:00) M.Berger punts 54 yards to SD 27, Center-L.Paxton. D.Sproles to SD 27 for no gain (J.Barrett).","note":"PUNT","players":{"00-0023564":[{"sequence":2,"clubcode":"SD","playerName":"D.Sproles","statId":33,"yards":0}],"00-0026360":[{"sequence":3,"clubcode":"DEN","playerName":"J.Barrett","statId":79,"yards":0}],"00-0001157":[{"sequence":1,"clubcode":"DEN","playerName":"M.Berger","statId":29,"yards":54}]}}},"fds":0,"result":"Punt","penyds":0,"ydsgained":-1,"numplays":7,"postime":"1:02","start":{"qtr":2,"time":"10:54","yrdln":"DEN 20","team":"DEN"},"end":{"qtr":2,"time":"09:52","yrdln":"DEN 19","team":"DEN"}},"6":{"posteam":"SD","qtr":2,"redzone":true,"plays":{"1150":{"sp":0,"qtr":2,"down":1,"time":"09:52","yrdln":"SD 27","ydstogo":10,"ydsnet":9,"posteam":"SD","desc":"(9:52) P.Rivers pass short right to V.Jackson to SD 36 for 9 yards (C.Bailey).","note":null,"players":{"00-0022942":[{"sequence":1,"clubcode":"SD","playerName":"P.Rivers","statId":15,"yards":9},{"sequence":2,"clubcode":"SD","playerName":"P.Rivers","statId":111,"yards":8}],"00-0023496":[{"sequence":3,"clubcode":"SD","playerName":"V.Jackson","statId":21,"yards":9},{"sequence":4,"clubcode":"SD","playerName":"V.Jackson","statId":115,"yards":0},{"sequence":5,"clubcode":"SD","playerName":"V.Jackson","statId":113,"yards":1}],"00-0000585":[{"sequence":6,"clubcode":"DEN","playerName":"C.Bailey","statId":79,"yards":0}]}},"1174":{"sp":0,"qtr":2,"down":2,"time":"09:11","yrdln":"SD 36","ydstogo":1,"ydsnet":11,"posteam":"SD","desc":"(9:11) L.Tomlinson up the middle to SD 38 for 2 yards (A.Davis).","note":null,"players":{"00-0020536":[{"sequence":2,"clubcode":"SD","playerName":"L.Tomlinson","statId":10,"yards":2}],"0":[{"sequence":1,"clubcode":"SD","playerName":"","statId":3,"yards":0}],"00-0021257":[{"sequence":3,"clubcode":"DEN","playerName":"A.Davis","statId":79,"yards":0}]}},"1195":{"sp":0,"qtr":2,"down":1,"time":"08:32","yrdln":"SD 38","ydstogo":10,"ydsnet":13,"posteam":"SD","desc":"(8:32) L.Tomlinson left guard to SD 40 for 2 yards (M.Thomas).","note":null,"players":{"00-0025508":[{"sequence":2,"clubcode":"DEN","playerName":"M.Thomas","statId":79,"yards":0}],"00-0020536":[{"sequence":1,"clubcode":"SD","playerName":"L.Tomlinson","statId":10,"yards":2}]}},"1216":{"sp":0,"qtr":2,"down":2,"time":"07:52","yrdln":"SD 40","ydstogo":8,"ydsnet":20,"posteam":"SD","desc":"(7:52) P.Rivers pass short right to M.Floyd to SD 47 for 7 yards (A.Goodman).","note":null,"players":{"00-0022942":[{"sequence":1,"clubcode":"SD","playerName":"P.Rivers","statId":15,"yards":7},{"sequence":2,"clubcode":"SD","playerName":"P.Rivers","statId":111,"yards":5}],"00-0022414":[{"sequence":3,"clubcode":"SD","playerName":"M.Floyd","statId":21,"yards":7},{"sequence":4,"clubcode":"SD","playerName":"M.Floyd","statId":115,"yards":0},{"sequence":5,"clubcode":"SD","playerName":"M.Floyd","statId":113,"yards":2}],"00-0021194":[{"sequence":6,"clubcode":"DEN","playerName":"A.Goodman","statId":79,"yards":0}]}},"1244":{"sp":0,"qtr":2,"down":0,"time":"07:07","yrdln":"","ydstogo":0,"ydsnet":20,"posteam":"","desc":"Timeout #1 by DEN at 07:07.","note":"TIMEOUT","players":{"0":[{"sequence":1,"clubcode":"DEN","playerName":"","statId":68,"yards":0}]}},"1261":{"sp":0,"qtr":2,"down":3,"time":"07:07","yrdln":"SD 47","ydstogo":1,"ydsnet":43,"posteam":"SD","desc":"(7:07) (Shotgun) P.Rivers pass deep left to V.Jackson to DEN 30 for 23 yards (R.Hill).","note":null,"players":{"00-0022942":[{"sequence":3,"clubcode":"SD","playerName":"P.Rivers","statId":15,"yards":23},{"sequence":4,"clubcode":"SD","playerName":"P.Rivers","statId":111,"yards":17}],"00-0023496":[{"sequence":5,"clubcode":"SD","playerName":"V.Jackson","statId":21,"yards":23},{"sequence":6,"clubcode":"SD","playerName":"V.Jackson","statId":115,"yards":0},{"sequence":7,"clubcode":"SD","playerName":"V.Jackson","statId":113,"yards":6}],"0":[{"sequence":1,"clubcode":"SD","playerName":"","statId":4,"yards":0},{"sequence":2,"clubcode":"SD","playerName":"","statId":6,"yards":0}],"00-0020301":[{"sequence":8,"clubcode":"DEN","playerName":"R.Hill","statId":79,"yards":0}]}},"1285":{"sp":0,"qtr":2,"down":1,"time":"06:25","yrdln":"DEN 30","ydstogo":10,"ydsnet":43,"posteam":"SD","desc":"(6:25) L.Tomlinson left guard to DEN 30 for no gain (D.McBath).","note":null,"players":{"00-0020536":[{"sequence":1,"clubcode":"SD","playerName":"L.Tomlinson","statId":10,"yards":0}],"00-0027024":[{"sequence":2,"clubcode":"DEN","playerName":"D.McBath","statId":79,"yards":0}]}},"1306":{"sp":0,"qtr":2,"down":2,"time":"05:48","yrdln":"DEN 30","ydstogo":10,"ydsnet":37,"posteam":"SD","desc":"(5:48) P.Rivers pass short left to J.Hester to DEN 36 for -6 yards (D.Williams).","note":null,"players":{"00-0022942":[{"sequence":1,"clubcode":"SD","playerName":"P.Rivers","statId":15,"yards":-6},{"sequence":2,"clubcode":"SD","playerName":"P.Rivers","statId":111,"yards":-7}],"00-0022780":[{"sequence":6,"clubcode":"DEN","playerName":"D.Williams","statId":79,"yards":0},{"sequence":7,"clubcode":"DEN","playerName":"D.Williams","statId":120,"yards":0}],"00-0026209":[{"sequence":3,"clubcode":"SD","playerName":"J.Hester","statId":21,"yards":-6},{"sequence":4,"clubcode":"SD","playerName":"J.Hester","statId":115,"yards":0},{"sequence":5,"clubcode":"SD","playerName":"J.Hester","statId":113,"yards":1}]}},"1330":{"sp":0,"qtr":2,"down":3,"time":"05:04","yrdln":"DEN 36","ydstogo":16,"ydsnet":44,"posteam":"SD","desc":"(5:04) (Shotgun) P.Rivers pass short right to D.Sproles to DEN 29 for 7 yards (D.McBath).","note":null,"players":{"00-0022942":[{"sequence":2,"clubcode":"SD","playerName":"P.Rivers","statId":15,"yards":7},{"sequence":3,"clubcode":"SD","playerName":"P.Rivers","statId":111,"yards":4}],"00-0023564":[{"sequence":4,"clubcode":"SD","playerName":"D.Sproles","statId":21,"yards":7},{"sequence":5,"clubcode":"SD","playerName":"D.Sproles","statId":115,"yards":0},{"sequence":6,"clubcode":"SD","playerName":"D.Sproles","statId":113,"yards":3}],"0":[{"sequence":1,"clubcode":"SD","playerName":"","statId":7,"yards":0}],"00-0027024":[{"sequence":7,"clubcode":"DEN","playerName":"D.McBath","statId":79,"yards":0}]}},"1354":{"sp":1,"qtr":2,"down":4,"time":"04:24","yrdln":"DEN 29","ydstogo":9,"ydsnet":44,"posteam":"SD","desc":"(4:24) N.Kaeding 47 yard field goal is GOOD, Center-D.Binn, Holder-M.Scifres.","note":"FG","players":{"00-0022737":[{"sequence":1,"clubcode":"SD","playerName":"N.Kaeding","statId":70,"yards":47}]}}},"fds":2,"result":"Field Goal","penyds":0,"ydsgained":44,"numplays":10,"postime":"5:33","start":{"qtr":2,"time":"09:52","yrdln":"SD 27","team":"SD"},"end":{"qtr":2,"time":"04:19","yrdln":"DEN 29","team":"SD"}},"7":{"posteam":"DEN","qtr":2,"redzone":true,"plays":{"1374":{"sp":0,"qtr":2,"down":0,"time":"04:19","yrdln":"SD 30","ydstogo":0,"ydsnet":0,"posteam":"SD","desc":"N.Kaeding kicks 70 yards from SD 30 to DEN 0. E.Royal to DEN 38 for 38 yards (M.Tolbert).","note":"KICKOFF","players":{"00-0022737":[{"sequence":1,"clubcode":"SD","playerName":"N.Kaeding","statId":43,"yards":70}],"00-0026182":[{"sequence":2,"clubcode":"DEN","playerName":"E.Royal","statId":45,"yards":38}],"00-0026069":[{"sequence":3,"clubcode":"SD","playerName":"M.Tolbert","statId":79,"yards":0}]}},"1396":{"sp":0,"qtr":2,"down":1,"time":"04:10","yrdln":"DEN 38","ydstogo":10,"ydsnet":-2,"posteam":"DEN","desc":"(4:10) (Shotgun) K.Orton pass short left to B.Marshall to DEN 36 for -2 yards (E.Weddle).","note":null,"players":{"00-0023541":[{"sequence":1,"clubcode":"DEN","playerName":"K.Orton","statId":15,"yards":-2},{"sequence":2,"clubcode":"DEN","playerName":"K.Orton","statId":111,"yards":-5}],"00-0024334":[{"sequence":3,"clubcode":"DEN","playerName":"B.Marshall","statId":21,"yards":-2},{"sequence":4,"clubcode":"DEN","playerName":"B.Marshall","statId":115,"yards":0},{"sequence":5,"clubcode":"DEN","playerName":"B.Marshall","statId":113,"yards":3}],"00-0025424":[{"sequence":6,"clubcode":"SD","playerName":"E.Weddle","statId":79,"yards":0},{"sequence":7,"clubcode":"SD","playerName":"E.Weddle","statId":120,"yards":0}]}},"1421":{"sp":0,"qtr":2,"down":2,"time":"03:36","yrdln":"DEN 36","ydstogo":12,"ydsnet":20,"posteam":"DEN","desc":"(3:36) K.Orton pass deep middle to B.Marshall to SD 42 for 22 yards (K.Burnett).","note":null,"players":{"00-0023541":[{"sequence":2,"clubcode":"DEN","playerName":"K.Orton","statId":15,"yards":22},{"sequence":3,"clubcode":"DEN","playerName":"K.Orton","statId":111,"yards":16}],"00-0024334":[{"sequence":4,"clubcode":"DEN","playerName":"B.Marshall","statId":21,"yards":22},{"sequence":5,"clubcode":"DEN","playerName":"B.Marshall","statId":115,"yards":0},{"sequence":6,"clubcode":"DEN","playerName":"B.Marshall","statId":113,"yards":6}],"0":[{"sequence":1,"clubcode":"DEN","playerName":"","statId":4,"yards":0}],"00-0023477":[{"sequence":7,"clubcode":"SD","playerName":"K.Burnett","statId":79,"yards":0}]}},"1445":{"sp":0,"qtr":2,"down":1,"time":"02:55","yrdln":"SD 42","ydstogo":10,"ydsnet":58,"posteam":"DEN","desc":"(2:55) (Shotgun) K.Orton pass deep left to J.Gaffney to SD 4 for 38 yards (E.Weddle; S.Gregory).","note":null,"players":{"00-0023998":[{"sequence":8,"clubcode":"SD","playerName":"S.Gregory","statId":82,"yards":0}],"00-0023541":[{"sequence":2,"clubcode":"DEN","playerName":"K.Orton","statId":15,"yards":38},{"sequence":3,"clubcode":"DEN","playerName":"K.Orton","statId":111,"yards":17}],"00-0025424":[{"sequence":7,"clubcode":"SD","playerName":"E.Weddle","statId":82,"yards":0}],"0":[{"sequence":1,"clubcode":"DEN","playerName":"","statId":4,"yards":0}],"00-0021163":[{"sequence":4,"clubcode":"DEN","playerName":"J.Gaffney","statId":21,"yards":38},{"sequence":5,"clubcode":"DEN","playerName":"J.Gaffney","statId":115,"yards":0},{"sequence":6,"clubcode":"DEN","playerName":"J.Gaffney","statId":113,"yards":21}]}},"1469":{"sp":0,"qtr":2,"down":1,"time":"02:06","yrdln":"SD 4","ydstogo":4,"ydsnet":61,"posteam":"DEN","desc":"(2:06) K.Moreno up the middle to SD 1 for 3 yards (J.Cesaire). FUMBLES (J.Cesaire), RECOVERED by SD-S.Gregory at SD 0. Touchback. Denver challenged the fumble ruling, and the play was Upheld. (Timeout #2 at 01:58.)","note":"FUMBLE","players":{"00-0021542":[{"sequence":3,"clubcode":"SD","playerName":"J.Cesaire","statId":79,"yards":0},{"sequence":6,"clubcode":"SD","playerName":"J.Cesaire","statId":91,"yards":0}],"00-0023998":[{"sequence":7,"clubcode":"SD","playerName":"S.Gregory","statId":59,"yards":0}],"00-0026988":[{"sequence":2,"clubcode":"DEN","playerName":"K.Moreno","statId":10,"yards":3},{"sequence":4,"clubcode":"DEN","playerName":"K.Moreno","statId":52,"yards":0},{"sequence":5,"clubcode":"DEN","playerName":"K.Moreno","statId":106,"yards":0}],"0":[{"sequence":1,"clubcode":"DEN","playerName":"","statId":68,"yards":0}]}}},"fds":2,"result":"Fumble","penyds":0,"ydsgained":61,"numplays":5,"postime":"2:21","start":{"qtr":2,"time":"04:19","yrdln":"DEN 38","team":"DEN"},"end":{"qtr":2,"time":"01:58","yrdln":"SD 4","team":"DEN"}},"8":{"posteam":"SD","qtr":2,"redzone":true,"plays":{"1547":{"sp":0,"qtr":2,"down":1,"time":"01:58","yrdln":"SD 20","ydstogo":10,"ydsnet":5,"posteam":"SD","desc":"(1:58) D.Sproles right tackle to SD 25 for 5 yards (A.Goodman).","note":null,"players":{"00-0023564":[{"sequence":1,"clubcode":"SD","playerName":"D.Sproles","statId":10,"yards":5}],"00-0021194":[{"sequence":2,"clubcode":"DEN","playerName":"A.Goodman","statId":79,"yards":0}]}},"1568":{"sp":0,"qtr":2,"down":2,"time":"01:26","yrdln":"SD 25","ydstogo":5,"ydsnet":8,"posteam":"SD","desc":"(1:26) D.Sproles left tackle to SD 28 for 3 yards (A.Davis).","note":null,"players":{"00-0023564":[{"sequence":1,"clubcode":"SD","playerName":"D.Sproles","statId":10,"yards":3}],"00-0021257":[{"sequence":2,"clubcode":"DEN","playerName":"A.Davis","statId":79,"yards":0}]}},"1589":{"sp":0,"qtr":2,"down":0,"time":"01:14","yrdln":"","ydstogo":0,"ydsnet":8,"posteam":"","desc":"Timeout #3 by DEN at 01:14.","note":"TIMEOUT","players":{"0":[{"sequence":1,"clubcode":"DEN","playerName":"","statId":68,"yards":0}]}},"1631":{"sp":0,"qtr":2,"down":3,"time":"01:14","yrdln":"SD 28","ydstogo":2,"ydsnet":7,"posteam":"SD","desc":"(1:14) D.Sproles right tackle to SD 27 for -1 yards (D.Williams).","note":null,"players":{"00-0023564":[{"sequence":2,"clubcode":"SD","playerName":"D.Sproles","statId":10,"yards":-1}],"0":[{"sequence":1,"clubcode":"SD","playerName":"","statId":7,"yards":0},{"sequence":3,"clubcode":"SD","playerName":"","statId":95,"yards":-1}],"00-0022780":[{"sequence":4,"clubcode":"DEN","playerName":"D.Williams","statId":79,"yards":0},{"sequence":5,"clubcode":"DEN","playerName":"D.Williams","statId":120,"yards":0}]}},"1652":{"sp":0,"qtr":2,"down":4,"time":"00:35","yrdln":"SD 27","ydstogo":3,"ydsnet":7,"posteam":"SD","desc":"(:35) M.Scifres punts 29 yards to DEN 44, Center-D.Binn, downed by SD-L.Naanee.","note":"PUNT","players":{"00-0022017":[{"sequence":1,"clubcode":"SD","playerName":"M.Scifres","statId":29,"yards":29}],"0":[{"sequence":2,"clubcode":"DEN","playerName":"","statId":38,"yards":0}]}}},"fds":0,"result":"Punt","penyds":0,"ydsgained":7,"numplays":5,"postime":"1:34","start":{"qtr":2,"time":"01:58","yrdln":"SD 20","team":"SD"},"end":{"qtr":2,"time":"00:24","yrdln":"SD 27","team":"SD"}},"9":{"posteam":"DEN","qtr":2,"redzone":true,"plays":{"1676":{"sp":0,"qtr":2,"down":1,"time":"00:24","yrdln":"DEN 45","ydstogo":10,"ydsnet":0,"posteam":"DEN","desc":"(:24) direction change. (Shotgun) K.Orton pass short left intended for E.Royal INTERCEPTED by A.Cromartie at SD 41. A.Cromartie pushed ob at SD 42 for 1 yard.","note":"INT","players":{"00-0023541":[{"sequence":1,"clubcode":"DEN","playerName":"K.Orton","statId":19,"yards":0},{"sequence":3,"clubcode":"DEN","playerName":"K.Orton","statId":112,"yards":14}],"00-0026182":[{"sequence":2,"clubcode":"DEN","playerName":"E.Royal","statId":115,"yards":0}],"00-0024234":[{"sequence":4,"clubcode":"SD","playerName":"A.Cromartie","statId":25,"yards":1},{"sequence":5,"clubcode":"SD","playerName":"A.Cromartie","statId":85,"yards":0}]}}},"fds":0,"result":"Interception","penyds":0,"ydsgained":0,"numplays":1,"postime":"0:05","start":{"qtr":2,"time":"00:24","yrdln":"DEN 45","team":"DEN"},"end":{"qtr":2,"time":"00:19","yrdln":"DEN 45","team":"DEN"}},"10":{"posteam":"SD","qtr":2,"redzone":true,"plays":{"1712":{"sp":0,"qtr":2,"down":1,"time":"00:19","yrdln":"SD 42","ydstogo":10,"ydsnet":0,"posteam":"SD","desc":"(:19) (Shotgun) L.Tomlinson up the middle to SD 42 for no gain (V.Holliday).","note":null,"players":{"00-0007611":[{"sequence":2,"clubcode":"DEN","playerName":"V.Holliday","statId":79,"yards":0}],"00-0020536":[{"sequence":1,"clubcode":"SD","playerName":"L.Tomlinson","statId":10,"yards":0}]}},"1733":{"sp":0,"qtr":2,"down":0,"time":"","yrdln":"","ydstogo":0,"ydsnet":0,"posteam":"","desc":"END QUARTER 2","note":null,"players":{}}},"fds":0,"result":"End of Half","penyds":0,"ydsgained":0,"numplays":2,"postime":"0:19","start":{"qtr":2,"time":"00:19","yrdln":"SD 42","team":"SD"},"end":{"qtr":2,"time":"00:00","yrdln":"SD 42","team":"SD"}},"11":{"posteam":"SD","qtr":3,"redzone":true,"plays":{"1749":{"sp":0,"qtr":3,"down":0,"time":"15:00","yrdln":"DEN 30","ydstogo":0,"ydsnet":0,"posteam":"DEN","desc":"M.Prater kicks 70 yards from DEN 30 to end zone, Touchback.","note":"KICKOFF","players":{"0":[{"sequence":2,"clubcode":"SD","playerName":"","statId":51,"yards":0}],"00-0023853":[{"sequence":1,"clubcode":"DEN","playerName":"M.Prater","statId":44,"yards":70}]}},"1768":{"sp":0,"qtr":3,"down":1,"time":"15:00","yrdln":"SD 20","ydstogo":10,"ydsnet":3,"posteam":"SD","desc":"(15:00) P.Rivers pass short right to J.Hester to SD 23 for 3 yards (R.Hill).","note":null,"players":{"00-0022942":[{"sequence":1,"clubcode":"SD","playerName":"P.Rivers","statId":15,"yards":3},{"sequence":2,"clubcode":"SD","playerName":"P.Rivers","statId":111,"yards":-3}],"00-0020301":[{"sequence":6,"clubcode":"DEN","playerName":"R.Hill","statId":79,"yards":0}],"00-0026209":[{"sequence":3,"clubcode":"SD","playerName":"J.Hester","statId":21,"yards":3},{"sequence":4,"clubcode":"SD","playerName":"J.Hester","statId":115,"yards":0},{"sequence":5,"clubcode":"SD","playerName":"J.Hester","statId":113,"yards":6}]}},"1792":{"sp":0,"qtr":3,"down":2,"time":"14:15","yrdln":"SD 23","ydstogo":7,"ydsnet":3,"posteam":"SD","desc":"(14:15) (Shotgun) P.Rivers pass incomplete short middle to A.Gates (A.Davis).","note":null,"players":{"00-0022942":[{"sequence":1,"clubcode":"SD","playerName":"P.Rivers","statId":14,"yards":0},{"sequence":4,"clubcode":"SD","playerName":"P.Rivers","statId":112,"yards":0}],"00-0021547":[{"sequence":2,"clubcode":"SD","playerName":"A.Gates","statId":115,"yards":0}],"00-0021257":[{"sequence":3,"clubcode":"DEN","playerName":"A.Davis","statId":85,"yards":0}]}},"1814":{"sp":0,"qtr":3,"down":3,"time":"14:09","yrdln":"SD 23","ydstogo":7,"ydsnet":3,"posteam":"SD","desc":"(14:09) (Shotgun) P.Rivers pass incomplete short middle to D.Sproles (J.Moss).","note":null,"players":{"00-0022942":[{"sequence":2,"clubcode":"SD","playerName":"P.Rivers","statId":14,"yards":0},{"sequence":5,"clubcode":"SD","playerName":"P.Rivers","statId":112,"yards":4}],"00-0023564":[{"sequence":3,"clubcode":"SD","playerName":"D.Sproles","statId":115,"yards":0}],"00-0025404":[{"sequence":4,"clubcode":"DEN","playerName":"J.Moss","statId":85,"yards":0}],"0":[{"sequence":1,"clubcode":"SD","playerName":"","statId":7,"yards":0}]}},"1837":{"sp":0,"qtr":3,"down":4,"time":"14:05","yrdln":"SD 23","ydstogo":7,"ydsnet":3,"posteam":"SD","desc":"(14:05) M.Scifres punts 51 yards to DEN 26, Center-D.Binn. E.Royal to DEN 36 for 10 yards (K.Burnett, D.Binn).","note":"PUNT","players":{"00-0001255":[{"sequence":4,"clubcode":"SD","playerName":"D.Binn","statId":82,"yards":0}],"00-0026182":[{"sequence":2,"clubcode":"DEN","playerName":"E.Royal","statId":33,"yards":10}],"00-0022017":[{"sequence":1,"clubcode":"SD","playerName":"M.Scifres","statId":29,"yards":51}],"00-0023477":[{"sequence":3,"clubcode":"SD","playerName":"K.Burnett","statId":80,"yards":0}]}}},"fds":0,"result":"Punt","penyds":0,"ydsgained":3,"numplays":5,"postime":"1:06","start":{"qtr":3,"time":"15:00","yrdln":"SD 20","team":"SD"},"end":{"qtr":3,"time":"13:54","yrdln":"SD 23","team":"SD"}},"12":{"posteam":"DEN","qtr":3,"redzone":true,"plays":{"1863":{"sp":0,"qtr":3,"down":1,"time":"13:54","yrdln":"DEN 36","ydstogo":10,"ydsnet":0,"posteam":"DEN","desc":"(13:54) (Shotgun) K.Moreno right guard to DEN 36 for no gain (S.Phillips).","note":null,"players":{"00-0026988":[{"sequence":1,"clubcode":"DEN","playerName":"K.Moreno","statId":10,"yards":0}],"00-0022723":[{"sequence":2,"clubcode":"SD","playerName":"S.Phillips","statId":79,"yards":0}]}},"1884":{"sp":0,"qtr":3,"down":2,"time":"13:20","yrdln":"DEN 36","ydstogo":10,"ydsnet":9,"posteam":"DEN","desc":"(13:20) (Shotgun) K.Orton pass short right to E.Royal to DEN 45 for 9 yards (P.Oliver). SD-Q.Jammer was injured during the play.","note":null,"players":{"00-0025788":[{"sequence":6,"clubcode":"SD","playerName":"P.Oliver","statId":79,"yards":0}],"00-0023541":[{"sequence":1,"clubcode":"DEN","playerName":"K.Orton","statId":15,"yards":9},{"sequence":2,"clubcode":"DEN","playerName":"K.Orton","statId":111,"yards":5}],"00-0026182":[{"sequence":3,"clubcode":"DEN","playerName":"E.Royal","statId":21,"yards":9},{"sequence":4,"clubcode":"DEN","playerName":"E.Royal","statId":115,"yards":0},{"sequence":5,"clubcode":"DEN","playerName":"E.Royal","statId":113,"yards":4}]}},"1911":{"sp":0,"qtr":3,"down":3,"time":"12:58","yrdln":"DEN 45","ydstogo":1,"ydsnet":45,"posteam":"DEN","desc":"(12:58) K.Moreno left tackle to SD 19 for 36 yards (E.Weddle).","note":null,"players":{"00-0026988":[{"sequence":3,"clubcode":"DEN","playerName":"K.Moreno","statId":10,"yards":36}],"00-0025424":[{"sequence":4,"clubcode":"SD","playerName":"E.Weddle","statId":79,"yards":0}],"0":[{"sequence":1,"clubcode":"DEN","playerName":"","statId":3,"yards":0},{"sequence":2,"clubcode":"DEN","playerName":"","statId":6,"yards":0}]}},"1932":{"sp":0,"qtr":3,"down":1,"time":"12:20","yrdln":"SD 19","ydstogo":10,"ydsnet":45,"posteam":"DEN","desc":"(12:20) C.Buckhalter left end to SD 13 for 6 yards (A.Cromartie). Penalty on SD, Defensive Offside, offsetting, enforced at SD 19 - No Play. Penalty on DEN-D.Graham, Offensive Holding, offsetting.","note":null,"players":{}},"1964":{"sp":0,"qtr":3,"down":1,"time":"11:56","yrdln":"SD 19","ydstogo":10,"ydsnet":52,"posteam":"DEN","desc":"(11:56) (Shotgun) K.Orton pass short right to E.Royal to SD 12 for 7 yards (B.Siler, S.Cooper).","note":null,"players":{"00-0021544":[{"sequence":7,"clubcode":"SD","playerName":"S.Cooper","statId":82,"yards":0}],"00-0023541":[{"sequence":1,"clubcode":"DEN","playerName":"K.Orton","statId":15,"yards":7},{"sequence":2,"clubcode":"DEN","playerName":"K.Orton","statId":111,"yards":5}],"00-0026182":[{"sequence":3,"clubcode":"DEN","playerName":"E.Royal","statId":21,"yards":7},{"sequence":4,"clubcode":"DEN","playerName":"E.Royal","statId":115,"yards":0},{"sequence":5,"clubcode":"DEN","playerName":"E.Royal","statId":113,"yards":2}],"00-0025627":[{"sequence":6,"clubcode":"SD","playerName":"B.Siler","statId":80,"yards":0}]}},"1988":{"sp":0,"qtr":3,"down":2,"time":"11:20","yrdln":"SD 12","ydstogo":3,"ydsnet":58,"posteam":"DEN","desc":"(11:20) C.Buckhalter up the middle to SD 6 for 6 yards (B.Siler).","note":null,"players":{"00-0020270":[{"sequence":2,"clubcode":"DEN","playerName":"C.Buckhalter","statId":10,"yards":6}],"0":[{"sequence":1,"clubcode":"DEN","playerName":"","statId":3,"yards":0}],"00-0025627":[{"sequence":3,"clubcode":"SD","playerName":"B.Siler","statId":79,"yards":0}]}},"2009":{"sp":0,"qtr":3,"down":1,"time":"10:45","yrdln":"SD 6","ydstogo":6,"ydsnet":59,"posteam":"DEN","desc":"(10:45) (Shotgun) K.Moreno left guard to SD 5 for 1 yard (S.Cooper, P.Oliver).","note":null,"players":{"00-0025788":[{"sequence":3,"clubcode":"SD","playerName":"P.Oliver","statId":82,"yards":0}],"00-0021544":[{"sequence":2,"clubcode":"SD","playerName":"S.Cooper","statId":80,"yards":0}],"00-0026988":[{"sequence":1,"clubcode":"DEN","playerName":"K.Moreno","statId":10,"yards":1}]}},"2030":{"sp":0,"qtr":3,"down":2,"time":"10:10","yrdln":"SD 5","ydstogo":5,"ydsnet":59,"posteam":"DEN","desc":"(10:10) (Shotgun) K.Orton pass incomplete short middle to B.Marshall.","note":null,"players":{"00-0023541":[{"sequence":1,"clubcode":"DEN","playerName":"K.Orton","statId":14,"yards":0},{"sequence":3,"clubcode":"DEN","playerName":"K.Orton","statId":112,"yards":5}],"00-0024334":[{"sequence":2,"clubcode":"DEN","playerName":"B.Marshall","statId":115,"yards":0}]}},"2052":{"sp":0,"qtr":3,"down":3,"time":"10:05","yrdln":"SD 5","ydstogo":5,"ydsnet":59,"posteam":"DEN","desc":"(10:05) (Shotgun) K.Orton pass incomplete short middle to J.Gaffney (S.Gregory).","note":null,"players":{"00-0023998":[{"sequence":4,"clubcode":"SD","playerName":"S.Gregory","statId":85,"yards":0}],"00-0023541":[{"sequence":2,"clubcode":"DEN","playerName":"K.Orton","statId":14,"yards":0},{"sequence":5,"clubcode":"DEN","playerName":"K.Orton","statId":112,"yards":5}],"0":[{"sequence":1,"clubcode":"DEN","playerName":"","statId":7,"yards":0}],"00-0021163":[{"sequence":3,"clubcode":"DEN","playerName":"J.Gaffney","statId":115,"yards":0}]}},"2074":{"sp":1,"qtr":3,"down":4,"time":"09:59","yrdln":"SD 5","ydstogo":5,"ydsnet":59,"posteam":"DEN","desc":"(9:59) M.Prater 23 yard field goal is GOOD, Center-L.Paxton, Holder-M.Berger.","note":"FG","players":{"00-0023853":[{"sequence":1,"clubcode":"DEN","playerName":"M.Prater","statId":70,"yards":23}]}}},"fds":2,"result":"Field Goal","penyds":0,"ydsgained":59,"numplays":10,"postime":"3:58","start":{"qtr":3,"time":"13:54","yrdln":"DEN 36","team":"DEN"},"end":{"qtr":3,"time":"09:56","yrdln":"SD 5","team":"DEN"}},"13":{"posteam":"SD","qtr":3,"redzone":true,"plays":{"2094":{"sp":0,"qtr":3,"down":0,"time":"09:56","yrdln":"DEN 30","ydstogo":0,"ydsnet":41,"posteam":"DEN","desc":"M.Prater kicks onside 11 yards from DEN 30 to DEN 41. L.Naanee to DEN 41 for no gain (M.Haggan).","note":"KICKOFF","players":{"00-0022034":[{"sequence":3,"clubcode":"DEN","playerName":"M.Haggan","statId":79,"yards":0}],"00-0025559":[{"sequence":2,"clubcode":"SD","playerName":"L.Naanee","statId":45,"yards":0}],"00-0023853":[{"sequence":1,"clubcode":"DEN","playerName":"M.Prater","statId":41,"yards":11}]}},"2116":{"sp":0,"qtr":3,"down":1,"time":"09:55","yrdln":"DEN 41","ydstogo":10,"ydsnet":41,"posteam":"SD","desc":"(9:55) L.Tomlinson up the middle to DEN 37 for 4 yards (E.Dumervil).","note":null,"players":{"00-0024341":[{"sequence":2,"clubcode":"DEN","playerName":"E.Dumervil","statId":79,"yards":0}],"00-0020536":[{"sequence":1,"clubcode":"SD","playerName":"L.Tomlinson","statId":10,"yards":4}]}},"2139":{"sp":0,"qtr":3,"down":2,"time":"09:16","yrdln":"DEN 37","ydstogo":6,"ydsnet":11,"posteam":"SD","desc":"(9:16) P.Rivers pass short left to A.Gates to DEN 30 for 7 yards (D.McBath).","note":null,"players":{"00-0022942":[{"sequence":2,"clubcode":"SD","playerName":"P.Rivers","statId":15,"yards":7},{"sequence":3,"clubcode":"SD","playerName":"P.Rivers","statId":111,"yards":2}],"00-0021547":[{"sequence":4,"clubcode":"SD","playerName":"A.Gates","statId":21,"yards":7},{"sequence":5,"clubcode":"SD","playerName":"A.Gates","statId":115,"yards":0},{"sequence":6,"clubcode":"SD","playerName":"A.Gates","statId":113,"yards":5}],"0":[{"sequence":1,"clubcode":"SD","playerName":"","statId":4,"yards":0}],"00-0027024":[{"sequence":7,"clubcode":"DEN","playerName":"D.McBath","statId":79,"yards":0}]}},"2163":{"sp":0,"qtr":3,"down":1,"time":"08:40","yrdln":"DEN 30","ydstogo":10,"ydsnet":16,"posteam":"SD","desc":"(8:40) L.Tomlinson up the middle to DEN 25 for 5 yards (D.McBath).","note":null,"players":{"00-0020536":[{"sequence":1,"clubcode":"SD","playerName":"L.Tomlinson","statId":10,"yards":5}],"00-0027024":[{"sequence":2,"clubcode":"DEN","playerName":"D.McBath","statId":79,"yards":0}]}},"2184":{"sp":0,"qtr":3,"down":2,"time":"08:02","yrdln":"DEN 25","ydstogo":5,"ydsnet":40,"posteam":"SD","desc":"(8:02) P.Rivers pass short left to A.Gates pushed ob at DEN 1 for 24 yards (C.Bailey).","note":null,"players":{"00-0022942":[{"sequence":2,"clubcode":"SD","playerName":"P.Rivers","statId":15,"yards":24},{"sequence":3,"clubcode":"SD","playerName":"P.Rivers","statId":111,"yards":10}],"00-0021547":[{"sequence":4,"clubcode":"SD","playerName":"A.Gates","statId":21,"yards":24},{"sequence":5,"clubcode":"SD","playerName":"A.Gates","statId":115,"yards":0},{"sequence":6,"clubcode":"SD","playerName":"A.Gates","statId":113,"yards":14}],"0":[{"sequence":1,"clubcode":"SD","playerName":"","statId":4,"yards":0}],"00-0000585":[{"sequence":7,"clubcode":"DEN","playerName":"C.Bailey","statId":79,"yards":0}]}},"2208":{"sp":0,"qtr":3,"down":1,"time":"07:30","yrdln":"DEN 1","ydstogo":1,"ydsnet":40,"posteam":"SD","desc":"(7:30) L.Tomlinson up the middle to DEN 1 for no gain (A.Davis, R.Fields).","note":null,"players":{"00-0023571":[{"sequence":3,"clubcode":"DEN","playerName":"R.Fields","statId":82,"yards":0}],"00-0020536":[{"sequence":1,"clubcode":"SD","playerName":"L.Tomlinson","statId":10,"yards":0}],"00-0021257":[{"sequence":2,"clubcode":"DEN","playerName":"A.Davis","statId":80,"yards":0}]}},"2229":{"sp":1,"qtr":3,"down":2,"time":"06:52","yrdln":"DEN 1","ydstogo":1,"ydsnet":41,"posteam":"SD","desc":"(6:52) L.Tomlinson right tackle for 1 yard, TOUCHDOWN.","note":"TD","players":{"00-0020536":[{"sequence":2,"clubcode":"SD","playerName":"L.Tomlinson","statId":11,"yards":1}],"0":[{"sequence":1,"clubcode":"SD","playerName":"","statId":3,"yards":0}]}},"2247":{"sp":1,"qtr":3,"down":0,"time":"06:47","yrdln":"DEN 2","ydstogo":0,"ydsnet":41,"posteam":"SD","desc":"N.Kaeding extra point is GOOD, Center-D.Binn, Holder-M.Scifres.","note":"XP","players":{"00-0022737":[{"sequence":1,"clubcode":"SD","playerName":"N.Kaeding","statId":72,"yards":0}]}}},"fds":3,"result":"Touchdown","penyds":0,"ydsgained":41,"numplays":8,"postime":"3:09","start":{"qtr":3,"time":"09:56","yrdln":"DEN 41","team":"SD"},"end":{"qtr":3,"time":"06:47","yrdln":"DEN 1","team":"SD"}},"14":{"posteam":"DEN","qtr":3,"redzone":true,"plays":{"2263":{"sp":0,"qtr":3,"down":0,"time":"06:47","yrdln":"SD 30","ydstogo":0,"ydsnet":0,"posteam":"SD","desc":"N.Kaeding kicks 70 yards from SD 30 to end zone, Touchback.","note":"KICKOFF","players":{"00-0022737":[{"sequence":1,"clubcode":"SD","playerName":"N.Kaeding","statId":44,"yards":70}],"0":[{"sequence":2,"clubcode":"DEN","playerName":"","statId":51,"yards":0}]}},"2277":{"sp":0,"qtr":3,"down":1,"time":"06:47","yrdln":"DEN 20","ydstogo":10,"ydsnet":12,"posteam":"DEN","desc":"(6:47) (Shotgun) K.Orton pass short right to T.Scheffler pushed ob at DEN 32 for 12 yards (K.Ellison).","note":null,"players":{"00-0027127":[{"sequence":7,"clubcode":"SD","playerName":"K.Ellison","statId":79,"yards":0}],"00-0023541":[{"sequence":2,"clubcode":"DEN","playerName":"K.Orton","statId":15,"yards":12},{"sequence":3,"clubcode":"DEN","playerName":"K.Orton","statId":111,"yards":7}],"0":[{"sequence":1,"clubcode":"DEN","playerName":"","statId":4,"yards":0}],"00-0024276":[{"sequence":4,"clubcode":"DEN","playerName":"T.Scheffler","statId":21,"yards":12},{"sequence":5,"clubcode":"DEN","playerName":"T.Scheffler","statId":115,"yards":0},{"sequence":6,"clubcode":"DEN","playerName":"T.Scheffler","statId":113,"yards":5}]}},"2301":{"sp":0,"qtr":3,"down":1,"time":"06:23","yrdln":"DEN 32","ydstogo":10,"ydsnet":22,"posteam":"DEN","desc":"(6:23) (Shotgun) K.Orton pass short left to J.Gaffney to DEN 42 for 10 yards (Q.Jammer, S.Merriman).","note":null,"players":{"00-0023541":[{"sequence":2,"clubcode":"DEN","playerName":"K.Orton","statId":15,"yards":10},{"sequence":3,"clubcode":"DEN","playerName":"K.Orton","statId":111,"yards":10}],"00-0023446":[{"sequence":8,"clubcode":"SD","playerName":"S.Merriman","statId":82,"yards":0}],"0":[{"sequence":1,"clubcode":"DEN","playerName":"","statId":4,"yards":0}],"00-0021163":[{"sequence":4,"clubcode":"DEN","playerName":"J.Gaffney","statId":21,"yards":10},{"sequence":5,"clubcode":"DEN","playerName":"J.Gaffney","statId":115,"yards":0},{"sequence":6,"clubcode":"DEN","playerName":"J.Gaffney","statId":113,"yards":0}],"00-0021381":[{"sequence":7,"clubcode":"SD","playerName":"Q.Jammer","statId":80,"yards":0}]}},"2325":{"sp":0,"qtr":3,"down":1,"time":"05:52","yrdln":"DEN 42","ydstogo":10,"ydsnet":35,"posteam":"DEN","desc":"(5:52) K.Moreno left guard to SD 45 for 13 yards (E.Weddle).","note":null,"players":{"00-0026988":[{"sequence":2,"clubcode":"DEN","playerName":"K.Moreno","statId":10,"yards":13}],"00-0025424":[{"sequence":3,"clubcode":"SD","playerName":"E.Weddle","statId":79,"yards":0}],"0":[{"sequence":1,"clubcode":"DEN","playerName":"","statId":3,"yards":0}]}},"2346":{"sp":0,"qtr":3,"down":1,"time":"05:17","yrdln":"SD 45","ydstogo":10,"ydsnet":35,"posteam":"DEN","desc":"(5:17) K.Orton pass incomplete deep left to T.Scheffler.","note":null,"players":{"00-0023541":[{"sequence":1,"clubcode":"DEN","playerName":"K.Orton","statId":14,"yards":0},{"sequence":3,"clubcode":"DEN","playerName":"K.Orton","statId":112,"yards":27}],"00-0024276":[{"sequence":2,"clubcode":"DEN","playerName":"T.Scheffler","statId":115,"yards":0}]}},"2368":{"sp":0,"qtr":3,"down":2,"time":"05:08","yrdln":"SD 45","ydstogo":10,"ydsnet":35,"posteam":"DEN","desc":"(5:08) C.Buckhalter left tackle to SD 45 for no gain (K.Burnett).","note":null,"players":{"00-0020270":[{"sequence":1,"clubcode":"DEN","playerName":"C.Buckhalter","statId":10,"yards":0}],"00-0023477":[{"sequence":2,"clubcode":"SD","playerName":"K.Burnett","statId":79,"yards":0}]}},"2389":{"sp":0,"qtr":3,"down":3,"time":"04:32","yrdln":"SD 45","ydstogo":10,"ydsnet":40,"posteam":"DEN","desc":"(4:32) (Shotgun) K.Orton pass short left to C.Buckhalter to SD 40 for 5 yards (I.Scott; K.Burnett).","note":null,"players":{"00-0023541":[{"sequence":2,"clubcode":"DEN","playerName":"K.Orton","statId":15,"yards":5},{"sequence":3,"clubcode":"DEN","playerName":"K.Orton","statId":111,"yards":2}],"00-0020270":[{"sequence":4,"clubcode":"DEN","playerName":"C.Buckhalter","statId":21,"yards":5},{"sequence":5,"clubcode":"DEN","playerName":"C.Buckhalter","statId":115,"yards":0},{"sequence":6,"clubcode":"DEN","playerName":"C.Buckhalter","statId":113,"yards":3}],"0":[{"sequence":1,"clubcode":"DEN","playerName":"","statId":7,"yards":0}],"00-0023477":[{"sequence":8,"clubcode":"SD","playerName":"K.Burnett","statId":82,"yards":0}],"00-0022140":[{"sequence":7,"clubcode":"SD","playerName":"I.Scott","statId":82,"yards":0}]}},"2413":{"sp":0,"qtr":3,"down":0,"time":"03:54","yrdln":"","ydstogo":0,"ydsnet":40,"posteam":"","desc":"Timeout #1 by SD at 03:54.","note":"TIMEOUT","players":{"0":[{"sequence":1,"clubcode":"SD","playerName":"","statId":68,"yards":0}]}},"2430":{"sp":0,"qtr":3,"down":4,"time":"03:54","yrdln":"SD 40","ydstogo":5,"ydsnet":40,"posteam":"DEN","desc":"(3:54) (Shotgun) K.Orton pass incomplete short middle to J.Gaffney.","note":null,"players":{"00-0023541":[{"sequence":2,"clubcode":"DEN","playerName":"K.Orton","statId":14,"yards":0},{"sequence":4,"clubcode":"DEN","playerName":"K.Orton","statId":112,"yards":10}],"0":[{"sequence":1,"clubcode":"DEN","playerName":"","statId":9,"yards":0}],"00-0021163":[{"sequence":3,"clubcode":"DEN","playerName":"J.Gaffney","statId":115,"yards":0}]}}},"fds":3,"result":"Downs","penyds":0,"ydsgained":40,"numplays":9,"postime":"2:56","start":{"qtr":3,"time":"06:47","yrdln":"DEN 20","team":"DEN"},"end":{"qtr":3,"time":"03:51","yrdln":"SD 40","team":"DEN"}},"15":{"posteam":"SD","qtr":4,"redzone":true,"plays":{"2453":{"sp":0,"qtr":3,"down":1,"time":"03:51","yrdln":"SD 40","ydstogo":10,"ydsnet":5,"posteam":"SD","desc":"(3:51) L.Tomlinson left tackle to SD 45 for 5 yards (E.Dumervil, A.Davis).","note":null,"players":{"00-0024341":[{"sequence":2,"clubcode":"DEN","playerName":"E.Dumervil","statId":80,"yards":0}],"00-0020536":[{"sequence":1,"clubcode":"SD","playerName":"L.Tomlinson","statId":10,"yards":5}],"00-0021257":[{"sequence":3,"clubcode":"DEN","playerName":"A.Davis","statId":82,"yards":0}]}},"2474":{"sp":0,"qtr":3,"down":2,"time":"03:16","yrdln":"SD 45","ydstogo":5,"ydsnet":10,"posteam":"SD","desc":"(3:16) D.Sproles left tackle to SD 49 for 4 yards (A.Davis). PENALTY on DEN-E.Dumervil, Defensive Offside, 5 yards, enforced at SD 45 - No Play.","note":"PENALTY","players":{"00-0024341":[{"sequence":2,"clubcode":"DEN","playerName":"E.Dumervil","statId":93,"yards":5}],"0":[{"sequence":1,"clubcode":"SD","playerName":"","statId":5,"yards":0}]}},"2506":{"sp":0,"qtr":3,"down":1,"time":"02:48","yrdln":"50","ydstogo":10,"ydsnet":15,"posteam":"SD","desc":"(2:48) D.Sproles left tackle to DEN 49 for 1 yard (E.Dumervil). PENALTY on DEN-K.Peterson, Defensive Offside, 5 yards, enforced at 50 - No Play.","note":"PENALTY","players":{"00-0022002":[{"sequence":1,"clubcode":"DEN","playerName":"K.Peterson","statId":93,"yards":5}]}},"2538":{"sp":0,"qtr":3,"down":1,"time":"02:26","yrdln":"DEN 45","ydstogo":5,"ydsnet":15,"posteam":"SD","desc":"(2:26) P.Rivers pass incomplete deep right to V.Jackson.","note":null,"players":{"00-0022942":[{"sequence":1,"clubcode":"SD","playerName":"P.Rivers","statId":14,"yards":0},{"sequence":3,"clubcode":"SD","playerName":"P.Rivers","statId":112,"yards":45}],"00-0023496":[{"sequence":2,"clubcode":"SD","playerName":"V.Jackson","statId":115,"yards":0}]}},"2560":{"sp":0,"qtr":3,"down":2,"time":"02:19","yrdln":"DEN 45","ydstogo":5,"ydsnet":20,"posteam":"SD","desc":"(2:19) L.Tomlinson right guard to DEN 40 for 5 yards (M.Haggan).","note":null,"players":{"00-0022034":[{"sequence":3,"clubcode":"DEN","playerName":"M.Haggan","statId":79,"yards":0}],"00-0020536":[{"sequence":2,"clubcode":"SD","playerName":"L.Tomlinson","statId":10,"yards":5}],"0":[{"sequence":1,"clubcode":"SD","playerName":"","statId":3,"yards":0}]}},"2581":{"sp":0,"qtr":3,"down":1,"time":"01:43","yrdln":"DEN 40","ydstogo":10,"ydsnet":28,"posteam":"SD","desc":"(1:43) L.Tomlinson right guard to DEN 32 for 8 yards (R.McBean).","note":null,"players":{"00-0020536":[{"sequence":1,"clubcode":"SD","playerName":"L.Tomlinson","statId":10,"yards":8}],"00-0025519":[{"sequence":2,"clubcode":"DEN","playerName":"R.McBean","statId":79,"yards":0}]}},"2602":{"sp":0,"qtr":3,"down":2,"time":"01:09","yrdln":"DEN 32","ydstogo":2,"ydsnet":43,"posteam":"SD","desc":"(1:09) J.Hester up the middle to DEN 17 for 15 yards (C.Bailey).","note":null,"players":{"0":[{"sequence":1,"clubcode":"SD","playerName":"","statId":3,"yards":0}],"00-0000585":[{"sequence":3,"clubcode":"DEN","playerName":"C.Bailey","statId":79,"yards":0}],"00-0026209":[{"sequence":2,"clubcode":"SD","playerName":"J.Hester","statId":10,"yards":15}]}},"2623":{"sp":0,"qtr":3,"down":1,"time":"00:24","yrdln":"DEN 17","ydstogo":10,"ydsnet":45,"posteam":"SD","desc":"(:24) D.Sproles right tackle to DEN 15 for 2 yards (M.Thomas; V.Holliday).","note":null,"players":{"00-0023564":[{"sequence":1,"clubcode":"SD","playerName":"D.Sproles","statId":10,"yards":2}],"00-0007611":[{"sequence":3,"clubcode":"DEN","playerName":"V.Holliday","statId":82,"yards":0}],"00-0025508":[{"sequence":2,"clubcode":"DEN","playerName":"M.Thomas","statId":82,"yards":0}]}},"2644":{"sp":0,"qtr":3,"down":0,"time":"","yrdln":"","ydstogo":0,"ydsnet":45,"posteam":"","desc":"END QUARTER 3","note":null,"players":{}},"2660":{"sp":0,"qtr":4,"down":2,"time":"15:00","yrdln":"DEN 15","ydstogo":8,"ydsnet":50,"posteam":"SD","desc":"(15:00) D.Sproles right tackle to DEN 10 for 5 yards (D.McBath, V.Holliday).","note":null,"players":{"00-0023564":[{"sequence":1,"clubcode":"SD","playerName":"D.Sproles","statId":10,"yards":5}],"00-0007611":[{"sequence":3,"clubcode":"DEN","playerName":"V.Holliday","statId":82,"yards":0}],"00-0027024":[{"sequence":2,"clubcode":"DEN","playerName":"D.McBath","statId":80,"yards":0}]}},"2681":{"sp":0,"qtr":4,"down":0,"time":"14:15","yrdln":"","ydstogo":0,"ydsnet":50,"posteam":"","desc":"Timeout #2 by SD at 14:15.","note":"TIMEOUT","players":{"0":[{"sequence":1,"clubcode":"SD","playerName":"","statId":68,"yards":0}]}},"2698":{"sp":0,"qtr":4,"down":3,"time":"14:15","yrdln":"DEN 10","ydstogo":3,"ydsnet":50,"posteam":"SD","desc":"(14:15) P.Rivers pass incomplete short middle to V.Jackson (R.Hill).","note":null,"players":{"00-0022942":[{"sequence":2,"clubcode":"SD","playerName":"P.Rivers","statId":14,"yards":0},{"sequence":5,"clubcode":"SD","playerName":"P.Rivers","statId":112,"yards":2}],"00-0023496":[{"sequence":3,"clubcode":"SD","playerName":"V.Jackson","statId":115,"yards":0}],"0":[{"sequence":1,"clubcode":"SD","playerName":"","statId":7,"yards":0}],"00-0020301":[{"sequence":4,"clubcode":"DEN","playerName":"R.Hill","statId":85,"yards":0}]}},"2720":{"sp":1,"qtr":4,"down":4,"time":"14:10","yrdln":"DEN 10","ydstogo":3,"ydsnet":50,"posteam":"SD","desc":"(14:10) N.Kaeding 28 yard field goal is GOOD, Center-D.Binn, Holder-M.Scifres.","note":"FG","players":{"00-0022737":[{"sequence":1,"clubcode":"SD","playerName":"N.Kaeding","statId":70,"yards":28}]}}},"fds":3,"result":"Field Goal","penyds":10,"ydsgained":40,"numplays":13,"postime":"4:45","start":{"qtr":3,"time":"03:51","yrdln":"SD 40","team":"SD"},"end":{"qtr":3,"time":"14:06","yrdln":"DEN 10","team":"SD"}},"16":{"posteam":"DEN","qtr":4,"redzone":true,"plays":{"2740":{"sp":0,"qtr":4,"down":0,"time":"14:06","yrdln":"SD 30","ydstogo":0,"ydsnet":0,"posteam":"SD","desc":"PENALTY on DEN-R.Fields, Unsportsmanlike Conduct, 15 yards, enforced at SD 30 - No Play. Penalty occurred after the extra point and will be assessed on the kickoff.","note":"PENALTY","players":{"00-0023571":[{"sequence":1,"clubcode":"DEN","playerName":"R.Fields","statId":93,"yards":15}]}},"2765":{"sp":0,"qtr":4,"down":0,"time":"14:06","yrdln":"SD 45","ydstogo":0,"ydsnet":0,"posteam":"SD","desc":"N.Kaeding kicks 55 yards from SD 45 to end zone, Touchback.","note":"KICKOFF","players":{"00-0022737":[{"sequence":1,"clubcode":"SD","playerName":"N.Kaeding","statId":44,"yards":55}],"0":[{"sequence":2,"clubcode":"DEN","playerName":"","statId":51,"yards":0}]}},"2779":{"sp":0,"qtr":4,"down":1,"time":"14:06","yrdln":"DEN 20","ydstogo":10,"ydsnet":0,"posteam":"DEN","desc":"(14:06) (Shotgun) K.Orton pass incomplete short right to B.Marshall (S.Gregory).","note":null,"players":{"00-0023998":[{"sequence":3,"clubcode":"SD","playerName":"S.Gregory","statId":85,"yards":0}],"00-0023541":[{"sequence":1,"clubcode":"DEN","playerName":"K.Orton","statId":14,"yards":0},{"sequence":4,"clubcode":"DEN","playerName":"K.Orton","statId":112,"yards":-5}],"00-0024334":[{"sequence":2,"clubcode":"DEN","playerName":"B.Marshall","statId":115,"yards":0}]}},"2801":{"sp":0,"qtr":4,"down":2,"time":"14:02","yrdln":"DEN 20","ydstogo":10,"ydsnet":-7,"posteam":"DEN","desc":"(14:02) (Shotgun) K.Orton sacked at DEN 13 for -7 yards (K.Burnett).","note":null,"players":{"00-0023541":[{"sequence":1,"clubcode":"DEN","playerName":"K.Orton","statId":20,"yards":-7}],"00-0023477":[{"sequence":2,"clubcode":"SD","playerName":"K.Burnett","statId":83,"yards":-7},{"sequence":3,"clubcode":"SD","playerName":"K.Burnett","statId":110,"yards":0},{"sequence":4,"clubcode":"SD","playerName":"K.Burnett","statId":79,"yards":0},{"sequence":5,"clubcode":"SD","playerName":"K.Burnett","statId":120,"yards":0}]}},"2820":{"sp":0,"qtr":4,"down":3,"time":"13:39","yrdln":"DEN 13","ydstogo":17,"ydsnet":-7,"posteam":"DEN","desc":"(13:39) (Shotgun) K.Orton pass incomplete deep right to J.Gaffney.","note":null,"players":{"00-0023541":[{"sequence":2,"clubcode":"DEN","playerName":"K.Orton","statId":14,"yards":0},{"sequence":4,"clubcode":"DEN","playerName":"K.Orton","statId":112,"yards":22}],"0":[{"sequence":1,"clubcode":"DEN","playerName":"","statId":7,"yards":0}],"00-0021163":[{"sequence":3,"clubcode":"DEN","playerName":"J.Gaffney","statId":115,"yards":0}]}},"2842":{"sp":0,"qtr":4,"down":4,"time":"13:33","yrdln":"DEN 13","ydstogo":17,"ydsnet":-7,"posteam":"DEN","desc":"(13:33) M.Berger punts 45 yards to SD 42, Center-L.Paxton. D.Sproles to SD 48 for 6 yards (E.Dumervil).","note":"PUNT","players":{"00-0023564":[{"sequence":2,"clubcode":"SD","playerName":"D.Sproles","statId":33,"yards":6}],"00-0024341":[{"sequence":3,"clubcode":"DEN","playerName":"E.Dumervil","statId":79,"yards":0}],"00-0001157":[{"sequence":1,"clubcode":"DEN","playerName":"M.Berger","statId":29,"yards":45}]}}},"fds":0,"result":"Punt","penyds":0,"ydsgained":-7,"numplays":6,"postime":"0:44","start":{"qtr":4,"time":"14:06","yrdln":"DEN 20","team":"DEN"},"end":{"qtr":4,"time":"13:22","yrdln":"DEN 13","team":"DEN"}},"17":{"posteam":"SD","qtr":4,"redzone":true,"plays":{"2868":{"sp":0,"qtr":4,"down":1,"time":"13:22","yrdln":"SD 48","ydstogo":10,"ydsnet":13,"posteam":"SD","desc":"(13:22) L.Tomlinson right end to DEN 39 for 13 yards (R.Hill).","note":null,"players":{"00-0020536":[{"sequence":2,"clubcode":"SD","playerName":"L.Tomlinson","statId":10,"yards":13}],"0":[{"sequence":1,"clubcode":"SD","playerName":"","statId":3,"yards":0}],"00-0020301":[{"sequence":3,"clubcode":"DEN","playerName":"R.Hill","statId":79,"yards":0}]}},"2889":{"sp":0,"qtr":4,"down":1,"time":"12:45","yrdln":"DEN 39","ydstogo":10,"ydsnet":45,"posteam":"SD","desc":"(12:45) M.Tolbert up the middle to DEN 7 for 32 yards (C.Bailey).","note":null,"players":{"00-0026069":[{"sequence":2,"clubcode":"SD","playerName":"M.Tolbert","statId":10,"yards":32}],"0":[{"sequence":1,"clubcode":"SD","playerName":"","statId":3,"yards":0}],"00-0000585":[{"sequence":3,"clubcode":"DEN","playerName":"C.Bailey","statId":79,"yards":0}]}},"2910":{"sp":0,"qtr":4,"down":1,"time":"12:05","yrdln":"DEN 7","ydstogo":7,"ydsnet":43,"posteam":"SD","desc":"(12:05) L.Tomlinson right guard to DEN 9 for -2 yards (A.Davis).","note":null,"players":{"00-0020536":[{"sequence":1,"clubcode":"SD","playerName":"L.Tomlinson","statId":10,"yards":-2}],"0":[{"sequence":2,"clubcode":"SD","playerName":"","statId":95,"yards":-2}],"00-0021257":[{"sequence":3,"clubcode":"DEN","playerName":"A.Davis","statId":79,"yards":0},{"sequence":4,"clubcode":"DEN","playerName":"A.Davis","statId":120,"yards":0}]}},"2931":{"sp":0,"qtr":4,"down":2,"time":"11:24","yrdln":"DEN 9","ydstogo":9,"ydsnet":46,"posteam":"SD","desc":"(11:24) P.Rivers pass short right to J.Hester to DEN 6 for 3 yards (M.Haggan).","note":null,"players":{"00-0022942":[{"sequence":1,"clubcode":"SD","playerName":"P.Rivers","statId":15,"yards":3},{"sequence":2,"clubcode":"SD","playerName":"P.Rivers","statId":111,"yards":2}],"00-0022034":[{"sequence":6,"clubcode":"DEN","playerName":"M.Haggan","statId":79,"yards":0}],"00-0026209":[{"sequence":3,"clubcode":"SD","playerName":"J.Hester","statId":21,"yards":3},{"sequence":4,"clubcode":"SD","playerName":"J.Hester","statId":115,"yards":0},{"sequence":5,"clubcode":"SD","playerName":"J.Hester","statId":113,"yards":1}]}},"2955":{"sp":0,"qtr":4,"down":3,"time":"10:55","yrdln":"DEN 6","ydstogo":6,"ydsnet":51,"posteam":"SD","desc":"(10:55) (Shotgun) D.Sproles up the middle to DEN 1 for 5 yards (D.McBath; R.Hill). SD-J.Clary was injured during the play.","note":null,"players":{"00-0023564":[{"sequence":2,"clubcode":"SD","playerName":"D.Sproles","statId":10,"yards":5}],"0":[{"sequence":1,"clubcode":"SD","playerName":"","statId":7,"yards":0}],"00-0020301":[{"sequence":4,"clubcode":"DEN","playerName":"R.Hill","statId":82,"yards":0}],"00-0027024":[{"sequence":3,"clubcode":"DEN","playerName":"D.McBath","statId":82,"yards":0}]}},"2979":{"sp":1,"qtr":4,"down":4,"time":"10:33","yrdln":"DEN 1","ydstogo":1,"ydsnet":51,"posteam":"SD","desc":"(10:33) N.Kaeding 19 yard field goal is GOOD, Center-D.Binn, Holder-M.Scifres.","note":"FG","players":{"00-0022737":[{"sequence":1,"clubcode":"SD","playerName":"N.Kaeding","statId":70,"yards":19}]}}},"fds":2,"result":"Field Goal","penyds":0,"ydsgained":51,"numplays":6,"postime":"2:54","start":{"qtr":4,"time":"13:22","yrdln":"SD 48","team":"SD"},"end":{"qtr":4,"time":"10:28","yrdln":"DEN 1","team":"SD"}},"18":{"posteam":"DEN","qtr":4,"redzone":true,"plays":{"2999":{"sp":0,"qtr":4,"down":0,"time":"10:28","yrdln":"SD 30","ydstogo":0,"ydsnet":0,"posteam":"SD","desc":"N.Kaeding kicks 73 yards from SD 30 to DEN -3. E.Royal to DEN 18 for 21 yards (J.Holt).","note":"KICKOFF","players":{"00-0022737":[{"sequence":1,"clubcode":"SD","playerName":"N.Kaeding","statId":43,"yards":73},{"sequence":3,"clubcode":"SD","playerName":"N.Kaeding","statId":42,"yards":0}],"00-0026182":[{"sequence":2,"clubcode":"DEN","playerName":"E.Royal","statId":45,"yards":21}],"00-0026751":[{"sequence":4,"clubcode":"SD","playerName":"J.Holt","statId":79,"yards":0}]}},"3021":{"sp":0,"qtr":4,"down":1,"time":"10:23","yrdln":"DEN 18","ydstogo":10,"ydsnet":16,"posteam":"DEN","desc":"(10:23) (Shotgun) K.Orton pass short left to C.Buckhalter pushed ob at DEN 34 for 16 yards (A.Cromartie).","note":null,"players":{"00-0023541":[{"sequence":2,"clubcode":"DEN","playerName":"K.Orton","statId":15,"yards":16},{"sequence":3,"clubcode":"DEN","playerName":"K.Orton","statId":111,"yards":1}],"00-0020270":[{"sequence":4,"clubcode":"DEN","playerName":"C.Buckhalter","statId":21,"yards":16},{"sequence":5,"clubcode":"DEN","playerName":"C.Buckhalter","statId":115,"yards":0},{"sequence":6,"clubcode":"DEN","playerName":"C.Buckhalter","statId":113,"yards":15}],"0":[{"sequence":1,"clubcode":"DEN","playerName":"","statId":4,"yards":0}],"00-0024234":[{"sequence":7,"clubcode":"SD","playerName":"A.Cromartie","statId":79,"yards":0}]}},"3045":{"sp":0,"qtr":4,"down":1,"time":"10:07","yrdln":"DEN 34","ydstogo":10,"ydsnet":21,"posteam":"DEN","desc":"(10:07) (Shotgun) K.Orton pass short left to E.Royal ran ob at DEN 39 for 5 yards.","note":null,"players":{"00-0023541":[{"sequence":1,"clubcode":"DEN","playerName":"K.Orton","statId":15,"yards":5},{"sequence":2,"clubcode":"DEN","playerName":"K.Orton","statId":111,"yards":5}],"00-0026182":[{"sequence":3,"clubcode":"DEN","playerName":"E.Royal","statId":21,"yards":5},{"sequence":4,"clubcode":"DEN","playerName":"E.Royal","statId":115,"yards":0},{"sequence":5,"clubcode":"DEN","playerName":"E.Royal","statId":113,"yards":0}]}},"3069":{"sp":0,"qtr":4,"down":2,"time":"09:54","yrdln":"DEN 39","ydstogo":5,"ydsnet":27,"posteam":"DEN","desc":"(9:54) (Shotgun) C.Buckhalter right guard to DEN 45 for 6 yards (S.Cooper, S.Phillips).","note":null,"players":{"00-0021544":[{"sequence":3,"clubcode":"SD","playerName":"S.Cooper","statId":80,"yards":0}],"00-0020270":[{"sequence":2,"clubcode":"DEN","playerName":"C.Buckhalter","statId":10,"yards":6}],"0":[{"sequence":1,"clubcode":"DEN","playerName":"","statId":3,"yards":0}],"00-0022723":[{"sequence":4,"clubcode":"SD","playerName":"S.Phillips","statId":82,"yards":0}]}},"3090":{"sp":0,"qtr":4,"down":1,"time":"09:26","yrdln":"DEN 45","ydstogo":10,"ydsnet":31,"posteam":"DEN","desc":"(9:26) K.Orton pass short left to D.Graham to DEN 49 for 4 yards (S.Gregory).","note":null,"players":{"00-0023998":[{"sequence":6,"clubcode":"SD","playerName":"S.Gregory","statId":79,"yards":0}],"00-0023541":[{"sequence":1,"clubcode":"DEN","playerName":"K.Orton","statId":15,"yards":4},{"sequence":2,"clubcode":"DEN","playerName":"K.Orton","statId":111,"yards":3}],"00-0021154":[{"sequence":3,"clubcode":"DEN","playerName":"D.Graham","statId":21,"yards":4},{"sequence":4,"clubcode":"DEN","playerName":"D.Graham","statId":115,"yards":0},{"sequence":5,"clubcode":"DEN","playerName":"D.Graham","statId":113,"yards":1}]}},"3114":{"sp":0,"qtr":4,"down":2,"time":"08:59","yrdln":"DEN 49","ydstogo":6,"ydsnet":56,"posteam":"DEN","desc":"(8:59) (Shotgun) K.Orton pass short left to C.Buckhalter pushed ob at SD 26 for 25 yards (A.Cromartie). SD-K.Burnett was injured during the play.","note":null,"players":{"00-0023541":[{"sequence":2,"clubcode":"DEN","playerName":"K.Orton","statId":15,"yards":25},{"sequence":3,"clubcode":"DEN","playerName":"K.Orton","statId":111,"yards":-3}],"00-0020270":[{"sequence":4,"clubcode":"DEN","playerName":"C.Buckhalter","statId":21,"yards":25},{"sequence":5,"clubcode":"DEN","playerName":"C.Buckhalter","statId":115,"yards":0},{"sequence":6,"clubcode":"DEN","playerName":"C.Buckhalter","statId":113,"yards":28}],"0":[{"sequence":1,"clubcode":"DEN","playerName":"","statId":4,"yards":0}],"00-0024234":[{"sequence":7,"clubcode":"SD","playerName":"A.Cromartie","statId":79,"yards":0}]}},"3138":{"sp":0,"qtr":4,"down":1,"time":"08:33","yrdln":"SD 26","ydstogo":10,"ydsnet":62,"posteam":"DEN","desc":"(8:33) (Shotgun) K.Orton pass short left to K.Moreno pushed ob at SD 20 for 6 yards (T.Dobbins).","note":null,"players":{"00-0023541":[{"sequence":1,"clubcode":"DEN","playerName":"K.Orton","statId":15,"yards":6},{"sequence":2,"clubcode":"DEN","playerName":"K.Orton","statId":111,"yards":2}],"00-0026988":[{"sequence":3,"clubcode":"DEN","playerName":"K.Moreno","statId":21,"yards":6},{"sequence":4,"clubcode":"DEN","playerName":"K.Moreno","statId":115,"yards":0},{"sequence":5,"clubcode":"DEN","playerName":"K.Moreno","statId":113,"yards":4}],"00-0024365":[{"sequence":6,"clubcode":"SD","playerName":"T.Dobbins","statId":79,"yards":0}]}},"3166":{"sp":0,"qtr":4,"down":2,"time":"08:19","yrdln":"SD 20","ydstogo":4,"ydsnet":68,"posteam":"DEN","desc":"(8:19) (Shotgun) K.Orton pass short middle to B.Marshall to SD 14 for 6 yards (S.Gregory).","note":null,"players":{"00-0023998":[{"sequence":7,"clubcode":"SD","playerName":"S.Gregory","statId":79,"yards":0}],"00-0023541":[{"sequence":2,"clubcode":"DEN","playerName":"K.Orton","statId":15,"yards":6},{"sequence":3,"clubcode":"DEN","playerName":"K.Orton","statId":111,"yards":5}],"00-0024334":[{"sequence":4,"clubcode":"DEN","playerName":"B.Marshall","statId":21,"yards":6},{"sequence":5,"clubcode":"DEN","playerName":"B.Marshall","statId":115,"yards":0},{"sequence":6,"clubcode":"DEN","playerName":"B.Marshall","statId":113,"yards":1}],"0":[{"sequence":1,"clubcode":"DEN","playerName":"","statId":4,"yards":0}]}},"3190":{"sp":0,"qtr":4,"down":1,"time":"07:56","yrdln":"SD 14","ydstogo":10,"ydsnet":68,"posteam":"DEN","desc":"(7:56) (Shotgun) K.Orton pass incomplete short right to B.Marshall.","note":null,"players":{"00-0023541":[{"sequence":1,"clubcode":"DEN","playerName":"K.Orton","statId":14,"yards":0},{"sequence":3,"clubcode":"DEN","playerName":"K.Orton","statId":112,"yards":14}],"00-0024334":[{"sequence":2,"clubcode":"DEN","playerName":"B.Marshall","statId":115,"yards":0}]}},"3212":{"sp":0,"qtr":4,"down":2,"time":"07:49","yrdln":"SD 14","ydstogo":10,"ydsnet":63,"posteam":"DEN","desc":"(7:49) (Shotgun) PENALTY on DEN-R.Clady, False Start, 5 yards, enforced at SD 14 - No Play.","note":"PENALTY","players":{"00-0026152":[{"sequence":1,"clubcode":"DEN","playerName":"R.Clady","statId":93,"yards":5}]}},"3235":{"sp":0,"qtr":4,"down":2,"time":"07:49","yrdln":"SD 19","ydstogo":15,"ydsnet":63,"posteam":"DEN","desc":"(7:49) (Shotgun) K.Orton pass incomplete short right to J.Gaffney.","note":null,"players":{"00-0023541":[{"sequence":1,"clubcode":"DEN","playerName":"K.Orton","statId":14,"yards":0},{"sequence":3,"clubcode":"DEN","playerName":"K.Orton","statId":112,"yards":0}],"00-0021163":[{"sequence":2,"clubcode":"DEN","playerName":"J.Gaffney","statId":115,"yards":0}]}},"3257":{"sp":0,"qtr":4,"down":3,"time":"07:47","yrdln":"SD 19","ydstogo":15,"ydsnet":63,"posteam":"DEN","desc":"(7:47) (Shotgun) K.Orton pass incomplete deep right to B.Marshall (Q.Jammer).","note":null,"players":{"00-0023541":[{"sequence":2,"clubcode":"DEN","playerName":"K.Orton","statId":14,"yards":0},{"sequence":5,"clubcode":"DEN","playerName":"K.Orton","statId":112,"yards":19}],"00-0024334":[{"sequence":3,"clubcode":"DEN","playerName":"B.Marshall","statId":115,"yards":0}],"0":[{"sequence":1,"clubcode":"DEN","playerName":"","statId":7,"yards":0}],"00-0021381":[{"sequence":4,"clubcode":"SD","playerName":"Q.Jammer","statId":85,"yards":0}]}},"3279":{"sp":0,"qtr":4,"down":4,"time":"07:42","yrdln":"SD 19","ydstogo":15,"ydsnet":63,"posteam":"DEN","desc":"(7:42) (Shotgun) K.Orton pass incomplete deep middle to B.Marshall (P.Oliver).","note":null,"players":{"00-0025788":[{"sequence":4,"clubcode":"SD","playerName":"P.Oliver","statId":85,"yards":0}],"00-0023541":[{"sequence":2,"clubcode":"DEN","playerName":"K.Orton","statId":14,"yards":0},{"sequence":5,"clubcode":"DEN","playerName":"K.Orton","statId":112,"yards":19}],"00-0024334":[{"sequence":3,"clubcode":"DEN","playerName":"B.Marshall","statId":115,"yards":0}],"0":[{"sequence":1,"clubcode":"DEN","playerName":"","statId":9,"yards":0}]}}},"fds":4,"result":"Downs","penyds":-5,"ydsgained":68,"numplays":13,"postime":"2:51","start":{"qtr":4,"time":"10:28","yrdln":"DEN 18","team":"DEN"},"end":{"qtr":4,"time":"07:37","yrdln":"SD 19","team":"DEN"}},"19":{"posteam":"SD","qtr":4,"redzone":true,"plays":{"3302":{"sp":0,"qtr":4,"down":1,"time":"07:37","yrdln":"SD 19","ydstogo":10,"ydsnet":5,"posteam":"SD","desc":"(7:37) M.Tolbert up the middle to SD 24 for 5 yards (K.Peterson, R.Fields).","note":null,"players":{"00-0022002":[{"sequence":2,"clubcode":"DEN","playerName":"K.Peterson","statId":80,"yards":0}],"00-0023571":[{"sequence":3,"clubcode":"DEN","playerName":"R.Fields","statId":82,"yards":0}],"00-0026069":[{"sequence":1,"clubcode":"SD","playerName":"M.Tolbert","statId":10,"yards":5}]}},"3323":{"sp":0,"qtr":4,"down":2,"time":"06:56","yrdln":"SD 24","ydstogo":5,"ydsnet":6,"posteam":"SD","desc":"(6:56) J.Hester up the middle to SD 25 for 1 yard (A.Davis, K.Peterson).","note":null,"players":{"00-0022002":[{"sequence":3,"clubcode":"DEN","playerName":"K.Peterson","statId":82,"yards":0}],"00-0021257":[{"sequence":2,"clubcode":"DEN","playerName":"A.Davis","statId":80,"yards":0}],"00-0026209":[{"sequence":1,"clubcode":"SD","playerName":"J.Hester","statId":10,"yards":1}]}},"3344":{"sp":0,"qtr":4,"down":3,"time":"06:15","yrdln":"SD 25","ydstogo":4,"ydsnet":20,"posteam":"SD","desc":"(6:15) J.Hester right tackle to SD 39 for 14 yards (M.Haggan).","note":null,"players":{"00-0022034":[{"sequence":4,"clubcode":"DEN","playerName":"M.Haggan","statId":79,"yards":0}],"0":[{"sequence":1,"clubcode":"SD","playerName":"","statId":3,"yards":0},{"sequence":2,"clubcode":"SD","playerName":"","statId":6,"yards":0}],"00-0026209":[{"sequence":3,"clubcode":"SD","playerName":"J.Hester","statId":10,"yards":14}]}},"3365":{"sp":0,"qtr":4,"down":1,"time":"05:29","yrdln":"SD 39","ydstogo":10,"ydsnet":26,"posteam":"SD","desc":"(5:29) M.Tolbert up the middle to SD 45 for 6 yards (D.McBath).","note":null,"players":{"00-0026069":[{"sequence":1,"clubcode":"SD","playerName":"M.Tolbert","statId":10,"yards":6}],"00-0027024":[{"sequence":2,"clubcode":"DEN","playerName":"D.McBath","statId":79,"yards":0}]}},"3386":{"sp":0,"qtr":4,"down":2,"time":"04:48","yrdln":"SD 45","ydstogo":4,"ydsnet":28,"posteam":"SD","desc":"(4:48) M.Tolbert up the middle to SD 47 for 2 yards (R.McBean, M.Thomas).","note":null,"players":{"00-0025508":[{"sequence":3,"clubcode":"DEN","playerName":"M.Thomas","statId":82,"yards":0}],"00-0026069":[{"sequence":1,"clubcode":"SD","playerName":"M.Tolbert","statId":10,"yards":2}],"00-0025519":[{"sequence":2,"clubcode":"DEN","playerName":"R.McBean","statId":80,"yards":0}]}},"3407":{"sp":0,"qtr":4,"down":3,"time":"04:07","yrdln":"SD 47","ydstogo":2,"ydsnet":29,"posteam":"SD","desc":"(4:07) J.Hester up the middle to SD 48 for 1 yard (L.Smith).","note":null,"players":{"0":[{"sequence":1,"clubcode":"SD","playerName":"","statId":7,"yards":0}],"00-0024420":[{"sequence":3,"clubcode":"DEN","playerName":"L.Smith","statId":79,"yards":0}],"00-0026209":[{"sequence":2,"clubcode":"SD","playerName":"J.Hester","statId":10,"yards":1}]}},"3428":{"sp":0,"qtr":4,"down":0,"time":"03:59","yrdln":"","ydstogo":0,"ydsnet":29,"posteam":"","desc":"Timeout #3 by SD at 03:59.","note":"TIMEOUT","players":{"0":[{"sequence":1,"clubcode":"SD","playerName":"","statId":68,"yards":0}]}},"3445":{"sp":0,"qtr":4,"down":4,"time":"03:59","yrdln":"SD 48","ydstogo":1,"ydsnet":29,"posteam":"SD","desc":"(3:59) M.Scifres punts 52 yards to end zone, Center-D.Binn, Touchback.","note":"PUNT","players":{"00-0022017":[{"sequence":1,"clubcode":"SD","playerName":"M.Scifres","statId":32,"yards":52}],"0":[{"sequence":2,"clubcode":"DEN","playerName":"","statId":40,"yards":0}]}}},"fds":1,"result":"Punt","penyds":0,"ydsgained":29,"numplays":8,"postime":"3:46","start":{"qtr":4,"time":"07:37","yrdln":"SD 19","team":"SD"},"end":{"qtr":4,"time":"03:51","yrdln":"SD 48","team":"SD"}},"20":{"posteam":"DEN","qtr":4,"redzone":true,"plays":{"3463":{"sp":0,"qtr":4,"down":1,"time":"03:51","yrdln":"DEN 20","ydstogo":10,"ydsnet":0,"posteam":"DEN","desc":"(3:51) (Shotgun) K.Orton pass incomplete short middle to T.Scheffler (S.Cooper).","note":null,"players":{"00-0021544":[{"sequence":3,"clubcode":"SD","playerName":"S.Cooper","statId":85,"yards":0}],"00-0023541":[{"sequence":1,"clubcode":"DEN","playerName":"K.Orton","statId":14,"yards":0},{"sequence":4,"clubcode":"DEN","playerName":"K.Orton","statId":112,"yards":5}],"00-0024276":[{"sequence":2,"clubcode":"DEN","playerName":"T.Scheffler","statId":115,"yards":0}]}},"3485":{"sp":0,"qtr":4,"down":2,"time":"03:46","yrdln":"DEN 20","ydstogo":10,"ydsnet":8,"posteam":"DEN","desc":"(3:46) (Shotgun) K.Orton pass short left to E.Royal pushed ob at DEN 28 for 8 yards (A.Cromartie).","note":null,"players":{"00-0023541":[{"sequence":1,"clubcode":"DEN","playerName":"K.Orton","statId":15,"yards":8},{"sequence":2,"clubcode":"DEN","playerName":"K.Orton","statId":111,"yards":3}],"00-0026182":[{"sequence":3,"clubcode":"DEN","playerName":"E.Royal","statId":21,"yards":8},{"sequence":4,"clubcode":"DEN","playerName":"E.Royal","statId":115,"yards":0},{"sequence":5,"clubcode":"DEN","playerName":"E.Royal","statId":113,"yards":5}],"00-0024234":[{"sequence":6,"clubcode":"SD","playerName":"A.Cromartie","statId":79,"yards":0}]}},"3509":{"sp":0,"qtr":4,"down":3,"time":"03:39","yrdln":"DEN 28","ydstogo":2,"ydsnet":8,"posteam":"DEN","desc":"(3:39) (Shotgun) K.Orton pass incomplete short right to J.Gaffney (Q.Jammer).","note":null,"players":{"00-0023541":[{"sequence":2,"clubcode":"DEN","playerName":"K.Orton","statId":14,"yards":0},{"sequence":5,"clubcode":"DEN","playerName":"K.Orton","statId":112,"yards":14}],"0":[{"sequence":1,"clubcode":"DEN","playerName":"","statId":7,"yards":0}],"00-0021163":[{"sequence":3,"clubcode":"DEN","playerName":"J.Gaffney","statId":115,"yards":0}],"00-0021381":[{"sequence":4,"clubcode":"SD","playerName":"Q.Jammer","statId":85,"yards":0}]}},"3532":{"sp":0,"qtr":4,"down":4,"time":"03:33","yrdln":"DEN 28","ydstogo":2,"ydsnet":8,"posteam":"DEN","desc":"(3:33) (Shotgun) K.Orton pass incomplete short right to J.Gaffney (S.Gregory).","note":null,"players":{"00-0023998":[{"sequence":4,"clubcode":"SD","playerName":"S.Gregory","statId":85,"yards":0}],"00-0023541":[{"sequence":2,"clubcode":"DEN","playerName":"K.Orton","statId":14,"yards":0},{"sequence":5,"clubcode":"DEN","playerName":"K.Orton","statId":112,"yards":7}],"0":[{"sequence":1,"clubcode":"DEN","playerName":"","statId":9,"yards":0}],"00-0021163":[{"sequence":3,"clubcode":"DEN","playerName":"J.Gaffney","statId":115,"yards":0}]}}},"fds":0,"result":"Downs","penyds":0,"ydsgained":8,"numplays":4,"postime":"0:22","start":{"qtr":4,"time":"03:51","yrdln":"DEN 20","team":"DEN"},"end":{"qtr":4,"time":"03:29","yrdln":"DEN 28","team":"DEN"}},"21":{"posteam":"SD","qtr":4,"redzone":true,"plays":{"3555":{"sp":0,"qtr":4,"down":1,"time":"03:29","yrdln":"DEN 28","ydstogo":10,"ydsnet":9,"posteam":"SD","desc":"(3:29) J.Hester right tackle to DEN 19 for 9 yards (R.Hill).","note":null,"players":{"00-0020301":[{"sequence":2,"clubcode":"DEN","playerName":"R.Hill","statId":79,"yards":0}],"00-0026209":[{"sequence":1,"clubcode":"SD","playerName":"J.Hester","statId":10,"yards":9}]}},"3577":{"sp":0,"qtr":4,"down":2,"time":"02:46","yrdln":"DEN 19","ydstogo":1,"ydsnet":11,"posteam":"SD","desc":"(2:46) M.Tolbert left tackle to DEN 17 for 2 yards (R.Hill, R.Fields).","note":null,"players":{"00-0023571":[{"sequence":4,"clubcode":"DEN","playerName":"R.Fields","statId":82,"yards":0}],"00-0026069":[{"sequence":2,"clubcode":"SD","playerName":"M.Tolbert","statId":10,"yards":2}],"0":[{"sequence":1,"clubcode":"SD","playerName":"","statId":3,"yards":0}],"00-0020301":[{"sequence":3,"clubcode":"DEN","playerName":"R.Hill","statId":80,"yards":0}]}},"3598":{"sp":0,"qtr":4,"down":1,"time":"02:01","yrdln":"DEN 17","ydstogo":10,"ydsnet":14,"posteam":"SD","desc":"(2:01) J.Hester right tackle to DEN 14 for 3 yards (M.Haggan).","note":null,"players":{"00-0022034":[{"sequence":2,"clubcode":"DEN","playerName":"M.Haggan","statId":79,"yards":0}],"00-0026209":[{"sequence":1,"clubcode":"SD","playerName":"J.Hester","statId":10,"yards":3}]}},"3619":{"sp":0,"qtr":4,"down":0,"time":"01:56","yrdln":"","ydstogo":0,"ydsnet":14,"posteam":"","desc":"Two-Minute Warning","note":null,"players":{}},"3636":{"sp":0,"qtr":4,"down":2,"time":"01:56","yrdln":"DEN 14","ydstogo":7,"ydsnet":17,"posteam":"SD","desc":"(1:56) M.Tolbert up the middle to DEN 11 for 3 yards (R.Fields, V.Holliday).","note":null,"players":{"00-0007611":[{"sequence":3,"clubcode":"DEN","playerName":"V.Holliday","statId":82,"yards":0}],"00-0023571":[{"sequence":2,"clubcode":"DEN","playerName":"R.Fields","statId":80,"yards":0}],"00-0026069":[{"sequence":1,"clubcode":"SD","playerName":"M.Tolbert","statId":10,"yards":3}]}},"3657":{"sp":0,"qtr":4,"down":3,"time":"01:14","yrdln":"DEN 11","ydstogo":4,"ydsnet":20,"posteam":"SD","desc":"(1:14) J.Hester left end to DEN 8 for 3 yards (D.Reid).","note":null,"players":{"00-0023199":[{"sequence":3,"clubcode":"DEN","playerName":"D.Reid","statId":79,"yards":0}],"0":[{"sequence":1,"clubcode":"SD","playerName":"","statId":7,"yards":0}],"00-0026209":[{"sequence":2,"clubcode":"SD","playerName":"J.Hester","statId":10,"yards":3}]}},"3678":{"sp":1,"qtr":4,"down":4,"time":"00:39","yrdln":"DEN 8","ydstogo":1,"ydsnet":28,"posteam":"SD","desc":"(:39) M.Tolbert up the middle for 8 yards, TOUCHDOWN.","note":"TD","players":{"00-0026069":[{"sequence":3,"clubcode":"SD","playerName":"M.Tolbert","statId":11,"yards":8}],"0":[{"sequence":1,"clubcode":"SD","playerName":"","statId":3,"yards":0},{"sequence":2,"clubcode":"SD","playerName":"","statId":8,"yards":0}]}},"3696":{"sp":0,"qtr":4,"down":0,"time":"00:34","yrdln":"DEN 2","ydstogo":0,"ydsnet":28,"posteam":"SD","desc":"N.Kaeding extra point is Blocked (M.Thomas), Center-D.Binn, Holder-M.Scifres.","note":"XPB","players":{"00-0022737":[{"sequence":1,"clubcode":"SD","playerName":"N.Kaeding","statId":74,"yards":0}],"00-0025508":[{"sequence":2,"clubcode":"DEN","playerName":"M.Thomas","statId":87,"yards":0}]}}},"fds":2,"result":"Touchdown","penyds":0,"ydsgained":28,"numplays":8,"postime":"2:55","start":{"qtr":4,"time":"03:29","yrdln":"DEN 28","team":"SD"},"end":{"qtr":4,"time":"00:34","yrdln":"DEN 8","team":"SD"}},"22":{"posteam":"DEN","qtr":4,"redzone":true,"plays":{"3712":{"sp":0,"qtr":4,"down":0,"time":"00:34","yrdln":"SD 30","ydstogo":0,"ydsnet":0,"posteam":"SD","desc":"N.Kaeding kicks 70 yards from SD 30 to end zone, Touchback.","note":"KICKOFF","players":{"00-0022737":[{"sequence":1,"clubcode":"SD","playerName":"N.Kaeding","statId":44,"yards":70}],"0":[{"sequence":2,"clubcode":"DEN","playerName":"","statId":51,"yards":0}]}},"3730":{"sp":0,"qtr":4,"down":1,"time":"00:34","yrdln":"DEN 20","ydstogo":10,"ydsnet":9,"posteam":"DEN","desc":"(:34) C.Buckhalter right guard to DEN 29 for 9 yards (I.Scott).","note":null,"players":{"00-0020270":[{"sequence":1,"clubcode":"DEN","playerName":"C.Buckhalter","statId":10,"yards":9}],"00-0022140":[{"sequence":2,"clubcode":"SD","playerName":"I.Scott","statId":79,"yards":0}]}},"3751":{"sp":0,"qtr":4,"down":0,"time":"00:00","yrdln":"","ydstogo":0,"ydsnet":9,"posteam":"","desc":"END GAME","note":null,"players":{}}},"fds":0,"result":"End of Game","penyds":0,"ydsgained":9,"numplays":3,"postime":"0:34","start":{"qtr":4,"time":"00:34","yrdln":"DEN 20","team":"DEN"},"end":{"qtr":4,"time":"00:00","yrdln":"","team":"DEN"}},"crntdrv":22},"scrsummary":{"461":{"type":"TD","desc":"L.Naanee 2 yd. pass from P.Rivers (N.Kaeding kick is good) Drive: 9 plays, 69 yards in 4:37","qtr":1,"team":"SD","players":{"":"0","P.Rivers":"00-0022942","L.Naanee":"00-0025559","N.Kaeding":"00-0022737"}},"955":{"type":"FG","desc":"N.Kaeding 28 yd. Field Goal Drive: 11 plays, 46 yards in 7:14","qtr":2,"team":"SD","players":{"N.Kaeding":"00-0022737"}},"1354":{"type":"FG","desc":"N.Kaeding 47 yd. Field Goal Drive: 9 plays, 44 yards in 5:33","qtr":2,"team":"SD","players":{"N.Kaeding":"00-0022737"}},"2074":{"type":"FG","desc":"M.Prater 23 yd. Field Goal Drive: 9 plays, 59 yards in 3:58","qtr":3,"team":"DEN","players":{"M.Prater":"00-0023853"}},"2229":{"type":"TD","desc":"L.Tomlinson 1 yd. run (N.Kaeding kick is good) Drive: 6 plays, 41 yards in 3:09","qtr":3,"team":"SD","players":{"":"0","L.Tomlinson":"00-0020536","N.Kaeding":"00-0022737"}},"2720":{"type":"FG","desc":"N.Kaeding 28 yd. Field Goal Drive: 9 plays, 50 yards in 4:45","qtr":4,"team":"SD","players":{"N.Kaeding":"00-0022737"}},"2979":{"type":"FG","desc":"N.Kaeding 19 yd. Field Goal Drive: 6 plays, 51 yards in 2:54","qtr":4,"team":"SD","players":{"N.Kaeding":"00-0022737"}},"3678":{"type":"TD","desc":"M.Tolbert 8 yd. run (kick blocked) Drive: 6 plays, 28 yards in 2:55","qtr":4,"team":"SD","players":{"":"0","M.Tolbert":"00-0026069"}}},"weather":null,"media":null,"yl":"","qtr":"Final","note":null,"down":0,"togo":0,"redzone":true,"clock":"00:34","posteam":"DEN","stadium":null},"nextupdate":254}