{"2009122706":{"home":{"score":{"1":7,"2":21,"3":0,"4":7,"5":0,"T":35},"abbr":"NE","to":3,"stats":{"passing":{"00-0019596":{"name":"T.Brady","att":26,"cmp":23,"yds":267,"tds":4,"ints":0,"twopta":0,"twoptm":0}},"rushing":{"00-0019484":{"name":"S.Morris","att":12,"yds":95,"tds":1,"lng":55,"twopta":0,"twoptm":0},"00-0005091":{"name":"K.Faulk","att":6,"yds":41,"tds":0,"lng":18,"twopta":0,"twoptm":0},"00-0016098":{"name":"F.Taylor","att":11,"yds":35,"tds":0,"lng":8,"twopta":0,"twoptm":0},"00-0024236":{"name":"L.Maroney","att":5,"yds":22,"tds":0,"lng":9,"twopta":0,"twoptm":0},"00-0019596":{"name":"T.Brady","att":2,"yds":4,"tds":0,"lng":2,"twopta":0,"twoptm":0}},"receiving":{"00-0022427":{"name":"W.Welker","rec":13,"yds":138,"tds":0,"lng":29,"twopta":0,"twoptm":0},"00-0011754":{"name":"R.Moss","rec":4,"yds":45,"tds":3,"lng":20,"twopta":0,"twoptm":0},"00-0021213":{"name":"C.Baker","rec":2,"yds":32,"tds":1,"lng":26,"twopta":0,"twoptm":0},"00-0027150":{"name":"J.Edelman","rec":1,"yds":28,"tds":0,"lng":28,"twopta":0,"twoptm":0},"00-0022943":{"name":"B.Watson","rec":1,"yds":14,"tds":0,"lng":14,"twopta":0,"twoptm":0},"00-0021915":{"name":"S.Aiken","rec":1,"yds":7,"tds":0,"lng":7,"twopta":0,"twoptm":0},"00-0019484":{"name":"S.Morris","rec":1,"yds":3,"tds":0,"lng":3,"twopta":0,"twoptm":0}},"fumbles":{"00-0024236":{"name":"L.Maroney","tot":1,"rcv":0,"trcv":0,"yds":0,"lost":1}},"kicking":{"00-0024333":{"name":"S.Gostkowski","fgm":0,"fga":0,"fgyds":0,"totpfg":0,"xpmade":5,"xpmissed":0,"xpa":5,"xpb":0,"xptot":5}},"punting":{"00-0006799":{"name":"C.Hanson","pts":1,"yds":42,"avg":42,"i20":0,"lng":42}},"kickret":{"00-0027150":{"name":"J.Edelman","ret":1,"avg":16,"tds":0,"lng":16}},"puntret":{"00-0022427":{"name":"W.Welker","ret":1,"avg":9,"tds":0,"lng":9}},"defense":{"00-0026150":{"name":"J.Mayo","tkl":11,"ast":4,"sk":0,"int":0,"ffum":0},"00-0025411":{"name":"B.Meriweather","tkl":6,"ast":0,"sk":0,"int":1,"ffum":0},"00-0026269":{"name":"J.Wilhite","tkl":5,"ast":0,"sk":0,"int":0,"ffum":0},"00-0022038":{"name":"T.Banta-Cain","tkl":4,"ast":1,"sk":1,"int":0,"ffum":1},"00-0023567":{"name":"J.Sanders","tkl":4,"ast":1,"sk":0,"int":0,"ffum":0},"00-0025821":{"name":"G.Guyton","tkl":3,"ast":2,"sk":1,"int":0,"ffum":0},"00-0027138":{"name":"M.Pryor","tkl":1,"ast":4,"sk":0,"int":0,"ffum":0},"00-0019593":{"name":"A.Thomas","tkl":3,"ast":0,"sk":0,"int":0,"ffum":0},"00-0015495":{"name":"S.Springs","tkl":2,"ast":1,"sk":0,"int":1,"ffum":0},"00-0021612":{"name":"L.Bodden","tkl":2,"ast":1,"sk":0,"int":0,"ffum":0},"00-0021244":{"name":"J.Green","tkl":1,"ast":1,"sk":0,"int":0,"ffum":0},"00-0023255":{"name":"M.Wright","tkl":1,"ast":1,"sk":0,"int":0,"ffum":0},"00-0023354":{"name":"B.McGowan","tkl":0,"ast":2,"sk":0,"int":0,"ffum":0},"00-0014619":{"name":"J.Seau","tkl":1,"ast":0,"sk":0,"int":0,"ffum":0},"00-0027016":{"name":"R.Brace","tkl":1,"ast":0,"sk":0,"int":0,"ffum":0},"00-0024349":{"name":"R.Ninkovich","tkl":0,"ast":1,"sk":0,"int":0,"ffum":0}},"team":{"totfd":26,"totyds":464,"pyds":267,"ryds":197,"pen":2,"penyds":10,"trnovr":1,"pt":1,"ptyds":42,"ptavg":42,"top":"32:25"}},"players":null},"away":{"score":{"1":0,"2":0,"3":0,"4":7,"5":0,"T":7},"abbr":"JAC","to":2,"stats":{"passing":{"00-0021231":{"name":"D.Garrard","att":25,"cmp":19,"yds":185,"tds":0,"ints":2,"twopta":0,"twoptm":0}},"rushing":{"00-0024275":{"name":"M.Jones-Drew","att":18,"yds":63,"tds":0,"lng":14,"twopta":0,"twoptm":0},"00-0027155":{"name":"R.Jennings","att":2,"yds":25,"tds":0,"lng":22,"twopta":0,"twoptm":0},"00-0021231":{"name":"D.Garrard","att":4,"yds":10,"tds":1,"lng":4,"twopta":0,"twoptm":0},"00-0027076":{"name":"M.Thomas","att":1,"yds":0,"tds":0,"lng":0,"twopta":0,"twoptm":0}},"receiving":{"00-0027076":{"name":"M.Thomas","rec":6,"yds":57,"tds":0,"lng":19,"twopta":0,"twoptm":0},"00-0024275":{"name":"M.Jones-Drew","rec":3,"yds":35,"tds":0,"lng":17,"twopta":0,"twoptm":0},"00-0027155":{"name":"R.Jennings","rec":3,"yds":19,"tds":0,"lng":13,"twopta":0,"twoptm":0},"00-0007681":{"name":"T.Holt","rec":2,"yds":23,"tds":0,"lng":15,"twopta":0,"twoptm":0},"00-0025466":{"name":"M.Sims-Walker","rec":2,"yds":19,"tds":0,"lng":10,"twopta":0,"twoptm":0},"00-0027125":{"name":"Z.Miller","rec":2,"yds":12,"tds":0,"lng":8,"twopta":0,"twoptm":0},"00-0026100":{"name":"N.Hughes","rec":1,"yds":20,"tds":0,"lng":20,"twopta":0,"twoptm":0}},"fumbles":{"00-0021231":{"name":"D.Garrard","tot":1,"rcv":0,"trcv":0,"yds":0,"lost":0},"00-0027015":{"name":"E.Britton","tot":0,"rcv":1,"trcv":1,"yds":0,"lost":0},"00-0022839":{"name":"D.Smith","tot":0,"rcv":0,"trcv":1,"yds":0,"lost":0}},"kicking":{"00-0022874":{"name":"J.Scobee","fgm":0,"fga":0,"fgyds":0,"totpfg":0,"xpmade":1,"xpmissed":0,"xpa":1,"xpb":0,"xptot":1}},"punting":{"00-0025488":{"name":"A.Podlesh","pts":4,"yds":155,"avg":37,"i20":2,"lng":47}},"kickret":{"00-0027076":{"name":"M.Thomas","ret":3,"avg":25,"tds":0,"lng":28},"00-0024275":{"name":"M.Jones-Drew","ret":2,"avg":21,"tds":0,"lng":23}},"puntret":{"00-0027076":{"name":"M.Thomas","ret":1,"avg":0,"tds":0,"lng":0}},"defense":{"00-0022839":{"name":"D.Smith","tkl":6,"ast":4,"sk":0,"int":0,"ffum":0},"00-0025448":{"name":"G.Alexander","tkl":4,"ast":5,"sk":0,"int":0,"ffum":0},"00-0027047":{"name":"D.Cox","tkl":4,"ast":3,"sk":0,"int":0,"ffum":0},"00-0025435":{"name":"J.Durant","tkl":6,"ast":0,"sk":0,"int":0,"ffum":0},"00-0024298":{"name":"A.Smith","tkl":4,"ast":2,"sk":0,"int":0,"ffum":0},"00-0025408":{"name":"R.Nelson","tkl":4,"ast":0,"sk":0,"int":0,"ffum":0},"00-0026912":{"name":"W.Middleton","tkl":3,"ast":1,"sk":0,"int":0,"ffum":0},"00-0026148":{"name":"D.Harvey","tkl":3,"ast":1,"sk":0,"int":0,"ffum":0},"00-0023537":{"name":"S.Considine","tkl":3,"ast":1,"sk":0,"int":0,"ffum":0},"00-0026192":{"name":"Q.Groves","tkl":2,"ast":2,"sk":0,"int":0,"ffum":0},"00-0026605":{"name":"R.Allen","tkl":1,"ast":3,"sk":0,"int":0,"ffum":0},"00-0024100":{"name":"B.Iwuh","tkl":3,"ast":0,"sk":0,"int":0,"ffum":0},"00-0021144":{"name":"J.Henderson","tkl":2,"ast":0,"sk":0,"int":0,"ffum":1},"00-0024396":{"name":"M.Stanley","tkl":2,"ast":0,"sk":0,"int":0,"ffum":0},"00-0026612":{"name":"J.Navarre","tkl":2,"ast":0,"sk":0,"int":0,"ffum":0},"00-0026325":{"name":"C.Harrington","tkl":2,"ast":0,"sk":0,"int":0,"ffum":0},"00-0024815":{"name":"T.Brackenridge","tkl":1,"ast":1,"sk":0,"int":0,"ffum":0},"00-0027046":{"name":"T.Knighton","tkl":1,"ast":1,"sk":0,"int":0,"ffum":0},"00-0022080":{"name":"R.Mathis","tkl":1,"ast":1,"sk":0,"int":0,"ffum":0}},"team":{"totfd":16,"totyds":275,"pyds":177,"ryds":98,"pen":1,"penyds":5,"trnovr":2,"pt":4,"ptyds":155,"ptavg":37,"top":"27:35"}},"players":null},"drives":{"1":{"posteam":"NE","qtr":1,"redzone":true,"plays":{"36":{"sp":0,"qtr":1,"down":0,"time":"15:00","yrdln":"JAC 30","ydstogo":0,"ydsnet":0,"posteam":"JAC","desc":"J.Scobee kicks 69 yards from JAC 30 to NE 1. J.Edelman to NE 17 for 16 yards (W.Middleton).","note":"KICKOFF","players":{"00-0027150":[{"sequence":2,"clubcode":"NE","playerName":"J.Edelman","statId":45,"yards":16}],"00-0022874":[{"sequence":1,"clubcode":"JAC","playerName":"J.Scobee","statId":41,"yards":69},{"sequence":3,"clubcode":"JAC","playerName":"J.Scobee","statId":42,"yards":0}],"00-0026912":[{"sequence":4,"clubcode":"JAC","playerName":"W.Middleton","statId":79,"yards":0}]}},"59":{"sp":0,"qtr":1,"down":1,"time":"14:55","yrdln":"NE 17","ydstogo":10,"ydsnet":7,"posteam":"NE","desc":"(14:55) (Shotgun) T.Brady pass short middle to W.Welker to NE 24 for 7 yards (J.Durant, T.Brackenridge).","note":null,"players":{"00-0024815":[{"sequence":7,"clubcode":"JAC","playerName":"T.Brackenridge","statId":82,"yards":0}],"00-0019596":[{"sequence":1,"clubcode":"NE","playerName":"T.Brady","statId":15,"yards":7},{"sequence":2,"clubcode":"NE","playerName":"T.Brady","statId":111,"yards":2}],"00-0022427":[{"sequence":3,"clubcode":"NE","playerName":"W.Welker","statId":21,"yards":7},{"sequence":4,"clubcode":"NE","playerName":"W.Welker","statId":115,"yards":0},{"sequence":5,"clubcode":"NE","playerName":"W.Welker","statId":113,"yards":5}],"00-0025435":[{"sequence":6,"clubcode":"JAC","playerName":"J.Durant","statId":80,"yards":0}]}},"84":{"sp":0,"qtr":1,"down":2,"time":"14:22","yrdln":"NE 24","ydstogo":3,"ydsnet":9,"posteam":"NE","desc":"(14:22) L.Maroney left end to NE 26 for 2 yards (J.Durant, D.Cox).","note":null,"players":{"00-0027047":[{"sequence":3,"clubcode":"JAC","playerName":"D.Cox","statId":82,"yards":0}],"00-0025435":[{"sequence":2,"clubcode":"JAC","playerName":"J.Durant","statId":80,"yards":0}],"00-0024236":[{"sequence":1,"clubcode":"NE","playerName":"L.Maroney","statId":10,"yards":2}]}},"106":{"sp":0,"qtr":1,"down":3,"time":"13:45","yrdln":"NE 26","ydstogo":1,"ydsnet":82,"posteam":"NE","desc":"(13:45) D.Connolly reported in as eligible.  L.Maroney left end to NE 35 for 9 yards (R.Nelson, A.Smith).","note":null,"players":{"00-0025408":[{"sequence":4,"clubcode":"JAC","playerName":"R.Nelson","statId":80,"yards":0}],"00-0024298":[{"sequence":5,"clubcode":"JAC","playerName":"A.Smith","statId":82,"yards":0}],"0":[{"sequence":1,"clubcode":"NE","playerName":"","statId":3,"yards":0},{"sequence":2,"clubcode":"NE","playerName":"","statId":6,"yards":0}],"00-0024236":[{"sequence":3,"clubcode":"NE","playerName":"L.Maroney","statId":10,"yards":9}]}},"127":{"sp":0,"qtr":1,"down":1,"time":"13:15","yrdln":"NE 35","ydstogo":10,"ydsnet":36,"posteam":"NE","desc":"(13:15) K.Faulk left tackle to JAC 47 for 18 yards (A.Smith).","note":null,"players":{"00-0024298":[{"sequence":3,"clubcode":"JAC","playerName":"A.Smith","statId":79,"yards":0}],"00-0005091":[{"sequence":2,"clubcode":"NE","playerName":"K.Faulk","statId":10,"yards":18}],"0":[{"sequence":1,"clubcode":"NE","playerName":"","statId":3,"yards":0}]}},"148":{"sp":0,"qtr":1,"down":1,"time":"12:31","yrdln":"JAC 47","ydstogo":10,"ydsnet":42,"posteam":"NE","desc":"(12:31) (Shotgun) T.Brady pass short middle to C.Baker to JAC 41 for 6 yards (R.Allen, G.Alexander).","note":null,"players":{"00-0019596":[{"sequence":1,"clubcode":"NE","playerName":"T.Brady","statId":15,"yards":6},{"sequence":2,"clubcode":"NE","playerName":"T.Brady","statId":111,"yards":3}],"00-0021213":[{"sequence":3,"clubcode":"NE","playerName":"C.Baker","statId":21,"yards":6},{"sequence":4,"clubcode":"NE","playerName":"C.Baker","statId":115,"yards":0},{"sequence":5,"clubcode":"NE","playerName":"C.Baker","statId":113,"yards":3}],"00-0026605":[{"sequence":6,"clubcode":"JAC","playerName":"R.Allen","statId":80,"yards":0}],"00-0025448":[{"sequence":7,"clubcode":"JAC","playerName":"G.Alexander","statId":82,"yards":0}]}},"172":{"sp":0,"qtr":1,"down":2,"time":"11:52","yrdln":"JAC 41","ydstogo":4,"ydsnet":57,"posteam":"NE","desc":"(11:52) T.Brady pass short middle to W.Welker to JAC 26 for 15 yards (D.Cox).","note":null,"players":{"00-0027047":[{"sequence":7,"clubcode":"JAC","playerName":"D.Cox","statId":79,"yards":0}],"00-0019596":[{"sequence":2,"clubcode":"NE","playerName":"T.Brady","statId":15,"yards":15},{"sequence":3,"clubcode":"NE","playerName":"T.Brady","statId":111,"yards":11}],"0":[{"sequence":1,"clubcode":"NE","playerName":"","statId":4,"yards":0}],"00-0022427":[{"sequence":4,"clubcode":"NE","playerName":"W.Welker","statId":21,"yards":15},{"sequence":5,"clubcode":"NE","playerName":"W.Welker","statId":115,"yards":0},{"sequence":6,"clubcode":"NE","playerName":"W.Welker","statId":113,"yards":4}]}},"196":{"sp":0,"qtr":1,"down":1,"time":"11:13","yrdln":"JAC 26","ydstogo":10,"ydsnet":66,"posteam":"NE","desc":"(11:13) L.Maroney left end pushed ob at JAC 17 for 9 yards (G.Alexander).","note":null,"players":{"00-0025448":[{"sequence":2,"clubcode":"JAC","playerName":"G.Alexander","statId":79,"yards":0}],"00-0024236":[{"sequence":1,"clubcode":"NE","playerName":"L.Maroney","statId":10,"yards":9}]}},"217":{"sp":0,"qtr":1,"down":2,"time":"10:46","yrdln":"JAC 17","ydstogo":1,"ydsnet":68,"posteam":"NE","desc":"(10:46) D.Connolly reported in as eligible.  L.Maroney up the middle to JAC 15 for 2 yards (T.Knighton, R.Allen).","note":null,"players":{"00-0027046":[{"sequence":3,"clubcode":"JAC","playerName":"T.Knighton","statId":80,"yards":0}],"0":[{"sequence":1,"clubcode":"NE","playerName":"","statId":3,"yards":0}],"00-0026605":[{"sequence":4,"clubcode":"JAC","playerName":"R.Allen","statId":82,"yards":0}],"00-0024236":[{"sequence":2,"clubcode":"NE","playerName":"L.Maroney","statId":10,"yards":2}]}},"240":{"sp":0,"qtr":1,"down":1,"time":"10:11","yrdln":"JAC 15","ydstogo":10,"ydsnet":82,"posteam":"NE","desc":"(10:11) T.Brady pass short right to B.Watson pushed ob at JAC 1 for 14 yards (G.Alexander).","note":null,"players":{"00-0019596":[{"sequence":2,"clubcode":"NE","playerName":"T.Brady","statId":15,"yards":14},{"sequence":3,"clubcode":"NE","playerName":"T.Brady","statId":111,"yards":1}],"0":[{"sequence":1,"clubcode":"NE","playerName":"","statId":4,"yards":0}],"00-0025448":[{"sequence":7,"clubcode":"JAC","playerName":"G.Alexander","statId":79,"yards":0}],"00-0022943":[{"sequence":4,"clubcode":"NE","playerName":"B.Watson","statId":21,"yards":14},{"sequence":5,"clubcode":"NE","playerName":"B.Watson","statId":115,"yards":0},{"sequence":6,"clubcode":"NE","playerName":"B.Watson","statId":113,"yards":13}]}},"264":{"sp":0,"qtr":1,"down":1,"time":"09:46","yrdln":"JAC 1","ydstogo":1,"ydsnet":82,"posteam":"NE","desc":"(9:46) D.Connolly and M.LeVoir reported in as eligible.  L.Maroney right guard to JAC 1 for no gain (J.Henderson). FUMBLES (J.Henderson), RECOVERED by JAC-D.Smith at JAC 1. New England challenged the fumble ruling, and the play was Upheld. (Timeout #1 at 09:36.)","note":"FUMBLE","players":{"00-0022839":[{"sequence":7,"clubcode":"JAC","playerName":"D.Smith","statId":59,"yards":0}],"00-0021144":[{"sequence":3,"clubcode":"JAC","playerName":"J.Henderson","statId":79,"yards":0},{"sequence":6,"clubcode":"JAC","playerName":"J.Henderson","statId":91,"yards":0}],"0":[{"sequence":1,"clubcode":"NE","playerName":"","statId":68,"yards":0}],"00-0024236":[{"sequence":2,"clubcode":"NE","playerName":"L.Maroney","statId":10,"yards":0},{"sequence":4,"clubcode":"NE","playerName":"L.Maroney","statId":52,"yards":0},{"sequence":5,"clubcode":"NE","playerName":"L.Maroney","statId":106,"yards":0}]}}},"fds":5,"result":"Fumble","penyds":0,"ydsgained":82,"numplays":11,"postime":"5:24","start":{"qtr":1,"time":"15:00","yrdln":"NE 17","team":"NE"},"end":{"qtr":1,"time":"09:36","yrdln":"JAC 1","team":"NE"}},"2":{"posteam":"JAC","qtr":1,"redzone":true,"plays":{"305":{"sp":0,"qtr":1,"down":1,"time":"09:36","yrdln":"JAC 1","ydstogo":10,"ydsnet":8,"posteam":"JAC","desc":"(9:36) D.Garrard up the middle to JAC 5 for 4 yards (R.Brace).","note":null,"players":{"00-0021231":[{"sequence":1,"clubcode":"JAC","playerName":"D.Garrard","statId":10,"yards":4}],"00-0027016":[{"sequence":2,"clubcode":"NE","playerName":"R.Brace","statId":79,"yards":0}]}},"327":{"sp":0,"qtr":1,"down":2,"time":"08:59","yrdln":"JAC 5","ydstogo":6,"ydsnet":8,"posteam":"JAC","desc":"(8:59) J.Black reported in as eligible.  M.Jones-Drew up the middle to JAC 9 for 4 yards (A.Thomas, J.Mayo).","note":null,"players":{"00-0024275":[{"sequence":1,"clubcode":"JAC","playerName":"M.Jones-Drew","statId":10,"yards":4}],"00-0019593":[{"sequence":2,"clubcode":"NE","playerName":"A.Thomas","statId":80,"yards":0}],"00-0026150":[{"sequence":3,"clubcode":"NE","playerName":"J.Mayo","statId":82,"yards":0}]}},"351":{"sp":0,"qtr":1,"down":3,"time":"08:15","yrdln":"JAC 9","ydstogo":2,"ydsnet":11,"posteam":"JAC","desc":"(8:15) M.Jones-Drew right guard to JAC 12 for 3 yards (J.Mayo, S.Springs).","note":null,"players":{"00-0024275":[{"sequence":3,"clubcode":"JAC","playerName":"M.Jones-Drew","statId":10,"yards":3}],"0":[{"sequence":1,"clubcode":"JAC","playerName":"","statId":3,"yards":0},{"sequence":2,"clubcode":"JAC","playerName":"","statId":6,"yards":0}],"00-0015495":[{"sequence":5,"clubcode":"NE","playerName":"S.Springs","statId":82,"yards":0}],"00-0026150":[{"sequence":4,"clubcode":"NE","playerName":"J.Mayo","statId":80,"yards":0}]}},"373":{"sp":0,"qtr":1,"down":1,"time":"07:37","yrdln":"JAC 12","ydstogo":10,"ydsnet":25,"posteam":"JAC","desc":"(7:37) M.Jones-Drew up the middle to JAC 26 for 14 yards (G.Guyton, J.Mayo).","note":null,"players":{"00-0024275":[{"sequence":2,"clubcode":"JAC","playerName":"M.Jones-Drew","statId":10,"yards":14}],"00-0025821":[{"sequence":3,"clubcode":"NE","playerName":"G.Guyton","statId":80,"yards":0}],"0":[{"sequence":1,"clubcode":"JAC","playerName":"","statId":3,"yards":0}],"00-0026150":[{"sequence":4,"clubcode":"NE","playerName":"J.Mayo","statId":82,"yards":0}]}},"394":{"sp":0,"qtr":1,"down":1,"time":"06:51","yrdln":"JAC 26","ydstogo":10,"ydsnet":26,"posteam":"JAC","desc":"(6:51) J.Black reported in as eligible.  M.Jones-Drew left tackle to JAC 27 for 1 yard (J.Green).","note":null,"players":{"00-0024275":[{"sequence":1,"clubcode":"JAC","playerName":"M.Jones-Drew","statId":10,"yards":1}],"00-0021244":[{"sequence":2,"clubcode":"NE","playerName":"J.Green","statId":79,"yards":0}]}},"417":{"sp":0,"qtr":1,"down":2,"time":"06:16","yrdln":"JAC 27","ydstogo":9,"ydsnet":34,"posteam":"JAC","desc":"(6:16) D.Garrard pass short left to T.Holt to JAC 35 for 8 yards (L.Bodden).","note":null,"players":{"00-0021231":[{"sequence":1,"clubcode":"JAC","playerName":"D.Garrard","statId":15,"yards":8},{"sequence":2,"clubcode":"JAC","playerName":"D.Garrard","statId":111,"yards":8}],"00-0021612":[{"sequence":6,"clubcode":"NE","playerName":"L.Bodden","statId":79,"yards":0}],"00-0007681":[{"sequence":3,"clubcode":"JAC","playerName":"T.Holt","statId":21,"yards":8},{"sequence":4,"clubcode":"JAC","playerName":"T.Holt","statId":115,"yards":0},{"sequence":5,"clubcode":"JAC","playerName":"T.Holt","statId":113,"yards":0}]}},"442":{"sp":0,"qtr":1,"down":0,"time":"05:35","yrdln":"","ydstogo":0,"ydsnet":34,"posteam":"","desc":"Timeout #1 by JAC at 05:35.","note":"TIMEOUT","players":{"0":[{"sequence":1,"clubcode":"JAC","playerName":"","statId":68,"yards":0}]}},"459":{"sp":0,"qtr":1,"down":3,"time":"05:34","yrdln":"JAC 35","ydstogo":1,"ydsnet":34,"posteam":"JAC","desc":"(5:34) M.Thomas left end pushed ob at JAC 35 for no gain (B.Meriweather). reverse","note":null,"players":{"0":[{"sequence":1,"clubcode":"JAC","playerName":"","statId":7,"yards":0}],"00-0025411":[{"sequence":3,"clubcode":"NE","playerName":"B.Meriweather","statId":79,"yards":0}],"00-0027076":[{"sequence":2,"clubcode":"JAC","playerName":"M.Thomas","statId":10,"yards":0}]}},"493":{"sp":0,"qtr":1,"down":4,"time":"04:53","yrdln":"JAC 35","ydstogo":1,"ydsnet":34,"posteam":"JAC","desc":"(4:53) M.Jones-Drew right guard to JAC 35 for no gain (J.Sanders).","note":null,"players":{"00-0024275":[{"sequence":2,"clubcode":"JAC","playerName":"M.Jones-Drew","statId":10,"yards":0}],"0":[{"sequence":1,"clubcode":"JAC","playerName":"","statId":9,"yards":0}],"00-0023567":[{"sequence":3,"clubcode":"NE","playerName":"J.Sanders","statId":79,"yards":0}]}}},"fds":2,"result":"Downs","penyds":0,"ydsgained":34,"numplays":9,"postime":"4:49","start":{"qtr":1,"time":"09:36","yrdln":"JAC 1","team":"JAC"},"end":{"qtr":1,"time":"04:47","yrdln":"JAC 35","team":"JAC"}},"3":{"posteam":"NE","qtr":1,"redzone":true,"plays":{"514":{"sp":0,"qtr":1,"down":1,"time":"04:47","yrdln":"JAC 35","ydstogo":10,"ydsnet":21,"posteam":"NE","desc":"(4:47) S.Morris left end to JAC 14 for 21 yards (G.Alexander, A.Smith).","note":null,"players":{"00-0019484":[{"sequence":2,"clubcode":"NE","playerName":"S.Morris","statId":10,"yards":21}],"00-0024298":[{"sequence":4,"clubcode":"JAC","playerName":"A.Smith","statId":82,"yards":0}],"0":[{"sequence":1,"clubcode":"NE","playerName":"","statId":3,"yards":0}],"00-0025448":[{"sequence":3,"clubcode":"JAC","playerName":"G.Alexander","statId":80,"yards":0}]}},"536":{"sp":0,"qtr":1,"down":1,"time":"04:11","yrdln":"JAC 14","ydstogo":10,"ydsnet":24,"posteam":"NE","desc":"(4:11) S.Morris right guard to JAC 11 for 3 yards (D.Harvey, R.Allen).","note":null,"players":{"00-0019484":[{"sequence":1,"clubcode":"NE","playerName":"S.Morris","statId":10,"yards":3}],"00-0026605":[{"sequence":3,"clubcode":"JAC","playerName":"R.Allen","statId":82,"yards":0}],"00-0026148":[{"sequence":2,"clubcode":"JAC","playerName":"D.Harvey","statId":80,"yards":0}]}},"557":{"sp":0,"qtr":1,"down":2,"time":"03:34","yrdln":"JAC 11","ydstogo":7,"ydsnet":33,"posteam":"NE","desc":"(3:34) (Shotgun) T.Brady pass short left to W.Welker to JAC 2 for 9 yards (A.Smith).","note":null,"players":{"00-0024298":[{"sequence":7,"clubcode":"JAC","playerName":"A.Smith","statId":79,"yards":0}],"00-0019596":[{"sequence":2,"clubcode":"NE","playerName":"T.Brady","statId":15,"yards":9},{"sequence":3,"clubcode":"NE","playerName":"T.Brady","statId":111,"yards":6}],"0":[{"sequence":1,"clubcode":"NE","playerName":"","statId":4,"yards":0}],"00-0022427":[{"sequence":4,"clubcode":"NE","playerName":"W.Welker","statId":21,"yards":9},{"sequence":5,"clubcode":"NE","playerName":"W.Welker","statId":115,"yards":0},{"sequence":6,"clubcode":"NE","playerName":"W.Welker","statId":113,"yards":3}]}},"581":{"sp":1,"qtr":1,"down":1,"time":"02:52","yrdln":"JAC 2","ydstogo":2,"ydsnet":35,"posteam":"NE","desc":"(2:52) (Shotgun) T.Brady pass short middle to R.Moss for 2 yards, TOUCHDOWN. NE 12-Brady 25th TD of season, 5th season with 25+ TD passes, tying Drew Brees for 5th most such seasons in NFL history. NE 81-Moss 146th career receiving TD (2nd best all-time) and 147th career TD (4th best all-time).","note":"TD","players":{"00-0019596":[{"sequence":2,"clubcode":"NE","playerName":"T.Brady","statId":16,"yards":2},{"sequence":3,"clubcode":"NE","playerName":"T.Brady","statId":111,"yards":2}],"0":[{"sequence":1,"clubcode":"NE","playerName":"","statId":4,"yards":0}],"00-0011754":[{"sequence":4,"clubcode":"NE","playerName":"R.Moss","statId":22,"yards":2},{"sequence":5,"clubcode":"NE","playerName":"R.Moss","statId":115,"yards":0},{"sequence":6,"clubcode":"NE","playerName":"R.Moss","statId":113,"yards":0}]}},"606":{"sp":1,"qtr":1,"down":0,"time":"02:48","yrdln":"JAC 2","ydstogo":0,"ydsnet":35,"posteam":"NE","desc":"S.Gostkowski extra point is GOOD, Center-J.Ingram, Holder-C.Hanson.","note":"XP","players":{"00-0024333":[{"sequence":1,"clubcode":"NE","playerName":"S.Gostkowski","statId":72,"yards":0}]}}},"fds":3,"result":"Touchdown","penyds":0,"ydsgained":35,"numplays":5,"postime":"1:59","start":{"qtr":1,"time":"04:47","yrdln":"JAC 35","team":"NE"},"end":{"qtr":1,"time":"02:48","yrdln":"JAC 2","team":"NE"}},"4":{"posteam":"JAC","qtr":1,"redzone":true,"plays":{"622":{"sp":0,"qtr":1,"down":0,"time":"02:48","yrdln":"NE 30","ydstogo":0,"ydsnet":0,"posteam":"NE","desc":"S.Gostkowski kicks 64 yards from NE 30 to JAC 6. M.Jones-Drew to JAC 26 for 20 yards (K.Arrington, P.Chung).","note":"KICKOFF","players":{"00-0027010":[{"sequence":4,"clubcode":"NE","playerName":"P.Chung","statId":82,"yards":0}],"00-0026071":[{"sequence":3,"clubcode":"NE","playerName":"K.Arrington","statId":80,"yards":0}],"00-0024275":[{"sequence":2,"clubcode":"JAC","playerName":"M.Jones-Drew","statId":45,"yards":20}],"00-0024333":[{"sequence":1,"clubcode":"NE","playerName":"S.Gostkowski","statId":41,"yards":64}]}},"649":{"sp":0,"qtr":1,"down":1,"time":"02:42","yrdln":"JAC 26","ydstogo":10,"ydsnet":0,"posteam":"JAC","desc":"(2:42) D.Garrard pass incomplete deep middle to T.Holt (S.Springs).","note":null,"players":{"00-0021231":[{"sequence":1,"clubcode":"JAC","playerName":"D.Garrard","statId":14,"yards":0},{"sequence":4,"clubcode":"JAC","playerName":"D.Garrard","statId":112,"yards":16}],"00-0015495":[{"sequence":3,"clubcode":"NE","playerName":"S.Springs","statId":85,"yards":0}],"00-0007681":[{"sequence":2,"clubcode":"JAC","playerName":"T.Holt","statId":115,"yards":0}]}},"671":{"sp":0,"qtr":1,"down":2,"time":"02:38","yrdln":"JAC 26","ydstogo":10,"ydsnet":4,"posteam":"JAC","desc":"(2:38) J.Black reported in as eligible.  M.Jones-Drew left tackle to JAC 30 for 4 yards (M.Pryor, J.Green).","note":null,"players":{"00-0027138":[{"sequence":2,"clubcode":"NE","playerName":"M.Pryor","statId":80,"yards":0}],"00-0024275":[{"sequence":1,"clubcode":"JAC","playerName":"M.Jones-Drew","statId":10,"yards":4}],"00-0021244":[{"sequence":3,"clubcode":"NE","playerName":"J.Green","statId":82,"yards":0}]}},"694":{"sp":0,"qtr":1,"down":3,"time":"01:54","yrdln":"JAC 30","ydstogo":6,"ydsnet":13,"posteam":"JAC","desc":"(1:54) (Shotgun) D.Garrard pass short right to M.Thomas to JAC 39 for 9 yards (J.Wilhite).","note":null,"players":{"00-0026269":[{"sequence":8,"clubcode":"NE","playerName":"J.Wilhite","statId":79,"yards":0}],"00-0021231":[{"sequence":3,"clubcode":"JAC","playerName":"D.Garrard","statId":15,"yards":9},{"sequence":4,"clubcode":"JAC","playerName":"D.Garrard","statId":111,"yards":9}],"0":[{"sequence":1,"clubcode":"JAC","playerName":"","statId":4,"yards":0},{"sequence":2,"clubcode":"JAC","playerName":"","statId":6,"yards":0}],"00-0027076":[{"sequence":5,"clubcode":"JAC","playerName":"M.Thomas","statId":21,"yards":9},{"sequence":6,"clubcode":"JAC","playerName":"M.Thomas","statId":115,"yards":0},{"sequence":7,"clubcode":"JAC","playerName":"M.Thomas","statId":113,"yards":0}]}},"718":{"sp":0,"qtr":1,"down":1,"time":"01:32","yrdln":"JAC 39","ydstogo":10,"ydsnet":21,"posteam":"JAC","desc":"(1:32) M.Jones-Drew left end to JAC 47 for 8 yards (J.Sanders, L.Bodden).","note":null,"players":{"00-0024275":[{"sequence":1,"clubcode":"JAC","playerName":"M.Jones-Drew","statId":10,"yards":8}],"00-0021612":[{"sequence":3,"clubcode":"NE","playerName":"L.Bodden","statId":82,"yards":0}],"00-0023567":[{"sequence":2,"clubcode":"NE","playerName":"J.Sanders","statId":80,"yards":0}]}},"739":{"sp":0,"qtr":1,"down":2,"time":"00:52","yrdln":"JAC 47","ydstogo":2,"ydsnet":32,"posteam":"JAC","desc":"(:52) J.Black reported in as eligible.  M.Jones-Drew right end pushed ob at NE 42 for 11 yards (J.Wilhite).","note":null,"players":{"00-0026269":[{"sequence":3,"clubcode":"NE","playerName":"J.Wilhite","statId":79,"yards":0}],"00-0024275":[{"sequence":2,"clubcode":"JAC","playerName":"M.Jones-Drew","statId":10,"yards":11}],"0":[{"sequence":1,"clubcode":"JAC","playerName":"","statId":3,"yards":0}]}},"767":{"sp":0,"qtr":1,"down":1,"time":"00:25","yrdln":"NE 42","ydstogo":10,"ydsnet":32,"posteam":"JAC","desc":"(:25) J.Black reported in as eligible.  D.Garrard pass deep middle intended for M.Lewis INTERCEPTED by B.Meriweather at NE 17. B.Meriweather to JAC 27 for 56 yards (D.Garrard, B.Bolen).","note":"INT","players":{"00-0026607":[{"sequence":7,"clubcode":"JAC","playerName":"B.Bolen","statId":82,"yards":0}],"00-0024243":[{"sequence":2,"clubcode":"JAC","playerName":"M.Lewis","statId":115,"yards":0}],"00-0021231":[{"sequence":1,"clubcode":"JAC","playerName":"D.Garrard","statId":19,"yards":0},{"sequence":3,"clubcode":"JAC","playerName":"D.Garrard","statId":112,"yards":25},{"sequence":6,"clubcode":"JAC","playerName":"D.Garrard","statId":80,"yards":0}],"00-0025411":[{"sequence":4,"clubcode":"NE","playerName":"B.Meriweather","statId":25,"yards":56},{"sequence":5,"clubcode":"NE","playerName":"B.Meriweather","statId":85,"yards":0}]}}},"fds":2,"result":"Interception","penyds":0,"ydsgained":32,"numplays":7,"postime":"2:42","start":{"qtr":1,"time":"02:48","yrdln":"JAC 26","team":"JAC"},"end":{"qtr":1,"time":"00:06","yrdln":"NE 42","team":"JAC"}},"5":{"posteam":"NE","qtr":2,"redzone":true,"plays":{"796":{"sp":0,"qtr":1,"down":1,"time":"00:06","yrdln":"JAC 27","ydstogo":10,"ydsnet":1,"posteam":"NE","desc":"(:06) K.Faulk left guard to JAC 26 for 1 yard (R.Mathis, D.Smith).","note":null,"players":{"00-0022080":[{"sequence":2,"clubcode":"JAC","playerName":"R.Mathis","statId":80,"yards":0}],"00-0022839":[{"sequence":3,"clubcode":"JAC","playerName":"D.Smith","statId":82,"yards":0}],"00-0005091":[{"sequence":1,"clubcode":"NE","playerName":"K.Faulk","statId":10,"yards":1}]}},"817":{"sp":0,"qtr":1,"down":0,"time":"","yrdln":"","ydstogo":0,"ydsnet":1,"posteam":"","desc":"END QUARTER 1","note":null,"players":{}},"833":{"sp":1,"qtr":2,"down":2,"time":"15:00","yrdln":"JAC 26","ydstogo":9,"ydsnet":27,"posteam":"NE","desc":"(15:00) T.Brady pass deep left to C.Baker for 26 yards, TOUCHDOWN. NE 12-Brady now has 4,024 passing yards this season, 3rd 4,000-yard season of his career (most in Patriots history)","note":"TD","players":{"00-0019596":[{"sequence":2,"clubcode":"NE","playerName":"T.Brady","statId":16,"yards":26},{"sequence":3,"clubcode":"NE","playerName":"T.Brady","statId":111,"yards":26}],"00-0021213":[{"sequence":4,"clubcode":"NE","playerName":"C.Baker","statId":22,"yards":26},{"sequence":5,"clubcode":"NE","playerName":"C.Baker","statId":115,"yards":0},{"sequence":6,"clubcode":"NE","playerName":"C.Baker","statId":113,"yards":0}],"0":[{"sequence":1,"clubcode":"NE","playerName":"","statId":4,"yards":0}]}},"853":{"sp":1,"qtr":2,"down":0,"time":"14:54","yrdln":"JAC 2","ydstogo":0,"ydsnet":27,"posteam":"NE","desc":"S.Gostkowski extra point is GOOD, Center-J.Ingram, Holder-C.Hanson.","note":"XP","players":{"00-0024333":[{"sequence":1,"clubcode":"NE","playerName":"S.Gostkowski","statId":72,"yards":0}]}}},"fds":1,"result":"Touchdown","penyds":0,"ydsgained":27,"numplays":4,"postime":"0:12","start":{"qtr":1,"time":"00:06","yrdln":"JAC 27","team":"NE"},"end":{"qtr":1,"time":"14:54","yrdln":"JAC 26","team":"NE"}},"6":{"posteam":"JAC","qtr":2,"redzone":true,"plays":{"869":{"sp":0,"qtr":2,"down":0,"time":"14:54","yrdln":"NE 30","ydstogo":0,"ydsnet":0,"posteam":"NE","desc":"S.Gostkowski kicks 77 yards from NE 30 to JAC -7. M.Jones-Drew, Touchback.","note":"KICKOFF","players":{"00-0024333":[{"sequence":1,"clubcode":"NE","playerName":"S.Gostkowski","statId":44,"yards":70}],"0":[{"sequence":2,"clubcode":"JAC","playerName":"","statId":51,"yards":0}]}},"892":{"sp":0,"qtr":2,"down":1,"time":"14:54","yrdln":"JAC 20","ydstogo":10,"ydsnet":1,"posteam":"JAC","desc":"(14:54) M.Jones-Drew left guard to JAC 21 for 1 yard (J.Mayo, B.McGowan).","note":null,"players":{"00-0024275":[{"sequence":1,"clubcode":"JAC","playerName":"M.Jones-Drew","statId":10,"yards":1}],"00-0023354":[{"sequence":3,"clubcode":"NE","playerName":"B.McGowan","statId":82,"yards":0}],"00-0026150":[{"sequence":2,"clubcode":"NE","playerName":"J.Mayo","statId":80,"yards":0}]}},"913":{"sp":0,"qtr":2,"down":2,"time":"14:17","yrdln":"JAC 21","ydstogo":9,"ydsnet":16,"posteam":"JAC","desc":"(14:17) D.Garrard pass short right to T.Holt to JAC 36 for 15 yards (S.Springs) [T.Banta-Cain].","note":null,"players":{"00-0022038":[{"sequence":7,"clubcode":"NE","playerName":"T.Banta-Cain","statId":110,"yards":0}],"00-0021231":[{"sequence":2,"clubcode":"JAC","playerName":"D.Garrard","statId":15,"yards":15},{"sequence":3,"clubcode":"JAC","playerName":"D.Garrard","statId":111,"yards":15}],"0":[{"sequence":1,"clubcode":"JAC","playerName":"","statId":4,"yards":0}],"00-0015495":[{"sequence":8,"clubcode":"NE","playerName":"S.Springs","statId":79,"yards":0}],"00-0007681":[{"sequence":4,"clubcode":"JAC","playerName":"T.Holt","statId":21,"yards":15},{"sequence":5,"clubcode":"JAC","playerName":"T.Holt","statId":115,"yards":0},{"sequence":6,"clubcode":"JAC","playerName":"T.Holt","statId":113,"yards":0}]}},"937":{"sp":0,"qtr":2,"down":1,"time":"13:37","yrdln":"JAC 36","ydstogo":10,"ydsnet":30,"posteam":"JAC","desc":"(13:37) J.Black reported in as eligible.  D.Garrard pass short right to M.Jones-Drew ran ob at 50 for 14 yards.","note":null,"players":{"00-0024275":[{"sequence":4,"clubcode":"JAC","playerName":"M.Jones-Drew","statId":21,"yards":14},{"sequence":5,"clubcode":"JAC","playerName":"M.Jones-Drew","statId":115,"yards":0},{"sequence":6,"clubcode":"JAC","playerName":"M.Jones-Drew","statId":113,"yards":10}],"00-0021231":[{"sequence":2,"clubcode":"JAC","playerName":"D.Garrard","statId":15,"yards":14},{"sequence":3,"clubcode":"JAC","playerName":"D.Garrard","statId":111,"yards":4}],"0":[{"sequence":1,"clubcode":"JAC","playerName":"","statId":4,"yards":0}]}},"967":{"sp":0,"qtr":2,"down":1,"time":"13:10","yrdln":"50","ydstogo":10,"ydsnet":30,"posteam":"JAC","desc":"(13:10) J.Black reported in as eligible.  M.Jones-Drew left end to 50 for no gain (A.Thomas).","note":null,"players":{"00-0024275":[{"sequence":1,"clubcode":"JAC","playerName":"M.Jones-Drew","statId":10,"yards":0}],"00-0019593":[{"sequence":2,"clubcode":"NE","playerName":"A.Thomas","statId":79,"yards":0}]}},"990":{"sp":0,"qtr":2,"down":2,"time":"12:46","yrdln":"50","ydstogo":10,"ydsnet":31,"posteam":"JAC","desc":"(12:46) D.Garrard pass short left to T.Holt to NE 35 for 15 yards (L.Bodden). PENALTY on JAC-E.Wilford, False Start, 5 yards, enforced at 50 - No Play.","note":"PENALTY","players":{"00-0022901":[{"sequence":1,"clubcode":"JAC","playerName":"E.Wilford","statId":93,"yards":5}]}},"1025":{"sp":0,"qtr":2,"down":2,"time":"12:21","yrdln":"JAC 45","ydstogo":15,"ydsnet":27,"posteam":"JAC","desc":"(12:21) D.Garrard pass short right to R.Jennings pushed ob at JAC 47 for 2 yards (S.Springs).","note":null,"players":{"00-0027155":[{"sequence":3,"clubcode":"JAC","playerName":"R.Jennings","statId":21,"yards":2},{"sequence":4,"clubcode":"JAC","playerName":"R.Jennings","statId":115,"yards":0},{"sequence":5,"clubcode":"JAC","playerName":"R.Jennings","statId":113,"yards":7}],"00-0021231":[{"sequence":1,"clubcode":"JAC","playerName":"D.Garrard","statId":15,"yards":2},{"sequence":2,"clubcode":"JAC","playerName":"D.Garrard","statId":111,"yards":-5}],"00-0015495":[{"sequence":6,"clubcode":"NE","playerName":"S.Springs","statId":79,"yards":0}]}},"1054":{"sp":0,"qtr":2,"down":3,"time":"11:53","yrdln":"JAC 47","ydstogo":13,"ydsnet":31,"posteam":"JAC","desc":"(11:53) (Shotgun) D.Garrard pass short left to Z.Miller to NE 49 for 4 yards (J.Wilhite).","note":null,"players":{"00-0026269":[{"sequence":7,"clubcode":"NE","playerName":"J.Wilhite","statId":79,"yards":0}],"00-0027125":[{"sequence":4,"clubcode":"JAC","playerName":"Z.Miller","statId":21,"yards":4},{"sequence":5,"clubcode":"JAC","playerName":"Z.Miller","statId":115,"yards":0},{"sequence":6,"clubcode":"JAC","playerName":"Z.Miller","statId":113,"yards":3}],"00-0021231":[{"sequence":2,"clubcode":"JAC","playerName":"D.Garrard","statId":15,"yards":4},{"sequence":3,"clubcode":"JAC","playerName":"D.Garrard","statId":111,"yards":1}],"0":[{"sequence":1,"clubcode":"JAC","playerName":"","statId":7,"yards":0}]}},"1078":{"sp":0,"qtr":2,"down":4,"time":"11:15","yrdln":"NE 49","ydstogo":9,"ydsnet":31,"posteam":"JAC","desc":"(11:15) A.Podlesh punts 34 yards to NE 15, Center-J.Cain, downed by JAC-M.Owens.","note":"PUNT","players":{"00-0025488":[{"sequence":1,"clubcode":"JAC","playerName":"A.Podlesh","statId":29,"yards":34},{"sequence":2,"clubcode":"JAC","playerName":"A.Podlesh","statId":30,"yards":0}],"0":[{"sequence":3,"clubcode":"NE","playerName":"","statId":38,"yards":0}]}}},"fds":2,"result":"Punt","penyds":-5,"ydsgained":36,"numplays":9,"postime":"3:48","start":{"qtr":2,"time":"14:54","yrdln":"JAC 20","team":"JAC"},"end":{"qtr":2,"time":"11:06","yrdln":"NE 49","team":"JAC"}},"7":{"posteam":"NE","qtr":2,"redzone":true,"plays":{"1097":{"sp":0,"qtr":2,"down":1,"time":"11:06","yrdln":"NE 15","ydstogo":10,"ydsnet":5,"posteam":"NE","desc":"(11:06) (Shotgun) K.Faulk up the middle to NE 20 for 5 yards (J.Durant, R.Allen).","note":null,"players":{"00-0005091":[{"sequence":1,"clubcode":"NE","playerName":"K.Faulk","statId":10,"yards":5}],"00-0026605":[{"sequence":3,"clubcode":"JAC","playerName":"R.Allen","statId":82,"yards":0}],"00-0025435":[{"sequence":2,"clubcode":"JAC","playerName":"J.Durant","statId":80,"yards":0}]}},"1119":{"sp":0,"qtr":2,"down":2,"time":"10:29","yrdln":"NE 20","ydstogo":5,"ydsnet":5,"posteam":"NE","desc":"(10:29) T.Brady pass incomplete deep left to R.Moss.","note":null,"players":{"00-0019596":[{"sequence":1,"clubcode":"NE","playerName":"T.Brady","statId":14,"yards":0},{"sequence":3,"clubcode":"NE","playerName":"T.Brady","statId":112,"yards":23}],"00-0011754":[{"sequence":2,"clubcode":"NE","playerName":"R.Moss","statId":115,"yards":0}]}},"1141":{"sp":0,"qtr":2,"down":3,"time":"10:23","yrdln":"NE 20","ydstogo":5,"ydsnet":5,"posteam":"NE","desc":"(10:23) T.Brady pass incomplete short right to J.Edelman.","note":null,"players":{"00-0027150":[{"sequence":3,"clubcode":"NE","playerName":"J.Edelman","statId":115,"yards":0}],"00-0019596":[{"sequence":2,"clubcode":"NE","playerName":"T.Brady","statId":14,"yards":0},{"sequence":4,"clubcode":"NE","playerName":"T.Brady","statId":112,"yards":5}],"0":[{"sequence":1,"clubcode":"NE","playerName":"","statId":7,"yards":0}]}},"1163":{"sp":0,"qtr":2,"down":4,"time":"10:17","yrdln":"NE 20","ydstogo":5,"ydsnet":5,"posteam":"NE","desc":"(10:17) C.Hanson punts 42 yards to JAC 38, Center-J.Ingram. M.Thomas pushed ob at JAC 38 for no gain (K.Arrington).","note":"PUNT","players":{"00-0026071":[{"sequence":3,"clubcode":"NE","playerName":"K.Arrington","statId":79,"yards":0}],"00-0027076":[{"sequence":2,"clubcode":"JAC","playerName":"M.Thomas","statId":33,"yards":0}],"00-0006799":[{"sequence":1,"clubcode":"NE","playerName":"C.Hanson","statId":29,"yards":42}]}}},"fds":0,"result":"Punt","penyds":0,"ydsgained":5,"numplays":4,"postime":"0:57","start":{"qtr":2,"time":"11:06","yrdln":"NE 15","team":"NE"},"end":{"qtr":2,"time":"10:09","yrdln":"NE 20","team":"NE"}},"8":{"posteam":"JAC","qtr":2,"redzone":true,"plays":{"1189":{"sp":0,"qtr":2,"down":1,"time":"10:09","yrdln":"JAC 38","ydstogo":10,"ydsnet":-8,"posteam":"JAC","desc":"(10:09) J.Black reported in as eligible.  D.Garrard sacked at JAC 32 for -6 yards (T.Banta-Cain). FUMBLES (T.Banta-Cain), recovered by JAC-E.Britton at JAC 30. E.Britton to JAC 30 for no gain (A.Thomas).","note":"FUMBLE","players":{"00-0027015":[{"sequence":6,"clubcode":"JAC","playerName":"E.Britton","statId":55,"yards":0}],"00-0022038":[{"sequence":2,"clubcode":"NE","playerName":"T.Banta-Cain","statId":83,"yards":-8},{"sequence":3,"clubcode":"NE","playerName":"T.Banta-Cain","statId":79,"yards":0},{"sequence":5,"clubcode":"NE","playerName":"T.Banta-Cain","statId":91,"yards":0}],"00-0021231":[{"sequence":1,"clubcode":"JAC","playerName":"D.Garrard","statId":20,"yards":-8},{"sequence":4,"clubcode":"JAC","playerName":"D.Garrard","statId":52,"yards":0}],"00-0019593":[{"sequence":7,"clubcode":"NE","playerName":"A.Thomas","statId":79,"yards":0},{"sequence":8,"clubcode":"NE","playerName":"A.Thomas","statId":120,"yards":0}]}},"1221":{"sp":0,"qtr":2,"down":2,"time":"09:28","yrdln":"JAC 30","ydstogo":18,"ydsnet":-6,"posteam":"JAC","desc":"(9:28) (Shotgun) M.Jones-Drew up the middle to JAC 32 for 2 yards (T.Banta-Cain).","note":null,"players":{"00-0022038":[{"sequence":2,"clubcode":"NE","playerName":"T.Banta-Cain","statId":79,"yards":0}],"00-0024275":[{"sequence":1,"clubcode":"JAC","playerName":"M.Jones-Drew","statId":10,"yards":2}]}},"1242":{"sp":0,"qtr":2,"down":3,"time":"08:50","yrdln":"JAC 32","ydstogo":16,"ydsnet":4,"posteam":"JAC","desc":"(8:50) (Shotgun) D.Garrard pass short middle to M.Sims-Walker to JAC 42 for 10 yards (J.Sanders).","note":null,"players":{"00-0021231":[{"sequence":2,"clubcode":"JAC","playerName":"D.Garrard","statId":15,"yards":10},{"sequence":3,"clubcode":"JAC","playerName":"D.Garrard","statId":111,"yards":7}],"0":[{"sequence":1,"clubcode":"JAC","playerName":"","statId":7,"yards":0}],"00-0023567":[{"sequence":7,"clubcode":"NE","playerName":"J.Sanders","statId":79,"yards":0}],"00-0025466":[{"sequence":4,"clubcode":"JAC","playerName":"M.Sims-Walker","statId":21,"yards":10},{"sequence":5,"clubcode":"JAC","playerName":"M.Sims-Walker","statId":115,"yards":0},{"sequence":6,"clubcode":"JAC","playerName":"M.Sims-Walker","statId":113,"yards":3}]}},"1266":{"sp":0,"qtr":2,"down":4,"time":"08:16","yrdln":"JAC 42","ydstogo":6,"ydsnet":4,"posteam":"JAC","desc":"(8:16) A.Podlesh punts 33 yards to NE 25, Center-J.Cain, downed by JAC-S.Considine.","note":"PUNT","players":{"00-0025488":[{"sequence":1,"clubcode":"JAC","playerName":"A.Podlesh","statId":29,"yards":33}],"0":[{"sequence":2,"clubcode":"NE","playerName":"","statId":38,"yards":0}]}}},"fds":0,"result":"Punt","penyds":0,"ydsgained":4,"numplays":4,"postime":"2:02","start":{"qtr":2,"time":"10:09","yrdln":"JAC 38","team":"JAC"},"end":{"qtr":2,"time":"08:07","yrdln":"JAC 42","team":"JAC"}},"9":{"posteam":"NE","qtr":2,"redzone":true,"plays":{"1285":{"sp":0,"qtr":2,"down":1,"time":"08:07","yrdln":"NE 25","ydstogo":10,"ydsnet":6,"posteam":"NE","desc":"(8:07) K.Faulk right tackle to NE 31 for 6 yards (D.Harvey, Q.Groves).","note":null,"players":{"00-0005091":[{"sequence":1,"clubcode":"NE","playerName":"K.Faulk","statId":10,"yards":6}],"00-0026148":[{"sequence":2,"clubcode":"JAC","playerName":"D.Harvey","statId":80,"yards":0}],"00-0026192":[{"sequence":3,"clubcode":"JAC","playerName":"Q.Groves","statId":82,"yards":0}]}},"1306":{"sp":0,"qtr":2,"down":2,"time":"07:42","yrdln":"NE 31","ydstogo":4,"ydsnet":9,"posteam":"NE","desc":"(7:42) (No Huddle, Shotgun) T.Brady pass short left to W.Welker to NE 34 for 3 yards (A.Smith). NE 83-Welker now has 113 receptions for the season, new Patriots record.","note":null,"players":{"00-0024298":[{"sequence":6,"clubcode":"JAC","playerName":"A.Smith","statId":79,"yards":0}],"00-0019596":[{"sequence":1,"clubcode":"NE","playerName":"T.Brady","statId":15,"yards":3},{"sequence":2,"clubcode":"NE","playerName":"T.Brady","statId":111,"yards":1}],"00-0022427":[{"sequence":3,"clubcode":"NE","playerName":"W.Welker","statId":21,"yards":3},{"sequence":4,"clubcode":"NE","playerName":"W.Welker","statId":115,"yards":0},{"sequence":5,"clubcode":"NE","playerName":"W.Welker","statId":113,"yards":2}]}},"1334":{"sp":0,"qtr":2,"down":3,"time":"07:01","yrdln":"NE 34","ydstogo":1,"ydsnet":64,"posteam":"NE","desc":"(7:01) D.Connolly reported in as eligible.  S.Morris right guard to JAC 11 for 55 yards (R.Nelson).","note":null,"players":{"00-0019484":[{"sequence":3,"clubcode":"NE","playerName":"S.Morris","statId":10,"yards":55}],"00-0025408":[{"sequence":4,"clubcode":"JAC","playerName":"R.Nelson","statId":79,"yards":0}],"0":[{"sequence":1,"clubcode":"NE","playerName":"","statId":3,"yards":0},{"sequence":2,"clubcode":"NE","playerName":"","statId":6,"yards":0}]}},"1357":{"sp":0,"qtr":2,"down":1,"time":"06:09","yrdln":"JAC 11","ydstogo":10,"ydsnet":73,"posteam":"NE","desc":"(6:09) (Shotgun) T.Brady pass short left to W.Welker pushed ob at JAC 2 for 9 yards (W.Middleton).","note":null,"players":{"00-0019596":[{"sequence":1,"clubcode":"NE","playerName":"T.Brady","statId":15,"yards":9},{"sequence":2,"clubcode":"NE","playerName":"T.Brady","statId":111,"yards":5}],"00-0022427":[{"sequence":3,"clubcode":"NE","playerName":"W.Welker","statId":21,"yards":9},{"sequence":4,"clubcode":"NE","playerName":"W.Welker","statId":115,"yards":0},{"sequence":5,"clubcode":"NE","playerName":"W.Welker","statId":113,"yards":4}],"00-0026912":[{"sequence":6,"clubcode":"JAC","playerName":"W.Middleton","statId":79,"yards":0}]}},"1381":{"sp":0,"qtr":2,"down":2,"time":"05:47","yrdln":"JAC 2","ydstogo":1,"ydsnet":74,"posteam":"NE","desc":"(5:47) D.Connolly and M.LeVoir reported in as eligible.  S.Morris left guard to JAC 1 for 1 yard (J.Durant, T.Knighton).","note":null,"players":{"00-0027046":[{"sequence":4,"clubcode":"JAC","playerName":"T.Knighton","statId":82,"yards":0}],"00-0019484":[{"sequence":2,"clubcode":"NE","playerName":"S.Morris","statId":10,"yards":1}],"0":[{"sequence":1,"clubcode":"NE","playerName":"","statId":3,"yards":0}],"00-0025435":[{"sequence":3,"clubcode":"JAC","playerName":"J.Durant","statId":80,"yards":0}]}},"1406":{"sp":1,"qtr":2,"down":1,"time":"05:07","yrdln":"JAC 1","ydstogo":1,"ydsnet":75,"posteam":"NE","desc":"(5:07) D.Connolly and M.LeVoir reported in as eligible.  S.Morris left guard for 1 yard, TOUCHDOWN.","note":"TD","players":{"00-0019484":[{"sequence":2,"clubcode":"NE","playerName":"S.Morris","statId":11,"yards":1}],"0":[{"sequence":1,"clubcode":"NE","playerName":"","statId":3,"yards":0}]}},"1427":{"sp":1,"qtr":2,"down":0,"time":"05:04","yrdln":"JAC 2","ydstogo":0,"ydsnet":75,"posteam":"NE","desc":"S.Gostkowski extra point is GOOD, Center-J.Ingram, Holder-C.Hanson.","note":"XP","players":{"00-0024333":[{"sequence":1,"clubcode":"NE","playerName":"S.Gostkowski","statId":72,"yards":0}]}}},"fds":3,"result":"Touchdown","penyds":0,"ydsgained":75,"numplays":7,"postime":"3:03","start":{"qtr":2,"time":"08:07","yrdln":"NE 25","team":"NE"},"end":{"qtr":2,"time":"05:04","yrdln":"JAC 1","team":"NE"}},"10":{"posteam":"JAC","qtr":2,"redzone":true,"plays":{"1443":{"sp":0,"qtr":2,"down":0,"time":"05:04","yrdln":"NE 30","ydstogo":0,"ydsnet":0,"posteam":"NE","desc":"S.Gostkowski kicks 67 yards from NE 30 to JAC 3. M.Jones-Drew to JAC 26 for 23 yards (K.Arrington, J.Wilhite).","note":"KICKOFF","players":{"00-0026269":[{"sequence":4,"clubcode":"NE","playerName":"J.Wilhite","statId":82,"yards":0}],"00-0026071":[{"sequence":3,"clubcode":"NE","playerName":"K.Arrington","statId":80,"yards":0}],"00-0024275":[{"sequence":2,"clubcode":"JAC","playerName":"M.Jones-Drew","statId":45,"yards":23}],"00-0024333":[{"sequence":1,"clubcode":"NE","playerName":"S.Gostkowski","statId":41,"yards":67}]}},"1465":{"sp":0,"qtr":2,"down":1,"time":"04:56","yrdln":"JAC 26","ydstogo":10,"ydsnet":-1,"posteam":"JAC","desc":"(4:56) M.Jones-Drew right tackle to JAC 25 for -1 yards (T.Banta-Cain, M.Wright).","note":null,"players":{"00-0023255":[{"sequence":4,"clubcode":"NE","playerName":"M.Wright","statId":82,"yards":0}],"00-0022038":[{"sequence":3,"clubcode":"NE","playerName":"T.Banta-Cain","statId":80,"yards":0},{"sequence":5,"clubcode":"NE","playerName":"T.Banta-Cain","statId":120,"yards":0}],"00-0024275":[{"sequence":1,"clubcode":"JAC","playerName":"M.Jones-Drew","statId":10,"yards":-1}],"0":[{"sequence":2,"clubcode":"JAC","playerName":"","statId":95,"yards":-1}]}},"1486":{"sp":0,"qtr":2,"down":2,"time":"04:18","yrdln":"JAC 25","ydstogo":11,"ydsnet":5,"posteam":"JAC","desc":"(4:18) (Shotgun) M.Jones-Drew right tackle to JAC 31 for 6 yards (J.Mayo, R.Ninkovich).","note":null,"players":{"00-0024275":[{"sequence":1,"clubcode":"JAC","playerName":"M.Jones-Drew","statId":10,"yards":6}],"00-0024349":[{"sequence":3,"clubcode":"NE","playerName":"R.Ninkovich","statId":82,"yards":0}],"00-0026150":[{"sequence":2,"clubcode":"NE","playerName":"J.Mayo","statId":80,"yards":0}]}},"1508":{"sp":0,"qtr":2,"down":3,"time":"03:39","yrdln":"JAC 31","ydstogo":5,"ydsnet":9,"posteam":"JAC","desc":"(3:39) D.Garrard pass short right to R.Jennings to JAC 35 for 4 yards (J.Mayo, B.McGowan).","note":null,"players":{"00-0027155":[{"sequence":4,"clubcode":"JAC","playerName":"R.Jennings","statId":21,"yards":4},{"sequence":5,"clubcode":"JAC","playerName":"R.Jennings","statId":115,"yards":0},{"sequence":6,"clubcode":"JAC","playerName":"R.Jennings","statId":113,"yards":3}],"00-0021231":[{"sequence":2,"clubcode":"JAC","playerName":"D.Garrard","statId":15,"yards":4},{"sequence":3,"clubcode":"JAC","playerName":"D.Garrard","statId":111,"yards":1}],"00-0023354":[{"sequence":8,"clubcode":"NE","playerName":"B.McGowan","statId":82,"yards":0}],"0":[{"sequence":1,"clubcode":"JAC","playerName":"","statId":7,"yards":0}],"00-0026150":[{"sequence":7,"clubcode":"NE","playerName":"J.Mayo","statId":80,"yards":0}]}},"1532":{"sp":0,"qtr":2,"down":4,"time":"03:00","yrdln":"JAC 35","ydstogo":1,"ydsnet":9,"posteam":"JAC","desc":"(3:00) A.Podlesh punts 41 yards to NE 24, Center-J.Cain. W.Welker to NE 33 for 9 yards (B.Iwuh).","note":"PUNT","players":{"00-0025488":[{"sequence":1,"clubcode":"JAC","playerName":"A.Podlesh","statId":29,"yards":41}],"00-0022427":[{"sequence":2,"clubcode":"NE","playerName":"W.Welker","statId":33,"yards":9}],"00-0024100":[{"sequence":3,"clubcode":"JAC","playerName":"B.Iwuh","statId":79,"yards":0}]}}},"fds":0,"result":"Punt","penyds":0,"ydsgained":9,"numplays":5,"postime":"2:13","start":{"qtr":2,"time":"05:04","yrdln":"JAC 26","team":"JAC"},"end":{"qtr":2,"time":"02:51","yrdln":"JAC 35","team":"JAC"}},"11":{"posteam":"NE","qtr":2,"redzone":true,"plays":{"1559":{"sp":0,"qtr":2,"down":1,"time":"02:51","yrdln":"NE 33","ydstogo":10,"ydsnet":9,"posteam":"NE","desc":"(2:51) (Shotgun) T.Brady pass short left to W.Welker to NE 42 for 9 yards (A.Smith, R.Mathis). JAC-A.Smith was injured during the play.","note":null,"players":{"00-0022080":[{"sequence":7,"clubcode":"JAC","playerName":"R.Mathis","statId":82,"yards":0}],"00-0024298":[{"sequence":6,"clubcode":"JAC","playerName":"A.Smith","statId":80,"yards":0}],"00-0019596":[{"sequence":1,"clubcode":"NE","playerName":"T.Brady","statId":15,"yards":9},{"sequence":2,"clubcode":"NE","playerName":"T.Brady","statId":111,"yards":-4}],"00-0022427":[{"sequence":3,"clubcode":"NE","playerName":"W.Welker","statId":21,"yards":9},{"sequence":4,"clubcode":"NE","playerName":"W.Welker","statId":115,"yards":0},{"sequence":5,"clubcode":"NE","playerName":"W.Welker","statId":113,"yards":13}]}},"1583":{"sp":0,"qtr":2,"down":2,"time":"02:08","yrdln":"NE 42","ydstogo":1,"ydsnet":11,"posteam":"NE","desc":"(2:08) S.Morris left end to NE 44 for 2 yards (J.Henderson).","note":null,"players":{"00-0019484":[{"sequence":2,"clubcode":"NE","playerName":"S.Morris","statId":10,"yards":2}],"00-0021144":[{"sequence":3,"clubcode":"JAC","playerName":"J.Henderson","statId":79,"yards":0}],"0":[{"sequence":1,"clubcode":"NE","playerName":"","statId":3,"yards":0}]}},"1608":{"sp":0,"qtr":2,"down":0,"time":"02:00","yrdln":"","ydstogo":0,"ydsnet":11,"posteam":"","desc":"Two-Minute Warning","note":null,"players":{}},"1625":{"sp":0,"qtr":2,"down":1,"time":"02:00","yrdln":"NE 44","ydstogo":10,"ydsnet":40,"posteam":"NE","desc":"(2:00) (Shotgun) T.Brady pass deep left to W.Welker pushed ob at JAC 27 for 29 yards (S.Considine).","note":null,"players":{"00-0023537":[{"sequence":7,"clubcode":"JAC","playerName":"S.Considine","statId":79,"yards":0}],"00-0019596":[{"sequence":2,"clubcode":"NE","playerName":"T.Brady","statId":15,"yards":29},{"sequence":3,"clubcode":"NE","playerName":"T.Brady","statId":111,"yards":19}],"0":[{"sequence":1,"clubcode":"NE","playerName":"","statId":4,"yards":0}],"00-0022427":[{"sequence":4,"clubcode":"NE","playerName":"W.Welker","statId":21,"yards":29},{"sequence":5,"clubcode":"NE","playerName":"W.Welker","statId":115,"yards":0},{"sequence":6,"clubcode":"NE","playerName":"W.Welker","statId":113,"yards":10}]}},"1654":{"sp":0,"qtr":2,"down":1,"time":"01:52","yrdln":"JAC 27","ydstogo":10,"ydsnet":43,"posteam":"NE","desc":"(1:52) (No Huddle, Shotgun) T.Brady pass short right to S.Morris pushed ob at JAC 24 for 3 yards (G.Alexander).","note":null,"players":{"00-0019484":[{"sequence":3,"clubcode":"NE","playerName":"S.Morris","statId":21,"yards":3},{"sequence":4,"clubcode":"NE","playerName":"S.Morris","statId":115,"yards":0},{"sequence":5,"clubcode":"NE","playerName":"S.Morris","statId":113,"yards":2}],"00-0019596":[{"sequence":1,"clubcode":"NE","playerName":"T.Brady","statId":15,"yards":3},{"sequence":2,"clubcode":"NE","playerName":"T.Brady","statId":111,"yards":1}],"00-0025448":[{"sequence":6,"clubcode":"JAC","playerName":"G.Alexander","statId":79,"yards":0}]}},"1678":{"sp":0,"qtr":2,"down":2,"time":"01:47","yrdln":"JAC 24","ydstogo":7,"ydsnet":55,"posteam":"NE","desc":"(1:47) (No Huddle, Shotgun) T.Brady pass short left to W.Welker to JAC 12 for 12 yards (W.Middleton).","note":null,"players":{"00-0019596":[{"sequence":2,"clubcode":"NE","playerName":"T.Brady","statId":15,"yards":12},{"sequence":3,"clubcode":"NE","playerName":"T.Brady","statId":111,"yards":8}],"0":[{"sequence":1,"clubcode":"NE","playerName":"","statId":4,"yards":0}],"00-0022427":[{"sequence":4,"clubcode":"NE","playerName":"W.Welker","statId":21,"yards":12},{"sequence":5,"clubcode":"NE","playerName":"W.Welker","statId":115,"yards":0},{"sequence":6,"clubcode":"NE","playerName":"W.Welker","statId":113,"yards":4}],"00-0026912":[{"sequence":7,"clubcode":"JAC","playerName":"W.Middleton","statId":79,"yards":0}]}},"1703":{"sp":0,"qtr":2,"down":1,"time":"01:20","yrdln":"JAC 12","ydstogo":10,"ydsnet":61,"posteam":"NE","desc":"(1:20) (No Huddle, Shotgun) K.Faulk left guard to JAC 6 for 6 yards (D.Cox, D.Smith).","note":null,"players":{"00-0027047":[{"sequence":2,"clubcode":"JAC","playerName":"D.Cox","statId":80,"yards":0}],"00-0022839":[{"sequence":3,"clubcode":"JAC","playerName":"D.Smith","statId":82,"yards":0}],"00-0005091":[{"sequence":1,"clubcode":"NE","playerName":"K.Faulk","statId":10,"yards":6}]}},"1724":{"sp":1,"qtr":2,"down":2,"time":"00:50","yrdln":"JAC 6","ydstogo":4,"ydsnet":67,"posteam":"NE","desc":"(:50) (No Huddle, Shotgun) T.Brady pass short middle to R.Moss for 6 yards, TOUCHDOWN. NE 81-Moss 35th career game with 2+ TD receptions, 2nd all-time (Jerry Rice 44).","note":"TD","players":{"00-0019596":[{"sequence":2,"clubcode":"NE","playerName":"T.Brady","statId":16,"yards":6},{"sequence":3,"clubcode":"NE","playerName":"T.Brady","statId":111,"yards":6}],"0":[{"sequence":1,"clubcode":"NE","playerName":"","statId":4,"yards":0}],"00-0011754":[{"sequence":4,"clubcode":"NE","playerName":"R.Moss","statId":22,"yards":6},{"sequence":5,"clubcode":"NE","playerName":"R.Moss","statId":115,"yards":0},{"sequence":6,"clubcode":"NE","playerName":"R.Moss","statId":113,"yards":0}]}},"1748":{"sp":1,"qtr":2,"down":0,"time":"00:45","yrdln":"JAC 2","ydstogo":0,"ydsnet":67,"posteam":"NE","desc":"S.Gostkowski extra point is GOOD, Center-J.Ingram, Holder-C.Hanson.","note":"XP","players":{"00-0024333":[{"sequence":1,"clubcode":"NE","playerName":"S.Gostkowski","statId":72,"yards":0}]}}},"fds":4,"result":"Touchdown","penyds":0,"ydsgained":67,"numplays":9,"postime":"2:06","start":{"qtr":2,"time":"02:51","yrdln":"NE 33","team":"NE"},"end":{"qtr":2,"time":"00:45","yrdln":"JAC 6","team":"NE"}},"12":{"posteam":"JAC","qtr":2,"redzone":true,"plays":{"1764":{"sp":0,"qtr":2,"down":0,"time":"00:45","yrdln":"NE 30","ydstogo":0,"ydsnet":0,"posteam":"NE","desc":"S.Gostkowski kicks 67 yards from NE 30 to JAC 3. M.Thomas to JAC 26 for 23 yards (R.Ninkovich, P.Chung).","note":"KICKOFF","players":{"00-0027010":[{"sequence":4,"clubcode":"NE","playerName":"P.Chung","statId":82,"yards":0}],"00-0024333":[{"sequence":1,"clubcode":"NE","playerName":"S.Gostkowski","statId":41,"yards":67}],"00-0024349":[{"sequence":3,"clubcode":"NE","playerName":"R.Ninkovich","statId":80,"yards":0}],"00-0027076":[{"sequence":2,"clubcode":"JAC","playerName":"M.Thomas","statId":45,"yards":23}]}},"1786":{"sp":0,"qtr":2,"down":1,"time":"00:40","yrdln":"JAC 26","ydstogo":10,"ydsnet":11,"posteam":"JAC","desc":"(:40) (Shotgun) D.Garrard pass short middle to M.Thomas to JAC 37 for 11 yards (J.Sanders).","note":null,"players":{"00-0021231":[{"sequence":2,"clubcode":"JAC","playerName":"D.Garrard","statId":15,"yards":11},{"sequence":3,"clubcode":"JAC","playerName":"D.Garrard","statId":111,"yards":11}],"0":[{"sequence":1,"clubcode":"JAC","playerName":"","statId":4,"yards":0}],"00-0023567":[{"sequence":7,"clubcode":"NE","playerName":"J.Sanders","statId":79,"yards":0}],"00-0027076":[{"sequence":4,"clubcode":"JAC","playerName":"M.Thomas","statId":21,"yards":11},{"sequence":5,"clubcode":"JAC","playerName":"M.Thomas","statId":115,"yards":0},{"sequence":6,"clubcode":"JAC","playerName":"M.Thomas","statId":113,"yards":0}]}},"1810":{"sp":0,"qtr":2,"down":0,"time":"00:31","yrdln":"","ydstogo":0,"ydsnet":11,"posteam":"","desc":"Timeout #2 by JAC at 00:31.","note":"TIMEOUT","players":{"0":[{"sequence":1,"clubcode":"JAC","playerName":"","statId":68,"yards":0}]}},"1827":{"sp":0,"qtr":2,"down":1,"time":"00:31","yrdln":"JAC 37","ydstogo":10,"ydsnet":18,"posteam":"JAC","desc":"(:31) (Shotgun) D.Garrard pass short right to M.Thomas to JAC 44 for 7 yards (J.Wilhite).","note":null,"players":{"00-0026269":[{"sequence":6,"clubcode":"NE","playerName":"J.Wilhite","statId":79,"yards":0}],"00-0021231":[{"sequence":1,"clubcode":"JAC","playerName":"D.Garrard","statId":15,"yards":7},{"sequence":2,"clubcode":"JAC","playerName":"D.Garrard","statId":111,"yards":4}],"00-0027076":[{"sequence":3,"clubcode":"JAC","playerName":"M.Thomas","statId":21,"yards":7},{"sequence":4,"clubcode":"JAC","playerName":"M.Thomas","statId":115,"yards":0},{"sequence":5,"clubcode":"JAC","playerName":"M.Thomas","statId":113,"yards":3}]}},"1851":{"sp":0,"qtr":2,"down":0,"time":"00:24","yrdln":"","ydstogo":0,"ydsnet":18,"posteam":"","desc":"Timeout #3 by JAC at 00:24.","note":"TIMEOUT","players":{"0":[{"sequence":1,"clubcode":"JAC","playerName":"","statId":68,"yards":0}]}},"1868":{"sp":0,"qtr":2,"down":2,"time":"00:24","yrdln":"JAC 44","ydstogo":3,"ydsnet":18,"posteam":"JAC","desc":"(:24) (Shotgun) D.Garrard pass incomplete short left to T.Holt.","note":null,"players":{"00-0021231":[{"sequence":1,"clubcode":"JAC","playerName":"D.Garrard","statId":14,"yards":0},{"sequence":3,"clubcode":"JAC","playerName":"D.Garrard","statId":112,"yards":8}],"00-0007681":[{"sequence":2,"clubcode":"JAC","playerName":"T.Holt","statId":115,"yards":0}]}},"1890":{"sp":0,"qtr":2,"down":3,"time":"00:19","yrdln":"JAC 44","ydstogo":3,"ydsnet":18,"posteam":"JAC","desc":"(:19) (Shotgun) D.Garrard sacked at JAC 44 for 0 yards (G.Guyton).","note":null,"players":{"00-0021231":[{"sequence":2,"clubcode":"JAC","playerName":"D.Garrard","statId":20,"yards":0}],"00-0025821":[{"sequence":3,"clubcode":"NE","playerName":"G.Guyton","statId":83,"yards":0},{"sequence":4,"clubcode":"NE","playerName":"G.Guyton","statId":110,"yards":0},{"sequence":5,"clubcode":"NE","playerName":"G.Guyton","statId":79,"yards":0}],"0":[{"sequence":1,"clubcode":"JAC","playerName":"","statId":7,"yards":0}]}},"1909":{"sp":0,"qtr":2,"down":0,"time":"00:10","yrdln":"","ydstogo":0,"ydsnet":18,"posteam":"","desc":"Timeout #2 by NE at 00:10.","note":"TIMEOUT","players":{"0":[{"sequence":1,"clubcode":"NE","playerName":"","statId":68,"yards":0}]}},"1926":{"sp":0,"qtr":2,"down":4,"time":"00:10","yrdln":"JAC 44","ydstogo":3,"ydsnet":18,"posteam":"JAC","desc":"(:10) A.Podlesh punts 47 yards to NE 9, Center-J.Cain, downed by JAC-B.Bolen. punt was illegally touched.  NE declined option to extend half.","note":"PUNT","players":{"00-0025488":[{"sequence":1,"clubcode":"JAC","playerName":"A.Podlesh","statId":29,"yards":47},{"sequence":2,"clubcode":"JAC","playerName":"A.Podlesh","statId":30,"yards":0}],"0":[{"sequence":3,"clubcode":"NE","playerName":"","statId":38,"yards":0}]}}},"fds":1,"result":"Punt","penyds":0,"ydsgained":18,"numplays":9,"postime":"0:45","start":{"qtr":2,"time":"00:45","yrdln":"JAC 26","team":"JAC"},"end":{"qtr":2,"time":"00:00","yrdln":"JAC 44","team":"JAC"}},"13":{"posteam":"JAC","qtr":3,"redzone":true,"plays":{"1966":{"sp":0,"qtr":3,"down":0,"time":"15:00","yrdln":"NE 30","ydstogo":0,"ydsnet":0,"posteam":"NE","desc":"S.Gostkowski kicks 72 yards from NE 30 to JAC -2. M.Thomas to JAC 26 for 28 yards (R.Ninkovich, K.Arrington).","note":"KICKOFF","players":{"00-0026071":[{"sequence":4,"clubcode":"NE","playerName":"K.Arrington","statId":82,"yards":0}],"00-0024333":[{"sequence":1,"clubcode":"NE","playerName":"S.Gostkowski","statId":43,"yards":72}],"00-0024349":[{"sequence":3,"clubcode":"NE","playerName":"R.Ninkovich","statId":80,"yards":0}],"00-0027076":[{"sequence":2,"clubcode":"JAC","playerName":"M.Thomas","statId":45,"yards":28}]}},"1988":{"sp":0,"qtr":3,"down":1,"time":"14:52","yrdln":"JAC 26","ydstogo":10,"ydsnet":8,"posteam":"JAC","desc":"(14:52) (Shotgun) D.Garrard pass short right to Z.Miller to JAC 34 for 8 yards (J.Mayo, G.Guyton).","note":null,"players":{"00-0027125":[{"sequence":3,"clubcode":"JAC","playerName":"Z.Miller","statId":21,"yards":8},{"sequence":4,"clubcode":"JAC","playerName":"Z.Miller","statId":115,"yards":0},{"sequence":5,"clubcode":"JAC","playerName":"Z.Miller","statId":113,"yards":5}],"00-0021231":[{"sequence":1,"clubcode":"JAC","playerName":"D.Garrard","statId":15,"yards":8},{"sequence":2,"clubcode":"JAC","playerName":"D.Garrard","statId":111,"yards":3}],"00-0025821":[{"sequence":7,"clubcode":"NE","playerName":"G.Guyton","statId":82,"yards":0}],"00-0026150":[{"sequence":6,"clubcode":"NE","playerName":"J.Mayo","statId":80,"yards":0}]}},"2012":{"sp":0,"qtr":3,"down":2,"time":"14:17","yrdln":"JAC 34","ydstogo":2,"ydsnet":9,"posteam":"JAC","desc":"(14:17) (Shotgun) M.Jones-Drew up the middle to JAC 35 for 1 yard (J.Mayo, T.Banta-Cain).","note":null,"players":{"00-0022038":[{"sequence":3,"clubcode":"NE","playerName":"T.Banta-Cain","statId":82,"yards":0}],"00-0024275":[{"sequence":1,"clubcode":"JAC","playerName":"M.Jones-Drew","statId":10,"yards":1}],"00-0026150":[{"sequence":2,"clubcode":"NE","playerName":"J.Mayo","statId":80,"yards":0}]}},"2033":{"sp":0,"qtr":3,"down":3,"time":"13:40","yrdln":"JAC 35","ydstogo":1,"ydsnet":9,"posteam":"JAC","desc":"(13:40) M.Jones-Drew right guard to JAC 35 for no gain (B.Meriweather, J.Mayo).","note":null,"players":{"00-0024275":[{"sequence":2,"clubcode":"JAC","playerName":"M.Jones-Drew","statId":10,"yards":0}],"0":[{"sequence":1,"clubcode":"JAC","playerName":"","statId":7,"yards":0}],"00-0026150":[{"sequence":4,"clubcode":"NE","playerName":"J.Mayo","statId":82,"yards":0}],"00-0025411":[{"sequence":3,"clubcode":"NE","playerName":"B.Meriweather","statId":80,"yards":0}]}},"2054":{"sp":0,"qtr":3,"down":4,"time":"13:03","yrdln":"JAC 35","ydstogo":1,"ydsnet":11,"posteam":"JAC","desc":"(13:03) D.Garrard up the middle to JAC 37 for 2 yards (J.Mayo, M.Pryor).","note":null,"players":{"00-0027138":[{"sequence":5,"clubcode":"NE","playerName":"M.Pryor","statId":82,"yards":0}],"00-0021231":[{"sequence":3,"clubcode":"JAC","playerName":"D.Garrard","statId":10,"yards":2}],"0":[{"sequence":1,"clubcode":"JAC","playerName":"","statId":3,"yards":0},{"sequence":2,"clubcode":"JAC","playerName":"","statId":8,"yards":0}],"00-0026150":[{"sequence":4,"clubcode":"NE","playerName":"J.Mayo","statId":80,"yards":0}]}},"2075":{"sp":0,"qtr":3,"down":1,"time":"12:27","yrdln":"JAC 37","ydstogo":10,"ydsnet":15,"posteam":"JAC","desc":"(12:27) (Shotgun) D.Garrard pass short right to M.Jones-Drew to JAC 41 for 4 yards (J.Mayo).","note":null,"players":{"00-0024275":[{"sequence":3,"clubcode":"JAC","playerName":"M.Jones-Drew","statId":21,"yards":4},{"sequence":4,"clubcode":"JAC","playerName":"M.Jones-Drew","statId":115,"yards":0},{"sequence":5,"clubcode":"JAC","playerName":"M.Jones-Drew","statId":113,"yards":1}],"00-0021231":[{"sequence":1,"clubcode":"JAC","playerName":"D.Garrard","statId":15,"yards":4},{"sequence":2,"clubcode":"JAC","playerName":"D.Garrard","statId":111,"yards":3}],"00-0026150":[{"sequence":6,"clubcode":"NE","playerName":"J.Mayo","statId":79,"yards":0}]}},"2099":{"sp":0,"qtr":3,"down":2,"time":"11:55","yrdln":"JAC 41","ydstogo":6,"ydsnet":32,"posteam":"JAC","desc":"(11:55) (No Huddle, Shotgun) D.Garrard pass short left to M.Jones-Drew to NE 42 for 17 yards (J.Mayo, G.Guyton).","note":null,"players":{"00-0024275":[{"sequence":4,"clubcode":"JAC","playerName":"M.Jones-Drew","statId":21,"yards":17},{"sequence":5,"clubcode":"JAC","playerName":"M.Jones-Drew","statId":115,"yards":0},{"sequence":6,"clubcode":"JAC","playerName":"M.Jones-Drew","statId":113,"yards":21}],"00-0021231":[{"sequence":2,"clubcode":"JAC","playerName":"D.Garrard","statId":15,"yards":17},{"sequence":3,"clubcode":"JAC","playerName":"D.Garrard","statId":111,"yards":-4}],"00-0025821":[{"sequence":8,"clubcode":"NE","playerName":"G.Guyton","statId":82,"yards":0}],"0":[{"sequence":1,"clubcode":"JAC","playerName":"","statId":4,"yards":0}],"00-0026150":[{"sequence":7,"clubcode":"NE","playerName":"J.Mayo","statId":80,"yards":0}]}},"2123":{"sp":0,"qtr":3,"down":1,"time":"11:19","yrdln":"NE 42","ydstogo":10,"ydsnet":45,"posteam":"JAC","desc":"(11:19) (No Huddle, Shotgun) D.Garrard pass short right to R.Jennings to NE 29 for 13 yards (B.Meriweather) [D.Burgess].","note":null,"players":{"00-0027155":[{"sequence":4,"clubcode":"JAC","playerName":"R.Jennings","statId":21,"yards":13},{"sequence":5,"clubcode":"JAC","playerName":"R.Jennings","statId":115,"yards":0},{"sequence":6,"clubcode":"JAC","playerName":"R.Jennings","statId":113,"yards":15}],"00-0021231":[{"sequence":2,"clubcode":"JAC","playerName":"D.Garrard","statId":15,"yards":13},{"sequence":3,"clubcode":"JAC","playerName":"D.Garrard","statId":111,"yards":-2}],"00-0020504":[{"sequence":7,"clubcode":"NE","playerName":"D.Burgess","statId":110,"yards":0}],"0":[{"sequence":1,"clubcode":"JAC","playerName":"","statId":4,"yards":0}],"00-0025411":[{"sequence":8,"clubcode":"NE","playerName":"B.Meriweather","statId":79,"yards":0}]}},"2147":{"sp":0,"qtr":3,"down":1,"time":"10:46","yrdln":"NE 29","ydstogo":10,"ydsnet":45,"posteam":"JAC","desc":"(10:46) (No Huddle, Shotgun) D.Garrard pass incomplete short middle to R.Jennings (J.Sanders) [T.Banta-Cain].","note":null,"players":{"00-0022038":[{"sequence":4,"clubcode":"NE","playerName":"T.Banta-Cain","statId":110,"yards":0}],"00-0027155":[{"sequence":2,"clubcode":"JAC","playerName":"R.Jennings","statId":115,"yards":0}],"00-0021231":[{"sequence":1,"clubcode":"JAC","playerName":"D.Garrard","statId":14,"yards":0},{"sequence":5,"clubcode":"JAC","playerName":"D.Garrard","statId":112,"yards":5}],"00-0023567":[{"sequence":3,"clubcode":"NE","playerName":"J.Sanders","statId":85,"yards":0}]}},"2177":{"sp":0,"qtr":3,"down":2,"time":"10:39","yrdln":"NE 29","ydstogo":10,"ydsnet":47,"posteam":"JAC","desc":"(10:39) (Shotgun) M.Jones-Drew up the middle to NE 27 for 2 yards (T.Banta-Cain, M.Pryor).","note":null,"players":{"00-0027138":[{"sequence":3,"clubcode":"NE","playerName":"M.Pryor","statId":82,"yards":0}],"00-0022038":[{"sequence":2,"clubcode":"NE","playerName":"T.Banta-Cain","statId":80,"yards":0}],"00-0024275":[{"sequence":1,"clubcode":"JAC","playerName":"M.Jones-Drew","statId":10,"yards":2}]}},"2198":{"sp":0,"qtr":3,"down":3,"time":"10:00","yrdln":"NE 27","ydstogo":8,"ydsnet":56,"posteam":"JAC","desc":"(10:00) (Shotgun) D.Garrard pass short middle to M.Sims-Walker to NE 18 for 9 yards (B.Meriweather) [J.Mayo].","note":null,"players":{"00-0021231":[{"sequence":3,"clubcode":"JAC","playerName":"D.Garrard","statId":15,"yards":9},{"sequence":4,"clubcode":"JAC","playerName":"D.Garrard","statId":111,"yards":9}],"0":[{"sequence":1,"clubcode":"JAC","playerName":"","statId":4,"yards":0},{"sequence":2,"clubcode":"JAC","playerName":"","statId":6,"yards":0}],"00-0025466":[{"sequence":5,"clubcode":"JAC","playerName":"M.Sims-Walker","statId":21,"yards":9},{"sequence":6,"clubcode":"JAC","playerName":"M.Sims-Walker","statId":115,"yards":0},{"sequence":7,"clubcode":"JAC","playerName":"M.Sims-Walker","statId":113,"yards":0}],"00-0025411":[{"sequence":9,"clubcode":"NE","playerName":"B.Meriweather","statId":79,"yards":0}],"00-0026150":[{"sequence":8,"clubcode":"NE","playerName":"J.Mayo","statId":110,"yards":0}]}},"2222":{"sp":0,"qtr":3,"down":1,"time":"09:20","yrdln":"NE 18","ydstogo":10,"ydsnet":60,"posteam":"JAC","desc":"(9:20) D.Garrard pass short left to M.Thomas to NE 14 for 4 yards (J.Mayo).","note":null,"players":{"00-0021231":[{"sequence":1,"clubcode":"JAC","playerName":"D.Garrard","statId":15,"yards":4},{"sequence":2,"clubcode":"JAC","playerName":"D.Garrard","statId":111,"yards":-1}],"00-0026150":[{"sequence":6,"clubcode":"NE","playerName":"J.Mayo","statId":79,"yards":0}],"00-0027076":[{"sequence":3,"clubcode":"JAC","playerName":"M.Thomas","statId":21,"yards":4},{"sequence":4,"clubcode":"JAC","playerName":"M.Thomas","statId":115,"yards":0},{"sequence":5,"clubcode":"JAC","playerName":"M.Thomas","statId":113,"yards":5}]}},"2246":{"sp":0,"qtr":3,"down":2,"time":"08:40","yrdln":"NE 14","ydstogo":6,"ydsnet":65,"posteam":"JAC","desc":"(8:40) (Shotgun) M.Jones-Drew left tackle to NE 9 for 5 yards (G.Guyton, J.Sanders).","note":null,"players":{"00-0024275":[{"sequence":1,"clubcode":"JAC","playerName":"M.Jones-Drew","statId":10,"yards":5}],"00-0025821":[{"sequence":2,"clubcode":"NE","playerName":"G.Guyton","statId":80,"yards":0}],"00-0023567":[{"sequence":3,"clubcode":"NE","playerName":"J.Sanders","statId":82,"yards":0}]}},"2267":{"sp":0,"qtr":3,"down":3,"time":"08:00","yrdln":"NE 9","ydstogo":1,"ydsnet":67,"posteam":"JAC","desc":"(8:00) J.Black reported in as eligible.  M.Jones-Drew up the middle to NE 7 for 2 yards (J.Seau, M.Pryor).","note":null,"players":{"00-0027138":[{"sequence":5,"clubcode":"NE","playerName":"M.Pryor","statId":82,"yards":0}],"00-0024275":[{"sequence":3,"clubcode":"JAC","playerName":"M.Jones-Drew","statId":10,"yards":2}],"0":[{"sequence":1,"clubcode":"JAC","playerName":"","statId":3,"yards":0},{"sequence":2,"clubcode":"JAC","playerName":"","statId":6,"yards":0}],"00-0014619":[{"sequence":4,"clubcode":"NE","playerName":"J.Seau","statId":80,"yards":0}]}},"2290":{"sp":0,"qtr":3,"down":1,"time":"07:18","yrdln":"NE 7","ydstogo":7,"ydsnet":69,"posteam":"JAC","desc":"(7:18) (Shotgun) D.Garrard left guard to NE 5 for 2 yards (J.Mayo, M.Pryor).","note":null,"players":{"00-0027138":[{"sequence":3,"clubcode":"NE","playerName":"M.Pryor","statId":82,"yards":0}],"00-0021231":[{"sequence":1,"clubcode":"JAC","playerName":"D.Garrard","statId":10,"yards":2}],"00-0026150":[{"sequence":2,"clubcode":"NE","playerName":"J.Mayo","statId":80,"yards":0}]}},"2311":{"sp":0,"qtr":3,"down":2,"time":"06:38","yrdln":"NE 5","ydstogo":5,"ydsnet":69,"posteam":"JAC","desc":"(6:38) D.Garrard pass incomplete short middle to Z.Miller (J.Sanders) [J.Seau].","note":null,"players":{"00-0027125":[{"sequence":2,"clubcode":"JAC","playerName":"Z.Miller","statId":115,"yards":0}],"00-0021231":[{"sequence":1,"clubcode":"JAC","playerName":"D.Garrard","statId":14,"yards":0},{"sequence":5,"clubcode":"JAC","playerName":"D.Garrard","statId":112,"yards":5}],"00-0023567":[{"sequence":3,"clubcode":"NE","playerName":"J.Sanders","statId":85,"yards":0}],"00-0014619":[{"sequence":4,"clubcode":"NE","playerName":"J.Seau","statId":110,"yards":0}]}},"2333":{"sp":0,"qtr":3,"down":3,"time":"06:34","yrdln":"NE 5","ydstogo":5,"ydsnet":69,"posteam":"JAC","desc":"(6:34) (Shotgun) D.Garrard pass short middle intended for M.Sims-Walker INTERCEPTED by S.Springs at NE 2. S.Springs to NE 10 for 8 yards (M.Sims-Walker).","note":"INT","players":{"00-0021231":[{"sequence":2,"clubcode":"JAC","playerName":"D.Garrard","statId":19,"yards":0},{"sequence":4,"clubcode":"JAC","playerName":"D.Garrard","statId":112,"yards":3}],"0":[{"sequence":1,"clubcode":"JAC","playerName":"","statId":7,"yards":0}],"00-0015495":[{"sequence":5,"clubcode":"NE","playerName":"S.Springs","statId":25,"yards":8},{"sequence":6,"clubcode":"NE","playerName":"S.Springs","statId":85,"yards":0}],"00-0025466":[{"sequence":3,"clubcode":"JAC","playerName":"M.Sims-Walker","statId":115,"yards":0},{"sequence":7,"clubcode":"JAC","playerName":"M.Sims-Walker","statId":79,"yards":0}]}}},"fds":5,"result":"Interception","penyds":0,"ydsgained":69,"numplays":17,"postime":"8:34","start":{"qtr":3,"time":"15:00","yrdln":"JAC 26","team":"JAC"},"end":{"qtr":3,"time":"06:26","yrdln":"NE 5","team":"JAC"}},"14":{"posteam":"NE","qtr":4,"redzone":true,"plays":{"2359":{"sp":0,"qtr":3,"down":1,"time":"06:26","yrdln":"NE 10","ydstogo":10,"ydsnet":-5,"posteam":"NE","desc":"(6:26) PENALTY on NE-S.Vollmer, False Start, 5 yards, enforced at NE 10 - No Play.","note":"PENALTY","players":{"00-0027034":[{"sequence":1,"clubcode":"NE","playerName":"S.Vollmer","statId":93,"yards":5}]}},"2383":{"sp":0,"qtr":3,"down":1,"time":"06:26","yrdln":"NE 5","ydstogo":15,"ydsnet":4,"posteam":"NE","desc":"(6:26) (Shotgun) T.Brady pass short middle to W.Welker to NE 14 for 9 yards (J.Durant, W.Middleton). NE 83-Welker 14th career 100-yard game (6th this season-career best)","note":null,"players":{"00-0019596":[{"sequence":1,"clubcode":"NE","playerName":"T.Brady","statId":15,"yards":9},{"sequence":2,"clubcode":"NE","playerName":"T.Brady","statId":111,"yards":3}],"00-0022427":[{"sequence":3,"clubcode":"NE","playerName":"W.Welker","statId":21,"yards":9},{"sequence":4,"clubcode":"NE","playerName":"W.Welker","statId":115,"yards":0},{"sequence":5,"clubcode":"NE","playerName":"W.Welker","statId":113,"yards":6}],"00-0026912":[{"sequence":7,"clubcode":"JAC","playerName":"W.Middleton","statId":82,"yards":0}],"00-0025435":[{"sequence":6,"clubcode":"JAC","playerName":"J.Durant","statId":80,"yards":0}]}},"2412":{"sp":0,"qtr":3,"down":2,"time":"05:45","yrdln":"NE 14","ydstogo":6,"ydsnet":6,"posteam":"NE","desc":"(5:45) S.Morris right end to NE 16 for 2 yards (D.Harvey).","note":null,"players":{"00-0019484":[{"sequence":1,"clubcode":"NE","playerName":"S.Morris","statId":10,"yards":2}],"00-0026148":[{"sequence":2,"clubcode":"JAC","playerName":"D.Harvey","statId":79,"yards":0}]}},"2433":{"sp":0,"qtr":3,"down":3,"time":"05:03","yrdln":"NE 16","ydstogo":4,"ydsnet":14,"posteam":"NE","desc":"(5:03) (Shotgun) T.Brady pass short middle to W.Welker to NE 24 for 8 yards (W.Middleton). NE 83-Welker now has 10 receptions in this game (7th time this season, 11th career), ties NFL record for most 10+ reception games in a season (Andre Johnson, 2008)","note":null,"players":{"00-0019596":[{"sequence":3,"clubcode":"NE","playerName":"T.Brady","statId":15,"yards":8},{"sequence":4,"clubcode":"NE","playerName":"T.Brady","statId":111,"yards":8}],"0":[{"sequence":1,"clubcode":"NE","playerName":"","statId":4,"yards":0},{"sequence":2,"clubcode":"NE","playerName":"","statId":6,"yards":0}],"00-0022427":[{"sequence":5,"clubcode":"NE","playerName":"W.Welker","statId":21,"yards":8},{"sequence":6,"clubcode":"NE","playerName":"W.Welker","statId":115,"yards":0},{"sequence":7,"clubcode":"NE","playerName":"W.Welker","statId":113,"yards":0}],"00-0026912":[{"sequence":8,"clubcode":"JAC","playerName":"W.Middleton","statId":79,"yards":0}]}},"2462":{"sp":0,"qtr":3,"down":1,"time":"04:17","yrdln":"NE 24","ydstogo":10,"ydsnet":34,"posteam":"NE","desc":"(4:17) (Shotgun) T.Brady pass deep right to R.Moss to NE 44 for 20 yards (D.Cox).","note":null,"players":{"00-0027047":[{"sequence":7,"clubcode":"JAC","playerName":"D.Cox","statId":79,"yards":0}],"00-0019596":[{"sequence":2,"clubcode":"NE","playerName":"T.Brady","statId":15,"yards":20},{"sequence":3,"clubcode":"NE","playerName":"T.Brady","statId":111,"yards":20}],"0":[{"sequence":1,"clubcode":"NE","playerName":"","statId":4,"yards":0}],"00-0011754":[{"sequence":4,"clubcode":"NE","playerName":"R.Moss","statId":21,"yards":20},{"sequence":5,"clubcode":"NE","playerName":"R.Moss","statId":115,"yards":0},{"sequence":6,"clubcode":"NE","playerName":"R.Moss","statId":113,"yards":0}]}},"2486":{"sp":0,"qtr":3,"down":1,"time":"03:35","yrdln":"NE 44","ydstogo":10,"ydsnet":45,"posteam":"NE","desc":"(3:35) (Shotgun) T.Brady pass short left to W.Welker to JAC 45 for 11 yards (R.Nelson).","note":null,"players":{"00-0025408":[{"sequence":7,"clubcode":"JAC","playerName":"R.Nelson","statId":79,"yards":0}],"00-0019596":[{"sequence":2,"clubcode":"NE","playerName":"T.Brady","statId":15,"yards":11},{"sequence":3,"clubcode":"NE","playerName":"T.Brady","statId":111,"yards":-1}],"0":[{"sequence":1,"clubcode":"NE","playerName":"","statId":4,"yards":0}],"00-0022427":[{"sequence":4,"clubcode":"NE","playerName":"W.Welker","statId":21,"yards":11},{"sequence":5,"clubcode":"NE","playerName":"W.Welker","statId":115,"yards":0},{"sequence":6,"clubcode":"NE","playerName":"W.Welker","statId":113,"yards":12}]}},"2510":{"sp":0,"qtr":3,"down":1,"time":"02:52","yrdln":"JAC 45","ydstogo":10,"ydsnet":45,"posteam":"NE","desc":"(2:52) (Shotgun) S.Morris right tackle to JAC 45 for no gain (D.Smith, D.Harvey).","note":null,"players":{"00-0019484":[{"sequence":1,"clubcode":"NE","playerName":"S.Morris","statId":10,"yards":0}],"00-0022839":[{"sequence":2,"clubcode":"JAC","playerName":"D.Smith","statId":80,"yards":0}],"00-0026148":[{"sequence":3,"clubcode":"JAC","playerName":"D.Harvey","statId":82,"yards":0}]}},"2531":{"sp":0,"qtr":3,"down":2,"time":"02:13","yrdln":"JAC 45","ydstogo":10,"ydsnet":43,"posteam":"NE","desc":"(2:13) (Shotgun) T.Brady pass short left to W.Welker to JAC 47 for -2 yards (S.Considine).","note":null,"players":{"00-0023537":[{"sequence":6,"clubcode":"JAC","playerName":"S.Considine","statId":79,"yards":0},{"sequence":7,"clubcode":"JAC","playerName":"S.Considine","statId":120,"yards":0}],"00-0019596":[{"sequence":1,"clubcode":"NE","playerName":"T.Brady","statId":15,"yards":-2},{"sequence":2,"clubcode":"NE","playerName":"T.Brady","statId":111,"yards":-3}],"00-0022427":[{"sequence":3,"clubcode":"NE","playerName":"W.Welker","statId":21,"yards":-2},{"sequence":4,"clubcode":"NE","playerName":"W.Welker","statId":115,"yards":0},{"sequence":5,"clubcode":"NE","playerName":"W.Welker","statId":113,"yards":1}]}},"2556":{"sp":0,"qtr":3,"down":3,"time":"01:30","yrdln":"JAC 47","ydstogo":12,"ydsnet":71,"posteam":"NE","desc":"(1:30) T.Brady pass short middle to J.Edelman to JAC 19 for 28 yards (S.Considine).","note":null,"players":{"00-0023537":[{"sequence":8,"clubcode":"JAC","playerName":"S.Considine","statId":79,"yards":0}],"00-0027150":[{"sequence":5,"clubcode":"NE","playerName":"J.Edelman","statId":21,"yards":28},{"sequence":6,"clubcode":"NE","playerName":"J.Edelman","statId":115,"yards":0},{"sequence":7,"clubcode":"NE","playerName":"J.Edelman","statId":113,"yards":18}],"00-0019596":[{"sequence":3,"clubcode":"NE","playerName":"T.Brady","statId":15,"yards":28},{"sequence":4,"clubcode":"NE","playerName":"T.Brady","statId":111,"yards":10}],"0":[{"sequence":1,"clubcode":"NE","playerName":"","statId":4,"yards":0},{"sequence":2,"clubcode":"NE","playerName":"","statId":6,"yards":0}]}},"2580":{"sp":0,"qtr":3,"down":1,"time":"00:43","yrdln":"JAC 19","ydstogo":10,"ydsnet":78,"posteam":"NE","desc":"(:43) S.Morris right guard to JAC 12 for 7 yards (J.Durant, G.Alexander).","note":null,"players":{"00-0019484":[{"sequence":1,"clubcode":"NE","playerName":"S.Morris","statId":10,"yards":7}],"00-0025448":[{"sequence":3,"clubcode":"JAC","playerName":"G.Alexander","statId":82,"yards":0}],"00-0025435":[{"sequence":2,"clubcode":"JAC","playerName":"J.Durant","statId":80,"yards":0}]}},"2601":{"sp":0,"qtr":3,"down":0,"time":"","yrdln":"","ydstogo":0,"ydsnet":78,"posteam":"","desc":"END QUARTER 3","note":null,"players":{}},"2617":{"sp":0,"qtr":4,"down":2,"time":"15:00","yrdln":"JAC 12","ydstogo":3,"ydsnet":73,"posteam":"NE","desc":"(15:00) PENALTY on NE-S.Vollmer, False Start, 5 yards, enforced at JAC 12 - No Play.","note":"PENALTY","players":{"00-0027034":[{"sequence":1,"clubcode":"NE","playerName":"S.Vollmer","statId":93,"yards":5}]}},"2640":{"sp":1,"qtr":4,"down":2,"time":"15:00","yrdln":"JAC 17","ydstogo":8,"ydsnet":90,"posteam":"NE","desc":"(15:00) T.Brady pass deep right to R.Moss for 17 yards, TOUCHDOWN. NE 81-Moss 9th career 3 TD game. Jacksonville challenged the runner broke the plane ruling, and the play was Upheld. (Timeout #1 at 14:54.)","note":"TD","players":{"00-0019596":[{"sequence":3,"clubcode":"NE","playerName":"T.Brady","statId":16,"yards":17},{"sequence":4,"clubcode":"NE","playerName":"T.Brady","statId":111,"yards":16}],"0":[{"sequence":1,"clubcode":"JAC","playerName":"","statId":68,"yards":0},{"sequence":2,"clubcode":"NE","playerName":"","statId":4,"yards":0}],"00-0011754":[{"sequence":5,"clubcode":"NE","playerName":"R.Moss","statId":22,"yards":17},{"sequence":6,"clubcode":"NE","playerName":"R.Moss","statId":115,"yards":0},{"sequence":7,"clubcode":"NE","playerName":"R.Moss","statId":113,"yards":1}]}},"2660":{"sp":1,"qtr":4,"down":0,"time":"14:54","yrdln":"JAC 2","ydstogo":0,"ydsnet":90,"posteam":"NE","desc":"S.Gostkowski extra point is GOOD, Center-J.Ingram, Holder-C.Hanson.","note":"XP","players":{"00-0024333":[{"sequence":1,"clubcode":"NE","playerName":"S.Gostkowski","statId":72,"yards":0}]}}},"fds":5,"result":"Touchdown","penyds":-10,"ydsgained":100,"numplays":14,"postime":"6:32","start":{"qtr":3,"time":"06:26","yrdln":"NE 10","team":"NE"},"end":{"qtr":3,"time":"14:54","yrdln":"JAC 17","team":"NE"}},"15":{"posteam":"JAC","qtr":4,"redzone":true,"plays":{"2681":{"sp":0,"qtr":4,"down":0,"time":"14:54","yrdln":"NE 30","ydstogo":0,"ydsnet":70,"posteam":"NE","desc":"S.Gostkowski kicks 65 yards from NE 30 to JAC 5. M.Thomas to JAC 30 for 25 yards (P.Woods, K.Arrington).","note":"KICKOFF","players":{"00-0026071":[{"sequence":4,"clubcode":"NE","playerName":"K.Arrington","statId":82,"yards":0}],"00-0024333":[{"sequence":1,"clubcode":"NE","playerName":"S.Gostkowski","statId":41,"yards":65}],"00-0024017":[{"sequence":3,"clubcode":"NE","playerName":"P.Woods","statId":80,"yards":0}],"00-0027076":[{"sequence":2,"clubcode":"JAC","playerName":"M.Thomas","statId":45,"yards":25}]}},"2704":{"sp":0,"qtr":4,"down":1,"time":"14:48","yrdln":"JAC 30","ydstogo":10,"ydsnet":22,"posteam":"JAC","desc":"(14:48) R.Jennings left guard to NE 48 for 22 yards (B.Meriweather).","note":null,"players":{"00-0027155":[{"sequence":2,"clubcode":"JAC","playerName":"R.Jennings","statId":10,"yards":22}],"0":[{"sequence":1,"clubcode":"JAC","playerName":"","statId":3,"yards":0}],"00-0025411":[{"sequence":3,"clubcode":"NE","playerName":"B.Meriweather","statId":79,"yards":0}]}},"2725":{"sp":0,"qtr":4,"down":1,"time":"14:21","yrdln":"NE 48","ydstogo":10,"ydsnet":41,"posteam":"JAC","desc":"(14:21) (No Huddle) D.Garrard pass deep middle to M.Thomas to NE 29 for 19 yards (B.Meriweather).","note":null,"players":{"00-0021231":[{"sequence":2,"clubcode":"JAC","playerName":"D.Garrard","statId":15,"yards":19},{"sequence":3,"clubcode":"JAC","playerName":"D.Garrard","statId":111,"yards":18}],"0":[{"sequence":1,"clubcode":"JAC","playerName":"","statId":4,"yards":0}],"00-0025411":[{"sequence":7,"clubcode":"NE","playerName":"B.Meriweather","statId":79,"yards":0}],"00-0027076":[{"sequence":4,"clubcode":"JAC","playerName":"M.Thomas","statId":21,"yards":19},{"sequence":5,"clubcode":"JAC","playerName":"M.Thomas","statId":115,"yards":0},{"sequence":6,"clubcode":"JAC","playerName":"M.Thomas","statId":113,"yards":1}]}},"2749":{"sp":0,"qtr":4,"down":1,"time":"13:55","yrdln":"NE 29","ydstogo":10,"ydsnet":61,"posteam":"JAC","desc":"(13:55) (No Huddle, Shotgun) D.Garrard pass deep middle to N.Hughes to NE 9 for 20 yards (L.Bodden) [G.Guyton].","note":null,"players":{"00-0021231":[{"sequence":2,"clubcode":"JAC","playerName":"D.Garrard","statId":15,"yards":20},{"sequence":3,"clubcode":"JAC","playerName":"D.Garrard","statId":111,"yards":18}],"00-0025821":[{"sequence":7,"clubcode":"NE","playerName":"G.Guyton","statId":110,"yards":0}],"00-0021612":[{"sequence":8,"clubcode":"NE","playerName":"L.Bodden","statId":79,"yards":0}],"0":[{"sequence":1,"clubcode":"JAC","playerName":"","statId":4,"yards":0}],"00-0026100":[{"sequence":4,"clubcode":"JAC","playerName":"N.Hughes","statId":21,"yards":20},{"sequence":5,"clubcode":"JAC","playerName":"N.Hughes","statId":115,"yards":0},{"sequence":6,"clubcode":"JAC","playerName":"N.Hughes","statId":113,"yards":2}]}},"2774":{"sp":0,"qtr":4,"down":1,"time":"13:12","yrdln":"NE 9","ydstogo":9,"ydsnet":68,"posteam":"JAC","desc":"(13:12) (Shotgun) D.Garrard pass short right to M.Thomas pushed ob at NE 2 for 7 yards (J.Wilhite).","note":null,"players":{"00-0026269":[{"sequence":6,"clubcode":"NE","playerName":"J.Wilhite","statId":79,"yards":0}],"00-0021231":[{"sequence":1,"clubcode":"JAC","playerName":"D.Garrard","statId":15,"yards":7},{"sequence":2,"clubcode":"JAC","playerName":"D.Garrard","statId":111,"yards":-1}],"00-0027076":[{"sequence":3,"clubcode":"JAC","playerName":"M.Thomas","statId":21,"yards":7},{"sequence":4,"clubcode":"JAC","playerName":"M.Thomas","statId":115,"yards":0},{"sequence":5,"clubcode":"JAC","playerName":"M.Thomas","statId":113,"yards":8}]}},"2799":{"sp":1,"qtr":4,"down":2,"time":"12:48","yrdln":"NE 2","ydstogo":2,"ydsnet":70,"posteam":"JAC","desc":"(12:48) (No Huddle, Shotgun) D.Garrard scrambles up the middle for 2 yards, TOUCHDOWN.","note":"TD","players":{"00-0021231":[{"sequence":2,"clubcode":"JAC","playerName":"D.Garrard","statId":11,"yards":2}],"0":[{"sequence":1,"clubcode":"JAC","playerName":"","statId":3,"yards":0}]}},"2821":{"sp":1,"qtr":4,"down":0,"time":"12:41","yrdln":"NE 2","ydstogo":0,"ydsnet":70,"posteam":"JAC","desc":"J.Scobee extra point is GOOD, Center-J.Cain, Holder-A.Podlesh.","note":"XP","players":{"00-0022874":[{"sequence":1,"clubcode":"JAC","playerName":"J.Scobee","statId":72,"yards":0}]}}},"fds":4,"result":"Touchdown","penyds":0,"ydsgained":70,"numplays":7,"postime":"2:13","start":{"qtr":4,"time":"14:54","yrdln":"JAC 30","team":"JAC"},"end":{"qtr":4,"time":"12:41","yrdln":"NE 2","team":"JAC"}},"16":{"posteam":"NE","qtr":4,"redzone":true,"plays":{"2837":{"sp":0,"qtr":4,"down":0,"time":"12:41","yrdln":"JAC 30","ydstogo":0,"ydsnet":0,"posteam":"JAC","desc":"J.Scobee kicks 70 yards from JAC 30 to end zone, Touchback.","note":"KICKOFF","players":{"0":[{"sequence":2,"clubcode":"NE","playerName":"","statId":51,"yards":0}],"00-0022874":[{"sequence":1,"clubcode":"JAC","playerName":"J.Scobee","statId":44,"yards":70}]}},"2852":{"sp":0,"qtr":4,"down":1,"time":"12:41","yrdln":"NE 20","ydstogo":10,"ydsnet":0,"posteam":"NE","desc":"(12:41) (Shotgun) T.Brady pass incomplete short right to F.Taylor.","note":null,"players":{"00-0019596":[{"sequence":1,"clubcode":"NE","playerName":"T.Brady","statId":14,"yards":0},{"sequence":3,"clubcode":"NE","playerName":"T.Brady","statId":112,"yards":-4}],"00-0016098":[{"sequence":2,"clubcode":"NE","playerName":"F.Taylor","statId":115,"yards":0}]}},"2874":{"sp":0,"qtr":4,"down":2,"time":"12:37","yrdln":"NE 20","ydstogo":10,"ydsnet":2,"posteam":"NE","desc":"(12:37) F.Taylor left end to NE 22 for 2 yards (R.Nelson).","note":null,"players":{"00-0025408":[{"sequence":2,"clubcode":"JAC","playerName":"R.Nelson","statId":79,"yards":0}],"00-0016098":[{"sequence":1,"clubcode":"NE","playerName":"F.Taylor","statId":10,"yards":2}]}},"2895":{"sp":0,"qtr":4,"down":3,"time":"11:54","yrdln":"NE 22","ydstogo":8,"ydsnet":21,"posteam":"NE","desc":"(11:54) (Shotgun) T.Brady pass short right to W.Welker to NE 41 for 19 yards (T.Brackenridge, G.Alexander).","note":null,"players":{"00-0024815":[{"sequence":8,"clubcode":"JAC","playerName":"T.Brackenridge","statId":80,"yards":0}],"00-0019596":[{"sequence":3,"clubcode":"NE","playerName":"T.Brady","statId":15,"yards":19},{"sequence":4,"clubcode":"NE","playerName":"T.Brady","statId":111,"yards":1}],"0":[{"sequence":1,"clubcode":"NE","playerName":"","statId":4,"yards":0},{"sequence":2,"clubcode":"NE","playerName":"","statId":6,"yards":0}],"00-0025448":[{"sequence":9,"clubcode":"JAC","playerName":"G.Alexander","statId":82,"yards":0}],"00-0022427":[{"sequence":5,"clubcode":"NE","playerName":"W.Welker","statId":21,"yards":19},{"sequence":6,"clubcode":"NE","playerName":"W.Welker","statId":115,"yards":0},{"sequence":7,"clubcode":"NE","playerName":"W.Welker","statId":113,"yards":18}]}},"2919":{"sp":0,"qtr":4,"down":1,"time":"11:09","yrdln":"NE 41","ydstogo":10,"ydsnet":29,"posteam":"NE","desc":"(11:09) F.Taylor right tackle to NE 49 for 8 yards (B.Iwuh).","note":null,"players":{"00-0016098":[{"sequence":1,"clubcode":"NE","playerName":"F.Taylor","statId":10,"yards":8}],"00-0024100":[{"sequence":2,"clubcode":"JAC","playerName":"B.Iwuh","statId":79,"yards":0}]}},"2945":{"sp":0,"qtr":4,"down":2,"time":"10:25","yrdln":"NE 49","ydstogo":2,"ydsnet":33,"posteam":"NE","desc":"(10:25) F.Taylor right end to JAC 47 for 4 yards (M.Stanley, D.Smith).","note":null,"players":{"00-0024396":[{"sequence":3,"clubcode":"JAC","playerName":"M.Stanley","statId":80,"yards":0}],"00-0022839":[{"sequence":4,"clubcode":"JAC","playerName":"D.Smith","statId":82,"yards":0}],"0":[{"sequence":1,"clubcode":"NE","playerName":"","statId":3,"yards":0}],"00-0016098":[{"sequence":2,"clubcode":"NE","playerName":"F.Taylor","statId":10,"yards":4}]}},"2966":{"sp":0,"qtr":4,"down":1,"time":"09:43","yrdln":"JAC 47","ydstogo":10,"ydsnet":40,"posteam":"NE","desc":"(9:43) T.Brady pass short left to S.Aiken pushed ob at JAC 40 for 7 yards (D.Cox).","note":null,"players":{"00-0027047":[{"sequence":6,"clubcode":"JAC","playerName":"D.Cox","statId":79,"yards":0}],"00-0019596":[{"sequence":1,"clubcode":"NE","playerName":"T.Brady","statId":15,"yards":7},{"sequence":2,"clubcode":"NE","playerName":"T.Brady","statId":111,"yards":6}],"00-0021915":[{"sequence":3,"clubcode":"NE","playerName":"S.Aiken","statId":21,"yards":7},{"sequence":4,"clubcode":"NE","playerName":"S.Aiken","statId":115,"yards":0},{"sequence":5,"clubcode":"NE","playerName":"S.Aiken","statId":113,"yards":1}]}},"2995":{"sp":0,"qtr":4,"down":2,"time":"09:22","yrdln":"JAC 40","ydstogo":3,"ydsnet":42,"posteam":"NE","desc":"(9:22) (Shotgun) F.Taylor left guard to JAC 38 for 2 yards (B.Iwuh).","note":null,"players":{"00-0016098":[{"sequence":1,"clubcode":"NE","playerName":"F.Taylor","statId":10,"yards":2}],"00-0024100":[{"sequence":2,"clubcode":"JAC","playerName":"B.Iwuh","statId":79,"yards":0}]}},"3016":{"sp":0,"qtr":4,"down":3,"time":"08:46","yrdln":"JAC 38","ydstogo":1,"ydsnet":44,"posteam":"NE","desc":"(8:46) T.Brady up the middle to JAC 36 for 2 yards (M.Stanley).","note":null,"players":{"00-0024396":[{"sequence":4,"clubcode":"JAC","playerName":"M.Stanley","statId":79,"yards":0}],"00-0019596":[{"sequence":3,"clubcode":"NE","playerName":"T.Brady","statId":10,"yards":2}],"0":[{"sequence":1,"clubcode":"NE","playerName":"","statId":3,"yards":0},{"sequence":2,"clubcode":"NE","playerName":"","statId":6,"yards":0}]}},"3037":{"sp":0,"qtr":4,"down":1,"time":"08:06","yrdln":"JAC 36","ydstogo":10,"ydsnet":49,"posteam":"NE","desc":"(8:06) D.Connolly reported in as eligible.  F.Taylor left tackle to JAC 31 for 5 yards (B.Iwuh).","note":null,"players":{"00-0016098":[{"sequence":1,"clubcode":"NE","playerName":"F.Taylor","statId":10,"yards":5}],"00-0024100":[{"sequence":2,"clubcode":"JAC","playerName":"B.Iwuh","statId":79,"yards":0}]}},"3060":{"sp":0,"qtr":4,"down":2,"time":"07:26","yrdln":"JAC 31","ydstogo":5,"ydsnet":48,"posteam":"NE","desc":"(7:26) D.Connolly reported in as eligible.  F.Taylor right tackle to JAC 32 for -1 yards (J.Navarre, Q.Groves).","note":null,"players":{"00-0026612":[{"sequence":3,"clubcode":"JAC","playerName":"J.Navarre","statId":80,"yards":0},{"sequence":5,"clubcode":"JAC","playerName":"J.Navarre","statId":120,"yards":0}],"0":[{"sequence":2,"clubcode":"NE","playerName":"","statId":95,"yards":-1}],"00-0016098":[{"sequence":1,"clubcode":"NE","playerName":"F.Taylor","statId":10,"yards":-1}],"00-0026192":[{"sequence":4,"clubcode":"JAC","playerName":"Q.Groves","statId":82,"yards":0}]}},"3083":{"sp":0,"qtr":4,"down":3,"time":"06:44","yrdln":"JAC 32","ydstogo":6,"ydsnet":53,"posteam":"NE","desc":"(6:44) K.Faulk right tackle to JAC 27 for 5 yards (Q.Groves).","note":null,"players":{"00-0005091":[{"sequence":2,"clubcode":"NE","playerName":"K.Faulk","statId":10,"yards":5}],"0":[{"sequence":1,"clubcode":"NE","playerName":"","statId":7,"yards":0}],"00-0026192":[{"sequence":3,"clubcode":"JAC","playerName":"Q.Groves","statId":79,"yards":0}]}},"3104":{"sp":0,"qtr":4,"down":4,"time":"06:05","yrdln":"JAC 27","ydstogo":1,"ydsnet":55,"posteam":"NE","desc":"(6:05) T.Brady up the middle to JAC 25 for 2 yards (D.Smith).","note":null,"players":{"00-0022839":[{"sequence":4,"clubcode":"JAC","playerName":"D.Smith","statId":79,"yards":0}],"00-0019596":[{"sequence":3,"clubcode":"NE","playerName":"T.Brady","statId":10,"yards":2}],"0":[{"sequence":1,"clubcode":"NE","playerName":"","statId":3,"yards":0},{"sequence":2,"clubcode":"NE","playerName":"","statId":8,"yards":0}]}},"3125":{"sp":0,"qtr":4,"down":1,"time":"05:21","yrdln":"JAC 25","ydstogo":10,"ydsnet":59,"posteam":"NE","desc":"(5:21) D.Connolly reported in as eligible.  F.Taylor left tackle to JAC 21 for 4 yards (C.Harrington, D.Cox).","note":null,"players":{"00-0027047":[{"sequence":3,"clubcode":"JAC","playerName":"D.Cox","statId":82,"yards":0}],"00-0026325":[{"sequence":2,"clubcode":"JAC","playerName":"C.Harrington","statId":80,"yards":0}],"00-0016098":[{"sequence":1,"clubcode":"NE","playerName":"F.Taylor","statId":10,"yards":4}]}},"3148":{"sp":0,"qtr":4,"down":2,"time":"04:40","yrdln":"JAC 21","ydstogo":6,"ydsnet":62,"posteam":"NE","desc":"(4:40) F.Taylor right end to JAC 18 for 3 yards (D.Smith, S.Considine).","note":null,"players":{"00-0023537":[{"sequence":3,"clubcode":"JAC","playerName":"S.Considine","statId":82,"yards":0}],"00-0022839":[{"sequence":2,"clubcode":"JAC","playerName":"D.Smith","statId":80,"yards":0}],"00-0016098":[{"sequence":1,"clubcode":"NE","playerName":"F.Taylor","statId":10,"yards":3}]}},"3169":{"sp":0,"qtr":4,"down":3,"time":"03:57","yrdln":"JAC 18","ydstogo":3,"ydsnet":64,"posteam":"NE","desc":"(3:57) D.Connolly reported in as eligible.  F.Taylor up the middle to JAC 16 for 2 yards (D.Smith).","note":null,"players":{"00-0022839":[{"sequence":3,"clubcode":"JAC","playerName":"D.Smith","statId":79,"yards":0}],"0":[{"sequence":1,"clubcode":"NE","playerName":"","statId":7,"yards":0}],"00-0016098":[{"sequence":2,"clubcode":"NE","playerName":"F.Taylor","statId":10,"yards":2}]}},"3192":{"sp":0,"qtr":4,"down":4,"time":"03:16","yrdln":"JAC 16","ydstogo":1,"ydsnet":67,"posteam":"NE","desc":"(3:16) D.Connolly reported in as eligible.  F.Taylor left end to JAC 13 for 3 yards (C.Harrington, D.Cox).","note":null,"players":{"00-0027047":[{"sequence":5,"clubcode":"JAC","playerName":"D.Cox","statId":82,"yards":0}],"00-0026325":[{"sequence":4,"clubcode":"JAC","playerName":"C.Harrington","statId":80,"yards":0}],"0":[{"sequence":1,"clubcode":"NE","playerName":"","statId":3,"yards":0},{"sequence":2,"clubcode":"NE","playerName":"","statId":8,"yards":0}],"00-0016098":[{"sequence":3,"clubcode":"NE","playerName":"F.Taylor","statId":10,"yards":3}]}},"3215":{"sp":0,"qtr":4,"down":1,"time":"02:35","yrdln":"JAC 13","ydstogo":10,"ydsnet":70,"posteam":"NE","desc":"(2:35) D.Connolly reported in as eligible.  F.Taylor up the middle to JAC 10 for 3 yards (D.Smith).","note":null,"players":{"00-0022839":[{"sequence":2,"clubcode":"JAC","playerName":"D.Smith","statId":79,"yards":0}],"00-0016098":[{"sequence":1,"clubcode":"NE","playerName":"F.Taylor","statId":10,"yards":3}]}},"3238":{"sp":0,"qtr":4,"down":0,"time":"02:00","yrdln":"","ydstogo":0,"ydsnet":70,"posteam":"","desc":"Two-Minute Warning","note":null,"players":{}},"3255":{"sp":0,"qtr":4,"down":2,"time":"02:00","yrdln":"JAC 10","ydstogo":7,"ydsnet":71,"posteam":"NE","desc":"(2:00) D.Connolly reported in as eligible.  S.Morris left tackle to JAC 9 for 1 yard (Q.Groves, G.Alexander).","note":null,"players":{"00-0019484":[{"sequence":1,"clubcode":"NE","playerName":"S.Morris","statId":10,"yards":1}],"00-0026192":[{"sequence":2,"clubcode":"JAC","playerName":"Q.Groves","statId":80,"yards":0}],"00-0025448":[{"sequence":3,"clubcode":"JAC","playerName":"G.Alexander","statId":82,"yards":0}]}},"3278":{"sp":0,"qtr":4,"down":3,"time":"01:15","yrdln":"JAC 9","ydstogo":6,"ydsnet":73,"posteam":"NE","desc":"(1:15) NE 8-Hoyer now at QB. D.Connolly reported in as eligible.  S.Morris up the middle to JAC 5 for 4 yards (D.Smith, G.Alexander).","note":null,"players":{"00-0019484":[{"sequence":2,"clubcode":"NE","playerName":"S.Morris","statId":10,"yards":4}],"00-0022839":[{"sequence":3,"clubcode":"JAC","playerName":"D.Smith","statId":80,"yards":0}],"0":[{"sequence":1,"clubcode":"NE","playerName":"","statId":7,"yards":0}],"00-0025448":[{"sequence":4,"clubcode":"JAC","playerName":"G.Alexander","statId":82,"yards":0}]}},"3305":{"sp":0,"qtr":4,"down":4,"time":"00:33","yrdln":"JAC 5","ydstogo":2,"ydsnet":73,"posteam":"NE","desc":"(:33) D.Connolly reported in as eligible.  S.Morris up the middle to JAC 7 for -2 yards (J.Navarre, D.Smith).","note":null,"players":{"00-0019484":[{"sequence":2,"clubcode":"NE","playerName":"S.Morris","statId":10,"yards":-2}],"00-0022839":[{"sequence":5,"clubcode":"JAC","playerName":"D.Smith","statId":82,"yards":0}],"00-0026612":[{"sequence":4,"clubcode":"JAC","playerName":"J.Navarre","statId":80,"yards":0},{"sequence":6,"clubcode":"JAC","playerName":"J.Navarre","statId":120,"yards":0}],"0":[{"sequence":1,"clubcode":"NE","playerName":"","statId":9,"yards":0},{"sequence":3,"clubcode":"NE","playerName":"","statId":95,"yards":-2}]}}},"fds":5,"result":"Downs","penyds":0,"ydsgained":73,"numplays":22,"postime":"12:12","start":{"qtr":4,"time":"12:41","yrdln":"NE 20","team":"NE"},"end":{"qtr":4,"time":"00:29","yrdln":"JAC 5","team":"NE"}},"17":{"posteam":"JAC","qtr":4,"redzone":true,"plays":{"3328":{"sp":0,"qtr":4,"down":1,"time":"00:29","yrdln":"JAC 7","ydstogo":10,"ydsnet":3,"posteam":"JAC","desc":"(:29) JAC 12-McCown now at QB. R.Jennings up the middle to JAC 10 for 3 yards (M.Wright, J.Mayo).","note":null,"players":{"00-0023255":[{"sequence":2,"clubcode":"NE","playerName":"M.Wright","statId":80,"yards":0}],"00-0027155":[{"sequence":1,"clubcode":"JAC","playerName":"R.Jennings","statId":10,"yards":3}],"00-0026150":[{"sequence":3,"clubcode":"NE","playerName":"J.Mayo","statId":82,"yards":0}]}},"3354":{"sp":0,"qtr":4,"down":0,"time":"","yrdln":"","ydstogo":0,"ydsnet":3,"posteam":"","desc":"END GAME","note":null,"players":{}}},"fds":0,"result":"End of Game","penyds":0,"ydsgained":3,"numplays":2,"postime":"0:29","start":{"qtr":4,"time":"00:29","yrdln":"JAC 7","team":"JAC"},"end":{"qtr":4,"time":"00:00","yrdln":"","team":"JAC"}},"crntdrv":17},"scrsummary":{"581":{"type":"TD","desc":"R.Moss 2 yd. pass from T.Brady (S.Gostkowski kick is good) Drive: 4 plays, 35 yards in 1:59","qtr":1,"team":"NE","players":{"":"0","T.Brady":"00-0019596","R.Moss":"00-0011754","S.Gostkowski":"00-0024333"}},"833":{"type":"TD","desc":"C.Baker 26 yd. pass from T.Brady (S.Gostkowski kick is good) Drive: 2 plays, 27 yards in 0:12","qtr":2,"team":"NE","players":{"":"0","T.Brady":"00-0019596","C.Baker":"00-0021213","S.Gostkowski":"00-0024333"}},"1406":{"type":"TD","desc":"S.Morris 1 yd. run (S.Gostkowski kick is good) Drive: 6 plays, 75 yards in 3:03","qtr":2,"team":"NE","players":{"":"0","S.Morris":"00-0019484","S.Gostkowski":"00-0024333"}},"1724":{"type":"TD","desc":"R.Moss 6 yd. pass from T.Brady (S.Gostkowski kick is good) Drive: 7 plays, 67 yards in 2:06","qtr":2,"team":"NE","players":{"":"0","T.Brady":"00-0019596","R.Moss":"00-0011754","S.Gostkowski":"00-0024333"}},"2640":{"type":"TD","desc":"R.Moss 17 yd. pass from T.Brady (S.Gostkowski kick is good) Drive: 10 plays, 90 yards in 6:32","qtr":4,"team":"NE","players":{"":"0","T.Brady":"00-0019596","R.Moss":"00-0011754","S.Gostkowski":"00-0024333"}},"2799":{"type":"TD","desc":"D.Garrard 2 yd. run (J.Scobee kick is good) Drive: 5 plays, 70 yards in 2:13","qtr":4,"team":"JAC","players":{"":"0","D.Garrard":"00-0021231","J.Scobee":"00-0022874"}}},"weather":null,"media":null,"yl":"","qtr":"Final","note":null,"down":0,"togo":0,"redzone":true,"clock":"00:29","posteam":"JAC","stadium":null},"nextupdate":226}