{"2009111600":{"home":{"score":{"1":0,"2":0,"3":0,"4":0,"5":0,"T":0},"abbr":"CLE","to":0,"stats":{"passing":{"00-0025409":{"name":"B.Quinn","att":31,"cmp":13,"yds":99,"tds":0,"ints":2,"twopta":0,"twoptm":0}},"rushing":{"00-0019693":{"name":"J.Lewis","att":10,"yds":36,"tds":0,"lng":14,"twopta":0,"twoptm":0},"00-0023176":{"name":"J.Cribbs","att":6,"yds":34,"tds":0,"lng":11,"twopta":0,"twoptm":0},"00-0027167":{"name":"C.Jennings","att":7,"yds":18,"tds":0,"lng":6,"twopta":0,"twoptm":0},"00-0025409":{"name":"B.Quinn","att":2,"yds":1,"tds":0,"lng":2,"twopta":0,"twoptm":0},"00-0027026":{"name":"M.Massaquoi","att":1,"yds":-3,"tds":0,"lng":-3,"twopta":0,"twoptm":0}},"receiving":{"00-0019281":{"name":"M.Furrey","rec":6,"yds":30,"tds":0,"lng":14,"twopta":0,"twoptm":0},"00-0027026":{"name":"M.Massaquoi","rec":1,"yds":30,"tds":0,"lng":30,"twopta":0,"twoptm":0},"00-0027167":{"name":"C.Jennings","rec":1,"yds":10,"tds":0,"lng":10,"twopta":0,"twoptm":0},"00-0023176":{"name":"J.Cribbs","rec":1,"yds":10,"tds":0,"lng":10,"twopta":0,"twoptm":0},"00-0007213":{"name":"S.Heiden","rec":1,"yds":9,"tds":0,"lng":9,"twopta":0,"twoptm":0},"00-0021273":{"name":"R.Royal","rec":1,"yds":7,"tds":0,"lng":4,"twopta":0,"twoptm":0},"00-0019693":{"name":"J.Lewis","rec":1,"yds":5,"tds":0,"lng":5,"twopta":0,"twoptm":0},"00-0024394":{"name":"L.Vickers","rec":1,"yds":-2,"tds":0,"lng":-2,"twopta":0,"twoptm":0}},"fumbles":{"00-0025409":{"name":"B.Quinn","tot":1,"rcv":1,"trcv":1,"yds":0,"lost":0}},"punting":{"00-0023642":{"name":"R.Hodges","pts":9,"yds":347,"avg":38,"i20":3,"lng":48}},"kickret":{"00-0023176":{"name":"J.Cribbs","ret":3,"avg":21,"tds":0,"lng":37},"00-0026079":{"name":"G.Lawson","ret":1,"avg":12,"tds":0,"lng":12}},"puntret":{"00-0023176":{"name":"J.Cribbs","ret":5,"avg":3,"tds":0,"lng":9}},"defense":{"00-0001563":{"name":"D.Bowens","tkl":7,"ast":2,"sk":2,"int":0,"ffum":0},"00-0027074":{"name":"K.Maiava","tkl":6,"ast":2,"sk":0,"int":0,"ffum":0},"00-0025527":{"name":"B.McDonald","tkl":4,"ast":1,"sk":1,"int":0,"ffum":0},"00-0023469":{"name":"B.Pool","tkl":4,"ast":1,"sk":0,"int":0,"ffum":0},"00-0024228":{"name":"K.Wimbley","tkl":4,"ast":1,"sk":0,"int":0,"ffum":0},"00-0021262":{"name":"K.Coleman","tkl":4,"ast":0,"sk":0,"int":0,"ffum":0},"00-0023405":{"name":"A.Elam","tkl":4,"ast":0,"sk":0,"int":0,"ffum":0},"00-0019573":{"name":"R.Smith","tkl":4,"ast":0,"sk":0,"int":0,"ffum":0},"00-0023624":{"name":"C.Mosley","tkl":4,"ast":0,"sk":0,"int":0,"ffum":0},"00-0025697":{"name":"J.Trusnik","tkl":3,"ast":1,"sk":0,"int":0,"ffum":0},"00-0025440":{"name":"E.Wright","tkl":2,"ast":1,"sk":0,"int":0,"ffum":0},"00-0026742":{"name":"M.Benard","tkl":2,"ast":1,"sk":0,"int":0,"ffum":0},"00-0026330":{"name":"A.Rubin","tkl":2,"ast":0,"sk":0,"int":0,"ffum":0},"00-0020528":{"name":"S.Rogers","tkl":1,"ast":1,"sk":0,"int":0,"ffum":0}},"team":{"totfd":11,"totyds":160,"pyds":74,"ryds":86,"pen":6,"penyds":52,"trnovr":2,"pt":9,"ptyds":347,"ptavg":38,"top":"28:28"}},"players":null},"away":{"score":{"1":0,"2":0,"3":16,"4":0,"5":0,"T":16},"abbr":"BAL","to":2,"stats":{"passing":{"00-0026158":{"name":"J.Flacco","att":18,"cmp":13,"yds":155,"tds":0,"ints":0,"twopta":0,"twoptm":0},"00-0026195":{"name":"R.Rice","att":1,"cmp":0,"yds":0,"tds":0,"ints":0,"twopta":0,"twoptm":0}},"rushing":{"00-0026195":{"name":"R.Rice","att":20,"yds":89,"tds":1,"lng":19,"twopta":0,"twoptm":0},"00-0022178":{"name":"W.McGahee","att":13,"yds":35,"tds":0,"lng":7,"twopta":0,"twoptm":0},"00-0025524":{"name":"L.McClain","att":3,"yds":10,"tds":0,"lng":6,"twopta":0,"twoptm":0}},"receiving":{"00-0020516":{"name":"T.Heap","rec":4,"yds":43,"tds":0,"lng":18,"twopta":0,"twoptm":0},"00-0010500":{"name":"D.Mason","rec":3,"yds":78,"tds":0,"lng":41,"twopta":0,"twoptm":0},"00-0025524":{"name":"L.McClain","rec":3,"yds":19,"tds":0,"lng":9,"twopta":0,"twoptm":0},"00-0026195":{"name":"R.Rice","rec":3,"yds":15,"tds":0,"lng":7,"twopta":0,"twoptm":0}},"fumbles":{},"kicking":{"00-0025944":{"name":"S.Hauschka","fgm":1,"fga":2,"fgyds":44,"totpfg":3,"xpmade":1,"xpmissed":0,"xpa":1,"xpb":1,"xptot":1}},"punting":{"00-0024417":{"name":"S.Koch","pts":7,"yds":293,"avg":39,"i20":4,"lng":56}},"kickret":{"00-0027060":{"name":"L.Webb","ret":1,"avg":31,"tds":0,"lng":31}},"puntret":{"00-0023008":{"name":"C.Carr","ret":3,"avg":1,"tds":0,"lng":4}},"defense":{"00-0009889":{"name":"R.Lewis","tkl":5,"ast":2,"sk":1,"int":0,"ffum":0},"00-0006398":{"name":"K.Gregg","tkl":5,"ast":1,"sk":0,"int":0,"ffum":0},"00-0022139":{"name":"J.Johnson","tkl":4,"ast":1,"sk":1,"int":0,"ffum":1},"00-0022750":{"name":"D.Edwards","tkl":4,"ast":1,"sk":0,"int":0,"ffum":0},"00-0024360":{"name":"D.Landry","tkl":4,"ast":0,"sk":0,"int":1,"ffum":0},"00-0021377":{"name":"E.Reed","tkl":3,"ast":1,"sk":0,"int":0,"ffum":0},"00-0013282":{"name":"T.Pryce","tkl":3,"ast":0,"sk":1,"int":0,"ffum":0},"00-0023532":{"name":"D.Foxworth","tkl":3,"ast":0,"sk":0,"int":0,"ffum":0},"00-0021092":{"name":"J.Bannan","tkl":2,"ast":1,"sk":0,"int":0,"ffum":0},"00-0027060":{"name":"L.Webb","tkl":2,"ast":0,"sk":1,"int":0,"ffum":0},"00-0023008":{"name":"C.Carr","tkl":2,"ast":0,"sk":0,"int":1,"ffum":0},"00-0023458":{"name":"F.Washington","tkl":2,"ast":0,"sk":0,"int":0,"ffum":0},"00-0022161":{"name":"T.Suggs","tkl":1,"ast":0,"sk":0,"int":0,"ffum":0},"00-0026407":{"name":"J.McClain","tkl":1,"ast":0,"sk":0,"int":0,"ffum":0},"00-0026211":{"name":"T.Gooden","tkl":1,"ast":0,"sk":0,"int":0,"ffum":0}},"team":{"totfd":14,"totyds":274,"pyds":140,"ryds":134,"pen":7,"penyds":43,"trnovr":0,"pt":7,"ptyds":293,"ptavg":39,"top":"31:32"}},"players":null},"drives":{"1":{"posteam":"BAL","qtr":1,"redzone":true,"plays":{"36":{"sp":0,"qtr":1,"down":0,"time":"15:00","yrdln":"CLE 30","ydstogo":0,"ydsnet":3,"posteam":"CLE","desc":"P.Dawson kicks 64 yards from CLE 30 to BLT 6. L.Webb to BLT 37 for 31 yards (J.Cribbs). BLT-H.Nakamura was injured during the play. He is Out.","note":"KICKOFF","players":{"00-0027060":[{"sequence":2,"clubcode":"BAL","playerName":"L.Webb","statId":45,"yards":31}],"00-0004091":[{"sequence":1,"clubcode":"CLE","playerName":"P.Dawson","statId":41,"yards":64}],"00-0023176":[{"sequence":3,"clubcode":"CLE","playerName":"J.Cribbs","statId":79,"yards":0}]}},"58":{"sp":0,"qtr":1,"down":1,"time":"14:54","yrdln":"BAL 37","ydstogo":10,"ydsnet":4,"posteam":"BAL","desc":"(14:54) R.Rice left guard to BAL 41 for 4 yards (B.Pool, B.McDonald).","note":null,"players":{"00-0025527":[{"sequence":3,"clubcode":"CLE","playerName":"B.McDonald","statId":82,"yards":0}],"00-0023469":[{"sequence":2,"clubcode":"CLE","playerName":"B.Pool","statId":80,"yards":0}],"00-0026195":[{"sequence":1,"clubcode":"BAL","playerName":"R.Rice","statId":10,"yards":4}]}},"83":{"sp":0,"qtr":1,"down":2,"time":"14:20","yrdln":"BAL 41","ydstogo":6,"ydsnet":4,"posteam":"BAL","desc":"(14:20) J.Flacco pass incomplete short right to D.Mason.","note":null,"players":{"00-0010500":[{"sequence":2,"clubcode":"BAL","playerName":"D.Mason","statId":115,"yards":0}],"00-0026158":[{"sequence":1,"clubcode":"BAL","playerName":"J.Flacco","statId":14,"yards":0},{"sequence":3,"clubcode":"BAL","playerName":"J.Flacco","statId":112,"yards":0}]}},"105":{"sp":0,"qtr":1,"down":3,"time":"14:15","yrdln":"BAL 41","ydstogo":6,"ydsnet":3,"posteam":"BAL","desc":"(14:15) (Shotgun) J.Flacco sacked at BAL 40 for -1 yards (D.Bowens).","note":null,"players":{"0":[{"sequence":1,"clubcode":"BAL","playerName":"","statId":7,"yards":0}],"00-0026158":[{"sequence":2,"clubcode":"BAL","playerName":"J.Flacco","statId":20,"yards":-1}],"00-0001563":[{"sequence":3,"clubcode":"CLE","playerName":"D.Bowens","statId":83,"yards":-1},{"sequence":4,"clubcode":"CLE","playerName":"D.Bowens","statId":110,"yards":0},{"sequence":5,"clubcode":"CLE","playerName":"D.Bowens","statId":79,"yards":0},{"sequence":6,"clubcode":"CLE","playerName":"D.Bowens","statId":120,"yards":0}]}},"124":{"sp":0,"qtr":1,"down":4,"time":"13:53","yrdln":"BAL 40","ydstogo":7,"ydsnet":3,"posteam":"BAL","desc":"(13:53) S.Koch punts 48 yards to CLE 12, Center-M.Katula. J.Cribbs to CLE 21 for 9 yards (E.Jones, D.Ellerbe). Penalty on CLE-C.Jennings, Running Into the Kicker, declined.","note":"PUNT","players":{"00-0024714":[{"sequence":3,"clubcode":"BAL","playerName":"E.Jones","statId":80,"yards":0}],"00-0026857":[{"sequence":4,"clubcode":"BAL","playerName":"D.Ellerbe","statId":82,"yards":0}],"00-0024417":[{"sequence":1,"clubcode":"BAL","playerName":"S.Koch","statId":29,"yards":48}],"00-0023176":[{"sequence":2,"clubcode":"CLE","playerName":"J.Cribbs","statId":33,"yards":9}]}}},"fds":0,"result":"Punt","penyds":0,"ydsgained":3,"numplays":5,"postime":"1:17","start":{"qtr":1,"time":"15:00","yrdln":"BAL 37","team":"BAL"},"end":{"qtr":1,"time":"13:43","yrdln":"BAL 40","team":"BAL"}},"2":{"posteam":"CLE","qtr":1,"redzone":true,"plays":{"160":{"sp":0,"qtr":1,"down":1,"time":"13:43","yrdln":"CLE 21","ydstogo":10,"ydsnet":14,"posteam":"CLE","desc":"(13:43) J.Lewis left guard to CLE 35 for 14 yards (D.Landry, J.Johnson). Baltimore challenged the runner was down by contact ruling, and the play was Upheld. (Timeout #1.)","note":"TIMEOUT","players":{"00-0022139":[{"sequence":5,"clubcode":"BAL","playerName":"J.Johnson","statId":82,"yards":0}],"00-0024360":[{"sequence":4,"clubcode":"BAL","playerName":"D.Landry","statId":80,"yards":0}],"0":[{"sequence":1,"clubcode":"BAL","playerName":"","statId":68,"yards":0},{"sequence":2,"clubcode":"CLE","playerName":"","statId":3,"yards":0}],"00-0019693":[{"sequence":3,"clubcode":"CLE","playerName":"J.Lewis","statId":10,"yards":14}]}},"181":{"sp":0,"qtr":1,"down":1,"time":"13:01","yrdln":"CLE 35","ydstogo":10,"ydsnet":15,"posteam":"CLE","desc":"(13:01) J.Lewis right guard to CLE 36 for 1 yard (K.Gregg, D.Edwards).","note":null,"players":{"00-0022750":[{"sequence":3,"clubcode":"BAL","playerName":"D.Edwards","statId":82,"yards":0}],"00-0006398":[{"sequence":2,"clubcode":"BAL","playerName":"K.Gregg","statId":80,"yards":0}],"00-0019693":[{"sequence":1,"clubcode":"CLE","playerName":"J.Lewis","statId":10,"yards":1}]}},"243":{"sp":0,"qtr":1,"down":2,"time":"12:27","yrdln":"CLE 36","ydstogo":9,"ydsnet":18,"posteam":"CLE","desc":"(12:27) (No Huddle) B.Quinn pass short right to R.Royal to CLE 39 for 3 yards (E.Reed).","note":null,"players":{"00-0025409":[{"sequence":1,"clubcode":"CLE","playerName":"B.Quinn","statId":15,"yards":3},{"sequence":2,"clubcode":"CLE","playerName":"B.Quinn","statId":111,"yards":0}],"00-0021377":[{"sequence":6,"clubcode":"BAL","playerName":"E.Reed","statId":79,"yards":0}],"00-0021273":[{"sequence":3,"clubcode":"CLE","playerName":"R.Royal","statId":21,"yards":3},{"sequence":4,"clubcode":"CLE","playerName":"R.Royal","statId":115,"yards":0},{"sequence":5,"clubcode":"CLE","playerName":"R.Royal","statId":113,"yards":3}]}},"267":{"sp":0,"qtr":1,"down":3,"time":"11:54","yrdln":"CLE 39","ydstogo":6,"ydsnet":15,"posteam":"CLE","desc":"(11:54) (No Huddle, Shotgun) M.Massaquoi right end to CLE 36 for -3 yards (D.Landry). #16 CRIBBS LINED UP AS QB","note":null,"players":{"00-0027026":[{"sequence":2,"clubcode":"CLE","playerName":"M.Massaquoi","statId":10,"yards":-3}],"00-0024360":[{"sequence":4,"clubcode":"BAL","playerName":"D.Landry","statId":79,"yards":0},{"sequence":5,"clubcode":"BAL","playerName":"D.Landry","statId":120,"yards":0}],"0":[{"sequence":1,"clubcode":"CLE","playerName":"","statId":7,"yards":0},{"sequence":3,"clubcode":"CLE","playerName":"","statId":95,"yards":-3}]}},"292":{"sp":0,"qtr":1,"down":4,"time":"11:16","yrdln":"CLE 36","ydstogo":9,"ydsnet":15,"posteam":"CLE","desc":"(11:16) R.Hodges punts 36 yards to BAL 28, Center-R.Pontbriand, fair catch by C.Carr.","note":"PUNT","players":{"00-0023008":[{"sequence":2,"clubcode":"BAL","playerName":"C.Carr","statId":39,"yards":0}],"00-0023642":[{"sequence":1,"clubcode":"CLE","playerName":"R.Hodges","statId":29,"yards":36}]}}},"fds":1,"result":"Punt","penyds":0,"ydsgained":15,"numplays":5,"postime":"2:36","start":{"qtr":1,"time":"13:43","yrdln":"CLE 21","team":"CLE"},"end":{"qtr":1,"time":"11:07","yrdln":"CLE 36","team":"CLE"}},"3":{"posteam":"BAL","qtr":1,"redzone":true,"plays":{"315":{"sp":0,"qtr":1,"down":1,"time":"11:07","yrdln":"BAL 28","ydstogo":10,"ydsnet":9,"posteam":"BAL","desc":"(11:07) J.Flacco pass short right to L.McClain to BAL 37 for 9 yards (K.Maiava).","note":null,"players":{"00-0025524":[{"sequence":3,"clubcode":"BAL","playerName":"L.McClain","statId":21,"yards":9},{"sequence":4,"clubcode":"BAL","playerName":"L.McClain","statId":115,"yards":0},{"sequence":5,"clubcode":"BAL","playerName":"L.McClain","statId":113,"yards":9}],"00-0027074":[{"sequence":6,"clubcode":"CLE","playerName":"K.Maiava","statId":79,"yards":0}],"00-0026158":[{"sequence":1,"clubcode":"BAL","playerName":"J.Flacco","statId":15,"yards":9},{"sequence":2,"clubcode":"BAL","playerName":"J.Flacco","statId":111,"yards":0}]}},"339":{"sp":0,"qtr":1,"down":2,"time":"10:36","yrdln":"BAL 37","ydstogo":1,"ydsnet":13,"posteam":"BAL","desc":"(10:36) (No Huddle) L.McClain right guard to BAL 41 for 4 yards (K.Coleman, J.Trusnik).","note":null,"players":{"00-0021262":[{"sequence":3,"clubcode":"CLE","playerName":"K.Coleman","statId":80,"yards":0}],"00-0025524":[{"sequence":2,"clubcode":"BAL","playerName":"L.McClain","statId":10,"yards":4}],"00-0025697":[{"sequence":4,"clubcode":"CLE","playerName":"J.Trusnik","statId":82,"yards":0}],"0":[{"sequence":1,"clubcode":"BAL","playerName":"","statId":3,"yards":0}]}},"360":{"sp":0,"qtr":1,"down":1,"time":"09:58","yrdln":"BAL 41","ydstogo":10,"ydsnet":13,"posteam":"BAL","desc":"(9:58) (Shotgun) J.Flacco pass incomplete short right to M.Clayton.","note":null,"players":{"00-0026158":[{"sequence":1,"clubcode":"BAL","playerName":"J.Flacco","statId":14,"yards":0},{"sequence":3,"clubcode":"BAL","playerName":"J.Flacco","statId":112,"yards":9}],"00-0023457":[{"sequence":2,"clubcode":"BAL","playerName":"M.Clayton","statId":115,"yards":0}]}},"382":{"sp":0,"qtr":1,"down":0,"time":"09:54","yrdln":"","ydstogo":0,"ydsnet":13,"posteam":"","desc":"Timeout #2 by BAL at 09:54.","note":"TIMEOUT","players":{"0":[{"sequence":1,"clubcode":"BAL","playerName":"","statId":68,"yards":0}]}},"399":{"sp":0,"qtr":1,"down":2,"time":"09:54","yrdln":"BAL 41","ydstogo":10,"ydsnet":25,"posteam":"BAL","desc":"(9:54) J.Flacco pass short left to T.Heap to CLE 47 for 12 yards (K.Wimbley).","note":null,"players":{"00-0024228":[{"sequence":7,"clubcode":"CLE","playerName":"K.Wimbley","statId":79,"yards":0}],"0":[{"sequence":1,"clubcode":"BAL","playerName":"","statId":4,"yards":0}],"00-0026158":[{"sequence":2,"clubcode":"BAL","playerName":"J.Flacco","statId":15,"yards":12},{"sequence":3,"clubcode":"BAL","playerName":"J.Flacco","statId":111,"yards":6}],"00-0020516":[{"sequence":4,"clubcode":"BAL","playerName":"T.Heap","statId":21,"yards":12},{"sequence":5,"clubcode":"BAL","playerName":"T.Heap","statId":115,"yards":0},{"sequence":6,"clubcode":"BAL","playerName":"T.Heap","statId":113,"yards":6}]}},"423":{"sp":0,"qtr":1,"down":1,"time":"09:23","yrdln":"CLE 47","ydstogo":10,"ydsnet":17,"posteam":"BAL","desc":"(9:23) J.Flacco sacked at BAL 45 for -8 yards (D.Bowens).","note":null,"players":{"00-0026158":[{"sequence":1,"clubcode":"BAL","playerName":"J.Flacco","statId":20,"yards":-8}],"00-0001563":[{"sequence":2,"clubcode":"CLE","playerName":"D.Bowens","statId":83,"yards":-8},{"sequence":3,"clubcode":"CLE","playerName":"D.Bowens","statId":110,"yards":0},{"sequence":4,"clubcode":"CLE","playerName":"D.Bowens","statId":79,"yards":0},{"sequence":5,"clubcode":"CLE","playerName":"D.Bowens","statId":120,"yards":0}]}},"442":{"sp":0,"qtr":1,"down":0,"time":"08:45","yrdln":"","ydstogo":0,"ydsnet":17,"posteam":"","desc":"Timeout #3 by BAL at 08:45.","note":"TIMEOUT","players":{"0":[{"sequence":1,"clubcode":"BAL","playerName":"","statId":68,"yards":0}]}},"459":{"sp":0,"qtr":1,"down":2,"time":"08:45","yrdln":"BAL 45","ydstogo":18,"ydsnet":36,"posteam":"BAL","desc":"(8:45) (Shotgun) R.Rice left guard to CLE 36 for 19 yards (A.Elam).","note":null,"players":{"00-0023405":[{"sequence":3,"clubcode":"CLE","playerName":"A.Elam","statId":79,"yards":0}],"0":[{"sequence":1,"clubcode":"BAL","playerName":"","statId":3,"yards":0}],"00-0026195":[{"sequence":2,"clubcode":"BAL","playerName":"R.Rice","statId":10,"yards":19}]}},"480":{"sp":0,"qtr":1,"down":1,"time":"08:09","yrdln":"CLE 36","ydstogo":10,"ydsnet":41,"posteam":"BAL","desc":"(8:09) (No Huddle) R.Rice left guard to CLE 31 for 5 yards (K.Wimbley).","note":null,"players":{"00-0024228":[{"sequence":2,"clubcode":"CLE","playerName":"K.Wimbley","statId":79,"yards":0}],"00-0026195":[{"sequence":1,"clubcode":"BAL","playerName":"R.Rice","statId":10,"yards":5}]}},"501":{"sp":0,"qtr":1,"down":2,"time":"07:39","yrdln":"CLE 31","ydstogo":5,"ydsnet":49,"posteam":"BAL","desc":"(7:39) (No Huddle) J.Flacco pass short left to L.McClain to CLE 23 for 8 yards (S.Rogers).","note":null,"players":{"00-0020528":[{"sequence":7,"clubcode":"CLE","playerName":"S.Rogers","statId":79,"yards":0}],"00-0025524":[{"sequence":4,"clubcode":"BAL","playerName":"L.McClain","statId":21,"yards":8},{"sequence":5,"clubcode":"BAL","playerName":"L.McClain","statId":115,"yards":0},{"sequence":6,"clubcode":"BAL","playerName":"L.McClain","statId":113,"yards":12}],"0":[{"sequence":1,"clubcode":"BAL","playerName":"","statId":4,"yards":0}],"00-0026158":[{"sequence":2,"clubcode":"BAL","playerName":"J.Flacco","statId":15,"yards":8},{"sequence":3,"clubcode":"BAL","playerName":"J.Flacco","statId":111,"yards":-4}]}},"525":{"sp":0,"qtr":1,"down":1,"time":"06:51","yrdln":"CLE 23","ydstogo":10,"ydsnet":52,"posteam":"BAL","desc":"(6:51) R.Rice right tackle to CLE 20 for 3 yards (E.Wright).","note":null,"players":{"00-0025440":[{"sequence":2,"clubcode":"CLE","playerName":"E.Wright","statId":79,"yards":0}],"00-0026195":[{"sequence":1,"clubcode":"BAL","playerName":"R.Rice","statId":10,"yards":3}]}},"546":{"sp":0,"qtr":1,"down":2,"time":"06:11","yrdln":"CLE 20","ydstogo":7,"ydsnet":51,"posteam":"BAL","desc":"(6:11) R.Rice left tackle to CLE 21 for -1 yards (B.Pool).","note":null,"players":{"00-0023469":[{"sequence":3,"clubcode":"CLE","playerName":"B.Pool","statId":79,"yards":0},{"sequence":4,"clubcode":"CLE","playerName":"B.Pool","statId":120,"yards":0}],"0":[{"sequence":2,"clubcode":"BAL","playerName":"","statId":95,"yards":-1}],"00-0026195":[{"sequence":1,"clubcode":"BAL","playerName":"R.Rice","statId":10,"yards":-1}]}},"567":{"sp":0,"qtr":1,"down":3,"time":"05:26","yrdln":"CLE 21","ydstogo":8,"ydsnet":54,"posteam":"BAL","desc":"(5:26) (Shotgun) J.Flacco pass short left to R.Rice to CLE 18 for 3 yards (K.Maiava).","note":null,"players":{"00-0027074":[{"sequence":7,"clubcode":"CLE","playerName":"K.Maiava","statId":79,"yards":0}],"0":[{"sequence":1,"clubcode":"BAL","playerName":"","statId":7,"yards":0}],"00-0026158":[{"sequence":2,"clubcode":"BAL","playerName":"J.Flacco","statId":15,"yards":3},{"sequence":3,"clubcode":"BAL","playerName":"J.Flacco","statId":111,"yards":1}],"00-0026195":[{"sequence":4,"clubcode":"BAL","playerName":"R.Rice","statId":21,"yards":3},{"sequence":5,"clubcode":"BAL","playerName":"R.Rice","statId":115,"yards":0},{"sequence":6,"clubcode":"BAL","playerName":"R.Rice","statId":113,"yards":2}]}},"591":{"sp":0,"qtr":1,"down":4,"time":"04:49","yrdln":"CLE 18","ydstogo":5,"ydsnet":54,"posteam":"BAL","desc":"(4:49) S.Hauschka 36 yard field goal is No Good, Wide Left, Center-M.Katula, Holder-S.Koch.","note":"FGM","players":{"00-0025944":[{"sequence":1,"clubcode":"BAL","playerName":"S.Hauschka","statId":69,"yards":36}]}}},"fds":4,"result":"Missed FG","penyds":0,"ydsgained":54,"numplays":14,"postime":"6:23","start":{"qtr":1,"time":"11:07","yrdln":"BAL 28","team":"BAL"},"end":{"qtr":1,"time":"04:44","yrdln":"CLE 18","team":"BAL"}},"4":{"posteam":"CLE","qtr":1,"redzone":true,"plays":{"611":{"sp":0,"qtr":1,"down":1,"time":"04:44","yrdln":"CLE 26","ydstogo":10,"ydsnet":0,"posteam":"CLE","desc":"(4:44) B.Quinn pass incomplete deep right to L.Vickers.","note":null,"players":{"00-0025409":[{"sequence":1,"clubcode":"CLE","playerName":"B.Quinn","statId":14,"yards":0},{"sequence":3,"clubcode":"CLE","playerName":"B.Quinn","statId":112,"yards":19}],"00-0024394":[{"sequence":2,"clubcode":"CLE","playerName":"L.Vickers","statId":115,"yards":0}]}},"633":{"sp":0,"qtr":1,"down":2,"time":"04:38","yrdln":"CLE 26","ydstogo":10,"ydsnet":5,"posteam":"CLE","desc":"(4:38) (No Huddle, Shotgun) J.Cribbs left tackle to CLE 31 for 5 yards (D.Foxworth). DIRECT SNAP TO CRIBBS","note":null,"players":{"00-0023532":[{"sequence":2,"clubcode":"BAL","playerName":"D.Foxworth","statId":79,"yards":0}],"00-0023176":[{"sequence":1,"clubcode":"CLE","playerName":"J.Cribbs","statId":10,"yards":5}]}},"654":{"sp":0,"qtr":1,"down":3,"time":"03:56","yrdln":"CLE 31","ydstogo":5,"ydsnet":14,"posteam":"CLE","desc":"(3:56) (Shotgun) B.Quinn pass short left to S.Heiden to CLE 40 for 9 yards (T.Gooden).","note":null,"players":{"00-0026211":[{"sequence":8,"clubcode":"BAL","playerName":"T.Gooden","statId":79,"yards":0}],"00-0025409":[{"sequence":3,"clubcode":"CLE","playerName":"B.Quinn","statId":15,"yards":9},{"sequence":4,"clubcode":"CLE","playerName":"B.Quinn","statId":111,"yards":5}],"0":[{"sequence":1,"clubcode":"CLE","playerName":"","statId":4,"yards":0},{"sequence":2,"clubcode":"CLE","playerName":"","statId":6,"yards":0}],"00-0007213":[{"sequence":5,"clubcode":"CLE","playerName":"S.Heiden","statId":21,"yards":9},{"sequence":6,"clubcode":"CLE","playerName":"S.Heiden","statId":115,"yards":0},{"sequence":7,"clubcode":"CLE","playerName":"S.Heiden","statId":113,"yards":4}]}},"682":{"sp":0,"qtr":1,"down":1,"time":"03:22","yrdln":"CLE 40","ydstogo":10,"ydsnet":19,"posteam":"CLE","desc":"(3:22) (No Huddle, Shotgun) B.Quinn pass short right to J.Cribbs to CLE 36 for -4 yards (D.Landry). PENALTY on BLT, Defensive 12 On-field, 5 yards, enforced at CLE 40 - No Play.","note":"PENALTY","players":{"0":[{"sequence":1,"clubcode":"BAL","playerName":"","statId":93,"yards":5}]}},"717":{"sp":0,"qtr":1,"down":1,"time":"03:03","yrdln":"CLE 45","ydstogo":5,"ydsnet":23,"posteam":"CLE","desc":"(3:03) (Shotgun) J.Lewis left tackle to CLE 49 for 4 yards (J.Bannan). CRIBBS LINED UP AS QB","note":null,"players":{"00-0019693":[{"sequence":1,"clubcode":"CLE","playerName":"J.Lewis","statId":10,"yards":4}],"00-0021092":[{"sequence":2,"clubcode":"BAL","playerName":"J.Bannan","statId":79,"yards":0}]}},"738":{"sp":0,"qtr":1,"down":2,"time":"02:24","yrdln":"CLE 49","ydstogo":1,"ydsnet":28,"posteam":"CLE","desc":"(2:24) B.Quinn pass short right to M.Furrey to BAL 46 for 5 yards (D.Landry).","note":null,"players":{"00-0019281":[{"sequence":4,"clubcode":"CLE","playerName":"M.Furrey","statId":21,"yards":5},{"sequence":5,"clubcode":"CLE","playerName":"M.Furrey","statId":115,"yards":0},{"sequence":6,"clubcode":"CLE","playerName":"M.Furrey","statId":113,"yards":8}],"00-0024360":[{"sequence":7,"clubcode":"BAL","playerName":"D.Landry","statId":79,"yards":0}],"00-0025409":[{"sequence":2,"clubcode":"CLE","playerName":"B.Quinn","statId":15,"yards":5},{"sequence":3,"clubcode":"CLE","playerName":"B.Quinn","statId":111,"yards":-3}],"0":[{"sequence":1,"clubcode":"CLE","playerName":"","statId":4,"yards":0}]}},"766":{"sp":0,"qtr":1,"down":1,"time":"01:42","yrdln":"BAL 46","ydstogo":10,"ydsnet":29,"posteam":"CLE","desc":"(1:42) (No Huddle) C.Jennings left guard to BAL 45 for 1 yard (J.Bannan, K.Gregg).","note":null,"players":{"00-0027167":[{"sequence":1,"clubcode":"CLE","playerName":"C.Jennings","statId":10,"yards":1}],"00-0006398":[{"sequence":3,"clubcode":"BAL","playerName":"K.Gregg","statId":82,"yards":0}],"00-0021092":[{"sequence":2,"clubcode":"BAL","playerName":"J.Bannan","statId":80,"yards":0}]}},"787":{"sp":0,"qtr":1,"down":2,"time":"01:07","yrdln":"BAL 45","ydstogo":9,"ydsnet":29,"posteam":"CLE","desc":"(1:07) (No Huddle) B.Quinn pass incomplete short left to B.Robiskie (R.Lewis).","note":null,"players":{"00-0027012":[{"sequence":2,"clubcode":"CLE","playerName":"B.Robiskie","statId":115,"yards":0}],"00-0025409":[{"sequence":1,"clubcode":"CLE","playerName":"B.Quinn","statId":14,"yards":0},{"sequence":4,"clubcode":"CLE","playerName":"B.Quinn","statId":112,"yards":0}],"00-0009889":[{"sequence":3,"clubcode":"BAL","playerName":"R.Lewis","statId":85,"yards":0}]}},"809":{"sp":0,"qtr":1,"down":3,"time":"01:04","yrdln":"BAL 45","ydstogo":9,"ydsnet":21,"posteam":"CLE","desc":"(1:04) (No Huddle, Shotgun) B.Quinn sacked at CLE 47 for -8 yards (T.Pryce).","note":null,"players":{"00-0025409":[{"sequence":2,"clubcode":"CLE","playerName":"B.Quinn","statId":20,"yards":-8}],"0":[{"sequence":1,"clubcode":"CLE","playerName":"","statId":7,"yards":0}],"00-0013282":[{"sequence":3,"clubcode":"BAL","playerName":"T.Pryce","statId":83,"yards":-8},{"sequence":4,"clubcode":"BAL","playerName":"T.Pryce","statId":110,"yards":0},{"sequence":5,"clubcode":"BAL","playerName":"T.Pryce","statId":79,"yards":0},{"sequence":6,"clubcode":"BAL","playerName":"T.Pryce","statId":120,"yards":0}]}},"828":{"sp":0,"qtr":1,"down":4,"time":"00:45","yrdln":"CLE 47","ydstogo":17,"ydsnet":21,"posteam":"CLE","desc":"(:45) R.Hodges punts 35 yards to BAL 18, Center-R.Pontbriand, fair catch by C.Carr.","note":"PUNT","players":{"00-0023008":[{"sequence":3,"clubcode":"BAL","playerName":"C.Carr","statId":39,"yards":0}],"00-0023642":[{"sequence":1,"clubcode":"CLE","playerName":"R.Hodges","statId":29,"yards":35},{"sequence":2,"clubcode":"CLE","playerName":"R.Hodges","statId":30,"yards":0}]}}},"fds":2,"result":"Punt","penyds":5,"ydsgained":16,"numplays":10,"postime":"4:08","start":{"qtr":1,"time":"04:44","yrdln":"CLE 26","team":"CLE"},"end":{"qtr":1,"time":"00:36","yrdln":"CLE 47","team":"CLE"}},"5":{"posteam":"BAL","qtr":2,"redzone":true,"plays":{"847":{"sp":0,"qtr":1,"down":1,"time":"00:36","yrdln":"BAL 18","ydstogo":10,"ydsnet":6,"posteam":"BAL","desc":"(:36) W.McGahee right guard to BAL 24 for 6 yards (D.Bowens, B.Pool).","note":null,"players":{"00-0023469":[{"sequence":3,"clubcode":"CLE","playerName":"B.Pool","statId":82,"yards":0}],"00-0001563":[{"sequence":2,"clubcode":"CLE","playerName":"D.Bowens","statId":80,"yards":0}],"00-0022178":[{"sequence":1,"clubcode":"BAL","playerName":"W.McGahee","statId":10,"yards":6}]}},"868":{"sp":0,"qtr":1,"down":2,"time":"00:01","yrdln":"BAL 24","ydstogo":4,"ydsnet":9,"posteam":"BAL","desc":"(:01) W.McGahee left tackle to BAL 27 for 3 yards (B.McDonald).","note":null,"players":{"00-0025527":[{"sequence":2,"clubcode":"CLE","playerName":"B.McDonald","statId":79,"yards":0}],"00-0022178":[{"sequence":1,"clubcode":"BAL","playerName":"W.McGahee","statId":10,"yards":3}]}},"889":{"sp":0,"qtr":1,"down":0,"time":"","yrdln":"","ydstogo":0,"ydsnet":9,"posteam":"","desc":"END QUARTER 1","note":null,"players":{}},"905":{"sp":0,"qtr":2,"down":3,"time":"15:00","yrdln":"BAL 27","ydstogo":1,"ydsnet":9,"posteam":"BAL","desc":"(15:00) L.McClain left guard to BAL 27 for no gain (R.Smith, D.Bowens).","note":null,"players":{"00-0019573":[{"sequence":3,"clubcode":"CLE","playerName":"R.Smith","statId":80,"yards":0}],"00-0025524":[{"sequence":2,"clubcode":"BAL","playerName":"L.McClain","statId":10,"yards":0}],"0":[{"sequence":1,"clubcode":"BAL","playerName":"","statId":7,"yards":0}],"00-0001563":[{"sequence":4,"clubcode":"CLE","playerName":"D.Bowens","statId":82,"yards":0}]}},"926":{"sp":0,"qtr":2,"down":4,"time":"14:17","yrdln":"BAL 27","ydstogo":1,"ydsnet":9,"posteam":"BAL","desc":"(14:17) S.Koch punts 56 yards to CLE 17, Center-M.Katula. J.Cribbs to CLE 38 for 21 yards (T.Zbikowski). PENALTY on CLE-B.McDonald, Illegal Block Above the Waist, 7 yards, enforced at CLE 15.","note":"PUNT","players":{"00-0026226":[{"sequence":4,"clubcode":"BAL","playerName":"T.Zbikowski","statId":79,"yards":0}],"00-0025527":[{"sequence":5,"clubcode":"CLE","playerName":"B.McDonald","statId":93,"yards":7}],"00-0024417":[{"sequence":1,"clubcode":"BAL","playerName":"S.Koch","statId":29,"yards":56},{"sequence":3,"clubcode":"BAL","playerName":"S.Koch","statId":30,"yards":0}],"00-0023176":[{"sequence":2,"clubcode":"CLE","playerName":"J.Cribbs","statId":33,"yards":0}]}}},"fds":0,"result":"Punt","penyds":0,"ydsgained":9,"numplays":5,"postime":"1:32","start":{"qtr":1,"time":"00:36","yrdln":"BAL 18","team":"BAL"},"end":{"qtr":1,"time":"14:04","yrdln":"BAL 27","team":"BAL"}},"6":{"posteam":"CLE","qtr":2,"redzone":true,"plays":{"962":{"sp":0,"qtr":2,"down":1,"time":"14:04","yrdln":"CLE 8","ydstogo":10,"ydsnet":2,"posteam":"CLE","desc":"(14:04) J.Lewis right guard to CLE 10 for 2 yards (K.Gregg, R.Lewis).","note":null,"players":{"00-0009889":[{"sequence":3,"clubcode":"BAL","playerName":"R.Lewis","statId":82,"yards":0}],"00-0006398":[{"sequence":2,"clubcode":"BAL","playerName":"K.Gregg","statId":80,"yards":0}],"00-0019693":[{"sequence":1,"clubcode":"CLE","playerName":"J.Lewis","statId":10,"yards":2}]}},"983":{"sp":0,"qtr":2,"down":2,"time":"13:26","yrdln":"CLE 10","ydstogo":8,"ydsnet":2,"posteam":"CLE","desc":"(13:26) B.Quinn pass incomplete short right to M.Furrey (R.Lewis).","note":null,"players":{"00-0019281":[{"sequence":2,"clubcode":"CLE","playerName":"M.Furrey","statId":115,"yards":0}],"00-0025409":[{"sequence":1,"clubcode":"CLE","playerName":"B.Quinn","statId":14,"yards":0},{"sequence":4,"clubcode":"CLE","playerName":"B.Quinn","statId":112,"yards":0}],"00-0009889":[{"sequence":3,"clubcode":"BAL","playerName":"R.Lewis","statId":85,"yards":0}]}},"1005":{"sp":0,"qtr":2,"down":3,"time":"13:22","yrdln":"CLE 10","ydstogo":8,"ydsnet":32,"posteam":"CLE","desc":"(13:22) (No Huddle, Shotgun) B.Quinn pass short left to M.Massaquoi ran ob at CLE 40 for 30 yards (C.Carr).","note":null,"players":{"00-0027026":[{"sequence":5,"clubcode":"CLE","playerName":"M.Massaquoi","statId":21,"yards":30},{"sequence":6,"clubcode":"CLE","playerName":"M.Massaquoi","statId":115,"yards":0},{"sequence":7,"clubcode":"CLE","playerName":"M.Massaquoi","statId":113,"yards":23}],"00-0025409":[{"sequence":3,"clubcode":"CLE","playerName":"B.Quinn","statId":15,"yards":30},{"sequence":4,"clubcode":"CLE","playerName":"B.Quinn","statId":111,"yards":7}],"0":[{"sequence":1,"clubcode":"CLE","playerName":"","statId":4,"yards":0},{"sequence":2,"clubcode":"CLE","playerName":"","statId":6,"yards":0}],"00-0023008":[{"sequence":8,"clubcode":"BAL","playerName":"C.Carr","statId":79,"yards":0}]}},"1029":{"sp":0,"qtr":2,"down":1,"time":"12:54","yrdln":"CLE 40","ydstogo":10,"ydsnet":32,"posteam":"CLE","desc":"(12:54) (No Huddle, Shotgun) B.Quinn pass incomplete short left to C.Jennings.","note":null,"players":{"00-0027167":[{"sequence":2,"clubcode":"CLE","playerName":"C.Jennings","statId":115,"yards":0}],"00-0025409":[{"sequence":1,"clubcode":"CLE","playerName":"B.Quinn","statId":14,"yards":0},{"sequence":3,"clubcode":"CLE","playerName":"B.Quinn","statId":112,"yards":-3}]}},"1051":{"sp":0,"qtr":2,"down":2,"time":"12:50","yrdln":"CLE 40","ydstogo":10,"ydsnet":38,"posteam":"CLE","desc":"(12:50) (No Huddle) C.Jennings left guard to CLE 46 for 6 yards (T.Suggs).","note":null,"players":{"00-0027167":[{"sequence":1,"clubcode":"CLE","playerName":"C.Jennings","statId":10,"yards":6}],"00-0022161":[{"sequence":2,"clubcode":"BAL","playerName":"T.Suggs","statId":79,"yards":0}]}},"1072":{"sp":0,"qtr":2,"down":3,"time":"12:50","yrdln":"CLE 46","ydstogo":4,"ydsnet":33,"posteam":"CLE","desc":"(12:50) (No Huddle, Shotgun) PENALTY on CLE-J.St. Clair, False Start, 5 yards, enforced at CLE 46 - No Play.","note":"PENALTY","players":{"00-0019666":[{"sequence":1,"clubcode":"CLE","playerName":"J.St. Clair","statId":93,"yards":5}]}},"1095":{"sp":0,"qtr":2,"down":3,"time":"11:52","yrdln":"CLE 41","ydstogo":9,"ydsnet":33,"posteam":"CLE","desc":"(11:52) (Shotgun) B.Quinn pass incomplete short right to J.Cribbs.","note":null,"players":{"00-0025409":[{"sequence":2,"clubcode":"CLE","playerName":"B.Quinn","statId":14,"yards":0},{"sequence":4,"clubcode":"CLE","playerName":"B.Quinn","statId":112,"yards":0}],"0":[{"sequence":1,"clubcode":"CLE","playerName":"","statId":7,"yards":0}],"00-0023176":[{"sequence":3,"clubcode":"CLE","playerName":"J.Cribbs","statId":115,"yards":0}]}},"1117":{"sp":0,"qtr":2,"down":4,"time":"11:49","yrdln":"CLE 41","ydstogo":9,"ydsnet":33,"posteam":"CLE","desc":"(11:49) R.Hodges punts 44 yards to BAL 15, Center-R.Pontbriand, out of bounds.","note":"PUNT","players":{"0":[{"sequence":3,"clubcode":"BAL","playerName":"","statId":37,"yards":0}],"00-0023642":[{"sequence":1,"clubcode":"CLE","playerName":"R.Hodges","statId":29,"yards":44},{"sequence":2,"clubcode":"CLE","playerName":"R.Hodges","statId":30,"yards":0}]}}},"fds":1,"result":"Punt","penyds":-5,"ydsgained":38,"numplays":8,"postime":"2:23","start":{"qtr":2,"time":"14:04","yrdln":"CLE 8","team":"CLE"},"end":{"qtr":2,"time":"11:41","yrdln":"CLE 41","team":"CLE"}},"7":{"posteam":"BAL","qtr":2,"redzone":true,"plays":{"1135":{"sp":0,"qtr":2,"down":1,"time":"11:41","yrdln":"BAL 15","ydstogo":10,"ydsnet":2,"posteam":"BAL","desc":"(11:41) R.Rice right tackle to BAL 17 for 2 yards (C.Mosley).","note":null,"players":{"00-0023624":[{"sequence":2,"clubcode":"CLE","playerName":"C.Mosley","statId":79,"yards":0}],"00-0026195":[{"sequence":1,"clubcode":"BAL","playerName":"R.Rice","statId":10,"yards":2}]}},"1156":{"sp":0,"qtr":2,"down":2,"time":"11:04","yrdln":"BAL 17","ydstogo":8,"ydsnet":20,"posteam":"BAL","desc":"(11:04) J.Flacco pass deep left to T.Heap to BAL 35 for 18 yards (A.Elam).","note":null,"players":{"00-0023405":[{"sequence":7,"clubcode":"CLE","playerName":"A.Elam","statId":79,"yards":0}],"0":[{"sequence":1,"clubcode":"BAL","playerName":"","statId":4,"yards":0}],"00-0026158":[{"sequence":2,"clubcode":"BAL","playerName":"J.Flacco","statId":15,"yards":18},{"sequence":3,"clubcode":"BAL","playerName":"J.Flacco","statId":111,"yards":17}],"00-0020516":[{"sequence":4,"clubcode":"BAL","playerName":"T.Heap","statId":21,"yards":18},{"sequence":5,"clubcode":"BAL","playerName":"T.Heap","statId":115,"yards":0},{"sequence":6,"clubcode":"BAL","playerName":"T.Heap","statId":113,"yards":1}]}},"1180":{"sp":0,"qtr":2,"down":1,"time":"10:27","yrdln":"BAL 35","ydstogo":10,"ydsnet":28,"posteam":"BAL","desc":"(10:27) R.Rice right tackle to BAL 43 for 8 yards (J.Trusnik).","note":null,"players":{"00-0025697":[{"sequence":2,"clubcode":"CLE","playerName":"J.Trusnik","statId":79,"yards":0}],"00-0026195":[{"sequence":1,"clubcode":"BAL","playerName":"R.Rice","statId":10,"yards":8}]}},"1201":{"sp":0,"qtr":2,"down":2,"time":"10:04","yrdln":"BAL 43","ydstogo":2,"ydsnet":28,"posteam":"BAL","desc":"(10:04) (No Huddle) R.Rice left guard to BAL 43 for no gain (R.Smith, K.Wimbley).","note":null,"players":{"00-0019573":[{"sequence":2,"clubcode":"CLE","playerName":"R.Smith","statId":80,"yards":0}],"00-0024228":[{"sequence":3,"clubcode":"CLE","playerName":"K.Wimbley","statId":82,"yards":0}],"00-0026195":[{"sequence":1,"clubcode":"BAL","playerName":"R.Rice","statId":10,"yards":0}]}},"1222":{"sp":0,"qtr":2,"down":3,"time":"09:22","yrdln":"BAL 43","ydstogo":2,"ydsnet":28,"posteam":"BAL","desc":"(9:22) (Shotgun) J.Flacco pass incomplete short left to M.Clayton.","note":null,"players":{"0":[{"sequence":1,"clubcode":"BAL","playerName":"","statId":7,"yards":0}],"00-0026158":[{"sequence":2,"clubcode":"BAL","playerName":"J.Flacco","statId":14,"yards":0},{"sequence":4,"clubcode":"BAL","playerName":"J.Flacco","statId":112,"yards":8}],"00-0023457":[{"sequence":3,"clubcode":"BAL","playerName":"M.Clayton","statId":115,"yards":0}]}},"1244":{"sp":0,"qtr":2,"down":4,"time":"09:15","yrdln":"BAL 43","ydstogo":2,"ydsnet":28,"posteam":"BAL","desc":"(9:15) S.Koch punts 37 yards to CLE 20, Center-M.Katula. J.Cribbs to CLE 21 for 1 yard (K.Washington).","note":"PUNT","players":{"00-0024417":[{"sequence":1,"clubcode":"BAL","playerName":"S.Koch","statId":29,"yards":37}],"00-0022171":[{"sequence":3,"clubcode":"BAL","playerName":"K.Washington","statId":79,"yards":0}],"00-0023176":[{"sequence":2,"clubcode":"CLE","playerName":"J.Cribbs","statId":33,"yards":1}]}}},"fds":1,"result":"Punt","penyds":0,"ydsgained":28,"numplays":6,"postime":"2:34","start":{"qtr":2,"time":"11:41","yrdln":"BAL 15","team":"BAL"},"end":{"qtr":2,"time":"09:07","yrdln":"BAL 43","team":"BAL"}},"8":{"posteam":"CLE","qtr":2,"redzone":true,"plays":{"1280":{"sp":0,"qtr":2,"down":1,"time":"09:07","yrdln":"CLE 21","ydstogo":10,"ydsnet":2,"posteam":"CLE","desc":"(9:07) (Shotgun) C.Jennings left end to CLE 23 for 2 yards (J.Johnson, J.Bannan).","note":null,"players":{"00-0022139":[{"sequence":2,"clubcode":"BAL","playerName":"J.Johnson","statId":80,"yards":0}],"00-0027167":[{"sequence":1,"clubcode":"CLE","playerName":"C.Jennings","statId":10,"yards":2}],"00-0021092":[{"sequence":3,"clubcode":"BAL","playerName":"J.Bannan","statId":82,"yards":0}]}},"1301":{"sp":0,"qtr":2,"down":2,"time":"08:34","yrdln":"CLE 23","ydstogo":8,"ydsnet":11,"posteam":"CLE","desc":"(8:34) (No Huddle, Shotgun) J.Cribbs left tackle to CLE 32 for 9 yards (D.Landry, E.Reed). CRIBBS LINED UP AS QB","note":null,"players":{"00-0024360":[{"sequence":3,"clubcode":"BAL","playerName":"D.Landry","statId":80,"yards":0}],"0":[{"sequence":1,"clubcode":"CLE","playerName":"","statId":3,"yards":0}],"00-0021377":[{"sequence":4,"clubcode":"BAL","playerName":"E.Reed","statId":82,"yards":0}],"00-0023176":[{"sequence":2,"clubcode":"CLE","playerName":"J.Cribbs","statId":10,"yards":9}]}},"1322":{"sp":0,"qtr":2,"down":1,"time":"07:59","yrdln":"CLE 32","ydstogo":10,"ydsnet":13,"posteam":"CLE","desc":"(7:59) (No Huddle, Shotgun) J.Lewis right guard to CLE 34 for 2 yards (T.Pryce).","note":null,"players":{"00-0019693":[{"sequence":1,"clubcode":"CLE","playerName":"J.Lewis","statId":10,"yards":2}],"00-0013282":[{"sequence":2,"clubcode":"BAL","playerName":"T.Pryce","statId":79,"yards":0}]}},"1347":{"sp":0,"qtr":2,"down":2,"time":"07:17","yrdln":"CLE 34","ydstogo":8,"ydsnet":23,"posteam":"CLE","desc":"(7:17) (No Huddle) B.Quinn pass short right to C.Jennings ran ob at CLE 44 for 10 yards (R.Lewis).","note":null,"players":{"00-0027167":[{"sequence":4,"clubcode":"CLE","playerName":"C.Jennings","statId":21,"yards":10},{"sequence":5,"clubcode":"CLE","playerName":"C.Jennings","statId":115,"yards":0},{"sequence":6,"clubcode":"CLE","playerName":"C.Jennings","statId":113,"yards":8}],"00-0025409":[{"sequence":2,"clubcode":"CLE","playerName":"B.Quinn","statId":15,"yards":10},{"sequence":3,"clubcode":"CLE","playerName":"B.Quinn","statId":111,"yards":2}],"00-0009889":[{"sequence":7,"clubcode":"BAL","playerName":"R.Lewis","statId":79,"yards":0}],"0":[{"sequence":1,"clubcode":"CLE","playerName":"","statId":4,"yards":0}]}},"1371":{"sp":0,"qtr":2,"down":1,"time":"06:57","yrdln":"CLE 44","ydstogo":10,"ydsnet":29,"posteam":"CLE","desc":"(6:57) (No Huddle, Shotgun) B.Quinn pass short right to M.Furrey to 50 for 6 yards (E.Reed).","note":null,"players":{"00-0019281":[{"sequence":3,"clubcode":"CLE","playerName":"M.Furrey","statId":21,"yards":6},{"sequence":4,"clubcode":"CLE","playerName":"M.Furrey","statId":115,"yards":0},{"sequence":5,"clubcode":"CLE","playerName":"M.Furrey","statId":113,"yards":1}],"00-0025409":[{"sequence":1,"clubcode":"CLE","playerName":"B.Quinn","statId":15,"yards":6},{"sequence":2,"clubcode":"CLE","playerName":"B.Quinn","statId":111,"yards":5}],"00-0021377":[{"sequence":6,"clubcode":"BAL","playerName":"E.Reed","statId":79,"yards":0}]}},"1395":{"sp":0,"qtr":2,"down":2,"time":"06:37","yrdln":"50","ydstogo":4,"ydsnet":29,"posteam":"CLE","desc":"(6:37) (No Huddle) B.Quinn pass incomplete short right to M.Furrey.","note":null,"players":{"00-0019281":[{"sequence":2,"clubcode":"CLE","playerName":"M.Furrey","statId":115,"yards":0}],"00-0025409":[{"sequence":1,"clubcode":"CLE","playerName":"B.Quinn","statId":14,"yards":0},{"sequence":3,"clubcode":"CLE","playerName":"B.Quinn","statId":112,"yards":0}]}},"1417":{"sp":0,"qtr":2,"down":3,"time":"06:34","yrdln":"50","ydstogo":4,"ydsnet":25,"posteam":"CLE","desc":"(6:34) (No Huddle, Shotgun) B.Quinn sacked at CLE 46 for -4 yards (L.Webb).","note":null,"players":{"00-0025409":[{"sequence":2,"clubcode":"CLE","playerName":"B.Quinn","statId":20,"yards":-4}],"00-0027060":[{"sequence":3,"clubcode":"BAL","playerName":"L.Webb","statId":83,"yards":-4},{"sequence":4,"clubcode":"BAL","playerName":"L.Webb","statId":110,"yards":0},{"sequence":5,"clubcode":"BAL","playerName":"L.Webb","statId":79,"yards":0},{"sequence":6,"clubcode":"BAL","playerName":"L.Webb","statId":120,"yards":0}],"0":[{"sequence":1,"clubcode":"CLE","playerName":"","statId":7,"yards":0}]}},"1436":{"sp":0,"qtr":2,"down":4,"time":"06:16","yrdln":"CLE 46","ydstogo":8,"ydsnet":25,"posteam":"CLE","desc":"(6:16) R.Hodges punts 46 yards to BAL 8, Center-R.Pontbriand, fair catch by C.Carr. Penalty on BAL, Defensive 12 On-field, declined.","note":"PUNT","players":{"00-0023008":[{"sequence":3,"clubcode":"BAL","playerName":"C.Carr","statId":39,"yards":0}],"00-0023642":[{"sequence":1,"clubcode":"CLE","playerName":"R.Hodges","statId":29,"yards":46},{"sequence":2,"clubcode":"CLE","playerName":"R.Hodges","statId":30,"yards":0}]}}},"fds":2,"result":"Punt","penyds":0,"ydsgained":25,"numplays":8,"postime":"2:59","start":{"qtr":2,"time":"09:07","yrdln":"CLE 21","team":"CLE"},"end":{"qtr":2,"time":"06:08","yrdln":"CLE 46","team":"CLE"}},"9":{"posteam":"BAL","qtr":2,"redzone":true,"plays":{"1466":{"sp":0,"qtr":2,"down":1,"time":"06:08","yrdln":"BAL 8","ydstogo":10,"ydsnet":-3,"posteam":"BAL","desc":"(6:08) W.McGahee right tackle to BAL 5 for -3 yards (B.Pool).","note":null,"players":{"00-0023469":[{"sequence":3,"clubcode":"CLE","playerName":"B.Pool","statId":79,"yards":0},{"sequence":4,"clubcode":"CLE","playerName":"B.Pool","statId":120,"yards":0}],"0":[{"sequence":2,"clubcode":"BAL","playerName":"","statId":95,"yards":-3}],"00-0022178":[{"sequence":1,"clubcode":"BAL","playerName":"W.McGahee","statId":10,"yards":-3}]}},"1487":{"sp":0,"qtr":2,"down":2,"time":"05:27","yrdln":"BAL 5","ydstogo":13,"ydsnet":-6,"posteam":"BAL","desc":"(5:27) W.McGahee right tackle to BAL 18 for 13 yards (A.Elam). PENALTY on BAL-M.Birk, Offensive Holding, 3 yards, enforced at BAL 5 - No Play.","note":"PENALTY","players":{"00-0001263":[{"sequence":1,"clubcode":"BAL","playerName":"M.Birk","statId":93,"yards":3}]}},"1519":{"sp":0,"qtr":2,"down":2,"time":"04:59","yrdln":"BAL 2","ydstogo":16,"ydsnet":0,"posteam":"BAL","desc":"(4:59) L.McClain left guard to BAL 8 for 6 yards (A.Elam).","note":null,"players":{"00-0025524":[{"sequence":1,"clubcode":"BAL","playerName":"L.McClain","statId":10,"yards":6}],"00-0023405":[{"sequence":2,"clubcode":"CLE","playerName":"A.Elam","statId":79,"yards":0}]}},"1540":{"sp":0,"qtr":2,"down":3,"time":"04:15","yrdln":"BAL 8","ydstogo":10,"ydsnet":18,"posteam":"BAL","desc":"(4:15) (Shotgun) J.Flacco pass deep right to D.Mason to BLT 26 for 18 yards (E.Wright). Penalty on CLE-M.Adams, Illegal Contact, declined.","note":null,"players":{"00-0025440":[{"sequence":8,"clubcode":"CLE","playerName":"E.Wright","statId":79,"yards":0}],"00-0010500":[{"sequence":5,"clubcode":"BAL","playerName":"D.Mason","statId":21,"yards":18},{"sequence":6,"clubcode":"BAL","playerName":"D.Mason","statId":115,"yards":0},{"sequence":7,"clubcode":"BAL","playerName":"D.Mason","statId":113,"yards":0}],"0":[{"sequence":1,"clubcode":"BAL","playerName":"","statId":4,"yards":0},{"sequence":2,"clubcode":"BAL","playerName":"","statId":6,"yards":0}],"00-0026158":[{"sequence":3,"clubcode":"BAL","playerName":"J.Flacco","statId":15,"yards":18},{"sequence":4,"clubcode":"BAL","playerName":"J.Flacco","statId":111,"yards":18}]}},"1575":{"sp":0,"qtr":2,"down":1,"time":"03:50","yrdln":"BAL 26","ydstogo":10,"ydsnet":33,"posteam":"BAL","desc":"(3:50) J.Flacco pass incomplete short right to R.Rice [J.Trusnik]. PENALTY on CLE-J.Trusnik, Roughing the Passer, 15 yards, enforced at BLT 26 - No Play.","note":"PENALTY","players":{"00-0025697":[{"sequence":2,"clubcode":"CLE","playerName":"J.Trusnik","statId":93,"yards":15}],"0":[{"sequence":1,"clubcode":"BAL","playerName":"","statId":5,"yards":0}]}},"1608":{"sp":0,"qtr":2,"down":1,"time":"03:45","yrdln":"BAL 41","ydstogo":10,"ydsnet":33,"posteam":"BAL","desc":"(3:45) (Shotgun) R.Rice right guard to BAL 41 for no gain (D.Bowens).","note":null,"players":{"00-0001563":[{"sequence":2,"clubcode":"CLE","playerName":"D.Bowens","statId":79,"yards":0}],"00-0026195":[{"sequence":1,"clubcode":"BAL","playerName":"R.Rice","statId":10,"yards":0}]}},"1629":{"sp":0,"qtr":2,"down":2,"time":"03:08","yrdln":"BAL 41","ydstogo":10,"ydsnet":52,"posteam":"BAL","desc":"(3:08) J.Flacco pass deep right to D.Mason to CLE 40 for 19 yards (D.Bowens).","note":null,"players":{"00-0010500":[{"sequence":4,"clubcode":"BAL","playerName":"D.Mason","statId":21,"yards":19},{"sequence":5,"clubcode":"BAL","playerName":"D.Mason","statId":115,"yards":0},{"sequence":6,"clubcode":"BAL","playerName":"D.Mason","statId":113,"yards":0}],"0":[{"sequence":1,"clubcode":"BAL","playerName":"","statId":4,"yards":0}],"00-0026158":[{"sequence":2,"clubcode":"BAL","playerName":"J.Flacco","statId":15,"yards":19},{"sequence":3,"clubcode":"BAL","playerName":"J.Flacco","statId":111,"yards":19}],"00-0001563":[{"sequence":7,"clubcode":"CLE","playerName":"D.Bowens","statId":79,"yards":0}]}},"1653":{"sp":0,"qtr":2,"down":1,"time":"02:28","yrdln":"CLE 40","ydstogo":10,"ydsnet":53,"posteam":"BAL","desc":"(2:28) R.Rice left tackle to CLE 39 for 1 yard (R.Smith, K.Maiava).","note":null,"players":{"00-0019573":[{"sequence":2,"clubcode":"CLE","playerName":"R.Smith","statId":80,"yards":0}],"00-0027074":[{"sequence":3,"clubcode":"CLE","playerName":"K.Maiava","statId":82,"yards":0}],"00-0026195":[{"sequence":1,"clubcode":"BAL","playerName":"R.Rice","statId":10,"yards":1}]}},"1674":{"sp":0,"qtr":2,"down":0,"time":"02:00","yrdln":"","ydstogo":0,"ydsnet":53,"posteam":"","desc":"Two-Minute Warning","note":null,"players":{}},"1691":{"sp":0,"qtr":2,"down":2,"time":"02:00","yrdln":"CLE 39","ydstogo":9,"ydsnet":48,"posteam":"BAL","desc":"(2:00) (Shotgun) PENALTY on BLT-C.Chester, False Start, 5 yards, enforced at CLE 39 - No Play.","note":"PENALTY","players":{"00-0024271":[{"sequence":1,"clubcode":"BAL","playerName":"C.Chester","statId":93,"yards":5}]}},"1721":{"sp":0,"qtr":2,"down":2,"time":"02:00","yrdln":"CLE 44","ydstogo":14,"ydsnet":53,"posteam":"BAL","desc":"(2:00) (Shotgun) J.Flacco pass short right to T.Heap to CLE 39 for 5 yards (B.McDonald).","note":null,"players":{"00-0025527":[{"sequence":6,"clubcode":"CLE","playerName":"B.McDonald","statId":79,"yards":0}],"00-0026158":[{"sequence":1,"clubcode":"BAL","playerName":"J.Flacco","statId":15,"yards":5},{"sequence":2,"clubcode":"BAL","playerName":"J.Flacco","statId":111,"yards":5}],"00-0020516":[{"sequence":3,"clubcode":"BAL","playerName":"T.Heap","statId":21,"yards":5},{"sequence":4,"clubcode":"BAL","playerName":"T.Heap","statId":115,"yards":0},{"sequence":5,"clubcode":"BAL","playerName":"T.Heap","statId":113,"yards":0}]}},"1745":{"sp":0,"qtr":2,"down":3,"time":"01:11","yrdln":"CLE 39","ydstogo":9,"ydsnet":53,"posteam":"BAL","desc":"(1:11) (Shotgun) J.Flacco pass incomplete short middle to K.Washington (E.Wright).","note":null,"players":{"00-0025440":[{"sequence":4,"clubcode":"CLE","playerName":"E.Wright","statId":85,"yards":0}],"0":[{"sequence":1,"clubcode":"BAL","playerName":"","statId":7,"yards":0}],"00-0026158":[{"sequence":2,"clubcode":"BAL","playerName":"J.Flacco","statId":14,"yards":0},{"sequence":5,"clubcode":"BAL","playerName":"J.Flacco","statId":112,"yards":15}],"00-0022171":[{"sequence":3,"clubcode":"BAL","playerName":"K.Washington","statId":115,"yards":0}]}},"1767":{"sp":0,"qtr":2,"down":4,"time":"01:05","yrdln":"CLE 39","ydstogo":9,"ydsnet":53,"posteam":"BAL","desc":"(1:05) S.Koch punts 32 yards to CLE 7, Center-M.Katula, downed by BLT-L.McClain. WEBB  KNOCKS BALL BACK INTO PLAY The Replay Assistant challenged the touchback ruling, and the play was Upheld.","note":"PUNT","players":{"0":[{"sequence":3,"clubcode":"CLE","playerName":"","statId":38,"yards":0}],"00-0024417":[{"sequence":1,"clubcode":"BAL","playerName":"S.Koch","statId":29,"yards":32},{"sequence":2,"clubcode":"BAL","playerName":"S.Koch","statId":30,"yards":0}]}}},"fds":3,"result":"Punt","penyds":7,"ydsgained":46,"numplays":13,"postime":"5:12","start":{"qtr":2,"time":"06:08","yrdln":"BAL 8","team":"BAL"},"end":{"qtr":2,"time":"00:56","yrdln":"CLE 39","team":"BAL"}},"10":{"posteam":"CLE","qtr":2,"redzone":true,"plays":{"1790":{"sp":0,"qtr":2,"down":1,"time":"00:56","yrdln":"CLE 7","ydstogo":10,"ydsnet":4,"posteam":"CLE","desc":"(:56) J.Lewis right guard to CLE 11 for 4 yards (D.Edwards).","note":null,"players":{"00-0022750":[{"sequence":2,"clubcode":"BAL","playerName":"D.Edwards","statId":79,"yards":0}],"00-0019693":[{"sequence":1,"clubcode":"CLE","playerName":"J.Lewis","statId":10,"yards":4}]}},"1839":{"sp":0,"qtr":2,"down":2,"time":"00:11","yrdln":"CLE 11","ydstogo":6,"ydsnet":3,"posteam":"CLE","desc":"(:11) B.Quinn kneels to CLE 10 for -1 yards.","note":null,"players":{"00-0025409":[{"sequence":1,"clubcode":"CLE","playerName":"B.Quinn","statId":10,"yards":-1}]}},"1860":{"sp":0,"qtr":2,"down":0,"time":"","yrdln":"","ydstogo":0,"ydsnet":3,"posteam":"","desc":"END QUARTER 2","note":null,"players":{}}},"fds":0,"result":"End of Half","penyds":0,"ydsgained":3,"numplays":3,"postime":"0:56","start":{"qtr":2,"time":"00:56","yrdln":"CLE 7","team":"CLE"},"end":{"qtr":2,"time":"00:00","yrdln":"CLE 11","team":"CLE"}},"11":{"posteam":"CLE","qtr":3,"redzone":true,"plays":{"1876":{"sp":0,"qtr":3,"down":0,"time":"15:00","yrdln":"BAL 30","ydstogo":0,"ydsnet":0,"posteam":"BAL","desc":"S.Hauschka kicks 65 yards from BLT 30 to CLE 5. J.Cribbs to CLE 19 for 14 yards (P.Burgess).","note":"KICKOFF","players":{"00-0025594":[{"sequence":4,"clubcode":"BAL","playerName":"P.Burgess","statId":79,"yards":0}],"00-0025944":[{"sequence":1,"clubcode":"BAL","playerName":"S.Hauschka","statId":41,"yards":65},{"sequence":3,"clubcode":"BAL","playerName":"S.Hauschka","statId":42,"yards":0}],"00-0023176":[{"sequence":2,"clubcode":"CLE","playerName":"J.Cribbs","statId":45,"yards":14}]}},"1898":{"sp":0,"qtr":3,"down":1,"time":"14:52","yrdln":"CLE 19","ydstogo":10,"ydsnet":2,"posteam":"CLE","desc":"(14:52) J.Lewis right guard to CLE 21 for 2 yards (J.Johnson).","note":null,"players":{"00-0022139":[{"sequence":2,"clubcode":"BAL","playerName":"J.Johnson","statId":79,"yards":0}],"00-0019693":[{"sequence":1,"clubcode":"CLE","playerName":"J.Lewis","statId":10,"yards":2}]}},"1919":{"sp":0,"qtr":3,"down":2,"time":"14:20","yrdln":"CLE 21","ydstogo":8,"ydsnet":2,"posteam":"CLE","desc":"(14:20) (No Huddle, Shotgun) B.Quinn pass incomplete short right to J.Cribbs (T.Suggs).","note":null,"players":{"00-0022161":[{"sequence":3,"clubcode":"BAL","playerName":"T.Suggs","statId":85,"yards":0}],"00-0025409":[{"sequence":1,"clubcode":"CLE","playerName":"B.Quinn","statId":14,"yards":0},{"sequence":4,"clubcode":"CLE","playerName":"B.Quinn","statId":112,"yards":0}],"00-0023176":[{"sequence":2,"clubcode":"CLE","playerName":"J.Cribbs","statId":115,"yards":0}]}},"1941":{"sp":0,"qtr":3,"down":3,"time":"14:16","yrdln":"CLE 21","ydstogo":8,"ydsnet":2,"posteam":"CLE","desc":"(14:16) (Shotgun) B.Quinn pass incomplete short left to J.Cribbs (J.Johnson).","note":null,"players":{"00-0022139":[{"sequence":4,"clubcode":"BAL","playerName":"J.Johnson","statId":85,"yards":0}],"00-0025409":[{"sequence":2,"clubcode":"CLE","playerName":"B.Quinn","statId":14,"yards":0},{"sequence":5,"clubcode":"CLE","playerName":"B.Quinn","statId":112,"yards":0}],"0":[{"sequence":1,"clubcode":"CLE","playerName":"","statId":7,"yards":0}],"00-0023176":[{"sequence":3,"clubcode":"CLE","playerName":"J.Cribbs","statId":115,"yards":0}]}},"1963":{"sp":0,"qtr":3,"down":4,"time":"14:13","yrdln":"CLE 21","ydstogo":8,"ydsnet":2,"posteam":"CLE","desc":"(14:13) R.Hodges punts 38 yards to BLT 41, Center-R.Pontbriand, downed by CLE-J.Cribbs.","note":"PUNT","players":{"0":[{"sequence":2,"clubcode":"BAL","playerName":"","statId":38,"yards":0}],"00-0023642":[{"sequence":1,"clubcode":"CLE","playerName":"R.Hodges","statId":29,"yards":38}]}}},"fds":0,"result":"Punt","penyds":0,"ydsgained":2,"numplays":5,"postime":"0:58","start":{"qtr":3,"time":"15:00","yrdln":"CLE 19","team":"CLE"},"end":{"qtr":3,"time":"14:02","yrdln":"CLE 21","team":"CLE"}},"12":{"posteam":"BAL","qtr":3,"redzone":true,"plays":{"1985":{"sp":0,"qtr":3,"down":1,"time":"14:02","yrdln":"BAL 41","ydstogo":10,"ydsnet":5,"posteam":"BAL","desc":"(14:02) J.Flacco pass short right to R.Rice to BAL 46 for 5 yards (B.McDonald).","note":null,"players":{"00-0025527":[{"sequence":6,"clubcode":"CLE","playerName":"B.McDonald","statId":79,"yards":0}],"00-0026158":[{"sequence":1,"clubcode":"BAL","playerName":"J.Flacco","statId":15,"yards":5},{"sequence":2,"clubcode":"BAL","playerName":"J.Flacco","statId":111,"yards":-1}],"00-0026195":[{"sequence":3,"clubcode":"BAL","playerName":"R.Rice","statId":21,"yards":5},{"sequence":4,"clubcode":"BAL","playerName":"R.Rice","statId":115,"yards":0},{"sequence":5,"clubcode":"BAL","playerName":"R.Rice","statId":113,"yards":6}]}},"2009":{"sp":0,"qtr":3,"down":2,"time":"13:28","yrdln":"BAL 46","ydstogo":5,"ydsnet":5,"posteam":"BAL","desc":"(13:28) R.Rice right tackle to BAL 46 for no gain (K.Maiava).","note":null,"players":{"00-0027074":[{"sequence":2,"clubcode":"CLE","playerName":"K.Maiava","statId":79,"yards":0}],"00-0026195":[{"sequence":1,"clubcode":"BAL","playerName":"R.Rice","statId":10,"yards":0}]}},"2030":{"sp":0,"qtr":3,"down":3,"time":"12:44","yrdln":"BAL 46","ydstogo":5,"ydsnet":46,"posteam":"BAL","desc":"(12:44) (Shotgun) J.Flacco pass short right to D.Mason pushed ob at CLE 13 for 41 yards (A.Elam).","note":null,"players":{"00-0010500":[{"sequence":5,"clubcode":"BAL","playerName":"D.Mason","statId":21,"yards":41},{"sequence":6,"clubcode":"BAL","playerName":"D.Mason","statId":115,"yards":0},{"sequence":7,"clubcode":"BAL","playerName":"D.Mason","statId":113,"yards":33}],"00-0023405":[{"sequence":8,"clubcode":"CLE","playerName":"A.Elam","statId":79,"yards":0}],"0":[{"sequence":1,"clubcode":"BAL","playerName":"","statId":4,"yards":0},{"sequence":2,"clubcode":"BAL","playerName":"","statId":6,"yards":0}],"00-0026158":[{"sequence":3,"clubcode":"BAL","playerName":"J.Flacco","statId":15,"yards":41},{"sequence":4,"clubcode":"BAL","playerName":"J.Flacco","statId":111,"yards":8}]}},"2054":{"sp":1,"qtr":3,"down":1,"time":"12:35","yrdln":"CLE 13","ydstogo":10,"ydsnet":59,"posteam":"BAL","desc":"(12:35) (No Huddle) R.Rice right tackle for 13 yards, TOUCHDOWN.","note":"TD","players":{"0":[{"sequence":1,"clubcode":"BAL","playerName":"","statId":3,"yards":0}],"00-0026195":[{"sequence":2,"clubcode":"BAL","playerName":"R.Rice","statId":11,"yards":13}]}},"2071":{"sp":1,"qtr":3,"down":0,"time":"12:28","yrdln":"CLE 2","ydstogo":0,"ydsnet":59,"posteam":"BAL","desc":"S.Hauschka extra point is GOOD, Center-M.Katula, Holder-S.Koch.","note":"XP","players":{"00-0025944":[{"sequence":1,"clubcode":"BAL","playerName":"S.Hauschka","statId":72,"yards":0}]}}},"fds":2,"result":"Touchdown","penyds":0,"ydsgained":59,"numplays":5,"postime":"1:34","start":{"qtr":3,"time":"14:02","yrdln":"BAL 41","team":"BAL"},"end":{"qtr":3,"time":"12:28","yrdln":"CLE 13","team":"BAL"}},"13":{"posteam":"CLE","qtr":3,"redzone":true,"plays":{"2087":{"sp":0,"qtr":3,"down":0,"time":"12:28","yrdln":"BAL 30","ydstogo":0,"ydsnet":0,"posteam":"BAL","desc":"S.Hauschka kicks 66 yards from BLT 30 to CLE 4. J.Cribbs to CLE 41 for 37 yards (E.Jones).","note":"KICKOFF","players":{"00-0024714":[{"sequence":3,"clubcode":"BAL","playerName":"E.Jones","statId":79,"yards":0}],"00-0025944":[{"sequence":1,"clubcode":"BAL","playerName":"S.Hauschka","statId":41,"yards":66}],"00-0023176":[{"sequence":2,"clubcode":"CLE","playerName":"J.Cribbs","statId":45,"yards":37}]}},"2109":{"sp":1,"qtr":3,"down":1,"time":"12:20","yrdln":"CLE 41","ydstogo":10,"ydsnet":0,"posteam":"CLE","desc":"(12:20) B.Quinn pass short left intended for R.Royal INTERCEPTED by D.Landry at CLE 48. D.Landry for 48 yards, TOUCHDOWN.","note":"TD","players":{"00-0024360":[{"sequence":4,"clubcode":"BAL","playerName":"D.Landry","statId":26,"yards":48},{"sequence":5,"clubcode":"BAL","playerName":"D.Landry","statId":85,"yards":0}],"00-0025409":[{"sequence":1,"clubcode":"CLE","playerName":"B.Quinn","statId":19,"yards":0},{"sequence":3,"clubcode":"CLE","playerName":"B.Quinn","statId":112,"yards":7}],"00-0021273":[{"sequence":2,"clubcode":"CLE","playerName":"R.Royal","statId":115,"yards":0}]}}},"fds":0,"result":"Interception","penyds":0,"ydsgained":0,"numplays":2,"postime":"0:17","start":{"qtr":3,"time":"12:28","yrdln":"CLE 41","team":"CLE"},"end":{"qtr":3,"time":"12:11","yrdln":"CLE 41","team":"CLE"}},"14":{"posteam":"CLE","qtr":3,"redzone":true,"plays":{"2153":{"sp":0,"qtr":3,"down":0,"time":"12:11","yrdln":"BAL 30","ydstogo":0,"ydsnet":0,"posteam":"BAL","desc":"S.Hauschka kicks 48 yards from BLT 30 to CLE 22. G.Lawson to CLE 34 for 12 yards (P.Burgess).","note":"KICKOFF","players":{"00-0026079":[{"sequence":2,"clubcode":"CLE","playerName":"G.Lawson","statId":45,"yards":12}],"00-0025594":[{"sequence":3,"clubcode":"BAL","playerName":"P.Burgess","statId":79,"yards":0}],"00-0025944":[{"sequence":1,"clubcode":"BAL","playerName":"S.Hauschka","statId":41,"yards":48}]}},"2175":{"sp":0,"qtr":3,"down":1,"time":"12:06","yrdln":"CLE 34","ydstogo":10,"ydsnet":6,"posteam":"CLE","desc":"(12:06) C.Jennings left guard to CLE 40 for 6 yards (D.Edwards).","note":null,"players":{"00-0022750":[{"sequence":2,"clubcode":"BAL","playerName":"D.Edwards","statId":79,"yards":0}],"00-0027167":[{"sequence":1,"clubcode":"CLE","playerName":"C.Jennings","statId":10,"yards":6}]}},"2196":{"sp":0,"qtr":3,"down":2,"time":"11:28","yrdln":"CLE 40","ydstogo":4,"ydsnet":8,"posteam":"CLE","desc":"(11:28) (No Huddle) C.Jennings left tackle to CLE 42 for 2 yards (F.Washington).","note":null,"players":{"00-0027167":[{"sequence":1,"clubcode":"CLE","playerName":"C.Jennings","statId":10,"yards":2}],"00-0023458":[{"sequence":2,"clubcode":"BAL","playerName":"F.Washington","statId":79,"yards":0}]}},"2217":{"sp":0,"qtr":3,"down":3,"time":"10:50","yrdln":"CLE 42","ydstogo":2,"ydsnet":11,"posteam":"CLE","desc":"(10:50) (No Huddle, Shotgun) J.Cribbs left tackle ran ob at CLE 45 for 3 yards (R.Lewis). DIRECT SNAP TO CRIBBS","note":null,"players":{"00-0009889":[{"sequence":4,"clubcode":"BAL","playerName":"R.Lewis","statId":79,"yards":0}],"0":[{"sequence":1,"clubcode":"CLE","playerName":"","statId":3,"yards":0},{"sequence":2,"clubcode":"CLE","playerName":"","statId":6,"yards":0}],"00-0023176":[{"sequence":3,"clubcode":"CLE","playerName":"J.Cribbs","statId":10,"yards":3}]}},"2243":{"sp":0,"qtr":3,"down":1,"time":"10:22","yrdln":"CLE 45","ydstogo":10,"ydsnet":14,"posteam":"CLE","desc":"(10:22) (No Huddle, Shotgun) B.Quinn pass short right to M.Furrey pushed ob at CLE 48 for 3 yards (D.Foxworth).","note":null,"players":{"00-0019281":[{"sequence":3,"clubcode":"CLE","playerName":"M.Furrey","statId":21,"yards":3},{"sequence":4,"clubcode":"CLE","playerName":"M.Furrey","statId":115,"yards":0},{"sequence":5,"clubcode":"CLE","playerName":"M.Furrey","statId":113,"yards":0}],"00-0023532":[{"sequence":6,"clubcode":"BAL","playerName":"D.Foxworth","statId":79,"yards":0}],"00-0025409":[{"sequence":1,"clubcode":"CLE","playerName":"B.Quinn","statId":15,"yards":3},{"sequence":2,"clubcode":"CLE","playerName":"B.Quinn","statId":111,"yards":3}]}},"2271":{"sp":0,"qtr":3,"down":2,"time":"10:06","yrdln":"CLE 48","ydstogo":7,"ydsnet":9,"posteam":"CLE","desc":"(10:06) (No Huddle) C.Jennings left tackle to CLE 43 for -5 yards (F.Washington).","note":null,"players":{"00-0027167":[{"sequence":1,"clubcode":"CLE","playerName":"C.Jennings","statId":10,"yards":-5}],"0":[{"sequence":2,"clubcode":"CLE","playerName":"","statId":95,"yards":-5}],"00-0023458":[{"sequence":3,"clubcode":"BAL","playerName":"F.Washington","statId":79,"yards":0},{"sequence":4,"clubcode":"BAL","playerName":"F.Washington","statId":120,"yards":0}]}},"2292":{"sp":0,"qtr":3,"down":3,"time":"09:21","yrdln":"CLE 43","ydstogo":12,"ydsnet":9,"posteam":"CLE","desc":"(9:21) (No Huddle, Shotgun) B.Quinn pass short middle INTERCEPTED by C.Carr at 50. C.Carr to CLE 39 for 11 yards (J.St. Clair). PENALTY on CLE-B.Quinn, Low Block, 15 yards, enforced at CLE 39.","note":"INT","players":{"00-0025409":[{"sequence":2,"clubcode":"CLE","playerName":"B.Quinn","statId":19,"yards":0},{"sequence":3,"clubcode":"CLE","playerName":"B.Quinn","statId":112,"yards":7},{"sequence":7,"clubcode":"CLE","playerName":"B.Quinn","statId":93,"yards":15}],"0":[{"sequence":1,"clubcode":"CLE","playerName":"","statId":7,"yards":0}],"00-0019666":[{"sequence":6,"clubcode":"CLE","playerName":"J.St. Clair","statId":79,"yards":0}],"00-0023008":[{"sequence":4,"clubcode":"BAL","playerName":"C.Carr","statId":25,"yards":11},{"sequence":5,"clubcode":"BAL","playerName":"C.Carr","statId":85,"yards":0}]}}},"fds":1,"result":"Interception","penyds":0,"ydsgained":9,"numplays":7,"postime":"2:58","start":{"qtr":3,"time":"12:11","yrdln":"CLE 34","team":"CLE"},"end":{"qtr":3,"time":"09:13","yrdln":"CLE 43","team":"CLE"}},"15":{"posteam":"BAL","qtr":3,"redzone":true,"plays":{"2339":{"sp":0,"qtr":3,"down":1,"time":"09:13","yrdln":"CLE 24","ydstogo":10,"ydsnet":-2,"posteam":"BAL","desc":"(9:13) PENALTY on BLT-J.Gaither, False Start, 5 yards, enforced at CLE 24 - No Play.","note":"PENALTY","players":{"00-0025787":[{"sequence":1,"clubcode":"BAL","playerName":"J.Gaither","statId":93,"yards":5}]}},"2362":{"sp":0,"qtr":3,"down":1,"time":"09:13","yrdln":"CLE 29","ydstogo":15,"ydsnet":-4,"posteam":"BAL","desc":"(9:13) R.Rice left guard to CLE 28 for 1 yard (R.Smith).","note":null,"players":{"00-0019573":[{"sequence":2,"clubcode":"CLE","playerName":"R.Smith","statId":79,"yards":0}],"00-0026195":[{"sequence":1,"clubcode":"BAL","playerName":"R.Rice","statId":10,"yards":1}]}},"2383":{"sp":0,"qtr":3,"down":2,"time":"08:31","yrdln":"CLE 28","ydstogo":14,"ydsnet":-10,"posteam":"BAL","desc":"(8:31) (Shotgun) J.Flacco sacked at CLE 34 for -6 yards (B.McDonald, S.Rogers). Penalty on BLT-J.Gaither, Offensive Holding, declined.","note":null,"players":{"00-0020528":[{"sequence":5,"clubcode":"CLE","playerName":"S.Rogers","statId":82,"yards":0}],"00-0025527":[{"sequence":2,"clubcode":"CLE","playerName":"B.McDonald","statId":83,"yards":-6},{"sequence":3,"clubcode":"CLE","playerName":"B.McDonald","statId":110,"yards":0},{"sequence":4,"clubcode":"CLE","playerName":"B.McDonald","statId":80,"yards":0},{"sequence":6,"clubcode":"CLE","playerName":"B.McDonald","statId":120,"yards":0}],"00-0026158":[{"sequence":1,"clubcode":"BAL","playerName":"J.Flacco","statId":20,"yards":-6}]}},"2413":{"sp":0,"qtr":3,"down":3,"time":"08:05","yrdln":"CLE 34","ydstogo":20,"ydsnet":-2,"posteam":"BAL","desc":"(8:05) (Shotgun) J.Flacco pass short right to T.Heap to CLE 26 for 8 yards (K.Maiava).","note":null,"players":{"00-0027074":[{"sequence":7,"clubcode":"CLE","playerName":"K.Maiava","statId":79,"yards":0}],"0":[{"sequence":1,"clubcode":"BAL","playerName":"","statId":7,"yards":0}],"00-0026158":[{"sequence":2,"clubcode":"BAL","playerName":"J.Flacco","statId":15,"yards":8},{"sequence":3,"clubcode":"BAL","playerName":"J.Flacco","statId":111,"yards":4}],"00-0020516":[{"sequence":4,"clubcode":"BAL","playerName":"T.Heap","statId":21,"yards":8},{"sequence":5,"clubcode":"BAL","playerName":"T.Heap","statId":115,"yards":0},{"sequence":6,"clubcode":"BAL","playerName":"T.Heap","statId":113,"yards":4}]}},"2437":{"sp":1,"qtr":3,"down":4,"time":"07:25","yrdln":"CLE 26","ydstogo":12,"ydsnet":-2,"posteam":"BAL","desc":"(7:25) S.Hauschka 44 yard field goal is GOOD, Center-M.Katula, Holder-S.Koch.","note":"FG","players":{"00-0025944":[{"sequence":1,"clubcode":"BAL","playerName":"S.Hauschka","statId":70,"yards":44}]}}},"fds":0,"result":"Field Goal","penyds":-5,"ydsgained":3,"numplays":5,"postime":"1:53","start":{"qtr":3,"time":"09:13","yrdln":"CLE 24","team":"BAL"},"end":{"qtr":3,"time":"07:20","yrdln":"CLE 26","team":"BAL"}},"16":{"posteam":"CLE","qtr":3,"redzone":true,"plays":{"2456":{"sp":0,"qtr":3,"down":0,"time":"07:20","yrdln":"BAL 30","ydstogo":0,"ydsnet":0,"posteam":"BAL","desc":"S.Hauschka kicks 59 yards from BLT 30 to CLE 11. J.Cribbs to CLE 23 for 12 yards (P.Burgess, J.McClain).","note":"KICKOFF","players":{"00-0025594":[{"sequence":3,"clubcode":"BAL","playerName":"P.Burgess","statId":80,"yards":0}],"00-0025944":[{"sequence":1,"clubcode":"BAL","playerName":"S.Hauschka","statId":41,"yards":59}],"00-0026407":[{"sequence":4,"clubcode":"BAL","playerName":"J.McClain","statId":82,"yards":0}],"00-0023176":[{"sequence":2,"clubcode":"CLE","playerName":"J.Cribbs","statId":45,"yards":12}]}},"2478":{"sp":0,"qtr":3,"down":1,"time":"07:13","yrdln":"CLE 23","ydstogo":10,"ydsnet":4,"posteam":"CLE","desc":"(7:13) J.Lewis right guard to CLE 27 for 4 yards (D.Edwards).","note":null,"players":{"00-0022750":[{"sequence":2,"clubcode":"BAL","playerName":"D.Edwards","statId":79,"yards":0}],"00-0019693":[{"sequence":1,"clubcode":"CLE","playerName":"J.Lewis","statId":10,"yards":4}]}},"2499":{"sp":0,"qtr":3,"down":2,"time":"06:31","yrdln":"CLE 27","ydstogo":6,"ydsnet":15,"posteam":"CLE","desc":"(6:31) (No Huddle) J.Cribbs left end to CLE 38 for 11 yards (E.Reed).","note":null,"players":{"0":[{"sequence":1,"clubcode":"CLE","playerName":"","statId":3,"yards":0}],"00-0021377":[{"sequence":3,"clubcode":"BAL","playerName":"E.Reed","statId":79,"yards":0}],"00-0023176":[{"sequence":2,"clubcode":"CLE","playerName":"J.Cribbs","statId":10,"yards":11}]}},"2520":{"sp":0,"qtr":3,"down":1,"time":"05:50","yrdln":"CLE 38","ydstogo":10,"ydsnet":13,"posteam":"CLE","desc":"(5:50) (No Huddle, Shotgun) B.Quinn pass short left to M.Furrey to CLE 36 for -2 yards (D.Foxworth).","note":null,"players":{"00-0019281":[{"sequence":3,"clubcode":"CLE","playerName":"M.Furrey","statId":21,"yards":-2},{"sequence":4,"clubcode":"CLE","playerName":"M.Furrey","statId":115,"yards":0},{"sequence":5,"clubcode":"CLE","playerName":"M.Furrey","statId":113,"yards":0}],"00-0023532":[{"sequence":6,"clubcode":"BAL","playerName":"D.Foxworth","statId":79,"yards":0},{"sequence":7,"clubcode":"BAL","playerName":"D.Foxworth","statId":120,"yards":0}],"00-0025409":[{"sequence":1,"clubcode":"CLE","playerName":"B.Quinn","statId":15,"yards":-2},{"sequence":2,"clubcode":"CLE","playerName":"B.Quinn","statId":111,"yards":-2}]}},"2544":{"sp":0,"qtr":3,"down":2,"time":"05:12","yrdln":"CLE 36","ydstogo":12,"ydsnet":18,"posteam":"CLE","desc":"(5:12) (No Huddle) B.Quinn pass short right to J.Lewis to CLE 41 for 5 yards (R.Lewis).","note":null,"players":{"00-0025409":[{"sequence":1,"clubcode":"CLE","playerName":"B.Quinn","statId":15,"yards":5},{"sequence":2,"clubcode":"CLE","playerName":"B.Quinn","statId":111,"yards":-1}],"00-0009889":[{"sequence":6,"clubcode":"BAL","playerName":"R.Lewis","statId":79,"yards":0}],"00-0019693":[{"sequence":3,"clubcode":"CLE","playerName":"J.Lewis","statId":21,"yards":5},{"sequence":4,"clubcode":"CLE","playerName":"J.Lewis","statId":115,"yards":0},{"sequence":5,"clubcode":"CLE","playerName":"J.Lewis","statId":113,"yards":6}]}},"2568":{"sp":0,"qtr":3,"down":3,"time":"04:26","yrdln":"CLE 41","ydstogo":7,"ydsnet":23,"posteam":"CLE","desc":"(4:26) (No Huddle, Shotgun) B.Quinn pass short left to B.Robiskie to CLE 46 for 5 yards (F.Washington). PENALTY on BLT-P.Kruger, Defensive Offside, 5 yards, enforced at CLE 41 - No Play.","note":"PENALTY","players":{"00-0027033":[{"sequence":1,"clubcode":"BAL","playerName":"P.Kruger","statId":93,"yards":5}]}},"2603":{"sp":0,"qtr":3,"down":3,"time":"04:06","yrdln":"CLE 46","ydstogo":2,"ydsnet":24,"posteam":"CLE","desc":"(4:06) (Shotgun) J.Cribbs right tackle to CLE 47 for 1 yard (K.Gregg, R.Lewis). CRIBBS LINED UP AS QB","note":null,"players":{"00-0009889":[{"sequence":4,"clubcode":"BAL","playerName":"R.Lewis","statId":82,"yards":0}],"00-0006398":[{"sequence":3,"clubcode":"BAL","playerName":"K.Gregg","statId":80,"yards":0}],"0":[{"sequence":1,"clubcode":"CLE","playerName":"","statId":7,"yards":0}],"00-0023176":[{"sequence":2,"clubcode":"CLE","playerName":"J.Cribbs","statId":10,"yards":1}]}},"2633":{"sp":0,"qtr":3,"down":0,"time":"03:24","yrdln":"","ydstogo":0,"ydsnet":24,"posteam":"","desc":"Timeout #1 by CLE at 03:24.","note":"TIMEOUT","players":{"0":[{"sequence":1,"clubcode":"CLE","playerName":"","statId":68,"yards":0}]}},"2650":{"sp":0,"qtr":3,"down":4,"time":"03:24","yrdln":"CLE 47","ydstogo":1,"ydsnet":26,"posteam":"CLE","desc":"(3:24) B.Quinn up the middle to CLE 49 for 2 yards (K.Gregg).","note":null,"players":{"00-0025409":[{"sequence":3,"clubcode":"CLE","playerName":"B.Quinn","statId":10,"yards":2}],"00-0006398":[{"sequence":4,"clubcode":"BAL","playerName":"K.Gregg","statId":79,"yards":0}],"0":[{"sequence":1,"clubcode":"CLE","playerName":"","statId":3,"yards":0},{"sequence":2,"clubcode":"CLE","playerName":"","statId":8,"yards":0}]}},"2671":{"sp":0,"qtr":3,"down":1,"time":"02:48","yrdln":"CLE 49","ydstogo":10,"ydsnet":28,"posteam":"CLE","desc":"(2:48) J.Lewis right guard to BAL 49 for 2 yards (D.Edwards).","note":null,"players":{"00-0022750":[{"sequence":2,"clubcode":"BAL","playerName":"D.Edwards","statId":79,"yards":0}],"00-0019693":[{"sequence":1,"clubcode":"CLE","playerName":"J.Lewis","statId":10,"yards":2}]}},"2692":{"sp":0,"qtr":3,"down":2,"time":"02:16","yrdln":"BAL 49","ydstogo":8,"ydsnet":22,"posteam":"CLE","desc":"(2:16) (No Huddle, Shotgun) J.Lewis right tackle to BAL 48 for 1 yard (T.Pryce). Cribbs in at qb","note":null,"players":{"00-0019693":[{"sequence":1,"clubcode":"CLE","playerName":"J.Lewis","statId":10,"yards":1}],"00-0013282":[{"sequence":2,"clubcode":"BAL","playerName":"T.Pryce","statId":79,"yards":0}]}},"2713":{"sp":0,"qtr":3,"down":3,"time":"01:30","yrdln":"BAL 48","ydstogo":7,"ydsnet":22,"posteam":"CLE","desc":"(1:30) (No Huddle, Shotgun) B.Quinn sacked at CLE 45 for -7 yards (R.Lewis).","note":null,"players":{"00-0025409":[{"sequence":2,"clubcode":"CLE","playerName":"B.Quinn","statId":20,"yards":-7}],"00-0009889":[{"sequence":3,"clubcode":"BAL","playerName":"R.Lewis","statId":83,"yards":-7},{"sequence":4,"clubcode":"BAL","playerName":"R.Lewis","statId":110,"yards":0},{"sequence":5,"clubcode":"BAL","playerName":"R.Lewis","statId":79,"yards":0},{"sequence":6,"clubcode":"BAL","playerName":"R.Lewis","statId":120,"yards":0}],"0":[{"sequence":1,"clubcode":"CLE","playerName":"","statId":7,"yards":0}]}},"2736":{"sp":0,"qtr":3,"down":4,"time":"01:09","yrdln":"CLE 45","ydstogo":14,"ydsnet":22,"posteam":"CLE","desc":"(1:09) R.Hodges punts 29 yards to BAL 26, Center-R.Pontbriand, fair catch by C.Carr.","note":"PUNT","players":{"00-0023008":[{"sequence":2,"clubcode":"BAL","playerName":"C.Carr","statId":39,"yards":0}],"00-0023642":[{"sequence":1,"clubcode":"CLE","playerName":"R.Hodges","statId":29,"yards":29}]}}},"fds":2,"result":"Punt","penyds":5,"ydsgained":17,"numplays":13,"postime":"6:18","start":{"qtr":3,"time":"07:20","yrdln":"CLE 23","team":"CLE"},"end":{"qtr":3,"time":"01:02","yrdln":"CLE 45","team":"CLE"}},"17":{"posteam":"BAL","qtr":4,"redzone":true,"plays":{"2755":{"sp":0,"qtr":3,"down":1,"time":"01:02","yrdln":"BAL 26","ydstogo":10,"ydsnet":5,"posteam":"BAL","desc":"(1:02) J.Flacco pass incomplete short right to W.McGahee [C.Williams]. PENALTY on CLE-E.Wright, Illegal Contact, 5 yards, enforced at BLT 26 - No Play.","note":"PENALTY","players":{"00-0025440":[{"sequence":2,"clubcode":"CLE","playerName":"E.Wright","statId":93,"yards":5}],"0":[{"sequence":1,"clubcode":"BAL","playerName":"","statId":5,"yards":0}]}},"2788":{"sp":0,"qtr":3,"down":1,"time":"00:55","yrdln":"BAL 31","ydstogo":10,"ydsnet":12,"posteam":"BAL","desc":"(:55) W.McGahee right tackle to BAL 38 for 7 yards (M.Benard).","note":null,"players":{"00-0026742":[{"sequence":2,"clubcode":"CLE","playerName":"M.Benard","statId":79,"yards":0}],"00-0022178":[{"sequence":1,"clubcode":"BAL","playerName":"W.McGahee","statId":10,"yards":7}]}},"2809":{"sp":0,"qtr":3,"down":2,"time":"00:28","yrdln":"BAL 38","ydstogo":3,"ydsnet":13,"posteam":"BAL","desc":"(:28) W.McGahee left guard to BAL 39 for 1 yard (C.Mosley, M.Benard).","note":null,"players":{"00-0026742":[{"sequence":3,"clubcode":"CLE","playerName":"M.Benard","statId":82,"yards":0}],"00-0023624":[{"sequence":2,"clubcode":"CLE","playerName":"C.Mosley","statId":80,"yards":0}],"00-0022178":[{"sequence":1,"clubcode":"BAL","playerName":"W.McGahee","statId":10,"yards":1}]}},"2830":{"sp":0,"qtr":3,"down":0,"time":"","yrdln":"","ydstogo":0,"ydsnet":13,"posteam":"","desc":"END QUARTER 3","note":null,"players":{}},"2846":{"sp":0,"qtr":4,"down":3,"time":"15:00","yrdln":"BAL 39","ydstogo":2,"ydsnet":13,"posteam":"BAL","desc":"(15:00) R.Rice pass incomplete short middle to T.Heap (B.Pool).","note":null,"players":{"00-0023469":[{"sequence":4,"clubcode":"CLE","playerName":"B.Pool","statId":85,"yards":0}],"0":[{"sequence":1,"clubcode":"BAL","playerName":"","statId":7,"yards":0}],"00-0026195":[{"sequence":2,"clubcode":"BAL","playerName":"R.Rice","statId":14,"yards":0},{"sequence":5,"clubcode":"BAL","playerName":"R.Rice","statId":112,"yards":0}],"00-0020516":[{"sequence":3,"clubcode":"BAL","playerName":"T.Heap","statId":115,"yards":0}]}},"2872":{"sp":0,"qtr":4,"down":4,"time":"14:55","yrdln":"BAL 39","ydstogo":2,"ydsnet":13,"posteam":"BAL","desc":"(14:55) S.Koch punts 45 yards to CLE 16, Center-M.Katula. J.Cribbs to CLE 21 for 5 yards (D.Tyree, L.McClain).","note":"PUNT","players":{"00-0025524":[{"sequence":4,"clubcode":"BAL","playerName":"L.McClain","statId":82,"yards":0}],"00-0021927":[{"sequence":3,"clubcode":"BAL","playerName":"D.Tyree","statId":80,"yards":0}],"00-0024417":[{"sequence":1,"clubcode":"BAL","playerName":"S.Koch","statId":29,"yards":45}],"00-0023176":[{"sequence":2,"clubcode":"CLE","playerName":"J.Cribbs","statId":33,"yards":5}]}}},"fds":1,"result":"Punt","penyds":5,"ydsgained":8,"numplays":6,"postime":"1:18","start":{"qtr":3,"time":"01:02","yrdln":"BAL 26","team":"BAL"},"end":{"qtr":3,"time":"14:44","yrdln":"BAL 39","team":"BAL"}},"18":{"posteam":"CLE","qtr":4,"redzone":true,"plays":{"2897":{"sp":0,"qtr":4,"down":1,"time":"14:44","yrdln":"CLE 21","ydstogo":10,"ydsnet":-2,"posteam":"CLE","desc":"(14:44) B.Quinn pass short right to L.Vickers to CLE 19 for -2 yards (J.Johnson).","note":null,"players":{"00-0022139":[{"sequence":6,"clubcode":"BAL","playerName":"J.Johnson","statId":79,"yards":0},{"sequence":7,"clubcode":"BAL","playerName":"J.Johnson","statId":120,"yards":0}],"00-0025409":[{"sequence":1,"clubcode":"CLE","playerName":"B.Quinn","statId":15,"yards":-2},{"sequence":2,"clubcode":"CLE","playerName":"B.Quinn","statId":111,"yards":0}],"00-0024394":[{"sequence":3,"clubcode":"CLE","playerName":"L.Vickers","statId":21,"yards":-2},{"sequence":4,"clubcode":"CLE","playerName":"L.Vickers","statId":115,"yards":0},{"sequence":5,"clubcode":"CLE","playerName":"L.Vickers","statId":113,"yards":-2}]}},"2921":{"sp":0,"qtr":4,"down":2,"time":"14:09","yrdln":"CLE 19","ydstogo":12,"ydsnet":4,"posteam":"CLE","desc":"(14:09) C.Jennings right guard to CLE 25 for 6 yards (K.Gregg).","note":null,"players":{"00-0027167":[{"sequence":1,"clubcode":"CLE","playerName":"C.Jennings","statId":10,"yards":6}],"00-0006398":[{"sequence":2,"clubcode":"BAL","playerName":"K.Gregg","statId":79,"yards":0}]}},"2942":{"sp":0,"qtr":4,"down":3,"time":"14:09","yrdln":"CLE 25","ydstogo":6,"ydsnet":-1,"posteam":"CLE","desc":"(14:09) (No Huddle, Shotgun) PENALTY on CLE-J.Thomas, False Start, 5 yards, enforced at CLE 25 - No Play.","note":"PENALTY","players":{"00-0025390":[{"sequence":1,"clubcode":"CLE","playerName":"J.Thomas","statId":93,"yards":5}]}},"2965":{"sp":0,"qtr":4,"down":3,"time":"13:11","yrdln":"CLE 20","ydstogo":11,"ydsnet":-1,"posteam":"CLE","desc":"(13:11) (Shotgun) B.Quinn pass incomplete short left to J.Harrison (P.Kruger).","note":null,"players":{"00-0025409":[{"sequence":2,"clubcode":"CLE","playerName":"B.Quinn","statId":14,"yards":0},{"sequence":5,"clubcode":"CLE","playerName":"B.Quinn","statId":112,"yards":0}],"00-0027033":[{"sequence":4,"clubcode":"BAL","playerName":"P.Kruger","statId":85,"yards":0}],"0":[{"sequence":1,"clubcode":"CLE","playerName":"","statId":7,"yards":0}],"00-0024359":[{"sequence":3,"clubcode":"CLE","playerName":"J.Harrison","statId":115,"yards":0}]}},"2987":{"sp":0,"qtr":4,"down":4,"time":"13:06","yrdln":"CLE 20","ydstogo":11,"ydsnet":-1,"posteam":"CLE","desc":"(13:06) R.Hodges punts 34 yards to BAL 46, Center-R.Pontbriand. C.Carr to BAL 49 for 3 yards (J.Cribbs).","note":"PUNT","players":{"00-0023176":[{"sequence":3,"clubcode":"CLE","playerName":"J.Cribbs","statId":79,"yards":0}],"00-0023008":[{"sequence":2,"clubcode":"BAL","playerName":"C.Carr","statId":33,"yards":3}],"00-0023642":[{"sequence":1,"clubcode":"CLE","playerName":"R.Hodges","statId":29,"yards":34}]}}},"fds":0,"result":"Punt","penyds":-5,"ydsgained":4,"numplays":5,"postime":"1:47","start":{"qtr":4,"time":"14:44","yrdln":"CLE 21","team":"CLE"},"end":{"qtr":4,"time":"12:57","yrdln":"CLE 20","team":"CLE"}},"19":{"posteam":"BAL","qtr":4,"redzone":true,"plays":{"3012":{"sp":0,"qtr":4,"down":1,"time":"12:57","yrdln":"BAL 49","ydstogo":10,"ydsnet":-15,"posteam":"BAL","desc":"(12:57) R.Rice right tackle pushed ob at CLE 44 for 7 yards (B.McDonald). PENALTY on BLT-B.Grubbs, Face Mask (15 Yards), 15 yards, enforced at BLT 49 - No Play.","note":"PENALTY","players":{"00-0025416":[{"sequence":1,"clubcode":"BAL","playerName":"B.Grubbs","statId":93,"yards":15}]}},"3049":{"sp":0,"qtr":4,"down":1,"time":"12:57","yrdln":"BAL 34","ydstogo":25,"ydsnet":-14,"posteam":"BAL","desc":"(12:57) R.Rice right tackle to BAL 35 for 1 yard (C.Mosley).","note":null,"players":{"00-0023624":[{"sequence":2,"clubcode":"CLE","playerName":"C.Mosley","statId":79,"yards":0}],"00-0026195":[{"sequence":1,"clubcode":"BAL","playerName":"R.Rice","statId":10,"yards":1}]}},"3070":{"sp":0,"qtr":4,"down":2,"time":"11:51","yrdln":"BAL 35","ydstogo":24,"ydsnet":-2,"posteam":"BAL","desc":"(11:51) (Shotgun) R.Rice right tackle to BAL 47 for 12 yards (K.Wimbley).","note":null,"players":{"00-0024228":[{"sequence":2,"clubcode":"CLE","playerName":"K.Wimbley","statId":79,"yards":0}],"00-0026195":[{"sequence":1,"clubcode":"BAL","playerName":"R.Rice","statId":10,"yards":12}]}},"3091":{"sp":0,"qtr":4,"down":3,"time":"11:10","yrdln":"BAL 47","ydstogo":12,"ydsnet":5,"posteam":"BAL","desc":"(11:10) (Shotgun) J.Flacco pass short middle to R.Rice to CLE 46 for 7 yards (K.Maiava).","note":null,"players":{"00-0027074":[{"sequence":7,"clubcode":"CLE","playerName":"K.Maiava","statId":79,"yards":0}],"0":[{"sequence":1,"clubcode":"BAL","playerName":"","statId":7,"yards":0}],"00-0026158":[{"sequence":2,"clubcode":"BAL","playerName":"J.Flacco","statId":15,"yards":7},{"sequence":3,"clubcode":"BAL","playerName":"J.Flacco","statId":111,"yards":2}],"00-0026195":[{"sequence":4,"clubcode":"BAL","playerName":"R.Rice","statId":21,"yards":7},{"sequence":5,"clubcode":"BAL","playerName":"R.Rice","statId":115,"yards":0},{"sequence":6,"clubcode":"BAL","playerName":"R.Rice","statId":113,"yards":5}]}},"3115":{"sp":0,"qtr":4,"down":4,"time":"10:25","yrdln":"CLE 46","ydstogo":5,"ydsnet":5,"posteam":"BAL","desc":"(10:25) S.Koch punts 35 yards to CLE 11, Center-M.Katula, downed by BLT-L.Webb.","note":"PUNT","players":{"0":[{"sequence":3,"clubcode":"CLE","playerName":"","statId":38,"yards":0}],"00-0024417":[{"sequence":1,"clubcode":"BAL","playerName":"S.Koch","statId":29,"yards":35},{"sequence":2,"clubcode":"BAL","playerName":"S.Koch","statId":30,"yards":0}]}}},"fds":0,"result":"Punt","penyds":-15,"ydsgained":20,"numplays":5,"postime":"2:43","start":{"qtr":4,"time":"12:57","yrdln":"BAL 49","team":"BAL"},"end":{"qtr":4,"time":"10:14","yrdln":"CLE 46","team":"BAL"}},"20":{"posteam":"CLE","qtr":4,"redzone":true,"plays":{"3134":{"sp":0,"qtr":4,"down":1,"time":"10:14","yrdln":"CLE 11","ydstogo":10,"ydsnet":5,"posteam":"CLE","desc":"(10:14) (Shotgun) J.Cribbs left end to CLE 16 for 5 yards (J.McClain). Cribbs in at qb","note":null,"players":{"00-0026407":[{"sequence":2,"clubcode":"BAL","playerName":"J.McClain","statId":79,"yards":0}],"00-0023176":[{"sequence":1,"clubcode":"CLE","playerName":"J.Cribbs","statId":10,"yards":5}]}},"3164":{"sp":0,"qtr":4,"down":2,"time":"09:33","yrdln":"CLE 16","ydstogo":5,"ydsnet":5,"posteam":"CLE","desc":"(9:33) (No Huddle) B.Quinn pass incomplete short left to B.Robiskie (D.Foxworth).","note":null,"players":{"00-0023532":[{"sequence":3,"clubcode":"BAL","playerName":"D.Foxworth","statId":85,"yards":0}],"00-0027012":[{"sequence":2,"clubcode":"CLE","playerName":"B.Robiskie","statId":115,"yards":0}],"00-0025409":[{"sequence":1,"clubcode":"CLE","playerName":"B.Quinn","statId":14,"yards":0},{"sequence":4,"clubcode":"CLE","playerName":"B.Quinn","statId":112,"yards":0}]}},"3186":{"sp":0,"qtr":4,"down":3,"time":"09:28","yrdln":"CLE 16","ydstogo":5,"ydsnet":19,"posteam":"CLE","desc":"(9:28) (No Huddle, Shotgun) B.Quinn pass short middle to M.Furrey to CLE 30 for 14 yards (C.Carr).","note":null,"players":{"00-0019281":[{"sequence":5,"clubcode":"CLE","playerName":"M.Furrey","statId":21,"yards":14},{"sequence":6,"clubcode":"CLE","playerName":"M.Furrey","statId":115,"yards":0},{"sequence":7,"clubcode":"CLE","playerName":"M.Furrey","statId":113,"yards":8}],"00-0025409":[{"sequence":3,"clubcode":"CLE","playerName":"B.Quinn","statId":15,"yards":14},{"sequence":4,"clubcode":"CLE","playerName":"B.Quinn","statId":111,"yards":6}],"0":[{"sequence":1,"clubcode":"CLE","playerName":"","statId":4,"yards":0},{"sequence":2,"clubcode":"CLE","playerName":"","statId":6,"yards":0}],"00-0023008":[{"sequence":8,"clubcode":"BAL","playerName":"C.Carr","statId":79,"yards":0}]}},"3210":{"sp":0,"qtr":4,"down":1,"time":"08:58","yrdln":"CLE 30","ydstogo":10,"ydsnet":19,"posteam":"CLE","desc":"(8:58) (No Huddle, Shotgun) B.Quinn pass incomplete deep left to M.Massaquoi.","note":null,"players":{"00-0027026":[{"sequence":2,"clubcode":"CLE","playerName":"M.Massaquoi","statId":115,"yards":0}],"00-0025409":[{"sequence":1,"clubcode":"CLE","playerName":"B.Quinn","statId":14,"yards":0},{"sequence":3,"clubcode":"CLE","playerName":"B.Quinn","statId":112,"yards":25}]}},"3232":{"sp":0,"qtr":4,"down":2,"time":"08:53","yrdln":"CLE 30","ydstogo":10,"ydsnet":19,"posteam":"CLE","desc":"(8:53) (Shotgun) B.Quinn pass incomplete short right to J.Harrison.","note":null,"players":{"00-0025409":[{"sequence":1,"clubcode":"CLE","playerName":"B.Quinn","statId":14,"yards":0},{"sequence":3,"clubcode":"CLE","playerName":"B.Quinn","statId":112,"yards":1}],"00-0024359":[{"sequence":2,"clubcode":"CLE","playerName":"J.Harrison","statId":115,"yards":0}]}},"3254":{"sp":0,"qtr":4,"down":3,"time":"08:48","yrdln":"CLE 30","ydstogo":10,"ydsnet":19,"posteam":"CLE","desc":"(8:48) (No Huddle, Shotgun) B.Quinn pass incomplete deep right to M.Massaquoi.","note":null,"players":{"00-0027026":[{"sequence":3,"clubcode":"CLE","playerName":"M.Massaquoi","statId":115,"yards":0}],"00-0025409":[{"sequence":2,"clubcode":"CLE","playerName":"B.Quinn","statId":14,"yards":0},{"sequence":4,"clubcode":"CLE","playerName":"B.Quinn","statId":112,"yards":38}],"0":[{"sequence":1,"clubcode":"CLE","playerName":"","statId":7,"yards":0}]}},"3276":{"sp":0,"qtr":4,"down":4,"time":"08:42","yrdln":"CLE 30","ydstogo":10,"ydsnet":19,"posteam":"CLE","desc":"(8:42) R.Hodges punts 37 yards to BAL 33, Center-R.Pontbriand. C.Carr to BAL 31 for -2 yards (M.Adams).","note":"PUNT","players":{"00-0022247":[{"sequence":3,"clubcode":"CLE","playerName":"M.Adams","statId":79,"yards":0}],"00-0023008":[{"sequence":2,"clubcode":"BAL","playerName":"C.Carr","statId":33,"yards":-2}],"00-0023642":[{"sequence":1,"clubcode":"CLE","playerName":"R.Hodges","statId":29,"yards":37}]}}},"fds":1,"result":"Punt","penyds":0,"ydsgained":19,"numplays":7,"postime":"1:40","start":{"qtr":4,"time":"10:14","yrdln":"CLE 11","team":"CLE"},"end":{"qtr":4,"time":"08:34","yrdln":"CLE 30","team":"CLE"}},"21":{"posteam":"BAL","qtr":4,"redzone":true,"plays":{"3301":{"sp":0,"qtr":4,"down":1,"time":"08:34","yrdln":"BAL 31","ydstogo":10,"ydsnet":6,"posteam":"BAL","desc":"(8:34) R.Rice right guard to BAL 37 for 6 yards (A.Rubin, D.Bowens).","note":null,"players":{"00-0026330":[{"sequence":2,"clubcode":"CLE","playerName":"A.Rubin","statId":80,"yards":0}],"00-0001563":[{"sequence":3,"clubcode":"CLE","playerName":"D.Bowens","statId":82,"yards":0}],"00-0026195":[{"sequence":1,"clubcode":"BAL","playerName":"R.Rice","statId":10,"yards":6}]}},"3322":{"sp":0,"qtr":4,"down":2,"time":"07:54","yrdln":"BAL 37","ydstogo":4,"ydsnet":9,"posteam":"BAL","desc":"(7:54) R.Rice left guard to BAL 40 for 3 yards (J.Trusnik).","note":null,"players":{"00-0025697":[{"sequence":2,"clubcode":"CLE","playerName":"J.Trusnik","statId":79,"yards":0}],"00-0026195":[{"sequence":1,"clubcode":"BAL","playerName":"R.Rice","statId":10,"yards":3}]}},"3343":{"sp":0,"qtr":4,"down":3,"time":"07:15","yrdln":"BAL 40","ydstogo":1,"ydsnet":10,"posteam":"BAL","desc":"(7:15) W.McGahee right tackle to BAL 41 for 1 yard (K.Wimbley).","note":null,"players":{"00-0024228":[{"sequence":4,"clubcode":"CLE","playerName":"K.Wimbley","statId":79,"yards":0}],"0":[{"sequence":1,"clubcode":"BAL","playerName":"","statId":3,"yards":0},{"sequence":2,"clubcode":"BAL","playerName":"","statId":6,"yards":0}],"00-0022178":[{"sequence":3,"clubcode":"BAL","playerName":"W.McGahee","statId":10,"yards":1}]}},"3364":{"sp":0,"qtr":4,"down":1,"time":"06:35","yrdln":"BAL 41","ydstogo":10,"ydsnet":12,"posteam":"BAL","desc":"(6:35) J.Flacco pass short left to L.McClain to BAL 43 for 2 yards (D.Bowens, E.Wright).","note":null,"players":{"00-0025440":[{"sequence":7,"clubcode":"CLE","playerName":"E.Wright","statId":82,"yards":0}],"00-0025524":[{"sequence":3,"clubcode":"BAL","playerName":"L.McClain","statId":21,"yards":2},{"sequence":4,"clubcode":"BAL","playerName":"L.McClain","statId":115,"yards":0},{"sequence":5,"clubcode":"BAL","playerName":"L.McClain","statId":113,"yards":4}],"00-0026158":[{"sequence":1,"clubcode":"BAL","playerName":"J.Flacco","statId":15,"yards":2},{"sequence":2,"clubcode":"BAL","playerName":"J.Flacco","statId":111,"yards":-2}],"00-0001563":[{"sequence":6,"clubcode":"CLE","playerName":"D.Bowens","statId":80,"yards":0}]}},"3388":{"sp":0,"qtr":4,"down":2,"time":"05:54","yrdln":"BAL 43","ydstogo":8,"ydsnet":18,"posteam":"BAL","desc":"(5:54) W.McGahee right tackle to BAL 49 for 6 yards (C.Mosley).","note":null,"players":{"00-0023624":[{"sequence":2,"clubcode":"CLE","playerName":"C.Mosley","statId":79,"yards":0}],"00-0022178":[{"sequence":1,"clubcode":"BAL","playerName":"W.McGahee","statId":10,"yards":6}]}},"3409":{"sp":0,"qtr":4,"down":0,"time":"05:09","yrdln":"","ydstogo":0,"ydsnet":18,"posteam":"","desc":"Timeout #1 by BAL at 05:09.","note":"TIMEOUT","players":{"0":[{"sequence":1,"clubcode":"BAL","playerName":"","statId":68,"yards":0}]}},"3426":{"sp":0,"qtr":4,"down":3,"time":"05:09","yrdln":"BAL 49","ydstogo":2,"ydsnet":18,"posteam":"BAL","desc":"(5:09) (Shotgun) J.Flacco pass incomplete short left to K.Washington.","note":null,"players":{"0":[{"sequence":1,"clubcode":"BAL","playerName":"","statId":7,"yards":0}],"00-0026158":[{"sequence":2,"clubcode":"BAL","playerName":"J.Flacco","statId":14,"yards":0},{"sequence":4,"clubcode":"BAL","playerName":"J.Flacco","statId":112,"yards":0}],"00-0022171":[{"sequence":3,"clubcode":"BAL","playerName":"K.Washington","statId":115,"yards":0}]}},"3448":{"sp":0,"qtr":4,"down":4,"time":"05:09","yrdln":"BAL 49","ydstogo":2,"ydsnet":13,"posteam":"BAL","desc":"(5:09) (Punt formation) PENALTY on BAL-J.McClain, False Start, 5 yards, enforced at BAL 49 - No Play.","note":"PENALTY","players":{"00-0026407":[{"sequence":1,"clubcode":"BAL","playerName":"J.McClain","statId":93,"yards":5}]}},"3479":{"sp":0,"qtr":4,"down":4,"time":"04:59","yrdln":"BAL 44","ydstogo":7,"ydsnet":13,"posteam":"BAL","desc":"(4:59) S.Koch punts 40 yards to CLE 16, Center-M.Katula. J.Cribbs to CLE 19 for 3 yards (P.Burgess, T.Zbikowski).","note":"PUNT","players":{"00-0026226":[{"sequence":5,"clubcode":"BAL","playerName":"T.Zbikowski","statId":82,"yards":0}],"00-0025594":[{"sequence":4,"clubcode":"BAL","playerName":"P.Burgess","statId":80,"yards":0}],"00-0024417":[{"sequence":1,"clubcode":"BAL","playerName":"S.Koch","statId":29,"yards":40},{"sequence":3,"clubcode":"BAL","playerName":"S.Koch","statId":30,"yards":0}],"00-0023176":[{"sequence":2,"clubcode":"CLE","playerName":"J.Cribbs","statId":33,"yards":3}]}}},"fds":1,"result":"Punt","penyds":-5,"ydsgained":18,"numplays":9,"postime":"3:41","start":{"qtr":4,"time":"08:34","yrdln":"BAL 31","team":"BAL"},"end":{"qtr":4,"time":"04:53","yrdln":"BAL 44","team":"BAL"}},"22":{"posteam":"CLE","qtr":4,"redzone":true,"plays":{"3508":{"sp":0,"qtr":4,"down":1,"time":"04:53","yrdln":"CLE 19","ydstogo":10,"ydsnet":0,"posteam":"CLE","desc":"(4:53) B.Quinn pass incomplete deep right to J.Cribbs.","note":null,"players":{"00-0025409":[{"sequence":1,"clubcode":"CLE","playerName":"B.Quinn","statId":14,"yards":0},{"sequence":3,"clubcode":"CLE","playerName":"B.Quinn","statId":112,"yards":44}],"00-0023176":[{"sequence":2,"clubcode":"CLE","playerName":"J.Cribbs","statId":115,"yards":0}]}},"3530":{"sp":0,"qtr":4,"down":2,"time":"04:45","yrdln":"CLE 19","ydstogo":10,"ydsnet":4,"posteam":"CLE","desc":"(4:45) (No Huddle, Shotgun) B.Quinn pass short right to M.Furrey to CLE 23 for 4 yards (L.Webb) [D.Edwards].","note":null,"players":{"00-0022750":[{"sequence":6,"clubcode":"BAL","playerName":"D.Edwards","statId":110,"yards":0}],"00-0019281":[{"sequence":3,"clubcode":"CLE","playerName":"M.Furrey","statId":21,"yards":4},{"sequence":4,"clubcode":"CLE","playerName":"M.Furrey","statId":115,"yards":0},{"sequence":5,"clubcode":"CLE","playerName":"M.Furrey","statId":113,"yards":0}],"00-0025409":[{"sequence":1,"clubcode":"CLE","playerName":"B.Quinn","statId":15,"yards":4},{"sequence":2,"clubcode":"CLE","playerName":"B.Quinn","statId":111,"yards":4}],"00-0027060":[{"sequence":7,"clubcode":"BAL","playerName":"L.Webb","statId":79,"yards":0}]}},"3554":{"sp":0,"qtr":4,"down":3,"time":"04:17","yrdln":"CLE 23","ydstogo":6,"ydsnet":-2,"posteam":"CLE","desc":"(4:17) (No Huddle, Shotgun) B.Quinn sacked at CLE 17 for -6 yards (J.Johnson). FUMBLES (J.Johnson), and recovers at CLE 17.","note":"FUMBLE","players":{"00-0022139":[{"sequence":2,"clubcode":"BAL","playerName":"J.Johnson","statId":79,"yards":0},{"sequence":4,"clubcode":"BAL","playerName":"J.Johnson","statId":91,"yards":0},{"sequence":7,"clubcode":"BAL","playerName":"J.Johnson","statId":83,"yards":-6}],"00-0025409":[{"sequence":3,"clubcode":"CLE","playerName":"B.Quinn","statId":52,"yards":0},{"sequence":5,"clubcode":"CLE","playerName":"B.Quinn","statId":55,"yards":0},{"sequence":6,"clubcode":"CLE","playerName":"B.Quinn","statId":20,"yards":-6}],"0":[{"sequence":1,"clubcode":"CLE","playerName":"","statId":7,"yards":0}]}},"3583":{"sp":0,"qtr":4,"down":4,"time":"03:57","yrdln":"CLE 17","ydstogo":12,"ydsnet":-2,"posteam":"CLE","desc":"(3:57) R.Hodges punts 48 yards to BAL 35, Center-R.Pontbriand. C.Carr to BAL 39 for 4 yards (R.Ventrone, B.Costanzo).","note":"PUNT","players":{"00-0023316":[{"sequence":3,"clubcode":"CLE","playerName":"R.Ventrone","statId":80,"yards":0}],"00-0024129":[{"sequence":4,"clubcode":"CLE","playerName":"B.Costanzo","statId":82,"yards":0}],"00-0023008":[{"sequence":2,"clubcode":"BAL","playerName":"C.Carr","statId":33,"yards":4}],"00-0023642":[{"sequence":1,"clubcode":"CLE","playerName":"R.Hodges","statId":29,"yards":48}]}}},"fds":0,"result":"Punt","penyds":0,"ydsgained":-2,"numplays":4,"postime":"1:08","start":{"qtr":4,"time":"04:53","yrdln":"CLE 19","team":"CLE"},"end":{"qtr":4,"time":"03:45","yrdln":"CLE 17","team":"CLE"}},"23":{"posteam":"BAL","qtr":4,"redzone":true,"plays":{"3608":{"sp":0,"qtr":4,"down":1,"time":"03:45","yrdln":"BAL 39","ydstogo":10,"ydsnet":1,"posteam":"BAL","desc":"(3:45) R.Rice right guard to BAL 40 for 1 yard (K.Coleman).","note":null,"players":{"00-0021262":[{"sequence":2,"clubcode":"CLE","playerName":"K.Coleman","statId":79,"yards":0}],"00-0026195":[{"sequence":1,"clubcode":"BAL","playerName":"R.Rice","statId":10,"yards":1}]}},"3629":{"sp":0,"qtr":4,"down":0,"time":"03:35","yrdln":"","ydstogo":0,"ydsnet":1,"posteam":"","desc":"Timeout #2 by CLE at 03:35.","note":"TIMEOUT","players":{"0":[{"sequence":1,"clubcode":"CLE","playerName":"","statId":68,"yards":0}]}},"3646":{"sp":0,"qtr":4,"down":2,"time":"03:35","yrdln":"BAL 40","ydstogo":9,"ydsnet":6,"posteam":"BAL","desc":"(3:35) R.Rice right guard to BAL 45 for 5 yards (K.Coleman).","note":null,"players":{"00-0021262":[{"sequence":2,"clubcode":"CLE","playerName":"K.Coleman","statId":79,"yards":0}],"00-0026195":[{"sequence":1,"clubcode":"BAL","playerName":"R.Rice","statId":10,"yards":5}]}},"3667":{"sp":0,"qtr":4,"down":0,"time":"03:29","yrdln":"","ydstogo":0,"ydsnet":6,"posteam":"","desc":"Timeout #3 by CLE at 03:29.","note":"TIMEOUT","players":{"0":[{"sequence":1,"clubcode":"CLE","playerName":"","statId":68,"yards":0}]}},"3684":{"sp":0,"qtr":4,"down":3,"time":"03:29","yrdln":"BAL 45","ydstogo":4,"ydsnet":12,"posteam":"BAL","desc":"(3:29) (Shotgun) R.Rice left guard to CLE 49 for 6 yards (M.Benard).","note":null,"players":{"00-0026742":[{"sequence":4,"clubcode":"CLE","playerName":"M.Benard","statId":79,"yards":0}],"0":[{"sequence":1,"clubcode":"BAL","playerName":"","statId":3,"yards":0},{"sequence":2,"clubcode":"BAL","playerName":"","statId":6,"yards":0}],"00-0026195":[{"sequence":3,"clubcode":"BAL","playerName":"R.Rice","statId":10,"yards":6}]}},"3705":{"sp":0,"qtr":4,"down":1,"time":"02:51","yrdln":"CLE 49","ydstogo":10,"ydsnet":16,"posteam":"BAL","desc":"(2:51) W.McGahee left guard to CLE 45 for 4 yards (A.Rubin).","note":null,"players":{"00-0026330":[{"sequence":2,"clubcode":"CLE","playerName":"A.Rubin","statId":79,"yards":0}],"00-0022178":[{"sequence":1,"clubcode":"BAL","playerName":"W.McGahee","statId":10,"yards":4}]}},"3726":{"sp":0,"qtr":4,"down":2,"time":"02:12","yrdln":"CLE 45","ydstogo":6,"ydsnet":22,"posteam":"BAL","desc":"(2:12) W.McGahee right guard to CLE 39 for 6 yards (K.Coleman, K.Maiava).","note":null,"players":{"00-0021262":[{"sequence":3,"clubcode":"CLE","playerName":"K.Coleman","statId":80,"yards":0}],"00-0027074":[{"sequence":4,"clubcode":"CLE","playerName":"K.Maiava","statId":82,"yards":0}],"0":[{"sequence":1,"clubcode":"BAL","playerName":"","statId":3,"yards":0}],"00-0022178":[{"sequence":2,"clubcode":"BAL","playerName":"W.McGahee","statId":10,"yards":6}]}},"3747":{"sp":0,"qtr":4,"down":0,"time":"02:00","yrdln":"","ydstogo":0,"ydsnet":22,"posteam":"","desc":"Two-Minute Warning","note":null,"players":{}},"3764":{"sp":0,"qtr":4,"down":1,"time":"02:00","yrdln":"CLE 39","ydstogo":10,"ydsnet":24,"posteam":"BAL","desc":"(2:00) W.McGahee right guard to CLE 37 for 2 yards (D.Bowens).","note":null,"players":{"00-0001563":[{"sequence":2,"clubcode":"CLE","playerName":"D.Bowens","statId":79,"yards":0}],"00-0022178":[{"sequence":1,"clubcode":"BAL","playerName":"W.McGahee","statId":10,"yards":2}]}},"3785":{"sp":0,"qtr":4,"down":2,"time":"01:55","yrdln":"CLE 37","ydstogo":8,"ydsnet":26,"posteam":"BAL","desc":"(1:55) W.McGahee right guard to CLE 35 for 2 yards (K.Maiava).","note":null,"players":{"00-0027074":[{"sequence":2,"clubcode":"CLE","playerName":"K.Maiava","statId":79,"yards":0}],"00-0022178":[{"sequence":1,"clubcode":"BAL","playerName":"W.McGahee","statId":10,"yards":2}]}},"3806":{"sp":0,"qtr":4,"down":3,"time":"01:12","yrdln":"CLE 35","ydstogo":6,"ydsnet":24,"posteam":"BAL","desc":"(1:12) W.McGahee left tackle to CLE 37 for -2 yards (J.Trusnik).","note":null,"players":{"00-0025697":[{"sequence":4,"clubcode":"CLE","playerName":"J.Trusnik","statId":79,"yards":0},{"sequence":5,"clubcode":"CLE","playerName":"J.Trusnik","statId":120,"yards":0}],"0":[{"sequence":1,"clubcode":"BAL","playerName":"","statId":7,"yards":0},{"sequence":3,"clubcode":"BAL","playerName":"","statId":95,"yards":-2}],"00-0022178":[{"sequence":2,"clubcode":"BAL","playerName":"W.McGahee","statId":10,"yards":-2}]}},"3827":{"sp":0,"qtr":4,"down":4,"time":"00:26","yrdln":"CLE 37","ydstogo":8,"ydsnet":26,"posteam":"BAL","desc":"(:26) W.McGahee left guard to CLE 35 for 2 yards (B.Pool).","note":null,"players":{"00-0023469":[{"sequence":3,"clubcode":"CLE","playerName":"B.Pool","statId":79,"yards":0}],"0":[{"sequence":1,"clubcode":"BAL","playerName":"","statId":9,"yards":0}],"00-0022178":[{"sequence":2,"clubcode":"BAL","playerName":"W.McGahee","statId":10,"yards":2}]}}},"fds":2,"result":"Downs","penyds":0,"ydsgained":26,"numplays":12,"postime":"3:25","start":{"qtr":4,"time":"03:45","yrdln":"BAL 39","team":"BAL"},"end":{"qtr":4,"time":"00:20","yrdln":"CLE 37","team":"BAL"}},"24":{"posteam":"CLE","qtr":4,"redzone":true,"plays":{"3848":{"sp":0,"qtr":4,"down":1,"time":"00:20","yrdln":"CLE 35","ydstogo":10,"ydsnet":0,"posteam":"CLE","desc":"(:20) (Shotgun) B.Quinn pass incomplete deep right to J.Cribbs.","note":null,"players":{"00-0025409":[{"sequence":1,"clubcode":"CLE","playerName":"B.Quinn","statId":14,"yards":0},{"sequence":3,"clubcode":"CLE","playerName":"B.Quinn","statId":112,"yards":45}],"00-0023176":[{"sequence":2,"clubcode":"CLE","playerName":"J.Cribbs","statId":115,"yards":0}]}},"3870":{"sp":0,"qtr":4,"down":2,"time":"00:13","yrdln":"CLE 35","ydstogo":10,"ydsnet":0,"posteam":"CLE","desc":"(:13) (No Huddle, Shotgun) B.Quinn pass incomplete deep right to J.Cribbs.","note":null,"players":{"00-0025409":[{"sequence":1,"clubcode":"CLE","playerName":"B.Quinn","statId":14,"yards":0},{"sequence":3,"clubcode":"CLE","playerName":"B.Quinn","statId":112,"yards":45}],"00-0023176":[{"sequence":2,"clubcode":"CLE","playerName":"J.Cribbs","statId":115,"yards":0}]}},"3892":{"sp":0,"qtr":4,"down":3,"time":"00:03","yrdln":"CLE 35","ydstogo":10,"ydsnet":14,"posteam":"CLE","desc":"(:03) (No Huddle, Shotgun) B.Quinn pass short right to J.Cribbs to CLE 45 for 10 yards. Lateral to R.Royal to CLE 49 for 4 yards (R.Lewis). CLE-J.Cribbs was injured during the play. He is Out.","note":null,"players":{"00-0025409":[{"sequence":3,"clubcode":"CLE","playerName":"B.Quinn","statId":15,"yards":14},{"sequence":4,"clubcode":"CLE","playerName":"B.Quinn","statId":111,"yards":5}],"00-0009889":[{"sequence":9,"clubcode":"BAL","playerName":"R.Lewis","statId":79,"yards":0}],"0":[{"sequence":1,"clubcode":"CLE","playerName":"","statId":4,"yards":0},{"sequence":2,"clubcode":"CLE","playerName":"","statId":6,"yards":0}],"00-0021273":[{"sequence":8,"clubcode":"CLE","playerName":"R.Royal","statId":23,"yards":4}],"00-0023176":[{"sequence":5,"clubcode":"CLE","playerName":"J.Cribbs","statId":21,"yards":10},{"sequence":6,"clubcode":"CLE","playerName":"J.Cribbs","statId":115,"yards":0},{"sequence":7,"clubcode":"CLE","playerName":"J.Cribbs","statId":113,"yards":5}]}},"3921":{"sp":0,"qtr":4,"down":0,"time":"00:00","yrdln":"","ydstogo":0,"ydsnet":14,"posteam":"","desc":"END GAME","note":null,"players":{}}},"fds":1,"result":"End of Game","penyds":0,"ydsgained":14,"numplays":4,"postime":"0:20","start":{"qtr":4,"time":"00:20","yrdln":"CLE 35","team":"CLE"},"end":{"qtr":4,"time":"00:00","yrdln":"","team":"CLE"}},"crntdrv":24},"scrsummary":{"2054":{"type":"TD","desc":"R.Rice 13 yd. run (S.Hauschka kick is good) Drive: 4 plays, 59 yards in 1:34","qtr":3,"team":"BAL","players":{"":"0","R.Rice":"00-0026195","S.Hauschka":"00-0025944"}},"2109":{"type":"TD","desc":"D.Landry 48 yd. interception return (kick blocked)","qtr":3,"team":"BAL","players":{"B.Quinn":"00-0025409","R.Royal":"00-0021273","D.Landry":"00-0024360"}},"2437":{"type":"FG","desc":"S.Hauschka 44 yd. Field Goal Drive: 4 plays, -2 yards in 1:53","qtr":3,"team":"BAL","players":{"S.Hauschka":"00-0025944"}}},"weather":null,"media":null,"yl":"","qtr":"Final","note":null,"down":0,"togo":0,"redzone":true,"clock":"00:03","posteam":"CLE","stadium":null},"nextupdate":270}