{"2010092602":{"home":{"score":{"1":3,"2":3,"3":0,"4":7,"5":0,"T":13},"abbr":"TB","to":1,"stats":{"passing":{"00-0026993":{"name":"J.Freeman","att":31,"cmp":20,"yds":184,"tds":0,"ints":1,"twopta":0,"twoptm":0},"00-0026300":{"name":"J.Johnson","att":6,"cmp":6,"yds":67,"tds":0,"ints":0,"twopta":0,"twoptm":0}},"rushing":{"00-0027325":{"name":"L.Blount","att":6,"yds":27,"tds":1,"lng":12,"lngtd":1,"twopta":0,"twoptm":0},"00-0026993":{"name":"J.Freeman","att":6,"yds":15,"tds":0,"lng":11,"lngtd":0,"twopta":0,"twoptm":0},"00-0023440":{"name":"C.Williams","att":6,"yds":13,"tds":0,"lng":8,"lngtd":0,"twopta":0,"twoptm":0},"00-0021755":{"name":"E.Graham","att":2,"yds":13,"tds":0,"lng":9,"lngtd":0,"twopta":0,"twoptm":0},"00-0026300":{"name":"J.Johnson","att":1,"yds":7,"tds":0,"lng":7,"lngtd":0,"twopta":0,"twoptm":0}},"receiving":{"00-0027702":{"name":"M.Williams","rec":5,"yds":55,"tds":0,"lng":22,"lngtd":0,"twopta":0,"twoptm":0},"00-0023440":{"name":"C.Williams","rec":5,"yds":33,"tds":0,"lng":11,"lngtd":0,"twopta":0,"twoptm":0},"00-0021755":{"name":"E.Graham","rec":4,"yds":57,"tds":0,"lng":46,"lngtd":0,"twopta":0,"twoptm":0},"00-0026953":{"name":"S.Stroughter","rec":4,"yds":17,"tds":0,"lng":5,"lngtd":0,"twopta":0,"twoptm":0},"00-0027654":{"name":"A.Benn","rec":3,"yds":33,"tds":0,"lng":13,"lngtd":0,"twopta":0,"twoptm":0},"00-0022922":{"name":"K.Winslow","rec":3,"yds":24,"tds":0,"lng":13,"lngtd":0,"twopta":0,"twoptm":0},"00-0021159":{"name":"J.Stevens","rec":1,"yds":22,"tds":0,"lng":22,"lngtd":0,"twopta":0,"twoptm":0},"00-0023968":{"name":"M.Spurlock","rec":1,"yds":10,"tds":0,"lng":10,"lngtd":0,"twopta":0,"twoptm":0}},"fumbles":{"00-0027702":{"name":"M.Williams","tot":1,"rcv":0,"trcv":0,"yds":0,"lost":1},"00-0022157":{"name":"J.Faine","tot":1,"rcv":0,"trcv":0,"yds":0,"lost":0},"00-0026993":{"name":"J.Freeman","tot":0,"rcv":1,"trcv":1,"yds":0,"lost":0}},"kicking":{"00-0026138":{"name":"C.Barth","fgm":2,"fga":2,"fgyds":40,"totpfg":6,"xpmade":1,"xpmissed":0,"xpa":1,"xpb":0,"xptot":1}},"punting":{"00-0027189":{"name":"C.Bryan","pts":5,"yds":155,"avg":29,"i20":1,"lng":38}},"kickret":{"00-0023968":{"name":"M.Spurlock","ret":4,"avg":20,"tds":0,"lng":21,"lngtd":0},"00-0027450":{"name":"P.Parker","ret":2,"avg":26,"tds":0,"lng":37,"lngtd":0}},"puntret":{},"defense":{"00-0000741":{"name":"R.Barber","tkl":8,"ast":1,"sk":0,"int":0,"ffum":0},"00-0023471":{"name":"B.Ruud","tkl":3,"ast":6,"sk":0,"int":0,"ffum":0},"00-0027805":{"name":"C.Grimm","tkl":5,"ast":1,"sk":0,"int":0,"ffum":0},"00-0026315":{"name":"G.Hayes","tkl":5,"ast":0,"sk":0,"int":0,"ffum":0},"00-0022844":{"name":"S.Jones","tkl":4,"ast":1,"sk":0,"int":0,"ffum":0},"00-0025455":{"name":"Q.Black","tkl":4,"ast":0,"sk":0,"int":1,"ffum":0},"00-0026160":{"name":"A.Talib","tkl":3,"ast":0,"sk":0,"int":1,"ffum":0},"00-0021332":{"name":"S.White","tkl":1,"ast":1,"sk":0,"int":0,"ffum":0},"00-0021382":{"name":"R.Sims","tkl":1,"ast":0,"sk":0,"int":0,"ffum":0},"00-0027055":{"name":"R.Miller","tkl":1,"ast":0,"sk":0,"int":0,"ffum":0},"00-0025443":{"name":"T.Crowder","tkl":1,"ast":0,"sk":0,"int":0,"ffum":0},"00-0026945":{"name":"E.Biggers","tkl":1,"ast":0,"sk":0,"int":0,"ffum":0},"00-0026906":{"name":"K.Moore","tkl":0,"ast":1,"sk":0,"int":0,"ffum":0}},"team":{"totfd":18,"totyds":303,"pyds":228,"ryds":75,"pen":4,"penyds":45,"trnovr":2,"pt":5,"ptyds":155,"ptavg":29,"top":"33:06"}},"players":null},"away":{"score":{"1":7,"2":21,"3":3,"4":7,"5":0,"T":38},"abbr":"PIT","to":2,"stats":{"passing":{"00-0000865":{"name":"C.Batch","att":17,"cmp":12,"yds":186,"tds":3,"ints":2,"twopta":0,"twoptm":0}},"rushing":{"00-0026163":{"name":"R.Mendenhall","att":19,"yds":143,"tds":1,"lng":34,"lngtd":3,"twopta":0,"twoptm":0},"00-0026566":{"name":"I.Redman","att":5,"yds":31,"tds":0,"lng":16,"lngtd":0,"twopta":0,"twoptm":0},"00-0000865":{"name":"C.Batch","att":5,"yds":26,"tds":0,"lng":24,"lngtd":0,"twopta":0,"twoptm":0},"00-0022217":{"name":"M.Moore","att":1,"yds":4,"tds":0,"lng":4,"lngtd":0,"twopta":0,"twoptm":0},"00-0026901":{"name":"M.Wallace","att":1,"yds":-1,"tds":0,"lng":-1,"lngtd":0,"twopta":0,"twoptm":0},"00-0017162":{"name":"H.Ward","att":1,"yds":-2,"tds":0,"lng":-2,"lngtd":0,"twopta":0,"twoptm":0}},"receiving":{"00-0026901":{"name":"M.Wallace","rec":3,"yds":100,"tds":2,"lng":46,"lngtd":46,"twopta":0,"twoptm":0},"00-0017162":{"name":"H.Ward","rec":3,"yds":34,"tds":1,"lng":19,"lngtd":9,"twopta":0,"twoptm":0},"00-0023465":{"name":"H.Miller","rec":2,"yds":25,"tds":0,"lng":21,"lngtd":0,"twopta":0,"twoptm":0},"00-0022217":{"name":"M.Moore","rec":2,"yds":4,"tds":0,"lng":7,"lngtd":0,"twopta":0,"twoptm":0},"00-0021190":{"name":"A.Randle El","rec":1,"yds":14,"tds":0,"lng":14,"lngtd":0,"twopta":0,"twoptm":0},"00-0026566":{"name":"I.Redman","rec":1,"yds":9,"tds":0,"lng":9,"lngtd":0,"twopta":0,"twoptm":0}},"fumbles":{"00-0020840":{"name":"R.Clark","tot":0,"rcv":0,"trcv":1,"yds":5,"lost":0}},"kicking":{"00-0020737":{"name":"J.Reed","fgm":1,"fga":1,"fgyds":24,"totpfg":3,"xpmade":5,"xpmissed":0,"xpa":5,"xpb":0,"xptot":5}},"punting":{"00-0025499":{"name":"D.Sepulveda","pts":1,"yds":62,"avg":62,"i20":1,"lng":62}},"kickret":{"00-0027793":{"name":"A.Brown","ret":3,"avg":22,"tds":0,"lng":25,"lngtd":0},"00-0022217":{"name":"M.Moore","ret":1,"avg":17,"tds":0,"lng":17,"lngtd":0}},"puntret":{"00-0021190":{"name":"A.Randle El","ret":1,"avg":8,"tds":0,"lng":8,"lngtd":0}},"defense":{"00-0025402":{"name":"L.Timmons","tkl":5,"ast":2,"sk":1,"int":0,"ffum":0},"00-0021246":{"name":"L.Foote","tkl":4,"ast":1,"sk":0,"int":0,"ffum":0},"00-0025557":{"name":"W.Gay","tkl":4,"ast":0,"sk":1,"int":0,"ffum":0},"00-0023497":{"name":"B.McFadden","tkl":4,"ast":0,"sk":0,"int":0,"ffum":0},"00-0022119":{"name":"T.Polamalu","tkl":4,"ast":0,"sk":0,"int":0,"ffum":0},"00-0005082":{"name":"J.Farrior","tkl":3,"ast":1,"sk":0,"int":0,"ffum":1},"00-0022697":{"name":"K.Fox","tkl":3,"ast":1,"sk":0,"int":0,"ffum":0},"00-0020840":{"name":"R.Clark","tkl":3,"ast":0,"sk":0,"int":0,"ffum":0},"00-0020712":{"name":"J.Harrison","tkl":3,"ast":0,"sk":0,"int":0,"ffum":0},"00-0026334":{"name":"R.Mundy","tkl":3,"ast":0,"sk":0,"int":0,"ffum":0},"00-0025433":{"name":"L.Woodley","tkl":2,"ast":1,"sk":0,"int":0,"ffum":0},"00-0022900":{"name":"W.Allen","tkl":2,"ast":1,"sk":0,"int":0,"ffum":0},"00-0021891":{"name":"I.Taylor","tkl":2,"ast":0,"sk":0,"int":0,"ffum":0},"00-0022010":{"name":"N.Eason","tkl":1,"ast":0,"sk":1,"int":0,"ffum":0},"00-0027889":{"name":"J.Worilds","tkl":1,"ast":0,"sk":1,"int":0,"ffum":0},"00-0021344":{"name":"B.Keisel","tkl":1,"ast":0,"sk":0,"int":1,"ffum":0},"00-0015080":{"name":"A.Smith","tkl":1,"ast":0,"sk":0,"int":0,"ffum":0},"00-0019940":{"name":"C.Hoke","tkl":1,"ast":0,"sk":0,"int":0,"ffum":0}},"team":{"totfd":17,"totyds":387,"pyds":186,"ryds":201,"pen":2,"penyds":20,"trnovr":2,"pt":1,"ptyds":62,"ptavg":62,"top":"26:54"}},"players":null},"drives":{"1":{"posteam":"PIT","qtr":1,"redzone":true,"plays":{"36":{"sp":0,"qtr":1,"down":0,"time":"15:00","yrdln":"TB 30","ydstogo":0,"ydsnet":0,"posteam":"TB","desc":"C.Barth kicks 73 yards from TB 30 to PIT -3. M.Moore to PIT 14 for 17 yards (A.Hayward).","note":"KICKOFF","players":{"00-0025569":[{"sequence":4,"clubcode":"TB","playerName":"A.Hayward","statId":79,"yards":0}],"00-0026138":[{"sequence":1,"clubcode":"TB","playerName":"C.Barth","statId":43,"yards":73},{"sequence":3,"clubcode":"TB","playerName":"C.Barth","statId":42,"yards":0}],"00-0022217":[{"sequence":2,"clubcode":"PIT","playerName":"M.Moore","statId":45,"yards":17}]}},"58":{"sp":0,"qtr":1,"down":1,"time":"14:55","yrdln":"PIT 14","ydstogo":10,"ydsnet":3,"posteam":"PIT","desc":"(14:55) R.Mendenhall right tackle to PIT 17 for 3 yards (R.Barber, B.Ruud).","note":null,"players":{"00-0023471":[{"sequence":3,"clubcode":"TB","playerName":"B.Ruud","statId":82,"yards":0}],"00-0000741":[{"sequence":2,"clubcode":"TB","playerName":"R.Barber","statId":80,"yards":0}],"00-0026163":[{"sequence":1,"clubcode":"PIT","playerName":"R.Mendenhall","statId":10,"yards":3}]}},"79":{"sp":0,"qtr":1,"down":2,"time":"14:20","yrdln":"PIT 17","ydstogo":7,"ydsnet":3,"posteam":"PIT","desc":"(14:20) C.Batch pass short right intended for M.Wallace INTERCEPTED by A.Talib [K.Moore] at PIT 31. A.Talib to PIT 31 for no gain (H.Ward).","note":"INT","players":{"00-0000865":[{"sequence":1,"clubcode":"PIT","playerName":"C.Batch","statId":19,"yards":0},{"sequence":4,"clubcode":"PIT","playerName":"C.Batch","statId":112,"yards":14}],"00-0017162":[{"sequence":7,"clubcode":"PIT","playerName":"H.Ward","statId":79,"yards":0}],"00-0026160":[{"sequence":5,"clubcode":"TB","playerName":"A.Talib","statId":25,"yards":0},{"sequence":6,"clubcode":"TB","playerName":"A.Talib","statId":85,"yards":0}],"00-0026906":[{"sequence":3,"clubcode":"TB","playerName":"K.Moore","statId":110,"yards":0}],"00-0026901":[{"sequence":2,"clubcode":"PIT","playerName":"M.Wallace","statId":115,"yards":0}]}}},"fds":0,"result":"Interception","penyds":0,"ydsgained":3,"numplays":3,"postime":"0:52","start":{"qtr":1,"time":"15:00","yrdln":"PIT 14","team":"PIT"},"end":{"qtr":1,"time":"14:08","yrdln":"PIT 17","team":"PIT"}},"2":{"posteam":"TB","qtr":1,"redzone":true,"plays":{"105":{"sp":0,"qtr":1,"down":1,"time":"14:08","yrdln":"PIT 31","ydstogo":10,"ydsnet":9,"posteam":"TB","desc":"(14:08) C.Williams up the middle to PIT 30 for 1 yard (A.Smith, L.Timmons).","note":null,"players":{"00-0025402":[{"sequence":3,"clubcode":"PIT","playerName":"L.Timmons","statId":82,"yards":0}],"00-0015080":[{"sequence":2,"clubcode":"PIT","playerName":"A.Smith","statId":80,"yards":0}],"00-0023440":[{"sequence":1,"clubcode":"TB","playerName":"C.Williams","statId":10,"yards":1}]}},"126":{"sp":0,"qtr":1,"down":2,"time":"13:32","yrdln":"PIT 30","ydstogo":9,"ydsnet":7,"posteam":"TB","desc":"(13:32) J.Freeman pass short right to M.Williams to PIT 24 for 6 yards (L.Timmons).","note":null,"players":{"00-0025402":[{"sequence":6,"clubcode":"PIT","playerName":"L.Timmons","statId":79,"yards":0}],"00-0027702":[{"sequence":3,"clubcode":"TB","playerName":"M.Williams","statId":21,"yards":6},{"sequence":4,"clubcode":"TB","playerName":"M.Williams","statId":115,"yards":0},{"sequence":5,"clubcode":"TB","playerName":"M.Williams","statId":113,"yards":3}],"00-0026993":[{"sequence":1,"clubcode":"TB","playerName":"J.Freeman","statId":15,"yards":6},{"sequence":2,"clubcode":"TB","playerName":"J.Freeman","statId":111,"yards":3}]}},"150":{"sp":0,"qtr":1,"down":3,"time":"12:58","yrdln":"PIT 24","ydstogo":3,"ydsnet":9,"posteam":"TB","desc":"(12:58) (Shotgun) J.Freeman pass short left to S.Stroughter to PIT 22 for 2 yards (W.Gay).","note":null,"players":{"00-0025557":[{"sequence":7,"clubcode":"PIT","playerName":"W.Gay","statId":79,"yards":0}],"00-0026953":[{"sequence":4,"clubcode":"TB","playerName":"S.Stroughter","statId":21,"yards":2},{"sequence":5,"clubcode":"TB","playerName":"S.Stroughter","statId":115,"yards":0},{"sequence":6,"clubcode":"TB","playerName":"S.Stroughter","statId":113,"yards":6}],"0":[{"sequence":1,"clubcode":"TB","playerName":"","statId":7,"yards":0}],"00-0026993":[{"sequence":2,"clubcode":"TB","playerName":"J.Freeman","statId":15,"yards":2},{"sequence":3,"clubcode":"TB","playerName":"J.Freeman","statId":111,"yards":-4}]}},"174":{"sp":1,"qtr":1,"down":4,"time":"12:17","yrdln":"PIT 22","ydstogo":1,"ydsnet":9,"posteam":"TB","desc":"(12:17) (Field Goal formation) C.Barth 40 yard field goal is GOOD, Center-A.Economos, Holder-C.Bryan.","note":"FG","players":{"00-0026138":[{"sequence":1,"clubcode":"TB","playerName":"C.Barth","statId":70,"yards":40}]}}},"fds":0,"result":"Field Goal","penyds":0,"ydsgained":9,"numplays":4,"postime":"1:58","start":{"qtr":1,"time":"14:08","yrdln":"PIT 31","team":"TB"},"end":{"qtr":1,"time":"12:10","yrdln":"PIT 22","team":"TB"}},"3":{"posteam":"PIT","qtr":1,"redzone":true,"plays":{"193":{"sp":0,"qtr":1,"down":0,"time":"12:10","yrdln":"TB 30","ydstogo":0,"ydsnet":0,"posteam":"TB","desc":"C.Barth kicks 72 yards from TB 30 to PIT -2. A.Brown to PIT 23 for 25 yards (P.Parker).","note":"KICKOFF","players":{"00-0027450":[{"sequence":3,"clubcode":"TB","playerName":"P.Parker","statId":79,"yards":0}],"00-0026138":[{"sequence":1,"clubcode":"TB","playerName":"C.Barth","statId":43,"yards":72}],"00-0027793":[{"sequence":2,"clubcode":"PIT","playerName":"A.Brown","statId":45,"yards":25}]}},"215":{"sp":0,"qtr":1,"down":1,"time":"12:04","yrdln":"PIT 23","ydstogo":10,"ydsnet":6,"posteam":"PIT","desc":"(12:04) C.Batch pass short right to H.Ward to PIT 29 for 6 yards (G.Hayes, B.Ruud).","note":null,"players":{"00-0023471":[{"sequence":7,"clubcode":"TB","playerName":"B.Ruud","statId":82,"yards":0}],"00-0000865":[{"sequence":1,"clubcode":"PIT","playerName":"C.Batch","statId":15,"yards":6},{"sequence":2,"clubcode":"PIT","playerName":"C.Batch","statId":111,"yards":-2}],"00-0017162":[{"sequence":3,"clubcode":"PIT","playerName":"H.Ward","statId":21,"yards":6},{"sequence":4,"clubcode":"PIT","playerName":"H.Ward","statId":115,"yards":0},{"sequence":5,"clubcode":"PIT","playerName":"H.Ward","statId":113,"yards":8}],"00-0026315":[{"sequence":6,"clubcode":"TB","playerName":"G.Hayes","statId":80,"yards":0}]}},"239":{"sp":0,"qtr":1,"down":2,"time":"11:24","yrdln":"PIT 29","ydstogo":4,"ydsnet":6,"posteam":"PIT","desc":"(11:24) R.Mendenhall left tackle to PIT 29 for no gain (R.Sims).","note":null,"players":{"00-0021382":[{"sequence":2,"clubcode":"TB","playerName":"R.Sims","statId":79,"yards":0}],"00-0026163":[{"sequence":1,"clubcode":"PIT","playerName":"R.Mendenhall","statId":10,"yards":0}]}},"260":{"sp":0,"qtr":1,"down":3,"time":"10:43","yrdln":"PIT 29","ydstogo":4,"ydsnet":6,"posteam":"PIT","desc":"(10:43) C.Batch pass incomplete short left to M.Moore.","note":null,"players":{"00-0022217":[{"sequence":3,"clubcode":"PIT","playerName":"M.Moore","statId":115,"yards":0}],"00-0000865":[{"sequence":2,"clubcode":"PIT","playerName":"C.Batch","statId":14,"yards":0},{"sequence":4,"clubcode":"PIT","playerName":"C.Batch","statId":112,"yards":-2}],"0":[{"sequence":1,"clubcode":"PIT","playerName":"","statId":7,"yards":0}]}},"282":{"sp":0,"qtr":1,"down":4,"time":"10:37","yrdln":"PIT 29","ydstogo":4,"ydsnet":6,"posteam":"PIT","desc":"(10:37) (Punt formation) D.Sepulveda punts 62 yards to TB 9, Center-G.Warren, downed by PIT-W.Gay.","note":"PUNT","players":{"00-0025499":[{"sequence":1,"clubcode":"PIT","playerName":"D.Sepulveda","statId":29,"yards":62},{"sequence":2,"clubcode":"PIT","playerName":"D.Sepulveda","statId":30,"yards":0}],"0":[{"sequence":3,"clubcode":"TB","playerName":"","statId":38,"yards":0}]}}},"fds":0,"result":"Punt","penyds":0,"ydsgained":6,"numplays":5,"postime":"1:47","start":{"qtr":1,"time":"12:10","yrdln":"PIT 23","team":"PIT"},"end":{"qtr":1,"time":"10:23","yrdln":"PIT 29","team":"PIT"}},"4":{"posteam":"TB","qtr":1,"redzone":true,"plays":{"301":{"sp":0,"qtr":1,"down":1,"time":"10:23","yrdln":"TB 9","ydstogo":10,"ydsnet":6,"posteam":"TB","desc":"(10:23) (Shotgun) J.Freeman pass incomplete short right to S.Stroughter (L.Woodley).","note":null,"players":{"00-0026953":[{"sequence":2,"clubcode":"TB","playerName":"S.Stroughter","statId":115,"yards":0}],"00-0025433":[{"sequence":3,"clubcode":"PIT","playerName":"L.Woodley","statId":85,"yards":0}],"00-0026993":[{"sequence":1,"clubcode":"TB","playerName":"J.Freeman","statId":14,"yards":0},{"sequence":4,"clubcode":"TB","playerName":"J.Freeman","statId":112,"yards":6}]}},"323":{"sp":0,"qtr":1,"down":2,"time":"10:18","yrdln":"TB 9","ydstogo":10,"ydsnet":1,"posteam":"TB","desc":"(10:18) C.Williams up the middle to TB 10 for 1 yard (T.Polamalu).","note":null,"players":{"00-0022119":[{"sequence":2,"clubcode":"PIT","playerName":"T.Polamalu","statId":79,"yards":0}],"00-0023440":[{"sequence":1,"clubcode":"TB","playerName":"C.Williams","statId":10,"yards":1}]}},"344":{"sp":0,"qtr":1,"down":3,"time":"09:38","yrdln":"TB 10","ydstogo":9,"ydsnet":6,"posteam":"TB","desc":"(9:38) (Shotgun) J.Freeman scrambles up the middle to TB 15 for 5 yards (B.Keisel, L.Timmons).","note":null,"players":{"00-0025402":[{"sequence":4,"clubcode":"PIT","playerName":"L.Timmons","statId":82,"yards":0}],"0":[{"sequence":1,"clubcode":"TB","playerName":"","statId":7,"yards":0}],"00-0021344":[{"sequence":3,"clubcode":"PIT","playerName":"B.Keisel","statId":80,"yards":0}],"00-0026993":[{"sequence":2,"clubcode":"TB","playerName":"J.Freeman","statId":10,"yards":5}]}},"365":{"sp":0,"qtr":1,"down":4,"time":"08:59","yrdln":"TB 15","ydstogo":4,"ydsnet":6,"posteam":"TB","desc":"(8:59) (Punt formation) C.Bryan punts 38 yards to PIT 47, Center-A.Economos. A.Randle El to TB 45 for 8 yards (A.Hayward).","note":"PUNT","players":{"00-0025569":[{"sequence":3,"clubcode":"TB","playerName":"A.Hayward","statId":79,"yards":0}],"00-0027189":[{"sequence":1,"clubcode":"TB","playerName":"C.Bryan","statId":29,"yards":38}],"00-0021190":[{"sequence":2,"clubcode":"PIT","playerName":"A.Randle El","statId":33,"yards":8}]}}},"fds":0,"result":"Punt","penyds":0,"ydsgained":6,"numplays":4,"postime":"1:37","start":{"qtr":1,"time":"10:23","yrdln":"TB 9","team":"TB"},"end":{"qtr":1,"time":"08:46","yrdln":"TB 15","team":"TB"}},"5":{"posteam":"PIT","qtr":1,"redzone":true,"plays":{"390":{"sp":0,"qtr":1,"down":1,"time":"08:46","yrdln":"TB 45","ydstogo":10,"ydsnet":-1,"posteam":"PIT","desc":"(8:46) (Shotgun) M.Wallace left end to TB 46 for -1 yards (G.Hayes, S.White). double reverse","note":null,"players":{"00-0021332":[{"sequence":4,"clubcode":"TB","playerName":"S.White","statId":82,"yards":0}],"0":[{"sequence":2,"clubcode":"PIT","playerName":"","statId":95,"yards":-1}],"00-0026315":[{"sequence":3,"clubcode":"TB","playerName":"G.Hayes","statId":80,"yards":0},{"sequence":5,"clubcode":"TB","playerName":"G.Hayes","statId":120,"yards":0}],"00-0026901":[{"sequence":1,"clubcode":"PIT","playerName":"M.Wallace","statId":10,"yards":-1}]}},"411":{"sp":1,"qtr":1,"down":2,"time":"08:04","yrdln":"TB 46","ydstogo":11,"ydsnet":45,"posteam":"PIT","desc":"(8:04) C.Batch pass deep middle to M.Wallace for 46 yards, TOUCHDOWN.","note":"TD","players":{"00-0000865":[{"sequence":2,"clubcode":"PIT","playerName":"C.Batch","statId":16,"yards":46},{"sequence":3,"clubcode":"PIT","playerName":"C.Batch","statId":111,"yards":46}],"0":[{"sequence":1,"clubcode":"PIT","playerName":"","statId":4,"yards":0}],"00-0026901":[{"sequence":4,"clubcode":"PIT","playerName":"M.Wallace","statId":22,"yards":46},{"sequence":5,"clubcode":"PIT","playerName":"M.Wallace","statId":115,"yards":0},{"sequence":6,"clubcode":"PIT","playerName":"M.Wallace","statId":113,"yards":0}]}},"435":{"sp":1,"qtr":1,"down":0,"time":"07:53","yrdln":"TB 2","ydstogo":0,"ydsnet":45,"posteam":"PIT","desc":"J.Reed extra point is GOOD, Center-G.Warren, Holder-D.Sepulveda.","note":"XP","players":{"00-0020737":[{"sequence":1,"clubcode":"PIT","playerName":"J.Reed","statId":72,"yards":0}]}}},"fds":1,"result":"Touchdown","penyds":0,"ydsgained":45,"numplays":3,"postime":"0:53","start":{"qtr":1,"time":"08:46","yrdln":"TB 45","team":"PIT"},"end":{"qtr":1,"time":"07:53","yrdln":"TB 46","team":"PIT"}},"6":{"posteam":"TB","qtr":2,"redzone":true,"plays":{"451":{"sp":0,"qtr":1,"down":0,"time":"07:53","yrdln":"PIT 30","ydstogo":0,"ydsnet":0,"posteam":"PIT","desc":"J.Reed kicks 67 yards from PIT 30 to TB 3. M.Spurlock to TB 21 for 18 yards (A.Brown).","note":"KICKOFF","players":{"00-0020737":[{"sequence":1,"clubcode":"PIT","playerName":"J.Reed","statId":41,"yards":67}],"00-0023968":[{"sequence":2,"clubcode":"TB","playerName":"M.Spurlock","statId":45,"yards":18}],"00-0027793":[{"sequence":3,"clubcode":"PIT","playerName":"A.Brown","statId":79,"yards":0}]}},"473":{"sp":0,"qtr":1,"down":1,"time":"07:44","yrdln":"TB 21","ydstogo":10,"ydsnet":-5,"posteam":"TB","desc":"(7:44) C.Williams left tackle to TB 30 for 9 yards (J.Farrior). PENALTY on TB-J.Trueblood, Illegal Formation, 5 yards, enforced at TB 21 - No Play.","note":"PENALTY","players":{"00-0024274":[{"sequence":1,"clubcode":"TB","playerName":"J.Trueblood","statId":93,"yards":5}]}},"505":{"sp":0,"qtr":1,"down":1,"time":"07:14","yrdln":"TB 16","ydstogo":15,"ydsnet":-5,"posteam":"TB","desc":"(7:14) C.Williams left end to TB 16 for no gain (R.Clark).","note":null,"players":{"00-0020840":[{"sequence":2,"clubcode":"PIT","playerName":"R.Clark","statId":79,"yards":0}],"00-0023440":[{"sequence":1,"clubcode":"TB","playerName":"C.Williams","statId":10,"yards":0}]}},"526":{"sp":0,"qtr":1,"down":2,"time":"06:35","yrdln":"TB 16","ydstogo":15,"ydsnet":11,"posteam":"TB","desc":"(6:35) J.Freeman pass short middle to M.Williams to TB 32 for 16 yards (I.Taylor).","note":null,"players":{"00-0021891":[{"sequence":7,"clubcode":"PIT","playerName":"I.Taylor","statId":79,"yards":0}],"0":[{"sequence":1,"clubcode":"TB","playerName":"","statId":4,"yards":0}],"00-0027702":[{"sequence":4,"clubcode":"TB","playerName":"M.Williams","statId":21,"yards":16},{"sequence":5,"clubcode":"TB","playerName":"M.Williams","statId":115,"yards":0},{"sequence":6,"clubcode":"TB","playerName":"M.Williams","statId":113,"yards":4}],"00-0026993":[{"sequence":2,"clubcode":"TB","playerName":"J.Freeman","statId":15,"yards":16},{"sequence":3,"clubcode":"TB","playerName":"J.Freeman","statId":111,"yards":12}]}},"550":{"sp":0,"qtr":1,"down":1,"time":"05:53","yrdln":"TB 32","ydstogo":10,"ydsnet":11,"posteam":"TB","desc":"(5:53) J.Freeman pass incomplete deep left to M.Williams [L.Woodley].","note":null,"players":{"00-0027702":[{"sequence":2,"clubcode":"TB","playerName":"M.Williams","statId":115,"yards":0}],"00-0025433":[{"sequence":3,"clubcode":"PIT","playerName":"L.Woodley","statId":110,"yards":0}],"00-0026993":[{"sequence":1,"clubcode":"TB","playerName":"J.Freeman","statId":14,"yards":0},{"sequence":4,"clubcode":"TB","playerName":"J.Freeman","statId":112,"yards":48}]}},"572":{"sp":0,"qtr":1,"down":2,"time":"05:42","yrdln":"TB 32","ydstogo":10,"ydsnet":23,"posteam":"TB","desc":"(5:42) L.Blount right end to TB 44 for 12 yards (T.Polamalu).","note":null,"players":{"00-0027325":[{"sequence":2,"clubcode":"TB","playerName":"L.Blount","statId":10,"yards":12}],"0":[{"sequence":1,"clubcode":"TB","playerName":"","statId":3,"yards":0}],"00-0022119":[{"sequence":3,"clubcode":"PIT","playerName":"T.Polamalu","statId":79,"yards":0}]}},"593":{"sp":0,"qtr":1,"down":1,"time":"04:55","yrdln":"TB 44","ydstogo":10,"ydsnet":34,"posteam":"TB","desc":"(4:55) J.Freeman pass short middle to C.Williams to PIT 45 for 11 yards (L.Timmons).","note":null,"players":{"00-0025402":[{"sequence":7,"clubcode":"PIT","playerName":"L.Timmons","statId":79,"yards":0}],"0":[{"sequence":1,"clubcode":"TB","playerName":"","statId":4,"yards":0}],"00-0023440":[{"sequence":4,"clubcode":"TB","playerName":"C.Williams","statId":21,"yards":11},{"sequence":5,"clubcode":"TB","playerName":"C.Williams","statId":115,"yards":0},{"sequence":6,"clubcode":"TB","playerName":"C.Williams","statId":113,"yards":8}],"00-0026993":[{"sequence":2,"clubcode":"TB","playerName":"J.Freeman","statId":15,"yards":11},{"sequence":3,"clubcode":"TB","playerName":"J.Freeman","statId":111,"yards":3}]}},"617":{"sp":0,"qtr":1,"down":1,"time":"04:14","yrdln":"PIT 45","ydstogo":10,"ydsnet":38,"posteam":"TB","desc":"(4:14) L.Blount right guard to PIT 41 for 4 yards (J.Farrior).","note":null,"players":{"00-0027325":[{"sequence":1,"clubcode":"TB","playerName":"L.Blount","statId":10,"yards":4}],"00-0005082":[{"sequence":2,"clubcode":"PIT","playerName":"J.Farrior","statId":79,"yards":0}]}},"638":{"sp":0,"qtr":1,"down":2,"time":"03:35","yrdln":"PIT 41","ydstogo":6,"ydsnet":40,"posteam":"TB","desc":"(3:35) L.Blount left tackle to PIT 39 for 2 yards (L.Timmons, L.Woodley).","note":null,"players":{"00-0027325":[{"sequence":1,"clubcode":"TB","playerName":"L.Blount","statId":10,"yards":2}],"00-0025402":[{"sequence":2,"clubcode":"PIT","playerName":"L.Timmons","statId":80,"yards":0}],"00-0025433":[{"sequence":3,"clubcode":"PIT","playerName":"L.Woodley","statId":82,"yards":0}]}},"659":{"sp":0,"qtr":1,"down":3,"time":"02:50","yrdln":"PIT 39","ydstogo":4,"ydsnet":51,"posteam":"TB","desc":"(2:50) (Shotgun) J.Freeman scrambles left end ran ob at PIT 28 for 11 yards.","note":null,"players":{"0":[{"sequence":1,"clubcode":"TB","playerName":"","statId":3,"yards":0},{"sequence":2,"clubcode":"TB","playerName":"","statId":6,"yards":0}],"00-0026993":[{"sequence":3,"clubcode":"TB","playerName":"J.Freeman","statId":10,"yards":11}]}},"685":{"sp":0,"qtr":1,"down":1,"time":"02:09","yrdln":"PIT 28","ydstogo":10,"ydsnet":51,"posteam":"TB","desc":"(2:09) J.Freeman pass incomplete short left to C.Williams (L.Timmons).","note":null,"players":{"00-0025402":[{"sequence":3,"clubcode":"PIT","playerName":"L.Timmons","statId":85,"yards":0}],"00-0023440":[{"sequence":2,"clubcode":"TB","playerName":"C.Williams","statId":115,"yards":0}],"00-0026993":[{"sequence":1,"clubcode":"TB","playerName":"J.Freeman","statId":14,"yards":0},{"sequence":4,"clubcode":"TB","playerName":"J.Freeman","statId":112,"yards":2}]}},"707":{"sp":0,"qtr":1,"down":2,"time":"02:00","yrdln":"PIT 28","ydstogo":10,"ydsnet":59,"posteam":"TB","desc":"(2:00) L.Blount right end to PIT 20 for 8 yards (L.Woodley, W.Allen).","note":null,"players":{"00-0027325":[{"sequence":1,"clubcode":"TB","playerName":"L.Blount","statId":10,"yards":8}],"00-0022900":[{"sequence":3,"clubcode":"PIT","playerName":"W.Allen","statId":82,"yards":0}],"00-0025433":[{"sequence":2,"clubcode":"PIT","playerName":"L.Woodley","statId":80,"yards":0}]}},"728":{"sp":0,"qtr":1,"down":3,"time":"01:16","yrdln":"PIT 20","ydstogo":2,"ydsnet":69,"posteam":"TB","desc":"(1:16) (Shotgun) J.Freeman pass short right to K.Winslow ran ob at PIT 7 for 13 yards. pass tipped by Pit # 56before the catch","note":null,"players":{"00-0022922":[{"sequence":5,"clubcode":"TB","playerName":"K.Winslow","statId":21,"yards":13},{"sequence":6,"clubcode":"TB","playerName":"K.Winslow","statId":115,"yards":0},{"sequence":7,"clubcode":"TB","playerName":"K.Winslow","statId":113,"yards":0}],"0":[{"sequence":1,"clubcode":"TB","playerName":"","statId":4,"yards":0},{"sequence":2,"clubcode":"TB","playerName":"","statId":6,"yards":0}],"00-0026993":[{"sequence":3,"clubcode":"TB","playerName":"J.Freeman","statId":15,"yards":13},{"sequence":4,"clubcode":"TB","playerName":"J.Freeman","statId":111,"yards":13}]}},"752":{"sp":0,"qtr":1,"down":1,"time":"00:39","yrdln":"PIT 7","ydstogo":7,"ydsnet":69,"posteam":"TB","desc":"(:39) J.Freeman up the middle to PIT 10 for -3 yards (J.Farrior).","note":null,"players":{"00-0005082":[{"sequence":3,"clubcode":"PIT","playerName":"J.Farrior","statId":79,"yards":0},{"sequence":4,"clubcode":"PIT","playerName":"J.Farrior","statId":120,"yards":0}],"0":[{"sequence":2,"clubcode":"TB","playerName":"","statId":95,"yards":-3}],"00-0026993":[{"sequence":1,"clubcode":"TB","playerName":"J.Freeman","statId":10,"yards":-3}]}},"777":{"sp":0,"qtr":1,"down":0,"time":"","yrdln":"","ydstogo":0,"ydsnet":69,"posteam":"","desc":"END QUARTER 1","note":null,"players":{}},"793":{"sp":0,"qtr":2,"down":2,"time":"15:00","yrdln":"PIT 10","ydstogo":10,"ydsnet":69,"posteam":"TB","desc":"(15:00) J.Freeman pass incomplete short middle to K.Winslow.","note":null,"players":{"00-0022922":[{"sequence":2,"clubcode":"TB","playerName":"K.Winslow","statId":115,"yards":0}],"00-0026993":[{"sequence":1,"clubcode":"TB","playerName":"J.Freeman","statId":14,"yards":0},{"sequence":3,"clubcode":"TB","playerName":"J.Freeman","statId":112,"yards":10}]}},"815":{"sp":0,"qtr":2,"down":3,"time":"14:56","yrdln":"PIT 10","ydstogo":10,"ydsnet":74,"posteam":"TB","desc":"(14:56) (Shotgun) J.Freeman pass short middle to S.Stroughter to PIT 5 for 5 yards (W.Gay).","note":null,"players":{"00-0025557":[{"sequence":7,"clubcode":"PIT","playerName":"W.Gay","statId":79,"yards":0}],"00-0026953":[{"sequence":4,"clubcode":"TB","playerName":"S.Stroughter","statId":21,"yards":5},{"sequence":5,"clubcode":"TB","playerName":"S.Stroughter","statId":115,"yards":0},{"sequence":6,"clubcode":"TB","playerName":"S.Stroughter","statId":113,"yards":0}],"0":[{"sequence":1,"clubcode":"TB","playerName":"","statId":7,"yards":0}],"00-0026993":[{"sequence":2,"clubcode":"TB","playerName":"J.Freeman","statId":15,"yards":5},{"sequence":3,"clubcode":"TB","playerName":"J.Freeman","statId":111,"yards":5}]}},"839":{"sp":1,"qtr":2,"down":4,"time":"14:14","yrdln":"PIT 5","ydstogo":5,"ydsnet":74,"posteam":"TB","desc":"(14:14) (Field Goal formation) C.Barth 24 yard field goal is GOOD, Center-A.Economos, Holder-C.Bryan.","note":"FG","players":{"00-0026138":[{"sequence":1,"clubcode":"TB","playerName":"C.Barth","statId":70,"yards":24}]}}},"fds":5,"result":"Field Goal","penyds":-5,"ydsgained":79,"numplays":18,"postime":"8:45","start":{"qtr":1,"time":"07:53","yrdln":"TB 21","team":"TB"},"end":{"qtr":1,"time":"14:08","yrdln":"PIT 5","team":"TB"}},"7":{"posteam":"PIT","qtr":2,"redzone":true,"plays":{"858":{"sp":0,"qtr":2,"down":0,"time":"14:08","yrdln":"TB 30","ydstogo":0,"ydsnet":0,"posteam":"TB","desc":"C.Barth kicks 56 yards from TB 30 to PIT 14. A.Brown to PIT 33 for 19 yards (C.Grimm).","note":"KICKOFF","players":{"00-0026138":[{"sequence":1,"clubcode":"TB","playerName":"C.Barth","statId":41,"yards":56}],"00-0027805":[{"sequence":3,"clubcode":"TB","playerName":"C.Grimm","statId":79,"yards":0}],"00-0027793":[{"sequence":2,"clubcode":"PIT","playerName":"A.Brown","statId":45,"yards":19}]}},"880":{"sp":0,"qtr":2,"down":1,"time":"14:03","yrdln":"PIT 33","ydstogo":10,"ydsnet":15,"posteam":"PIT","desc":"(14:03) R.Mendenhall right tackle to PIT 48 for 15 yards (S.Jones, B.Ruud).","note":null,"players":{"00-0023471":[{"sequence":4,"clubcode":"TB","playerName":"B.Ruud","statId":82,"yards":0}],"0":[{"sequence":1,"clubcode":"PIT","playerName":"","statId":3,"yards":0}],"00-0022844":[{"sequence":3,"clubcode":"TB","playerName":"S.Jones","statId":80,"yards":0}],"00-0026163":[{"sequence":2,"clubcode":"PIT","playerName":"R.Mendenhall","statId":10,"yards":15}]}},"901":{"sp":0,"qtr":2,"down":1,"time":"13:24","yrdln":"PIT 48","ydstogo":10,"ydsnet":19,"posteam":"PIT","desc":"(13:24) R.Mendenhall right end to TB 48 for 4 yards (R.Miller).","note":null,"players":{"00-0027055":[{"sequence":2,"clubcode":"TB","playerName":"R.Miller","statId":79,"yards":0}],"00-0026163":[{"sequence":1,"clubcode":"PIT","playerName":"R.Mendenhall","statId":10,"yards":4}]}},"922":{"sp":0,"qtr":2,"down":2,"time":"12:42","yrdln":"TB 48","ydstogo":6,"ydsnet":19,"posteam":"PIT","desc":"(12:42) R.Mendenhall left guard to TB 48 for no gain (T.Crowder, B.Ruud).","note":null,"players":{"00-0023471":[{"sequence":3,"clubcode":"TB","playerName":"B.Ruud","statId":82,"yards":0}],"00-0025443":[{"sequence":2,"clubcode":"TB","playerName":"T.Crowder","statId":80,"yards":0}],"00-0026163":[{"sequence":1,"clubcode":"PIT","playerName":"R.Mendenhall","statId":10,"yards":0}]}},"943":{"sp":0,"qtr":2,"down":3,"time":"11:57","yrdln":"TB 48","ydstogo":6,"ydsnet":43,"posteam":"PIT","desc":"(11:57) (Shotgun) C.Batch scrambles up the middle to TB 24 for 24 yards (S.Jones).","note":null,"players":{"00-0000865":[{"sequence":3,"clubcode":"PIT","playerName":"C.Batch","statId":10,"yards":24}],"0":[{"sequence":1,"clubcode":"PIT","playerName":"","statId":3,"yards":0},{"sequence":2,"clubcode":"PIT","playerName":"","statId":6,"yards":0}],"00-0022844":[{"sequence":4,"clubcode":"TB","playerName":"S.Jones","statId":79,"yards":0}]}},"964":{"sp":0,"qtr":2,"down":1,"time":"11:09","yrdln":"TB 24","ydstogo":10,"ydsnet":64,"posteam":"PIT","desc":"(11:09) C.Batch pass deep middle to H.Miller to TB 3 for 21 yards (C.Grimm).","note":null,"players":{"00-0023465":[{"sequence":4,"clubcode":"PIT","playerName":"H.Miller","statId":21,"yards":21},{"sequence":5,"clubcode":"PIT","playerName":"H.Miller","statId":115,"yards":0},{"sequence":6,"clubcode":"PIT","playerName":"H.Miller","statId":113,"yards":5}],"00-0027805":[{"sequence":7,"clubcode":"TB","playerName":"C.Grimm","statId":79,"yards":0}],"00-0000865":[{"sequence":2,"clubcode":"PIT","playerName":"C.Batch","statId":15,"yards":21},{"sequence":3,"clubcode":"PIT","playerName":"C.Batch","statId":111,"yards":16}],"0":[{"sequence":1,"clubcode":"PIT","playerName":"","statId":4,"yards":0}]}},"988":{"sp":1,"qtr":2,"down":1,"time":"10:26","yrdln":"TB 3","ydstogo":3,"ydsnet":67,"posteam":"PIT","desc":"(10:26) R.Mendenhall right guard for 3 yards, TOUCHDOWN.","note":"TD","players":{"0":[{"sequence":1,"clubcode":"PIT","playerName":"","statId":3,"yards":0}],"00-0026163":[{"sequence":2,"clubcode":"PIT","playerName":"R.Mendenhall","statId":11,"yards":3}]}},"1005":{"sp":1,"qtr":2,"down":0,"time":"10:19","yrdln":"TB 2","ydstogo":0,"ydsnet":67,"posteam":"PIT","desc":"J.Reed extra point is GOOD, Center-G.Warren, Holder-D.Sepulveda.","note":"XP","players":{"00-0020737":[{"sequence":1,"clubcode":"PIT","playerName":"J.Reed","statId":72,"yards":0}]}}},"fds":4,"result":"Touchdown","penyds":0,"ydsgained":67,"numplays":8,"postime":"3:49","start":{"qtr":2,"time":"14:08","yrdln":"PIT 33","team":"PIT"},"end":{"qtr":2,"time":"10:19","yrdln":"TB 3","team":"PIT"}},"8":{"posteam":"TB","qtr":2,"redzone":true,"plays":{"1021":{"sp":0,"qtr":2,"down":0,"time":"10:19","yrdln":"PIT 30","ydstogo":0,"ydsnet":0,"posteam":"PIT","desc":"J.Reed kicks 68 yards from PIT 30 to TB 2. M.Spurlock to TB 23 for 21 yards (W.Allen).","note":"KICKOFF","players":{"00-0020737":[{"sequence":1,"clubcode":"PIT","playerName":"J.Reed","statId":41,"yards":68}],"00-0023968":[{"sequence":2,"clubcode":"TB","playerName":"M.Spurlock","statId":45,"yards":21}],"00-0022900":[{"sequence":3,"clubcode":"PIT","playerName":"W.Allen","statId":79,"yards":0}]}},"1043":{"sp":0,"qtr":2,"down":1,"time":"10:12","yrdln":"TB 23","ydstogo":10,"ydsnet":22,"posteam":"TB","desc":"(10:12) J.Freeman pass short middle to M.Williams to TB 45 for 22 yards (I.Taylor).","note":null,"players":{"00-0021891":[{"sequence":7,"clubcode":"PIT","playerName":"I.Taylor","statId":79,"yards":0}],"0":[{"sequence":1,"clubcode":"TB","playerName":"","statId":4,"yards":0}],"00-0027702":[{"sequence":4,"clubcode":"TB","playerName":"M.Williams","statId":21,"yards":22},{"sequence":5,"clubcode":"TB","playerName":"M.Williams","statId":115,"yards":0},{"sequence":6,"clubcode":"TB","playerName":"M.Williams","statId":113,"yards":13}],"00-0026993":[{"sequence":2,"clubcode":"TB","playerName":"J.Freeman","statId":15,"yards":22},{"sequence":3,"clubcode":"TB","playerName":"J.Freeman","statId":111,"yards":9}]}},"1067":{"sp":0,"qtr":2,"down":1,"time":"09:32","yrdln":"TB 45","ydstogo":10,"ydsnet":12,"posteam":"TB","desc":"(9:32) C.Williams right tackle to PIT 46 for 9 yards (B.McFadden, J.Harrison). PENALTY on TB-D.Joseph, Offensive Holding, 10 yards, enforced at TB 45 - No Play.","note":"PENALTY","players":{"00-0024238":[{"sequence":1,"clubcode":"TB","playerName":"D.Joseph","statId":93,"yards":10}]}},"1099":{"sp":0,"qtr":2,"down":1,"time":"08:59","yrdln":"TB 35","ydstogo":20,"ydsnet":12,"posteam":"TB","desc":"(8:59) J.Freeman sacked at TB 35 for 0 yards (L.Timmons).","note":null,"players":{"00-0025402":[{"sequence":2,"clubcode":"PIT","playerName":"L.Timmons","statId":83,"yards":0},{"sequence":3,"clubcode":"PIT","playerName":"L.Timmons","statId":110,"yards":0},{"sequence":4,"clubcode":"PIT","playerName":"L.Timmons","statId":79,"yards":0}],"00-0026993":[{"sequence":1,"clubcode":"TB","playerName":"J.Freeman","statId":20,"yards":0}]}},"1122":{"sp":0,"qtr":2,"down":2,"time":"08:19","yrdln":"TB 35","ydstogo":20,"ydsnet":21,"posteam":"TB","desc":"(8:19) (Shotgun) J.Johnson pass short left to M.Williams to TB 44 for 9 yards (J.Farrior). FUMBLES (J.Farrior), RECOVERED by PIT-R.Clark at TB 49. R.Clark to TB 44 for 5 yards (J.Stevens).","note":"FUMBLE","players":{"00-0005082":[{"sequence":6,"clubcode":"PIT","playerName":"J.Farrior","statId":79,"yards":0},{"sequence":9,"clubcode":"PIT","playerName":"J.Farrior","statId":91,"yards":0}],"00-0021159":[{"sequence":11,"clubcode":"TB","playerName":"J.Stevens","statId":79,"yards":0}],"00-0026300":[{"sequence":1,"clubcode":"TB","playerName":"J.Johnson","statId":15,"yards":9},{"sequence":2,"clubcode":"TB","playerName":"J.Johnson","statId":111,"yards":-2}],"00-0020840":[{"sequence":10,"clubcode":"PIT","playerName":"R.Clark","statId":59,"yards":5}],"00-0027702":[{"sequence":3,"clubcode":"TB","playerName":"M.Williams","statId":21,"yards":9},{"sequence":4,"clubcode":"TB","playerName":"M.Williams","statId":115,"yards":0},{"sequence":5,"clubcode":"TB","playerName":"M.Williams","statId":113,"yards":11},{"sequence":7,"clubcode":"TB","playerName":"M.Williams","statId":52,"yards":0},{"sequence":8,"clubcode":"TB","playerName":"M.Williams","statId":106,"yards":0}]}}},"fds":1,"result":"Fumble","penyds":-10,"ydsgained":31,"numplays":5,"postime":"2:17","start":{"qtr":2,"time":"10:19","yrdln":"TB 23","team":"TB"},"end":{"qtr":2,"time":"08:02","yrdln":"TB 35","team":"TB"}},"9":{"posteam":"PIT","qtr":2,"redzone":true,"plays":{"1162":{"sp":0,"qtr":2,"down":1,"time":"08:02","yrdln":"TB 44","ydstogo":10,"ydsnet":3,"posteam":"PIT","desc":"(8:02) R.Mendenhall up the middle to TB 41 for 3 yards (B.Ruud).","note":null,"players":{"00-0023471":[{"sequence":2,"clubcode":"TB","playerName":"B.Ruud","statId":79,"yards":0}],"00-0026163":[{"sequence":1,"clubcode":"PIT","playerName":"R.Mendenhall","statId":10,"yards":3}]}},"1183":{"sp":1,"qtr":2,"down":2,"time":"07:25","yrdln":"TB 41","ydstogo":7,"ydsnet":44,"posteam":"PIT","desc":"(7:25) C.Batch pass deep right to M.Wallace for 41 yards, TOUCHDOWN. pass tipped by TB # 25 bofore the catch","note":"TD","players":{"00-0000865":[{"sequence":2,"clubcode":"PIT","playerName":"C.Batch","statId":16,"yards":41},{"sequence":3,"clubcode":"PIT","playerName":"C.Batch","statId":111,"yards":41}],"0":[{"sequence":1,"clubcode":"PIT","playerName":"","statId":4,"yards":0}],"00-0026901":[{"sequence":4,"clubcode":"PIT","playerName":"M.Wallace","statId":22,"yards":41},{"sequence":5,"clubcode":"PIT","playerName":"M.Wallace","statId":115,"yards":0},{"sequence":6,"clubcode":"PIT","playerName":"M.Wallace","statId":113,"yards":0}]}},"1203":{"sp":1,"qtr":2,"down":0,"time":"07:15","yrdln":"TB 2","ydstogo":0,"ydsnet":44,"posteam":"PIT","desc":"J.Reed extra point is GOOD, Center-G.Warren, Holder-D.Sepulveda.","note":"XP","players":{"00-0020737":[{"sequence":1,"clubcode":"PIT","playerName":"J.Reed","statId":72,"yards":0}]}}},"fds":1,"result":"Touchdown","penyds":0,"ydsgained":44,"numplays":3,"postime":"0:47","start":{"qtr":2,"time":"08:02","yrdln":"TB 44","team":"PIT"},"end":{"qtr":2,"time":"07:15","yrdln":"TB 41","team":"PIT"}},"10":{"posteam":"TB","qtr":2,"redzone":true,"plays":{"1223":{"sp":0,"qtr":2,"down":0,"time":"07:15","yrdln":"PIT 30","ydstogo":0,"ydsnet":0,"posteam":"PIT","desc":"J.Reed kicks 63 yards from PIT 30 to TB 7. M.Spurlock to TB 28 for 21 yards (A.Madison).","note":"KICKOFF","players":{"00-0024095":[{"sequence":3,"clubcode":"PIT","playerName":"A.Madison","statId":79,"yards":0}],"00-0020737":[{"sequence":1,"clubcode":"PIT","playerName":"J.Reed","statId":41,"yards":63}],"00-0023968":[{"sequence":2,"clubcode":"TB","playerName":"M.Spurlock","statId":45,"yards":21}]}},"1245":{"sp":0,"qtr":2,"down":1,"time":"07:06","yrdln":"TB 28","ydstogo":10,"ydsnet":2,"posteam":"TB","desc":"(7:06) C.Williams left guard to TB 30 for 2 yards (J.Harrison).","note":null,"players":{"00-0020712":[{"sequence":2,"clubcode":"PIT","playerName":"J.Harrison","statId":79,"yards":0}],"00-0023440":[{"sequence":1,"clubcode":"TB","playerName":"C.Williams","statId":10,"yards":2}]}},"1266":{"sp":0,"qtr":2,"down":2,"time":"06:26","yrdln":"TB 30","ydstogo":8,"ydsnet":2,"posteam":"TB","desc":"(6:26) J.Freeman pass incomplete short left.","note":null,"players":{"00-0026993":[{"sequence":1,"clubcode":"TB","playerName":"J.Freeman","statId":14,"yards":0},{"sequence":2,"clubcode":"TB","playerName":"J.Freeman","statId":112,"yards":0}]}},"1288":{"sp":0,"qtr":2,"down":3,"time":"06:17","yrdln":"TB 30","ydstogo":8,"ydsnet":27,"posteam":"TB","desc":"(6:17) (Shotgun) J.Freeman pass short right to M.Spurlock to TB 40 for 10 yards (B.McFadden). PENALTY on PIT-K.Fox, Unnecessary Roughness, 15 yards, enforced at TB 40.","note":"PENALTY","players":{"00-0023497":[{"sequence":9,"clubcode":"PIT","playerName":"B.McFadden","statId":79,"yards":0}],"00-0022697":[{"sequence":10,"clubcode":"PIT","playerName":"K.Fox","statId":93,"yards":15}],"00-0023968":[{"sequence":6,"clubcode":"TB","playerName":"M.Spurlock","statId":21,"yards":10},{"sequence":7,"clubcode":"TB","playerName":"M.Spurlock","statId":115,"yards":0},{"sequence":8,"clubcode":"TB","playerName":"M.Spurlock","statId":113,"yards":2}],"0":[{"sequence":1,"clubcode":"TB","playerName":"","statId":4,"yards":0},{"sequence":2,"clubcode":"TB","playerName":"","statId":6,"yards":0},{"sequence":3,"clubcode":"TB","playerName":"","statId":5,"yards":0}],"00-0026993":[{"sequence":4,"clubcode":"TB","playerName":"J.Freeman","statId":15,"yards":10},{"sequence":5,"clubcode":"TB","playerName":"J.Freeman","statId":111,"yards":8}]}},"1323":{"sp":0,"qtr":2,"down":1,"time":"05:50","yrdln":"PIT 45","ydstogo":10,"ydsnet":27,"posteam":"TB","desc":"(5:50) J.Freeman Aborted. J.Faine FUMBLES at PIT 45, recovered by TB-J.Freeman at PIT 45. J.Freeman to PIT 45 for no gain (K.Fox).","note":"FUMBLE","players":{"00-0022157":[{"sequence":2,"clubcode":"TB","playerName":"J.Faine","statId":53,"yards":0}],"00-0022697":[{"sequence":4,"clubcode":"PIT","playerName":"K.Fox","statId":79,"yards":0}],"00-0026993":[{"sequence":1,"clubcode":"TB","playerName":"J.Freeman","statId":10,"yards":0},{"sequence":3,"clubcode":"TB","playerName":"J.Freeman","statId":55,"yards":0}]}},"1349":{"sp":0,"qtr":2,"down":2,"time":"05:12","yrdln":"PIT 45","ydstogo":10,"ydsnet":30,"posteam":"TB","desc":"(5:12) J.Freeman scrambles right end pushed ob at PIT 42 for 3 yards (B.McFadden).","note":null,"players":{"00-0023497":[{"sequence":2,"clubcode":"PIT","playerName":"B.McFadden","statId":79,"yards":0}],"00-0026993":[{"sequence":1,"clubcode":"TB","playerName":"J.Freeman","statId":10,"yards":3}]}},"1375":{"sp":0,"qtr":2,"down":3,"time":"04:32","yrdln":"PIT 42","ydstogo":7,"ydsnet":30,"posteam":"TB","desc":"(4:32) (Shotgun) J.Freeman pass incomplete short right to K.Winslow.","note":null,"players":{"00-0022922":[{"sequence":3,"clubcode":"TB","playerName":"K.Winslow","statId":115,"yards":0}],"0":[{"sequence":1,"clubcode":"TB","playerName":"","statId":7,"yards":0}],"00-0026993":[{"sequence":2,"clubcode":"TB","playerName":"J.Freeman","statId":14,"yards":0},{"sequence":4,"clubcode":"TB","playerName":"J.Freeman","statId":112,"yards":6}]}},"1397":{"sp":0,"qtr":2,"down":4,"time":"04:27","yrdln":"PIT 42","ydstogo":7,"ydsnet":30,"posteam":"TB","desc":"(4:27) (Punt formation) C.Bryan punts 21 yards to PIT 21, Center-A.Economos, fair catch by A.Randle El.","note":"PUNT","players":{"00-0027189":[{"sequence":1,"clubcode":"TB","playerName":"C.Bryan","statId":29,"yards":21}],"00-0021190":[{"sequence":2,"clubcode":"PIT","playerName":"A.Randle El","statId":39,"yards":0}]}}},"fds":2,"result":"Punt","penyds":15,"ydsgained":15,"numplays":8,"postime":"2:57","start":{"qtr":2,"time":"07:15","yrdln":"TB 28","team":"TB"},"end":{"qtr":2,"time":"04:18","yrdln":"PIT 42","team":"TB"}},"11":{"posteam":"PIT","qtr":2,"redzone":true,"plays":{"1420":{"sp":0,"qtr":2,"down":1,"time":"04:18","yrdln":"PIT 21","ydstogo":10,"ydsnet":13,"posteam":"PIT","desc":"(4:18) R.Mendenhall right end pushed ob at PIT 34 for 13 yards (A.Talib).","note":null,"players":{"0":[{"sequence":1,"clubcode":"PIT","playerName":"","statId":3,"yards":0}],"00-0026160":[{"sequence":3,"clubcode":"TB","playerName":"A.Talib","statId":79,"yards":0}],"00-0026163":[{"sequence":2,"clubcode":"PIT","playerName":"R.Mendenhall","statId":10,"yards":13}]}},"1446":{"sp":0,"qtr":2,"down":1,"time":"03:46","yrdln":"PIT 34","ydstogo":10,"ydsnet":12,"posteam":"PIT","desc":"(3:46) R.Mendenhall left tackle to PIT 33 for -1 yards (R.Barber).","note":null,"players":{"0":[{"sequence":2,"clubcode":"PIT","playerName":"","statId":95,"yards":-1}],"00-0000741":[{"sequence":3,"clubcode":"TB","playerName":"R.Barber","statId":79,"yards":0},{"sequence":4,"clubcode":"TB","playerName":"R.Barber","statId":120,"yards":0}],"00-0026163":[{"sequence":1,"clubcode":"PIT","playerName":"R.Mendenhall","statId":10,"yards":-1}]}},"1467":{"sp":0,"qtr":2,"down":2,"time":"03:03","yrdln":"PIT 33","ydstogo":11,"ydsnet":16,"posteam":"PIT","desc":"(3:03) (Shotgun) C.Batch pass short middle to H.Miller to PIT 37 for 4 yards (Q.Black).","note":null,"players":{"00-0023465":[{"sequence":3,"clubcode":"PIT","playerName":"H.Miller","statId":21,"yards":4},{"sequence":4,"clubcode":"PIT","playerName":"H.Miller","statId":115,"yards":0},{"sequence":5,"clubcode":"PIT","playerName":"H.Miller","statId":113,"yards":6}],"00-0000865":[{"sequence":1,"clubcode":"PIT","playerName":"C.Batch","statId":15,"yards":4},{"sequence":2,"clubcode":"PIT","playerName":"C.Batch","statId":111,"yards":-2}],"00-0025455":[{"sequence":6,"clubcode":"TB","playerName":"Q.Black","statId":79,"yards":0}]}},"1491":{"sp":0,"qtr":2,"down":3,"time":"02:20","yrdln":"PIT 37","ydstogo":7,"ydsnet":30,"posteam":"PIT","desc":"(2:20) (Shotgun) C.Batch pass short left to A.Randle El to TB 49 for 14 yards (E.Biggers).","note":null,"players":{"00-0021190":[{"sequence":5,"clubcode":"PIT","playerName":"A.Randle El","statId":21,"yards":14},{"sequence":6,"clubcode":"PIT","playerName":"A.Randle El","statId":115,"yards":0},{"sequence":7,"clubcode":"PIT","playerName":"A.Randle El","statId":113,"yards":0}],"00-0000865":[{"sequence":3,"clubcode":"PIT","playerName":"C.Batch","statId":15,"yards":14},{"sequence":4,"clubcode":"PIT","playerName":"C.Batch","statId":111,"yards":14}],"0":[{"sequence":1,"clubcode":"PIT","playerName":"","statId":4,"yards":0},{"sequence":2,"clubcode":"PIT","playerName":"","statId":6,"yards":0}],"00-0026945":[{"sequence":8,"clubcode":"TB","playerName":"E.Biggers","statId":79,"yards":0}]}},"1515":{"sp":0,"qtr":2,"down":0,"time":"02:00","yrdln":"","ydstogo":0,"ydsnet":30,"posteam":"","desc":"Two-Minute Warning","note":null,"players":{}},"1532":{"sp":0,"qtr":2,"down":1,"time":"02:00","yrdln":"TB 49","ydstogo":10,"ydsnet":34,"posteam":"PIT","desc":"(2:00) M.Moore right guard to TB 45 for 4 yards (B.Ruud).","note":null,"players":{"00-0023471":[{"sequence":2,"clubcode":"TB","playerName":"B.Ruud","statId":79,"yards":0}],"00-0022217":[{"sequence":1,"clubcode":"PIT","playerName":"M.Moore","statId":10,"yards":4}]}},"1553":{"sp":0,"qtr":2,"down":2,"time":"01:35","yrdln":"TB 45","ydstogo":6,"ydsnet":47,"posteam":"PIT","desc":"(1:35) (Shotgun) C.Batch pass short right to M.Wallace to TB 32 for 13 yards (A.Talib).","note":null,"players":{"00-0000865":[{"sequence":2,"clubcode":"PIT","playerName":"C.Batch","statId":15,"yards":13},{"sequence":3,"clubcode":"PIT","playerName":"C.Batch","statId":111,"yards":10}],"0":[{"sequence":1,"clubcode":"PIT","playerName":"","statId":4,"yards":0}],"00-0026160":[{"sequence":7,"clubcode":"TB","playerName":"A.Talib","statId":79,"yards":0}],"00-0026901":[{"sequence":4,"clubcode":"PIT","playerName":"M.Wallace","statId":21,"yards":13},{"sequence":5,"clubcode":"PIT","playerName":"M.Wallace","statId":115,"yards":0},{"sequence":6,"clubcode":"PIT","playerName":"M.Wallace","statId":113,"yards":3}]}},"1577":{"sp":0,"qtr":2,"down":0,"time":"01:27","yrdln":"","ydstogo":0,"ydsnet":47,"posteam":"","desc":"Timeout #1 by PIT at 01:27.","note":"TIMEOUT","players":{"0":[{"sequence":1,"clubcode":"PIT","playerName":"","statId":68,"yards":0}]}},"1594":{"sp":0,"qtr":2,"down":1,"time":"01:27","yrdln":"TB 32","ydstogo":10,"ydsnet":44,"posteam":"PIT","desc":"(1:27) (Shotgun) C.Batch pass short left to M.Moore to TB 35 for -3 yards (S.White).","note":null,"players":{"00-0021332":[{"sequence":6,"clubcode":"TB","playerName":"S.White","statId":79,"yards":0},{"sequence":7,"clubcode":"TB","playerName":"S.White","statId":120,"yards":0}],"00-0022217":[{"sequence":3,"clubcode":"PIT","playerName":"M.Moore","statId":21,"yards":-3},{"sequence":4,"clubcode":"PIT","playerName":"M.Moore","statId":115,"yards":0},{"sequence":5,"clubcode":"PIT","playerName":"M.Moore","statId":113,"yards":2}],"00-0000865":[{"sequence":1,"clubcode":"PIT","playerName":"C.Batch","statId":15,"yards":-3},{"sequence":2,"clubcode":"PIT","playerName":"C.Batch","statId":111,"yards":-5}]}},"1618":{"sp":0,"qtr":2,"down":2,"time":"00:53","yrdln":"TB 35","ydstogo":13,"ydsnet":63,"posteam":"PIT","desc":"(:53) (Shotgun) C.Batch pass short right to H.Ward to TB 16 for 19 yards (C.Grimm).","note":null,"players":{"00-0027805":[{"sequence":7,"clubcode":"TB","playerName":"C.Grimm","statId":79,"yards":0}],"00-0000865":[{"sequence":2,"clubcode":"PIT","playerName":"C.Batch","statId":15,"yards":19},{"sequence":3,"clubcode":"PIT","playerName":"C.Batch","statId":111,"yards":6}],"0":[{"sequence":1,"clubcode":"PIT","playerName":"","statId":4,"yards":0}],"00-0017162":[{"sequence":4,"clubcode":"PIT","playerName":"H.Ward","statId":21,"yards":19},{"sequence":5,"clubcode":"PIT","playerName":"H.Ward","statId":115,"yards":0},{"sequence":6,"clubcode":"PIT","playerName":"H.Ward","statId":113,"yards":13}]}},"1642":{"sp":0,"qtr":2,"down":0,"time":"00:43","yrdln":"","ydstogo":0,"ydsnet":63,"posteam":"","desc":"Timeout #2 by PIT at 00:43.","note":"TIMEOUT","players":{"0":[{"sequence":1,"clubcode":"PIT","playerName":"","statId":68,"yards":0}]}},"1659":{"sp":0,"qtr":2,"down":1,"time":"00:43","yrdln":"TB 16","ydstogo":10,"ydsnet":70,"posteam":"PIT","desc":"(:43) (Shotgun) C.Batch pass short right to M.Moore to TB 9 for 7 yards (A.Talib, S.Jones).","note":null,"players":{"00-0022217":[{"sequence":3,"clubcode":"PIT","playerName":"M.Moore","statId":21,"yards":7},{"sequence":4,"clubcode":"PIT","playerName":"M.Moore","statId":115,"yards":0},{"sequence":5,"clubcode":"PIT","playerName":"M.Moore","statId":113,"yards":10}],"00-0000865":[{"sequence":1,"clubcode":"PIT","playerName":"C.Batch","statId":15,"yards":7},{"sequence":2,"clubcode":"PIT","playerName":"C.Batch","statId":111,"yards":-3}],"00-0026160":[{"sequence":6,"clubcode":"TB","playerName":"A.Talib","statId":80,"yards":0}],"00-0022844":[{"sequence":7,"clubcode":"TB","playerName":"S.Jones","statId":82,"yards":0}]}},"1683":{"sp":0,"qtr":2,"down":2,"time":"00:23","yrdln":"TB 9","ydstogo":3,"ydsnet":70,"posteam":"PIT","desc":"(:23) C.Batch spiked the ball to stop the clock.","note":null,"players":{"00-0000865":[{"sequence":1,"clubcode":"PIT","playerName":"C.Batch","statId":14,"yards":0},{"sequence":2,"clubcode":"PIT","playerName":"C.Batch","statId":112,"yards":0}]}},"1715":{"sp":1,"qtr":2,"down":3,"time":"00:23","yrdln":"TB 9","ydstogo":3,"ydsnet":79,"posteam":"PIT","desc":"(:23) (Shotgun) C.Batch pass short middle to H.Ward for 9 yards, TOUCHDOWN.","note":"TD","players":{"00-0000865":[{"sequence":3,"clubcode":"PIT","playerName":"C.Batch","statId":16,"yards":9},{"sequence":4,"clubcode":"PIT","playerName":"C.Batch","statId":111,"yards":9}],"0":[{"sequence":1,"clubcode":"PIT","playerName":"","statId":4,"yards":0},{"sequence":2,"clubcode":"PIT","playerName":"","statId":6,"yards":0}],"00-0017162":[{"sequence":5,"clubcode":"PIT","playerName":"H.Ward","statId":22,"yards":9},{"sequence":6,"clubcode":"PIT","playerName":"H.Ward","statId":115,"yards":0},{"sequence":7,"clubcode":"PIT","playerName":"H.Ward","statId":113,"yards":0}]}},"1735":{"sp":1,"qtr":2,"down":0,"time":"00:16","yrdln":"TB 2","ydstogo":0,"ydsnet":79,"posteam":"PIT","desc":"J.Reed extra point is GOOD, Center-G.Warren, Holder-D.Sepulveda.","note":"XP","players":{"00-0020737":[{"sequence":1,"clubcode":"PIT","playerName":"J.Reed","statId":72,"yards":0}]}}},"fds":5,"result":"Touchdown","penyds":0,"ydsgained":79,"numplays":15,"postime":"4:02","start":{"qtr":2,"time":"04:18","yrdln":"PIT 21","team":"PIT"},"end":{"qtr":2,"time":"00:16","yrdln":"TB 9","team":"PIT"}},"12":{"posteam":"TB","qtr":2,"redzone":true,"plays":{"1751":{"sp":0,"qtr":2,"down":0,"time":"00:16","yrdln":"PIT 30","ydstogo":0,"ydsnet":0,"posteam":"PIT","desc":"J.Reed kicks 72 yards from PIT 30 to TB -2. M.Spurlock to TB 19 for 21 yards (A.Battle, W.Gay).","note":"KICKOFF","players":{"00-0020737":[{"sequence":1,"clubcode":"PIT","playerName":"J.Reed","statId":43,"yards":72},{"sequence":3,"clubcode":"PIT","playerName":"J.Reed","statId":42,"yards":0}],"00-0025557":[{"sequence":5,"clubcode":"PIT","playerName":"W.Gay","statId":82,"yards":0}],"00-0023968":[{"sequence":2,"clubcode":"TB","playerName":"M.Spurlock","statId":45,"yards":21}],"00-0022064":[{"sequence":4,"clubcode":"PIT","playerName":"A.Battle","statId":80,"yards":0}]}},"1799":{"sp":0,"qtr":2,"down":1,"time":"00:10","yrdln":"TB 19","ydstogo":10,"ydsnet":-1,"posteam":"TB","desc":"(:10) J.Freeman kneels to TB 18 for -1 yards.","note":null,"players":{"00-0026993":[{"sequence":1,"clubcode":"TB","playerName":"J.Freeman","statId":10,"yards":-1}]}},"1825":{"sp":0,"qtr":2,"down":0,"time":"","yrdln":"","ydstogo":0,"ydsnet":-2,"posteam":"","desc":"END QUARTER 2","note":null,"players":{}}},"fds":0,"result":"End of Half","penyds":0,"ydsgained":-1,"numplays":3,"postime":"0:16","start":{"qtr":2,"time":"00:16","yrdln":"TB 19","team":"TB"},"end":{"qtr":2,"time":"00:00","yrdln":"TB 19","team":"TB"}},"13":{"posteam":"TB","qtr":3,"redzone":true,"plays":{"1839":{"sp":0,"qtr":3,"down":0,"time":"15:00","yrdln":"PIT 30","ydstogo":0,"ydsnet":-4,"posteam":"PIT","desc":"J.Reed kicks 68 yards from PIT 30 to TB 2. P.Parker pushed ob at TB 39 for 37 yards (I.Taylor).","note":"KICKOFF","players":{"00-0027450":[{"sequence":2,"clubcode":"TB","playerName":"P.Parker","statId":45,"yards":37}],"00-0020737":[{"sequence":1,"clubcode":"PIT","playerName":"J.Reed","statId":41,"yards":68}],"00-0021891":[{"sequence":3,"clubcode":"PIT","playerName":"I.Taylor","statId":79,"yards":0}]}},"1866":{"sp":0,"qtr":3,"down":1,"time":"14:50","yrdln":"TB 39","ydstogo":10,"ydsnet":2,"posteam":"TB","desc":"(14:50) J.Freeman pass short right to C.Williams to TB 41 for 2 yards (L.Woodley).","note":null,"players":{"00-0023440":[{"sequence":3,"clubcode":"TB","playerName":"C.Williams","statId":21,"yards":2},{"sequence":4,"clubcode":"TB","playerName":"C.Williams","statId":115,"yards":0},{"sequence":5,"clubcode":"TB","playerName":"C.Williams","statId":113,"yards":5}],"00-0025433":[{"sequence":6,"clubcode":"PIT","playerName":"L.Woodley","statId":79,"yards":0}],"00-0026993":[{"sequence":1,"clubcode":"TB","playerName":"J.Freeman","statId":15,"yards":2},{"sequence":2,"clubcode":"TB","playerName":"J.Freeman","statId":111,"yards":-3}]}},"1890":{"sp":0,"qtr":3,"down":2,"time":"14:11","yrdln":"TB 41","ydstogo":8,"ydsnet":3,"posteam":"TB","desc":"(14:11) C.Williams right guard to TB 42 for 1 yard (J.Harrison).","note":null,"players":{"00-0020712":[{"sequence":2,"clubcode":"PIT","playerName":"J.Harrison","statId":79,"yards":0}],"00-0023440":[{"sequence":1,"clubcode":"TB","playerName":"C.Williams","statId":10,"yards":1}]}},"1911":{"sp":0,"qtr":3,"down":3,"time":"13:28","yrdln":"TB 42","ydstogo":7,"ydsnet":-4,"posteam":"TB","desc":"(13:28) (Shotgun) J.Freeman sacked at TB 35 for -7 yards (W.Gay).","note":null,"players":{"00-0025557":[{"sequence":3,"clubcode":"PIT","playerName":"W.Gay","statId":83,"yards":-7},{"sequence":4,"clubcode":"PIT","playerName":"W.Gay","statId":110,"yards":0},{"sequence":5,"clubcode":"PIT","playerName":"W.Gay","statId":79,"yards":0},{"sequence":6,"clubcode":"PIT","playerName":"W.Gay","statId":120,"yards":0}],"0":[{"sequence":1,"clubcode":"TB","playerName":"","statId":7,"yards":0}],"00-0026993":[{"sequence":2,"clubcode":"TB","playerName":"J.Freeman","statId":20,"yards":-7}]}},"1930":{"sp":0,"qtr":3,"down":4,"time":"12:57","yrdln":"TB 35","ydstogo":14,"ydsnet":-4,"posteam":"TB","desc":"(12:57) (Punt formation) C.Bryan punts 28 yards to PIT 37, Center-A.Economos, fair catch by A.Randle El.","note":"PUNT","players":{"00-0027189":[{"sequence":1,"clubcode":"TB","playerName":"C.Bryan","statId":29,"yards":28}],"00-0021190":[{"sequence":2,"clubcode":"PIT","playerName":"A.Randle El","statId":39,"yards":0}]}}},"fds":0,"result":"Punt","penyds":0,"ydsgained":-4,"numplays":5,"postime":"2:12","start":{"qtr":3,"time":"15:00","yrdln":"TB 39","team":"TB"},"end":{"qtr":3,"time":"12:48","yrdln":"TB 35","team":"TB"}},"14":{"posteam":"PIT","qtr":3,"redzone":true,"plays":{"1949":{"sp":0,"qtr":3,"down":1,"time":"12:48","yrdln":"PIT 37","ydstogo":10,"ydsnet":17,"posteam":"PIT","desc":"(12:48) (Shotgun) R.Mendenhall left guard to TB 46 for 17 yards (Q.Black).","note":null,"players":{"0":[{"sequence":1,"clubcode":"PIT","playerName":"","statId":3,"yards":0}],"00-0025455":[{"sequence":3,"clubcode":"TB","playerName":"Q.Black","statId":79,"yards":0}],"00-0026163":[{"sequence":2,"clubcode":"PIT","playerName":"R.Mendenhall","statId":10,"yards":17}]}},"1970":{"sp":0,"qtr":3,"down":1,"time":"12:11","yrdln":"TB 46","ydstogo":10,"ydsnet":19,"posteam":"PIT","desc":"(12:11) R.Mendenhall right guard to TB 44 for 2 yards (S.Jones).","note":null,"players":{"00-0022844":[{"sequence":2,"clubcode":"TB","playerName":"S.Jones","statId":79,"yards":0}],"00-0026163":[{"sequence":1,"clubcode":"PIT","playerName":"R.Mendenhall","statId":10,"yards":2}]}},"1991":{"sp":0,"qtr":3,"down":2,"time":"11:31","yrdln":"TB 44","ydstogo":8,"ydsnet":26,"posteam":"PIT","desc":"(11:31) H.Ward left end to TB 46 for -2 yards (R.Barber). #16 lateral to #86","note":null,"players":{"0":[{"sequence":2,"clubcode":"PIT","playerName":"","statId":95,"yards":-2}],"00-0017162":[{"sequence":1,"clubcode":"PIT","playerName":"H.Ward","statId":10,"yards":-2}],"00-0000741":[{"sequence":3,"clubcode":"TB","playerName":"R.Barber","statId":79,"yards":0},{"sequence":4,"clubcode":"TB","playerName":"R.Barber","statId":120,"yards":0}]}},"2012":{"sp":0,"qtr":3,"down":3,"time":"10:48","yrdln":"TB 46","ydstogo":10,"ydsnet":26,"posteam":"PIT","desc":"(10:48) (Shotgun) C.Batch pass short middle to I.Redman to TB 37 for 9 yards (G.Hayes, C.Grimm).","note":null,"players":{"00-0027805":[{"sequence":8,"clubcode":"TB","playerName":"C.Grimm","statId":82,"yards":0}],"00-0000865":[{"sequence":2,"clubcode":"PIT","playerName":"C.Batch","statId":15,"yards":9},{"sequence":3,"clubcode":"PIT","playerName":"C.Batch","statId":111,"yards":1}],"0":[{"sequence":1,"clubcode":"PIT","playerName":"","statId":7,"yards":0}],"00-0026315":[{"sequence":7,"clubcode":"TB","playerName":"G.Hayes","statId":80,"yards":0}],"00-0026566":[{"sequence":4,"clubcode":"PIT","playerName":"I.Redman","statId":21,"yards":9},{"sequence":5,"clubcode":"PIT","playerName":"I.Redman","statId":115,"yards":0},{"sequence":6,"clubcode":"PIT","playerName":"I.Redman","statId":113,"yards":8}]}},"2040":{"sp":0,"qtr":3,"down":4,"time":"09:58","yrdln":"TB 37","ydstogo":1,"ydsnet":26,"posteam":"PIT","desc":"(9:58) I.Redman right guard to TB 37 for no gain (C.Grimm, R.Barber).","note":null,"players":{"00-0027805":[{"sequence":3,"clubcode":"TB","playerName":"C.Grimm","statId":80,"yards":0}],"0":[{"sequence":1,"clubcode":"PIT","playerName":"","statId":9,"yards":0}],"00-0000741":[{"sequence":4,"clubcode":"TB","playerName":"R.Barber","statId":82,"yards":0}],"00-0026566":[{"sequence":2,"clubcode":"PIT","playerName":"I.Redman","statId":10,"yards":0}]}}},"fds":1,"result":"Downs","penyds":0,"ydsgained":26,"numplays":5,"postime":"2:57","start":{"qtr":3,"time":"12:48","yrdln":"PIT 37","team":"PIT"},"end":{"qtr":3,"time":"09:51","yrdln":"TB 37","team":"PIT"}},"15":{"posteam":"TB","qtr":3,"redzone":true,"plays":{"2078":{"sp":0,"qtr":3,"down":1,"time":"09:51","yrdln":"TB 37","ydstogo":10,"ydsnet":5,"posteam":"TB","desc":"(9:51) J.Freeman pass short right to S.Stroughter to TB 42 for 5 yards (T.Polamalu).","note":null,"players":{"00-0026953":[{"sequence":3,"clubcode":"TB","playerName":"S.Stroughter","statId":21,"yards":5},{"sequence":4,"clubcode":"TB","playerName":"S.Stroughter","statId":115,"yards":0},{"sequence":5,"clubcode":"TB","playerName":"S.Stroughter","statId":113,"yards":2}],"00-0022119":[{"sequence":6,"clubcode":"PIT","playerName":"T.Polamalu","statId":79,"yards":0}],"00-0026993":[{"sequence":1,"clubcode":"TB","playerName":"J.Freeman","statId":15,"yards":5},{"sequence":2,"clubcode":"TB","playerName":"J.Freeman","statId":111,"yards":3}]}},"2113":{"sp":0,"qtr":3,"down":2,"time":"09:15","yrdln":"TB 42","ydstogo":5,"ydsnet":8,"posteam":"TB","desc":"(9:15) J.Freeman pass short left to E.Graham to TB 45 for 3 yards (J.Harrison, J.Farrior).","note":null,"players":{"00-0021755":[{"sequence":3,"clubcode":"TB","playerName":"E.Graham","statId":21,"yards":3},{"sequence":4,"clubcode":"TB","playerName":"E.Graham","statId":115,"yards":0},{"sequence":5,"clubcode":"TB","playerName":"E.Graham","statId":113,"yards":3}],"00-0020712":[{"sequence":6,"clubcode":"PIT","playerName":"J.Harrison","statId":80,"yards":0}],"00-0005082":[{"sequence":7,"clubcode":"PIT","playerName":"J.Farrior","statId":82,"yards":0}],"00-0026993":[{"sequence":1,"clubcode":"TB","playerName":"J.Freeman","statId":15,"yards":3},{"sequence":2,"clubcode":"TB","playerName":"J.Freeman","statId":111,"yards":0}]}},"2137":{"sp":0,"qtr":3,"down":3,"time":"08:32","yrdln":"TB 45","ydstogo":2,"ydsnet":10,"posteam":"TB","desc":"(8:32) (Shotgun) J.Freeman pass short left to M.Williams to TB 47 for 2 yards (L.Timmons).","note":null,"players":{"00-0025402":[{"sequence":8,"clubcode":"PIT","playerName":"L.Timmons","statId":79,"yards":0}],"0":[{"sequence":1,"clubcode":"TB","playerName":"","statId":4,"yards":0},{"sequence":2,"clubcode":"TB","playerName":"","statId":6,"yards":0}],"00-0027702":[{"sequence":5,"clubcode":"TB","playerName":"M.Williams","statId":21,"yards":2},{"sequence":6,"clubcode":"TB","playerName":"M.Williams","statId":115,"yards":0},{"sequence":7,"clubcode":"TB","playerName":"M.Williams","statId":113,"yards":3}],"00-0026993":[{"sequence":3,"clubcode":"TB","playerName":"J.Freeman","statId":15,"yards":2},{"sequence":4,"clubcode":"TB","playerName":"J.Freeman","statId":111,"yards":-1}]}},"2161":{"sp":0,"qtr":3,"down":1,"time":"07:44","yrdln":"TB 47","ydstogo":10,"ydsnet":1,"posteam":"TB","desc":"(7:44) J.Freeman sacked at TB 38 for -9 yards (N.Eason).","note":null,"players":{"00-0022010":[{"sequence":2,"clubcode":"PIT","playerName":"N.Eason","statId":83,"yards":-9},{"sequence":3,"clubcode":"PIT","playerName":"N.Eason","statId":110,"yards":0},{"sequence":4,"clubcode":"PIT","playerName":"N.Eason","statId":79,"yards":0},{"sequence":5,"clubcode":"PIT","playerName":"N.Eason","statId":120,"yards":0}],"00-0026993":[{"sequence":1,"clubcode":"TB","playerName":"J.Freeman","statId":20,"yards":-9}]}},"2180":{"sp":0,"qtr":3,"down":2,"time":"07:05","yrdln":"TB 38","ydstogo":19,"ydsnet":1,"posteam":"TB","desc":"(7:05) (Shotgun) J.Freeman pass incomplete short left to C.Williams (E.Hood).","note":null,"players":{"00-0027008":[{"sequence":3,"clubcode":"PIT","playerName":"E.Hood","statId":85,"yards":0}],"00-0023440":[{"sequence":2,"clubcode":"TB","playerName":"C.Williams","statId":115,"yards":0}],"00-0026993":[{"sequence":1,"clubcode":"TB","playerName":"J.Freeman","statId":14,"yards":0},{"sequence":4,"clubcode":"TB","playerName":"J.Freeman","statId":112,"yards":0}]}},"2203":{"sp":0,"qtr":3,"down":0,"time":"06:58","yrdln":"","ydstogo":0,"ydsnet":1,"posteam":"","desc":"Timeout #1 by TB at 06:58.","note":"TIMEOUT","players":{"0":[{"sequence":1,"clubcode":"TB","playerName":"","statId":68,"yards":0}]}},"2220":{"sp":0,"qtr":3,"down":3,"time":"06:58","yrdln":"TB 38","ydstogo":19,"ydsnet":1,"posteam":"TB","desc":"(6:58) (Shotgun) J.Freeman pass incomplete deep left to K.Winslow. Penalty on TB-D.Penn, Offensive Holding, declined.","note":null,"players":{"00-0022922":[{"sequence":3,"clubcode":"TB","playerName":"K.Winslow","statId":115,"yards":0}],"0":[{"sequence":1,"clubcode":"TB","playerName":"","statId":7,"yards":0}],"00-0026993":[{"sequence":2,"clubcode":"TB","playerName":"J.Freeman","statId":14,"yards":0},{"sequence":4,"clubcode":"TB","playerName":"J.Freeman","statId":112,"yards":19}]}},"2253":{"sp":0,"qtr":3,"down":4,"time":"06:53","yrdln":"TB 38","ydstogo":19,"ydsnet":1,"posteam":"TB","desc":"(6:53) (Punt formation) C.Bryan punts 36 yards to PIT 26, Center-A.Economos, fair catch by A.Randle El. PENALTY on TB-A.Hayward, Unnecessary Roughness, 15 yards, enforced at PIT 26.","note":"PUNT","players":{"00-0025569":[{"sequence":3,"clubcode":"TB","playerName":"A.Hayward","statId":93,"yards":15}],"00-0027189":[{"sequence":1,"clubcode":"TB","playerName":"C.Bryan","statId":29,"yards":36}],"00-0021190":[{"sequence":2,"clubcode":"PIT","playerName":"A.Randle El","statId":39,"yards":0}]}}},"fds":1,"result":"Punt","penyds":0,"ydsgained":1,"numplays":8,"postime":"3:07","start":{"qtr":3,"time":"09:51","yrdln":"TB 37","team":"TB"},"end":{"qtr":3,"time":"06:44","yrdln":"TB 38","team":"TB"}},"16":{"posteam":"PIT","qtr":3,"redzone":true,"plays":{"2272":{"sp":0,"qtr":3,"down":1,"time":"06:44","yrdln":"PIT 41","ydstogo":10,"ydsnet":5,"posteam":"PIT","desc":"(6:44) R.Mendenhall up the middle to PIT 46 for 5 yards (S.Jones, K.Moore).","note":null,"players":{"00-0026906":[{"sequence":3,"clubcode":"TB","playerName":"K.Moore","statId":82,"yards":0}],"00-0022844":[{"sequence":2,"clubcode":"TB","playerName":"S.Jones","statId":80,"yards":0}],"00-0026163":[{"sequence":1,"clubcode":"PIT","playerName":"R.Mendenhall","statId":10,"yards":5}]}},"2305":{"sp":0,"qtr":3,"down":2,"time":"06:00","yrdln":"PIT 46","ydstogo":5,"ydsnet":9,"posteam":"PIT","desc":"(6:00) I.Redman right guard to 50 for 4 yards (R.Barber, B.Ruud).","note":null,"players":{"00-0023471":[{"sequence":3,"clubcode":"TB","playerName":"B.Ruud","statId":82,"yards":0}],"00-0000741":[{"sequence":2,"clubcode":"TB","playerName":"R.Barber","statId":80,"yards":0}],"00-0026566":[{"sequence":1,"clubcode":"PIT","playerName":"I.Redman","statId":10,"yards":4}]}},"2326":{"sp":0,"qtr":3,"down":3,"time":"05:19","yrdln":"50","ydstogo":1,"ydsnet":11,"posteam":"PIT","desc":"(5:19) C.Batch up the middle to TB 48 for 2 yards (G.Hayes).","note":null,"players":{"00-0000865":[{"sequence":3,"clubcode":"PIT","playerName":"C.Batch","statId":10,"yards":2}],"0":[{"sequence":1,"clubcode":"PIT","playerName":"","statId":3,"yards":0},{"sequence":2,"clubcode":"PIT","playerName":"","statId":6,"yards":0}],"00-0026315":[{"sequence":4,"clubcode":"TB","playerName":"G.Hayes","statId":79,"yards":0}]}},"2347":{"sp":0,"qtr":3,"down":1,"time":"04:35","yrdln":"TB 48","ydstogo":10,"ydsnet":45,"posteam":"PIT","desc":"(4:35) R.Mendenhall right tackle pushed ob at TB 14 for 34 yards (C.Grimm).","note":null,"players":{"00-0027805":[{"sequence":3,"clubcode":"TB","playerName":"C.Grimm","statId":79,"yards":0}],"0":[{"sequence":1,"clubcode":"PIT","playerName":"","statId":3,"yards":0}],"00-0026163":[{"sequence":2,"clubcode":"PIT","playerName":"R.Mendenhall","statId":10,"yards":34}]}},"2368":{"sp":0,"qtr":3,"down":1,"time":"04:04","yrdln":"TB 14","ydstogo":10,"ydsnet":48,"posteam":"PIT","desc":"(4:04) R.Mendenhall right tackle to TB 11 for 3 yards (R.Barber, B.Ruud).","note":null,"players":{"00-0023471":[{"sequence":3,"clubcode":"TB","playerName":"B.Ruud","statId":82,"yards":0}],"00-0000741":[{"sequence":2,"clubcode":"TB","playerName":"R.Barber","statId":80,"yards":0}],"00-0026163":[{"sequence":1,"clubcode":"PIT","playerName":"R.Mendenhall","statId":10,"yards":3}]}},"2389":{"sp":0,"qtr":3,"down":2,"time":"03:23","yrdln":"TB 11","ydstogo":7,"ydsnet":53,"posteam":"PIT","desc":"(3:23) R.Mendenhall left tackle to TB 6 for 5 yards (Q.Black).","note":null,"players":{"00-0025455":[{"sequence":2,"clubcode":"TB","playerName":"Q.Black","statId":79,"yards":0}],"00-0026163":[{"sequence":1,"clubcode":"PIT","playerName":"R.Mendenhall","statId":10,"yards":5}]}},"2410":{"sp":0,"qtr":3,"down":3,"time":"02:37","yrdln":"TB 6","ydstogo":2,"ydsnet":53,"posteam":"PIT","desc":"(2:37) C.Batch pass incomplete short middle to D.Johnson.","note":null,"players":{"00-0000865":[{"sequence":2,"clubcode":"PIT","playerName":"C.Batch","statId":14,"yards":0},{"sequence":4,"clubcode":"PIT","playerName":"C.Batch","statId":112,"yards":6}],"0":[{"sequence":1,"clubcode":"PIT","playerName":"","statId":7,"yards":0}],"00-0026957":[{"sequence":3,"clubcode":"PIT","playerName":"D.Johnson","statId":115,"yards":0}]}},"2432":{"sp":1,"qtr":3,"down":4,"time":"02:28","yrdln":"TB 6","ydstogo":2,"ydsnet":53,"posteam":"PIT","desc":"(2:28) (Field Goal formation) J.Reed 24 yard field goal is GOOD, Center-G.Warren, Holder-D.Sepulveda.","note":"FG","players":{"00-0020737":[{"sequence":1,"clubcode":"PIT","playerName":"J.Reed","statId":70,"yards":24}]}}},"fds":2,"result":"Field Goal","penyds":0,"ydsgained":53,"numplays":8,"postime":"4:21","start":{"qtr":3,"time":"06:44","yrdln":"PIT 41","team":"PIT"},"end":{"qtr":3,"time":"02:23","yrdln":"TB 6","team":"PIT"}},"17":{"posteam":"TB","qtr":4,"redzone":true,"plays":{"2451":{"sp":0,"qtr":3,"down":0,"time":"02:23","yrdln":"PIT 30","ydstogo":0,"ydsnet":0,"posteam":"PIT","desc":"J.Reed kicks 77 yards from PIT 30 to TB -7. P.Parker, Touchback.","note":"KICKOFF","players":{"00-0020737":[{"sequence":1,"clubcode":"PIT","playerName":"J.Reed","statId":44,"yards":70}],"0":[{"sequence":2,"clubcode":"TB","playerName":"","statId":51,"yards":0}]}},"2482":{"sp":0,"qtr":3,"down":1,"time":"02:15","yrdln":"TB 20","ydstogo":10,"ydsnet":17,"posteam":"TB","desc":"(2:15) J.Freeman pass short right to S.Stroughter to TB 25 for 5 yards (T.Polamalu).","note":null,"players":{"00-0026953":[{"sequence":3,"clubcode":"TB","playerName":"S.Stroughter","statId":21,"yards":5},{"sequence":4,"clubcode":"TB","playerName":"S.Stroughter","statId":115,"yards":0},{"sequence":5,"clubcode":"TB","playerName":"S.Stroughter","statId":113,"yards":3}],"00-0022119":[{"sequence":6,"clubcode":"PIT","playerName":"T.Polamalu","statId":79,"yards":0}],"00-0026993":[{"sequence":1,"clubcode":"TB","playerName":"J.Freeman","statId":15,"yards":5},{"sequence":2,"clubcode":"TB","playerName":"J.Freeman","statId":111,"yards":2}]}},"2491":{"sp":0,"qtr":3,"down":2,"time":"01:45","yrdln":"TB 25","ydstogo":5,"ydsnet":4,"posteam":"TB","desc":"(1:45) J.Freeman pass short left to K.Winslow to TB 29 for 4 yards (W.Gay).","note":null,"players":{"00-0025557":[{"sequence":6,"clubcode":"PIT","playerName":"W.Gay","statId":79,"yards":0}],"00-0022922":[{"sequence":3,"clubcode":"TB","playerName":"K.Winslow","statId":21,"yards":4},{"sequence":4,"clubcode":"TB","playerName":"K.Winslow","statId":115,"yards":0},{"sequence":5,"clubcode":"TB","playerName":"K.Winslow","statId":113,"yards":3}],"00-0026993":[{"sequence":1,"clubcode":"TB","playerName":"J.Freeman","statId":15,"yards":4},{"sequence":2,"clubcode":"TB","playerName":"J.Freeman","statId":111,"yards":1}]}},"2521":{"sp":0,"qtr":3,"down":3,"time":"01:20","yrdln":"TB 29","ydstogo":1,"ydsnet":12,"posteam":"TB","desc":"(1:20) C.Williams right guard to TB 37 for 8 yards (R.Clark).","note":null,"players":{"0":[{"sequence":1,"clubcode":"TB","playerName":"","statId":3,"yards":0},{"sequence":2,"clubcode":"TB","playerName":"","statId":6,"yards":0}],"00-0020840":[{"sequence":4,"clubcode":"PIT","playerName":"R.Clark","statId":79,"yards":0}],"00-0023440":[{"sequence":3,"clubcode":"TB","playerName":"C.Williams","statId":10,"yards":8}]}},"2559":{"sp":0,"qtr":3,"down":1,"time":"00:41","yrdln":"TB 37","ydstogo":10,"ydsnet":63,"posteam":"TB","desc":"(:41) (Shotgun) J.Freeman pass short right to E.Graham to PIT 17 for 46 yards (R.Mundy).","note":null,"players":{"00-0021755":[{"sequence":4,"clubcode":"TB","playerName":"E.Graham","statId":21,"yards":46},{"sequence":5,"clubcode":"TB","playerName":"E.Graham","statId":115,"yards":0},{"sequence":6,"clubcode":"TB","playerName":"E.Graham","statId":113,"yards":49}],"00-0026334":[{"sequence":7,"clubcode":"PIT","playerName":"R.Mundy","statId":79,"yards":0}],"0":[{"sequence":1,"clubcode":"TB","playerName":"","statId":4,"yards":0}],"00-0026993":[{"sequence":2,"clubcode":"TB","playerName":"J.Freeman","statId":15,"yards":46},{"sequence":3,"clubcode":"TB","playerName":"J.Freeman","statId":111,"yards":-3}]}},"2589":{"sp":0,"qtr":3,"down":0,"time":"","yrdln":"","ydstogo":0,"ydsnet":63,"posteam":"","desc":"END QUARTER 3","note":null,"players":{}},"2605":{"sp":1,"qtr":4,"down":1,"time":"15:00","yrdln":"PIT 17","ydstogo":10,"ydsnet":63,"posteam":"TB","desc":"(15:00) (Shotgun) J.Freeman pass short left intended for S.Stroughter INTERCEPTED by B.Keisel at PIT 21. B.Keisel for 79 yards, TOUCHDOWN.","note":"TD","players":{"00-0026953":[{"sequence":2,"clubcode":"TB","playerName":"S.Stroughter","statId":115,"yards":0}],"00-0021344":[{"sequence":4,"clubcode":"PIT","playerName":"B.Keisel","statId":26,"yards":79},{"sequence":5,"clubcode":"PIT","playerName":"B.Keisel","statId":85,"yards":0}],"00-0026993":[{"sequence":1,"clubcode":"TB","playerName":"J.Freeman","statId":19,"yards":0},{"sequence":3,"clubcode":"TB","playerName":"J.Freeman","statId":112,"yards":-4}]}}},"fds":2,"result":"Interception","penyds":0,"ydsgained":63,"numplays":7,"postime":"2:39","start":{"qtr":3,"time":"02:23","yrdln":"TB 20","team":"TB"},"end":{"qtr":3,"time":"14:44","yrdln":"PIT 17","team":"TB"}},"18":{"posteam":"TB","qtr":4,"redzone":true,"plays":{"2643":{"sp":0,"qtr":4,"down":0,"time":"14:44","yrdln":"PIT 30","ydstogo":0,"ydsnet":0,"posteam":"PIT","desc":"J.Reed kicks 62 yards from PIT 30 to TB 8. P.Parker to TB 23 for 15 yards (K.Fox).","note":"KICKOFF","players":{"00-0027450":[{"sequence":2,"clubcode":"TB","playerName":"P.Parker","statId":45,"yards":15}],"00-0020737":[{"sequence":1,"clubcode":"PIT","playerName":"J.Reed","statId":41,"yards":62}],"00-0022697":[{"sequence":3,"clubcode":"PIT","playerName":"K.Fox","statId":79,"yards":0}]}},"2665":{"sp":0,"qtr":4,"down":1,"time":"14:38","yrdln":"TB 23","ydstogo":10,"ydsnet":5,"posteam":"TB","desc":"(14:38) (Shotgun) J.Freeman pass short right to C.Williams to TB 28 for 5 yards (K.Fox).","note":null,"players":{"00-0022697":[{"sequence":6,"clubcode":"PIT","playerName":"K.Fox","statId":79,"yards":0}],"00-0023440":[{"sequence":3,"clubcode":"TB","playerName":"C.Williams","statId":21,"yards":5},{"sequence":4,"clubcode":"TB","playerName":"C.Williams","statId":115,"yards":0},{"sequence":5,"clubcode":"TB","playerName":"C.Williams","statId":113,"yards":3}],"00-0026993":[{"sequence":1,"clubcode":"TB","playerName":"J.Freeman","statId":15,"yards":5},{"sequence":2,"clubcode":"TB","playerName":"J.Freeman","statId":111,"yards":2}]}},"2689":{"sp":0,"qtr":4,"down":2,"time":"14:12","yrdln":"TB 28","ydstogo":5,"ydsnet":10,"posteam":"TB","desc":"(14:12) (Shotgun) J.Freeman pass short middle to C.Williams to TB 33 for 5 yards (L.Foote).","note":null,"players":{"0":[{"sequence":1,"clubcode":"TB","playerName":"","statId":4,"yards":0}],"00-0021246":[{"sequence":7,"clubcode":"PIT","playerName":"L.Foote","statId":79,"yards":0}],"00-0023440":[{"sequence":4,"clubcode":"TB","playerName":"C.Williams","statId":21,"yards":5},{"sequence":5,"clubcode":"TB","playerName":"C.Williams","statId":115,"yards":0},{"sequence":6,"clubcode":"TB","playerName":"C.Williams","statId":113,"yards":3}],"00-0026993":[{"sequence":2,"clubcode":"TB","playerName":"J.Freeman","statId":15,"yards":5},{"sequence":3,"clubcode":"TB","playerName":"J.Freeman","statId":111,"yards":2}]}},"2713":{"sp":0,"qtr":4,"down":1,"time":"13:48","yrdln":"TB 33","ydstogo":10,"ydsnet":20,"posteam":"TB","desc":"(13:48) (Shotgun) J.Freeman pass short middle to C.Williams to TB 43 for 10 yards (L.Foote).","note":null,"players":{"0":[{"sequence":1,"clubcode":"TB","playerName":"","statId":4,"yards":0}],"00-0021246":[{"sequence":7,"clubcode":"PIT","playerName":"L.Foote","statId":79,"yards":0}],"00-0023440":[{"sequence":4,"clubcode":"TB","playerName":"C.Williams","statId":21,"yards":10},{"sequence":5,"clubcode":"TB","playerName":"C.Williams","statId":115,"yards":0},{"sequence":6,"clubcode":"TB","playerName":"C.Williams","statId":113,"yards":8}],"00-0026993":[{"sequence":2,"clubcode":"TB","playerName":"J.Freeman","statId":15,"yards":10},{"sequence":3,"clubcode":"TB","playerName":"J.Freeman","statId":111,"yards":2}]}},"2737":{"sp":0,"qtr":4,"down":1,"time":"13:25","yrdln":"TB 43","ydstogo":10,"ydsnet":25,"posteam":"TB","desc":"(13:25) (Shotgun) J.Freeman pass short middle to E.Graham to TB 48 for 5 yards (R.Clark, L.Foote).","note":null,"players":{"00-0021755":[{"sequence":3,"clubcode":"TB","playerName":"E.Graham","statId":21,"yards":5},{"sequence":4,"clubcode":"TB","playerName":"E.Graham","statId":115,"yards":0},{"sequence":5,"clubcode":"TB","playerName":"E.Graham","statId":113,"yards":3}],"00-0020840":[{"sequence":6,"clubcode":"PIT","playerName":"R.Clark","statId":80,"yards":0}],"00-0021246":[{"sequence":7,"clubcode":"PIT","playerName":"L.Foote","statId":82,"yards":0}],"00-0026993":[{"sequence":1,"clubcode":"TB","playerName":"J.Freeman","statId":15,"yards":5},{"sequence":2,"clubcode":"TB","playerName":"J.Freeman","statId":111,"yards":2}]}},"2761":{"sp":0,"qtr":4,"down":2,"time":"13:00","yrdln":"TB 48","ydstogo":5,"ydsnet":34,"posteam":"TB","desc":"(13:00) (Shotgun) E.Graham right guard to PIT 43 for 9 yards (R.Mundy).","note":null,"players":{"00-0021755":[{"sequence":2,"clubcode":"TB","playerName":"E.Graham","statId":10,"yards":9}],"00-0026334":[{"sequence":3,"clubcode":"PIT","playerName":"R.Mundy","statId":79,"yards":0}],"0":[{"sequence":1,"clubcode":"TB","playerName":"","statId":3,"yards":0}]}},"2782":{"sp":0,"qtr":4,"down":1,"time":"12:34","yrdln":"PIT 43","ydstogo":10,"ydsnet":34,"posteam":"TB","desc":"(12:34) (Shotgun) J.Freeman pass incomplete short right to M.Spurlock (B.McFadden).","note":null,"players":{"00-0023497":[{"sequence":3,"clubcode":"PIT","playerName":"B.McFadden","statId":85,"yards":0}],"00-0023968":[{"sequence":2,"clubcode":"TB","playerName":"M.Spurlock","statId":115,"yards":0}],"00-0026993":[{"sequence":1,"clubcode":"TB","playerName":"J.Freeman","statId":14,"yards":0},{"sequence":4,"clubcode":"TB","playerName":"J.Freeman","statId":112,"yards":13}]}},"2804":{"sp":0,"qtr":4,"down":2,"time":"12:26","yrdln":"PIT 43","ydstogo":10,"ydsnet":34,"posteam":"TB","desc":"(12:26) (Shotgun) J.Freeman pass incomplete short right.","note":null,"players":{"00-0026993":[{"sequence":1,"clubcode":"TB","playerName":"J.Freeman","statId":14,"yards":0},{"sequence":2,"clubcode":"TB","playerName":"J.Freeman","statId":112,"yards":0}]}},"2826":{"sp":0,"qtr":4,"down":3,"time":"12:20","yrdln":"PIT 43","ydstogo":10,"ydsnet":41,"posteam":"TB","desc":"(12:20) (Shotgun) J.Freeman pass short right to K.Winslow to PIT 36 for 7 yards (K.Fox).","note":null,"players":{"00-0022697":[{"sequence":7,"clubcode":"PIT","playerName":"K.Fox","statId":79,"yards":0}],"00-0022922":[{"sequence":4,"clubcode":"TB","playerName":"K.Winslow","statId":21,"yards":7},{"sequence":5,"clubcode":"TB","playerName":"K.Winslow","statId":115,"yards":0},{"sequence":6,"clubcode":"TB","playerName":"K.Winslow","statId":113,"yards":2}],"0":[{"sequence":1,"clubcode":"TB","playerName":"","statId":7,"yards":0}],"00-0026993":[{"sequence":2,"clubcode":"TB","playerName":"J.Freeman","statId":15,"yards":7},{"sequence":3,"clubcode":"TB","playerName":"J.Freeman","statId":111,"yards":5}]}},"2850":{"sp":0,"qtr":4,"down":4,"time":"11:45","yrdln":"PIT 36","ydstogo":3,"ydsnet":41,"posteam":"TB","desc":"(11:45) (Punt formation) C.Bryan punts 32 yards to PIT 4, Center-A.Economos, out of bounds.","note":"PUNT","players":{"00-0027189":[{"sequence":1,"clubcode":"TB","playerName":"C.Bryan","statId":29,"yards":32},{"sequence":2,"clubcode":"TB","playerName":"C.Bryan","statId":30,"yards":0}],"0":[{"sequence":3,"clubcode":"PIT","playerName":"","statId":37,"yards":0}]}}},"fds":3,"result":"Punt","penyds":0,"ydsgained":41,"numplays":10,"postime":"3:09","start":{"qtr":4,"time":"14:44","yrdln":"TB 23","team":"TB"},"end":{"qtr":4,"time":"11:35","yrdln":"PIT 36","team":"TB"}},"19":{"posteam":"PIT","qtr":4,"redzone":true,"plays":{"2868":{"sp":0,"qtr":4,"down":1,"time":"11:35","yrdln":"PIT 4","ydstogo":10,"ydsnet":5,"posteam":"PIT","desc":"(11:35) R.Mendenhall right guard to PIT 9 for 5 yards (R.Barber).","note":null,"players":{"00-0000741":[{"sequence":2,"clubcode":"TB","playerName":"R.Barber","statId":79,"yards":0}],"00-0026163":[{"sequence":1,"clubcode":"PIT","playerName":"R.Mendenhall","statId":10,"yards":5}]}},"2889":{"sp":0,"qtr":4,"down":2,"time":"10:52","yrdln":"PIT 9","ydstogo":5,"ydsnet":15,"posteam":"PIT","desc":"(10:52) R.Mendenhall left end to PIT 19 for 10 yards (C.Grimm).","note":null,"players":{"00-0027805":[{"sequence":3,"clubcode":"TB","playerName":"C.Grimm","statId":79,"yards":0}],"0":[{"sequence":1,"clubcode":"PIT","playerName":"","statId":3,"yards":0}],"00-0026163":[{"sequence":2,"clubcode":"PIT","playerName":"R.Mendenhall","statId":10,"yards":10}]}},"2910":{"sp":0,"qtr":4,"down":1,"time":"10:03","yrdln":"PIT 19","ydstogo":10,"ydsnet":24,"posteam":"PIT","desc":"(10:03) I.Redman left tackle to PIT 28 for 9 yards (B.Ruud).","note":null,"players":{"00-0023471":[{"sequence":2,"clubcode":"TB","playerName":"B.Ruud","statId":79,"yards":0}],"00-0026566":[{"sequence":1,"clubcode":"PIT","playerName":"I.Redman","statId":10,"yards":9}]}},"2931":{"sp":0,"qtr":4,"down":2,"time":"09:17","yrdln":"PIT 28","ydstogo":1,"ydsnet":40,"posteam":"PIT","desc":"(9:17) I.Redman up the middle to PIT 44 for 16 yards (R.Barber).","note":null,"players":{"0":[{"sequence":1,"clubcode":"PIT","playerName":"","statId":3,"yards":0}],"00-0000741":[{"sequence":3,"clubcode":"TB","playerName":"R.Barber","statId":79,"yards":0}],"00-0026566":[{"sequence":2,"clubcode":"PIT","playerName":"I.Redman","statId":10,"yards":16}]}},"2952":{"sp":0,"qtr":4,"down":1,"time":"08:28","yrdln":"PIT 44","ydstogo":10,"ydsnet":58,"posteam":"PIT","desc":"(8:28) R.Mendenhall up the middle to TB 38 for 18 yards (R.Barber).","note":null,"players":{"0":[{"sequence":1,"clubcode":"PIT","playerName":"","statId":3,"yards":0}],"00-0000741":[{"sequence":3,"clubcode":"TB","playerName":"R.Barber","statId":79,"yards":0}],"00-0026163":[{"sequence":2,"clubcode":"PIT","playerName":"R.Mendenhall","statId":10,"yards":18}]}},"2973":{"sp":0,"qtr":4,"down":0,"time":"07:38","yrdln":"","ydstogo":0,"ydsnet":58,"posteam":"","desc":"Timeout #1 by PIT at 07:38.","note":"TIMEOUT","players":{"0":[{"sequence":1,"clubcode":"PIT","playerName":"","statId":68,"yards":0}]}},"2990":{"sp":0,"qtr":4,"down":1,"time":"07:38","yrdln":"TB 38","ydstogo":10,"ydsnet":60,"posteam":"PIT","desc":"(7:38) I.Redman right guard to TB 36 for 2 yards (G.Hayes).","note":null,"players":{"00-0026315":[{"sequence":2,"clubcode":"TB","playerName":"G.Hayes","statId":79,"yards":0}],"00-0026566":[{"sequence":1,"clubcode":"PIT","playerName":"I.Redman","statId":10,"yards":2}]}},"3011":{"sp":0,"qtr":4,"down":2,"time":"06:57","yrdln":"TB 36","ydstogo":8,"ydsnet":64,"posteam":"PIT","desc":"(6:57) R.Mendenhall left end to TB 32 for 4 yards (Q.Black).","note":null,"players":{"00-0025455":[{"sequence":2,"clubcode":"TB","playerName":"Q.Black","statId":79,"yards":0}],"00-0026163":[{"sequence":1,"clubcode":"PIT","playerName":"R.Mendenhall","statId":10,"yards":4}]}},"3032":{"sp":0,"qtr":4,"down":3,"time":"06:10","yrdln":"TB 32","ydstogo":4,"ydsnet":64,"posteam":"PIT","desc":"(6:10) (Shotgun) C.Batch pass short middle intended for M.Moore INTERCEPTED by Q.Black at TB 28. Q.Black to TB 32 for 4 yards (M.Moore).","note":"INT","players":{"00-0022217":[{"sequence":3,"clubcode":"PIT","playerName":"M.Moore","statId":115,"yards":0},{"sequence":7,"clubcode":"PIT","playerName":"M.Moore","statId":79,"yards":0}],"00-0000865":[{"sequence":2,"clubcode":"PIT","playerName":"C.Batch","statId":19,"yards":0},{"sequence":4,"clubcode":"PIT","playerName":"C.Batch","statId":112,"yards":4}],"0":[{"sequence":1,"clubcode":"PIT","playerName":"","statId":7,"yards":0}],"00-0025455":[{"sequence":5,"clubcode":"TB","playerName":"Q.Black","statId":25,"yards":4},{"sequence":6,"clubcode":"TB","playerName":"Q.Black","statId":85,"yards":0}]}}},"fds":3,"result":"Interception","penyds":0,"ydsgained":64,"numplays":9,"postime":"5:32","start":{"qtr":4,"time":"11:35","yrdln":"PIT 4","team":"PIT"},"end":{"qtr":4,"time":"06:03","yrdln":"TB 32","team":"PIT"}},"20":{"posteam":"TB","qtr":4,"redzone":true,"plays":{"3058":{"sp":0,"qtr":4,"down":1,"time":"06:03","yrdln":"TB 32","ydstogo":10,"ydsnet":13,"posteam":"TB","desc":"(6:03) (Shotgun) J.Johnson scrambles right end to TB 39 for 7 yards (C.Hoke).","note":null,"players":{"00-0019940":[{"sequence":2,"clubcode":"PIT","playerName":"C.Hoke","statId":79,"yards":0}],"00-0026300":[{"sequence":1,"clubcode":"TB","playerName":"J.Johnson","statId":10,"yards":7}]}},"3079":{"sp":0,"qtr":4,"down":2,"time":"05:42","yrdln":"TB 39","ydstogo":3,"ydsnet":23,"posteam":"TB","desc":"(5:42) (No Huddle) J.Johnson pass short right to A.Benn to PIT 48 for 13 yards (B.McFadden).","note":null,"players":{"00-0023497":[{"sequence":7,"clubcode":"PIT","playerName":"B.McFadden","statId":79,"yards":0}],"00-0027654":[{"sequence":4,"clubcode":"TB","playerName":"A.Benn","statId":21,"yards":13},{"sequence":5,"clubcode":"TB","playerName":"A.Benn","statId":115,"yards":0},{"sequence":6,"clubcode":"TB","playerName":"A.Benn","statId":113,"yards":0}],"00-0026300":[{"sequence":2,"clubcode":"TB","playerName":"J.Johnson","statId":15,"yards":13},{"sequence":3,"clubcode":"TB","playerName":"J.Johnson","statId":111,"yards":13}],"0":[{"sequence":1,"clubcode":"TB","playerName":"","statId":4,"yards":0}]}},"3103":{"sp":0,"qtr":4,"down":1,"time":"05:18","yrdln":"PIT 48","ydstogo":10,"ydsnet":13,"posteam":"TB","desc":"(5:18) J.Johnson sacked at TB 45 for -7 yards (J.Worilds).","note":null,"players":{"00-0027889":[{"sequence":2,"clubcode":"PIT","playerName":"J.Worilds","statId":83,"yards":-7},{"sequence":3,"clubcode":"PIT","playerName":"J.Worilds","statId":110,"yards":0},{"sequence":4,"clubcode":"PIT","playerName":"J.Worilds","statId":79,"yards":0},{"sequence":5,"clubcode":"PIT","playerName":"J.Worilds","statId":120,"yards":0}],"00-0026300":[{"sequence":1,"clubcode":"TB","playerName":"J.Johnson","statId":20,"yards":-7}]}},"3122":{"sp":0,"qtr":4,"down":2,"time":"04:57","yrdln":"TB 45","ydstogo":17,"ydsnet":23,"posteam":"TB","desc":"(4:57) J.Johnson pass short right to A.Benn to PIT 45 for 10 yards (B.McFadden).","note":null,"players":{"00-0023497":[{"sequence":6,"clubcode":"PIT","playerName":"B.McFadden","statId":79,"yards":0}],"00-0027654":[{"sequence":3,"clubcode":"TB","playerName":"A.Benn","statId":21,"yards":10},{"sequence":4,"clubcode":"TB","playerName":"A.Benn","statId":115,"yards":0},{"sequence":5,"clubcode":"TB","playerName":"A.Benn","statId":113,"yards":0}],"00-0026300":[{"sequence":1,"clubcode":"TB","playerName":"J.Johnson","statId":15,"yards":10},{"sequence":2,"clubcode":"TB","playerName":"J.Johnson","statId":111,"yards":10}]}},"3146":{"sp":0,"qtr":4,"down":3,"time":"04:31","yrdln":"PIT 45","ydstogo":7,"ydsnet":-2,"posteam":"TB","desc":"(4:31) (Shotgun) J.Johnson scrambles up the middle to PIT 44 for 1 yard (A.Smith, L.Timmons). PENALTY on PIT, Defensive Offside, 5 yards, enforced at PIT 45 - No Play.","note":"PENALTY","players":{"0":[{"sequence":1,"clubcode":"PIT","playerName":"","statId":93,"yards":5}]}},"3178":{"sp":0,"qtr":4,"down":3,"time":"04:22","yrdln":"PIT 40","ydstogo":2,"ydsnet":60,"posteam":"TB","desc":"(4:22) (Shotgun) J.Johnson pass short middle to A.Benn to PIT 30 for 10 yards (W.Allen).","note":null,"players":{"00-0027654":[{"sequence":5,"clubcode":"TB","playerName":"A.Benn","statId":21,"yards":10},{"sequence":6,"clubcode":"TB","playerName":"A.Benn","statId":115,"yards":0},{"sequence":7,"clubcode":"TB","playerName":"A.Benn","statId":113,"yards":0}],"00-0026300":[{"sequence":3,"clubcode":"TB","playerName":"J.Johnson","statId":15,"yards":10},{"sequence":4,"clubcode":"TB","playerName":"J.Johnson","statId":111,"yards":10}],"0":[{"sequence":1,"clubcode":"TB","playerName":"","statId":4,"yards":0},{"sequence":2,"clubcode":"TB","playerName":"","statId":6,"yards":0}],"00-0022900":[{"sequence":8,"clubcode":"PIT","playerName":"W.Allen","statId":79,"yards":0}]}},"3202":{"sp":0,"qtr":4,"down":1,"time":"03:56","yrdln":"PIT 30","ydstogo":10,"ydsnet":67,"posteam":"TB","desc":"(3:56) (No Huddle) J.Johnson pass deep middle to J.Stevens to PIT 8 for 22 yards (W.Allen).","note":null,"players":{"00-0021159":[{"sequence":4,"clubcode":"TB","playerName":"J.Stevens","statId":21,"yards":22},{"sequence":5,"clubcode":"TB","playerName":"J.Stevens","statId":115,"yards":0},{"sequence":6,"clubcode":"TB","playerName":"J.Stevens","statId":113,"yards":0}],"00-0026300":[{"sequence":2,"clubcode":"TB","playerName":"J.Johnson","statId":15,"yards":22},{"sequence":3,"clubcode":"TB","playerName":"J.Johnson","statId":111,"yards":22}],"0":[{"sequence":1,"clubcode":"TB","playerName":"","statId":4,"yards":0}],"00-0022900":[{"sequence":7,"clubcode":"PIT","playerName":"W.Allen","statId":79,"yards":0}]}},"3226":{"sp":0,"qtr":4,"down":1,"time":"03:27","yrdln":"PIT 8","ydstogo":8,"ydsnet":64,"posteam":"TB","desc":"(3:27) (Shotgun) E.Graham right guard to PIT 4 for 4 yards (L.Foote).","note":null,"players":{"00-0021755":[{"sequence":1,"clubcode":"TB","playerName":"E.Graham","statId":10,"yards":4}],"00-0021246":[{"sequence":2,"clubcode":"PIT","playerName":"L.Foote","statId":79,"yards":0}]}},"3247":{"sp":0,"qtr":4,"down":2,"time":"03:02","yrdln":"PIT 4","ydstogo":4,"ydsnet":7,"posteam":"TB","desc":"(3:02) J.Johnson pass short middle to E.Graham to PIT 1 for 3 yards (L.Foote).","note":null,"players":{"00-0021755":[{"sequence":3,"clubcode":"TB","playerName":"E.Graham","statId":21,"yards":3},{"sequence":4,"clubcode":"TB","playerName":"E.Graham","statId":115,"yards":0},{"sequence":5,"clubcode":"TB","playerName":"E.Graham","statId":113,"yards":0}],"00-0026300":[{"sequence":1,"clubcode":"TB","playerName":"J.Johnson","statId":15,"yards":3},{"sequence":2,"clubcode":"TB","playerName":"J.Johnson","statId":111,"yards":3}],"00-0021246":[{"sequence":6,"clubcode":"PIT","playerName":"L.Foote","statId":79,"yards":0}]}},"3271":{"sp":0,"qtr":4,"down":0,"time":"02:15","yrdln":"","ydstogo":0,"ydsnet":67,"posteam":"","desc":"Timeout #2 by TB at 02:15.","note":"TIMEOUT","players":{"0":[{"sequence":1,"clubcode":"TB","playerName":"","statId":68,"yards":0}]}},"3288":{"sp":0,"qtr":4,"down":3,"time":"02:15","yrdln":"PIT 1","ydstogo":1,"ydsnet":67,"posteam":"TB","desc":"(2:15) L.Blount up the middle to PIT 1 for no gain (R.Mundy, K.Fox).","note":null,"players":{"00-0026334":[{"sequence":3,"clubcode":"PIT","playerName":"R.Mundy","statId":80,"yards":0}],"00-0027325":[{"sequence":2,"clubcode":"TB","playerName":"L.Blount","statId":10,"yards":0}],"00-0022697":[{"sequence":4,"clubcode":"PIT","playerName":"K.Fox","statId":82,"yards":0}],"0":[{"sequence":1,"clubcode":"TB","playerName":"","statId":7,"yards":0}]}},"3309":{"sp":0,"qtr":4,"down":0,"time":"02:00","yrdln":"","ydstogo":0,"ydsnet":67,"posteam":"","desc":"Two-Minute Warning","note":null,"players":{}},"3326":{"sp":1,"qtr":4,"down":4,"time":"02:00","yrdln":"PIT 1","ydstogo":1,"ydsnet":68,"posteam":"TB","desc":"(2:00) L.Blount left guard for 1 yard, TOUCHDOWN. PENALTY on TB-D.Penn, Unsportsmanlike Conduct, 15 yards, enforced between downs.","note":"TD","players":{"00-0027325":[{"sequence":3,"clubcode":"TB","playerName":"L.Blount","statId":11,"yards":1}],"00-0023894":[{"sequence":4,"clubcode":"TB","playerName":"D.Penn","statId":93,"yards":15}],"0":[{"sequence":1,"clubcode":"TB","playerName":"","statId":3,"yards":0},{"sequence":2,"clubcode":"TB","playerName":"","statId":8,"yards":0}]}},"3343":{"sp":1,"qtr":4,"down":0,"time":"01:54","yrdln":"PIT 2","ydstogo":0,"ydsnet":68,"posteam":"TB","desc":"C.Barth extra point is GOOD, Center-A.Economos, Holder-C.Bryan.","note":"XP","players":{"00-0026138":[{"sequence":1,"clubcode":"TB","playerName":"C.Barth","statId":72,"yards":0}]}}},"fds":4,"result":"Touchdown","penyds":5,"ydsgained":63,"numplays":14,"postime":"4:09","start":{"qtr":4,"time":"06:03","yrdln":"TB 32","team":"TB"},"end":{"qtr":4,"time":"01:54","yrdln":"PIT 1","team":"TB"}},"21":{"posteam":"PIT","qtr":4,"redzone":true,"plays":{"3370":{"sp":0,"qtr":4,"down":0,"time":"01:54","yrdln":"TB 15","ydstogo":0,"ydsnet":0,"posteam":"TB","desc":"C.Barth kicks 60 yards from TB 15 to PIT 25. A.Brown ran ob at PIT 48 for 23 yards. Penalty on PIT, Defensive Offside, declined.","note":"KICKOFF","players":{"00-0026138":[{"sequence":1,"clubcode":"TB","playerName":"C.Barth","statId":41,"yards":60}],"00-0027793":[{"sequence":2,"clubcode":"PIT","playerName":"A.Brown","statId":45,"yards":23}]}},"3429":{"sp":0,"qtr":4,"down":1,"time":"01:31","yrdln":"PIT 48","ydstogo":10,"ydsnet":4,"posteam":"PIT","desc":"(1:31) C.Batch kneels to PIT 48 for no gain.","note":null,"players":{"00-0000865":[{"sequence":1,"clubcode":"PIT","playerName":"C.Batch","statId":10,"yards":0}]}},"3450":{"sp":0,"qtr":4,"down":2,"time":"01:05","yrdln":"PIT 48","ydstogo":10,"ydsnet":4,"posteam":"PIT","desc":"(1:05) C.Batch kneels to PIT 48 for no gain.","note":null,"players":{"00-0000865":[{"sequence":1,"clubcode":"PIT","playerName":"C.Batch","statId":10,"yards":0}]}},"3471":{"sp":0,"qtr":4,"down":3,"time":"00:28","yrdln":"PIT 48","ydstogo":10,"ydsnet":0,"posteam":"PIT","desc":"(:28) C.Batch kneels to PIT 48 for no gain.","note":null,"players":{"00-0000865":[{"sequence":2,"clubcode":"PIT","playerName":"C.Batch","statId":10,"yards":0}],"0":[{"sequence":1,"clubcode":"PIT","playerName":"","statId":7,"yards":0}]}},"3492":{"sp":0,"qtr":4,"down":0,"time":"00:00","yrdln":"","ydstogo":0,"ydsnet":0,"posteam":"","desc":"END GAME","note":null,"players":{}}},"fds":0,"result":"End of Game","penyds":0,"ydsgained":0,"numplays":5,"postime":"1:54","start":{"qtr":4,"time":"01:54","yrdln":"PIT 48","team":"PIT"},"end":{"qtr":4,"time":"00:00","yrdln":"","team":"PIT"}},"crntdrv":21},"scrsummary":{"174":{"type":"FG","desc":"C.Barth 40 yd. Field Goal Drive: 4 plays, 9 yards in 1:58","qtr":1,"team":"TB","players":{"C.Barth":"00-0026138"}},"411":{"type":"TD","desc":"M.Wallace 46 yd. pass from C.Batch (J.Reed kick is good) Drive: 2 plays, 45 yards in 0:53","qtr":1,"team":"PIT","players":{"":"0","C.Batch":"00-0000865","M.Wallace":"00-0026901","J.Reed":"00-0020737"}},"839":{"type":"FG","desc":"C.Barth 24 yd. Field Goal Drive: 15 plays, 74 yards in 8:45","qtr":2,"team":"TB","players":{"C.Barth":"00-0026138"}},"988":{"type":"TD","desc":"R.Mendenhall 3 yd. run (J.Reed kick is good) Drive: 6 plays, 67 yards in 3:49","qtr":2,"team":"PIT","players":{"":"0","R.Mendenhall":"00-0026163","J.Reed":"00-0020737"}},"1183":{"type":"TD","desc":"M.Wallace 41 yd. pass from C.Batch (J.Reed kick is good) Drive: 2 plays, 44 yards in 0:47","qtr":2,"team":"PIT","players":{"":"0","C.Batch":"00-0000865","M.Wallace":"00-0026901","J.Reed":"00-0020737"}},"1715":{"type":"TD","desc":"H.Ward 9 yd. pass from C.Batch (J.Reed kick is good) Drive: 11 plays, 79 yards in 4:02","qtr":2,"team":"PIT","players":{"":"0","C.Batch":"00-0000865","H.Ward":"00-0017162","J.Reed":"00-0020737"}},"2432":{"type":"FG","desc":"J.Reed 24 yd. Field Goal Drive: 8 plays, 53 yards in 4:21","qtr":3,"team":"PIT","players":{"J.Reed":"00-0020737"}},"2605":{"type":"TD","desc":"B.Keisel 79 yd. interception return (J.Reed kick is good)","qtr":4,"team":"PIT","players":{"J.Freeman":"00-0026993","S.Stroughter":"00-0026953","B.Keisel":"00-0021344","J.Reed":"00-0020737"}},"3326":{"type":"TD","desc":"L.Blount 1 yd. run (C.Barth kick is good) Drive: 10 plays, 68 yards in 4:09","qtr":4,"team":"TB","players":{"":"0","L.Blount":"00-0027325","C.Barth":"00-0026138"}}},"weather":null,"media":null,"yl":"","qtr":"Final","note":null,"down":0,"togo":0,"redzone":true,"clock":"00:28","posteam":"PIT","stadium":null},"nextupdate":253}