{"2010110706":{"home":{"score":{"1":7,"2":10,"3":10,"4":0,"5":0,"T":27},"abbr":"ATL","to":3,"stats":{"passing":{"00-0026143":{"name":"M.Ryan","att":36,"cmp":24,"yds":235,"tds":1,"ints":0,"twopta":0,"twoptm":0}},"rushing":{"00-0022821":{"name":"M.Turner","att":24,"yds":107,"tds":2,"lng":19,"lngtd":10,"twopta":0,"twoptm":0},"00-0025631":{"name":"J.Snelling","att":5,"yds":15,"tds":0,"lng":10,"lngtd":0,"twopta":0,"twoptm":0},"00-0026143":{"name":"M.Ryan","att":3,"yds":5,"tds":0,"lng":5,"lngtd":0,"twopta":0,"twoptm":0},"00-0023462":{"name":"R.White","att":1,"yds":3,"tds":0,"lng":3,"lngtd":0,"twopta":0,"twoptm":0}},"receiving":{"00-0006101":{"name":"T.Gonzalez","rec":8,"yds":72,"tds":0,"lng":16,"lngtd":0,"twopta":0,"twoptm":0},"00-0025631":{"name":"J.Snelling","rec":5,"yds":24,"tds":0,"lng":9,"lngtd":0,"twopta":0,"twoptm":0},"00-0023462":{"name":"R.White","rec":4,"yds":49,"tds":0,"lng":22,"lngtd":0,"twopta":0,"twoptm":0},"00-0005231":{"name":"B.Finneran","rec":3,"yds":24,"tds":0,"lng":14,"lngtd":0,"twopta":0,"twoptm":0},"00-0022781":{"name":"M.Jenkins","rec":2,"yds":55,"tds":0,"lng":43,"lngtd":0,"twopta":0,"twoptm":0},"00-0027202":{"name":"M.Palmer","rec":2,"yds":11,"tds":1,"lng":6,"lngtd":5,"twopta":0,"twoptm":0}},"kicking":{"00-0020578":{"name":"M.Bryant","fgm":2,"fga":2,"fgyds":41,"totpfg":6,"xpmade":3,"xpmissed":0,"xpa":3,"xpb":0,"xptot":3}},"punting":{"00-0023234":{"name":"M.Koenen","pts":3,"yds":96,"avg":32,"i20":2,"lng":34}},"kickret":{"00-0024535":{"name":"E.Weems","ret":3,"avg":23,"tds":0,"lng":34,"lngtd":0}},"puntret":{},"defense":{"00-0025496":{"name":"S.Nicholas","tkl":7,"ast":1,"sk":0,"int":0,"ffum":0},"00-0024183":{"name":"B.Grimes","tkl":5,"ast":0,"sk":0,"int":1,"ffum":0},"00-0026177":{"name":"C.Lofton","tkl":5,"ast":0,"sk":0,"int":0,"ffum":0},"00-0012871":{"name":"M.Peterson","tkl":3,"ast":2,"sk":1,"int":0,"ffum":0},"00-0027686":{"name":"C.Peters","tkl":3,"ast":0,"sk":0,"int":0,"ffum":0},"00-0026238":{"name":"T.DeCoud","tkl":3,"ast":0,"sk":0,"int":0,"ffum":0},"00-0027031":{"name":"W.Moore","tkl":1,"ast":2,"sk":0,"int":0,"ffum":0},"00-0026294":{"name":"K.Biermann","tkl":2,"ast":0,"sk":0,"int":0,"ffum":0},"00-0021229":{"name":"B.Williams","tkl":2,"ast":0,"sk":0,"int":0,"ffum":0},"00-0019546":{"name":"J.Abraham","tkl":2,"ast":0,"sk":0,"int":0,"ffum":0},"00-0023494":{"name":"J.Babineaux","tkl":1,"ast":0,"sk":0,"int":1,"ffum":0},"00-0022735":{"name":"D.Robinson","tkl":1,"ast":0,"sk":0,"int":0,"ffum":0},"00-0026942":{"name":"V.Walker","tkl":1,"ast":0,"sk":0,"int":0,"ffum":0},"00-0025395":{"name":"J.Anderson","tkl":1,"ast":0,"sk":0,"int":0,"ffum":0},"00-0027000":{"name":"P.Jerry","tkl":0,"ast":1,"sk":0,"int":0,"ffum":0}},"team":{"totfd":26,"totyds":365,"pyds":235,"ryds":130,"pen":4,"penyds":53,"trnovr":0,"pt":3,"ptyds":96,"ptavg":32,"top":"34:06"}},"players":null},"away":{"score":{"1":0,"2":14,"3":7,"4":0,"5":0,"T":21},"abbr":"TB","to":0,"stats":{"passing":{"00-0026993":{"name":"J.Freeman","att":22,"cmp":11,"yds":189,"tds":2,"ints":2,"twopta":0,"twoptm":0}},"rushing":{"00-0027325":{"name":"L.Blount","att":13,"yds":46,"tds":0,"lng":21,"lngtd":0,"twopta":0,"twoptm":0},"00-0026993":{"name":"J.Freeman","att":4,"yds":26,"tds":0,"lng":19,"lngtd":0,"twopta":0,"twoptm":0},"00-0023440":{"name":"C.Williams","att":8,"yds":13,"tds":0,"lng":7,"lngtd":0,"twopta":0,"twoptm":0},"00-0027450":{"name":"P.Parker","att":1,"yds":7,"tds":0,"lng":7,"lngtd":0,"twopta":0,"twoptm":0},"00-0027654":{"name":"A.Benn","att":1,"yds":4,"tds":0,"lng":4,"lngtd":0,"twopta":0,"twoptm":0}},"receiving":{"00-0027702":{"name":"M.Williams","rec":4,"yds":89,"tds":1,"lng":58,"lngtd":58,"twopta":0,"twoptm":0},"00-0022922":{"name":"K.Winslow","rec":3,"yds":31,"tds":0,"lng":13,"lngtd":0,"twopta":0,"twoptm":0},"00-0023968":{"name":"M.Spurlock","rec":2,"yds":46,"tds":0,"lng":43,"lngtd":0,"twopta":0,"twoptm":0},"00-0027654":{"name":"A.Benn","rec":1,"yds":14,"tds":1,"lng":14,"lngtd":14,"twopta":0,"twoptm":0},"00-0023440":{"name":"C.Williams","rec":1,"yds":9,"tds":0,"lng":9,"lngtd":0,"twopta":0,"twoptm":0}},"kicking":{"00-0026138":{"name":"C.Barth","fgm":0,"fga":0,"fgyds":0,"totpfg":0,"xpmade":3,"xpmissed":0,"xpa":3,"xpb":0,"xptot":3}},"punting":{"00-0027509":{"name":"R.Malone","pts":3,"yds":117,"avg":39,"i20":2,"lng":41}},"kickret":{"00-0023968":{"name":"M.Spurlock","ret":4,"avg":52,"tds":1,"lng":89,"lngtd":89},"00-0027450":{"name":"P.Parker","ret":1,"avg":12,"tds":0,"lng":12,"lngtd":0}},"puntret":{},"defense":{"00-0025455":{"name":"Q.Black","tkl":7,"ast":1,"sk":0,"int":0,"ffum":0},"00-0023471":{"name":"B.Ruud","tkl":6,"ast":1,"sk":0,"int":0,"ffum":0},"00-0022844":{"name":"S.Jones","tkl":4,"ast":2,"sk":0,"int":0,"ffum":0},"00-0026315":{"name":"G.Hayes","tkl":5,"ast":0,"sk":0,"int":0,"ffum":0},"00-0027805":{"name":"C.Grimm","tkl":5,"ast":0,"sk":0,"int":0,"ffum":0},"00-0000741":{"name":"R.Barber","tkl":3,"ast":2,"sk":0,"int":0,"ffum":0},"00-0021332":{"name":"S.White","tkl":4,"ast":0,"sk":0,"int":0,"ffum":0},"00-0027055":{"name":"R.Miller","tkl":3,"ast":1,"sk":0,"int":0,"ffum":0},"00-0026160":{"name":"A.Talib","tkl":3,"ast":0,"sk":0,"int":0,"ffum":0},"00-0026906":{"name":"K.Moore","tkl":2,"ast":1,"sk":0,"int":0,"ffum":0},"00-0026945":{"name":"E.Biggers","tkl":2,"ast":0,"sk":0,"int":0,"ffum":0},"00-0027812":{"name":"D.Watson","tkl":2,"ast":0,"sk":0,"int":0,"ffum":0},"00-0027856":{"name":"G.McCoy","tkl":1,"ast":1,"sk":0,"int":0,"ffum":0},"00-0025443":{"name":"T.Crowder","tkl":1,"ast":1,"sk":0,"int":0,"ffum":0},"00-0026618":{"name":"M.Bennett","tkl":1,"ast":0,"sk":0,"int":0,"ffum":0},"00-0027723":{"name":"A.Woods","tkl":1,"ast":0,"sk":0,"int":0,"ffum":0}},"team":{"totfd":14,"totyds":278,"pyds":182,"ryds":96,"pen":5,"penyds":30,"trnovr":2,"pt":3,"ptyds":117,"ptavg":39,"top":"25:54"}},"players":null},"drives":{"1":{"posteam":"ATL","qtr":1,"redzone":true,"plays":{"36":{"sp":0,"qtr":1,"down":0,"time":"15:00","yrdln":"TB 30","ydstogo":0,"ydsnet":0,"posteam":"TB","desc":"C.Barth kicks 65 yards from TB 30 to ATL 5. E.Weems to ATL 39 for 34 yards (D.Watson).","note":"KICKOFF","players":{"00-0026138":[{"sequence":1,"clubcode":"TB","playerName":"C.Barth","statId":41,"yards":65}],"00-0024535":[{"sequence":3,"clubcode":"ATL","playerName":"E.Weems","statId":45,"yards":34}],"00-0027812":[{"sequence":2,"clubcode":"TB","playerName":"D.Watson","statId":79,"yards":0}]}},"58":{"sp":0,"qtr":1,"down":1,"time":"14:52","yrdln":"ATL 39","ydstogo":10,"ydsnet":1,"posteam":"ATL","desc":"(14:52) M.Turner right guard to ATL 40 for 1 yard (S.White, Q.Black).","note":null,"players":{"00-0022821":[{"sequence":1,"clubcode":"ATL","playerName":"M.Turner","statId":10,"yards":1}],"00-0021332":[{"sequence":2,"clubcode":"TB","playerName":"S.White","statId":80,"yards":0}],"00-0025455":[{"sequence":3,"clubcode":"TB","playerName":"Q.Black","statId":82,"yards":0}]}},"79":{"sp":0,"qtr":1,"down":2,"time":"14:17","yrdln":"ATL 40","ydstogo":9,"ydsnet":4,"posteam":"ATL","desc":"(14:17) M.Turner left guard to ATL 43 for 3 yards (S.White).","note":null,"players":{"00-0022821":[{"sequence":1,"clubcode":"ATL","playerName":"M.Turner","statId":10,"yards":3}],"00-0021332":[{"sequence":2,"clubcode":"TB","playerName":"S.White","statId":79,"yards":0}]}},"100":{"sp":0,"qtr":1,"down":3,"time":"13:36","yrdln":"ATL 43","ydstogo":6,"ydsnet":19,"posteam":"ATL","desc":"(13:36) (Shotgun) M.Ryan pass short middle to T.Gonzalez to TB 42 for 15 yards (S.Jones).","note":null,"players":{"00-0026143":[{"sequence":6,"clubcode":"ATL","playerName":"M.Ryan","statId":111,"yards":12},{"sequence":7,"clubcode":"ATL","playerName":"M.Ryan","statId":15,"yards":15}],"00-0006101":[{"sequence":3,"clubcode":"ATL","playerName":"T.Gonzalez","statId":21,"yards":15},{"sequence":4,"clubcode":"ATL","playerName":"T.Gonzalez","statId":113,"yards":3},{"sequence":8,"clubcode":"ATL","playerName":"T.Gonzalez","statId":115,"yards":0}],"0":[{"sequence":1,"clubcode":"ATL","playerName":null,"statId":6,"yards":0},{"sequence":2,"clubcode":"ATL","playerName":null,"statId":4,"yards":0}],"00-0022844":[{"sequence":5,"clubcode":"TB","playerName":"S.Jones","statId":79,"yards":0}]}},"124":{"sp":0,"qtr":1,"down":1,"time":"12:57","yrdln":"TB 42","ydstogo":10,"ydsnet":26,"posteam":"ATL","desc":"(12:57) M.Ryan pass short right to R.White to TB 35 for 7 yards (G.Hayes).","note":null,"players":{"00-0026143":[{"sequence":1,"clubcode":"ATL","playerName":"M.Ryan","statId":111,"yards":7},{"sequence":3,"clubcode":"ATL","playerName":"M.Ryan","statId":15,"yards":7}],"00-0026315":[{"sequence":6,"clubcode":"TB","playerName":"G.Hayes","statId":79,"yards":0}],"00-0023462":[{"sequence":2,"clubcode":"ATL","playerName":"R.White","statId":113,"yards":0},{"sequence":4,"clubcode":"ATL","playerName":"R.White","statId":21,"yards":7},{"sequence":5,"clubcode":"ATL","playerName":"R.White","statId":115,"yards":0}]}},"148":{"sp":0,"qtr":1,"down":2,"time":"12:21","yrdln":"TB 35","ydstogo":3,"ydsnet":27,"posteam":"ATL","desc":"(12:21) M.Turner right tackle to TB 34 for 1 yard (R.Miller, G.McCoy).","note":null,"players":{"00-0022821":[{"sequence":3,"clubcode":"ATL","playerName":"M.Turner","statId":10,"yards":1}],"00-0027856":[{"sequence":1,"clubcode":"TB","playerName":"G.McCoy","statId":82,"yards":0}],"00-0027055":[{"sequence":2,"clubcode":"TB","playerName":"R.Miller","statId":80,"yards":0}]}},"169":{"sp":0,"qtr":1,"down":3,"time":"11:49","yrdln":"TB 34","ydstogo":2,"ydsnet":27,"posteam":"ATL","desc":"(11:49) (Shotgun) M.Ryan pass incomplete short left to R.White.","note":null,"players":{"00-0026143":[{"sequence":2,"clubcode":"ATL","playerName":"M.Ryan","statId":14,"yards":0},{"sequence":3,"clubcode":"ATL","playerName":"M.Ryan","statId":112,"yards":12}],"0":[{"sequence":4,"clubcode":"ATL","playerName":null,"statId":7,"yards":0}],"00-0023462":[{"sequence":1,"clubcode":"ATL","playerName":"R.White","statId":115,"yards":0}]}},"191":{"sp":0,"qtr":1,"down":4,"time":"11:44","yrdln":"TB 34","ydstogo":2,"ydsnet":31,"posteam":"ATL","desc":"(11:44) (Shotgun) M.Ryan pass short right to J.Snelling pushed ob at TB 30 for 4 yards (T.Crowder).","note":null,"players":{"00-0026143":[{"sequence":4,"clubcode":"ATL","playerName":"M.Ryan","statId":15,"yards":4},{"sequence":6,"clubcode":"ATL","playerName":"M.Ryan","statId":111,"yards":0}],"00-0025443":[{"sequence":1,"clubcode":"TB","playerName":"T.Crowder","statId":79,"yards":0}],"00-0025631":[{"sequence":2,"clubcode":"ATL","playerName":"J.Snelling","statId":115,"yards":0},{"sequence":3,"clubcode":"ATL","playerName":"J.Snelling","statId":113,"yards":4},{"sequence":8,"clubcode":"ATL","playerName":"J.Snelling","statId":21,"yards":4}],"0":[{"sequence":5,"clubcode":"ATL","playerName":null,"statId":4,"yards":0},{"sequence":7,"clubcode":"ATL","playerName":null,"statId":8,"yards":0}]}},"220":{"sp":0,"qtr":1,"down":1,"time":"11:17","yrdln":"TB 30","ydstogo":10,"ydsnet":35,"posteam":"ATL","desc":"(11:17) M.Turner right end to TB 26 for 4 yards (A.Woods).","note":null,"players":{"00-0022821":[{"sequence":2,"clubcode":"ATL","playerName":"M.Turner","statId":10,"yards":4}],"00-0027723":[{"sequence":1,"clubcode":"TB","playerName":"A.Woods","statId":79,"yards":0}]}},"241":{"sp":0,"qtr":1,"down":2,"time":"10:43","yrdln":"TB 26","ydstogo":6,"ydsnet":42,"posteam":"ATL","desc":"(10:43) M.Ryan pass short left to J.Snelling to TB 19 for 7 yards (Q.Black).","note":null,"players":{"00-0026143":[{"sequence":4,"clubcode":"ATL","playerName":"M.Ryan","statId":15,"yards":7},{"sequence":5,"clubcode":"ATL","playerName":"M.Ryan","statId":111,"yards":-3}],"00-0025631":[{"sequence":2,"clubcode":"ATL","playerName":"J.Snelling","statId":21,"yards":7},{"sequence":6,"clubcode":"ATL","playerName":"J.Snelling","statId":115,"yards":0},{"sequence":7,"clubcode":"ATL","playerName":"J.Snelling","statId":113,"yards":10}],"0":[{"sequence":3,"clubcode":"ATL","playerName":null,"statId":4,"yards":0}],"00-0025455":[{"sequence":1,"clubcode":"TB","playerName":"Q.Black","statId":79,"yards":0}]}},"265":{"sp":0,"qtr":1,"down":1,"time":"10:02","yrdln":"TB 19","ydstogo":10,"ydsnet":50,"posteam":"ATL","desc":"(10:02) M.Turner left tackle to TB 11 for 8 yards (Q.Black).","note":null,"players":{"00-0022821":[{"sequence":2,"clubcode":"ATL","playerName":"M.Turner","statId":10,"yards":8}],"00-0025455":[{"sequence":1,"clubcode":"TB","playerName":"Q.Black","statId":79,"yards":0}]}},"286":{"sp":0,"qtr":1,"down":2,"time":"09:25","yrdln":"TB 11","ydstogo":2,"ydsnet":53,"posteam":"ATL","desc":"(9:25) M.Turner up the middle to TB 8 for 3 yards (Q.Black).","note":null,"players":{"00-0022821":[{"sequence":2,"clubcode":"ATL","playerName":"M.Turner","statId":10,"yards":3}],"0":[{"sequence":1,"clubcode":"ATL","playerName":null,"statId":3,"yards":0}],"00-0025455":[{"sequence":3,"clubcode":"TB","playerName":"Q.Black","statId":79,"yards":0}]}},"307":{"sp":0,"qtr":1,"down":1,"time":"08:48","yrdln":"TB 8","ydstogo":8,"ydsnet":59,"posteam":"ATL","desc":"(8:48) M.Turner right guard to TB 2 for 6 yards (G.Hayes).","note":null,"players":{"00-0022821":[{"sequence":2,"clubcode":"ATL","playerName":"M.Turner","statId":10,"yards":6}],"00-0026315":[{"sequence":1,"clubcode":"TB","playerName":"G.Hayes","statId":79,"yards":0}]}},"328":{"sp":1,"qtr":1,"down":2,"time":"08:10","yrdln":"TB 2","ydstogo":2,"ydsnet":61,"posteam":"ATL","desc":"(8:10) M.Turner right tackle for 2 yards, TOUCHDOWN.","note":"TD","players":{"00-0022821":[{"sequence":1,"clubcode":"ATL","playerName":"M.Turner","statId":11,"yards":2}],"0":[{"sequence":2,"clubcode":"ATL","playerName":null,"statId":3,"yards":0}]}},"345":{"sp":1,"qtr":1,"down":0,"time":"08:06","yrdln":"TB 2","ydstogo":0,"ydsnet":61,"posteam":"ATL","desc":"M.Bryant extra point is GOOD, Center-J.Zelenka, Holder-M.Koenen.","note":"XP","players":{"00-0020578":[{"sequence":1,"clubcode":"ATL","playerName":"M.Bryant","statId":72,"yards":0}]}}},"fds":5,"result":"Touchdown","penyds":0,"ydsgained":61,"numplays":15,"postime":"6:54","start":{"qtr":1,"time":"15:00","yrdln":"ATL 39","team":"ATL"},"end":{"qtr":1,"time":"08:06","yrdln":"TB 2","team":"ATL"}},"2":{"posteam":"TB","qtr":1,"redzone":true,"plays":{"361":{"sp":0,"qtr":1,"down":0,"time":"08:06","yrdln":"ATL 30","ydstogo":0,"ydsnet":0,"posteam":"ATL","desc":"M.Koenen kicks 73 yards from ATL 30 to TB -3. M.Spurlock to TB 26 for 29 yards (S.Schillinger).","note":"KICKOFF","players":{"00-0023234":[{"sequence":1,"clubcode":"ATL","playerName":"M.Koenen","statId":43,"yards":73}],"00-0027770":[{"sequence":3,"clubcode":"ATL","playerName":"S.Schillinger","statId":79,"yards":0}],"00-0023968":[{"sequence":2,"clubcode":"TB","playerName":"M.Spurlock","statId":45,"yards":29}]}},"394":{"sp":0,"qtr":1,"down":1,"time":"08:00","yrdln":"TB 26","ydstogo":10,"ydsnet":0,"posteam":"TB","desc":"(8:00) J.Freeman pass incomplete deep left to M.Williams.","note":null,"players":{"00-0027702":[{"sequence":3,"clubcode":"TB","playerName":"M.Williams","statId":115,"yards":0}],"00-0026993":[{"sequence":1,"clubcode":"TB","playerName":"J.Freeman","statId":112,"yards":18},{"sequence":2,"clubcode":"TB","playerName":"J.Freeman","statId":14,"yards":0}]}},"416":{"sp":0,"qtr":1,"down":2,"time":"07:55","yrdln":"TB 26","ydstogo":10,"ydsnet":2,"posteam":"TB","desc":"(7:55) C.Williams right guard to TB 28 for 2 yards (C.Peters).","note":null,"players":{"00-0027686":[{"sequence":2,"clubcode":"ATL","playerName":"C.Peters","statId":79,"yards":0}],"00-0023440":[{"sequence":1,"clubcode":"TB","playerName":"C.Williams","statId":10,"yards":2}]}},"437":{"sp":0,"qtr":1,"down":3,"time":"07:11","yrdln":"TB 28","ydstogo":8,"ydsnet":7,"posteam":"TB","desc":"(7:11) (Shotgun) J.Freeman pass incomplete short right to P.Parker. PENALTY on ATL-B.Williams, Defensive Offside, 5 yards, enforced at TB 28 - No Play.","note":"PENALTY","players":{"00-0021229":[{"sequence":1,"clubcode":"ATL","playerName":"B.Williams","statId":93,"yards":5}]}},"470":{"sp":0,"qtr":1,"down":3,"time":"07:07","yrdln":"TB 33","ydstogo":3,"ydsnet":10,"posteam":"TB","desc":"(7:07) (Shotgun) J.Freeman pass short middle to M.Spurlock to TB 36 for 3 yards (B.Grimes).","note":null,"players":{"0":[{"sequence":2,"clubcode":"TB","playerName":null,"statId":4,"yards":0},{"sequence":4,"clubcode":"TB","playerName":null,"statId":6,"yards":0}],"00-0023968":[{"sequence":1,"clubcode":"TB","playerName":"M.Spurlock","statId":21,"yards":3},{"sequence":6,"clubcode":"TB","playerName":"M.Spurlock","statId":113,"yards":0},{"sequence":7,"clubcode":"TB","playerName":"M.Spurlock","statId":115,"yards":0}],"00-0024183":[{"sequence":3,"clubcode":"ATL","playerName":"B.Grimes","statId":79,"yards":0}],"00-0026993":[{"sequence":5,"clubcode":"TB","playerName":"J.Freeman","statId":15,"yards":3},{"sequence":8,"clubcode":"TB","playerName":"J.Freeman","statId":111,"yards":3}]}},"494":{"sp":0,"qtr":1,"down":1,"time":"06:31","yrdln":"TB 36","ydstogo":10,"ydsnet":15,"posteam":"TB","desc":"(6:31) J.Freeman pass short left to M.Williams to TB 41 for 5 yards (D.Robinson).","note":null,"players":{"00-0022735":[{"sequence":1,"clubcode":"ATL","playerName":"D.Robinson","statId":79,"yards":0}],"00-0027702":[{"sequence":2,"clubcode":"TB","playerName":"M.Williams","statId":115,"yards":0},{"sequence":3,"clubcode":"TB","playerName":"M.Williams","statId":113,"yards":1},{"sequence":4,"clubcode":"TB","playerName":"M.Williams","statId":21,"yards":5}],"00-0026993":[{"sequence":5,"clubcode":"TB","playerName":"J.Freeman","statId":15,"yards":5},{"sequence":6,"clubcode":"TB","playerName":"J.Freeman","statId":111,"yards":4}]}},"518":{"sp":0,"qtr":1,"down":2,"time":"05:54","yrdln":"TB 41","ydstogo":5,"ydsnet":16,"posteam":"TB","desc":"(5:54) C.Williams left guard to TB 42 for 1 yard (S.Nicholas).","note":null,"players":{"00-0025496":[{"sequence":1,"clubcode":"ATL","playerName":"S.Nicholas","statId":79,"yards":0}],"00-0023440":[{"sequence":2,"clubcode":"TB","playerName":"C.Williams","statId":10,"yards":1}]}},"539":{"sp":0,"qtr":1,"down":3,"time":"05:10","yrdln":"TB 42","ydstogo":4,"ydsnet":35,"posteam":"TB","desc":"(5:10) (Shotgun) J.Freeman scrambles right end to ATL 39 for 19 yards (T.DeCoud).","note":null,"players":{"0":[{"sequence":3,"clubcode":"TB","playerName":null,"statId":3,"yards":0},{"sequence":4,"clubcode":"TB","playerName":null,"statId":6,"yards":0}],"00-0026238":[{"sequence":2,"clubcode":"ATL","playerName":"T.DeCoud","statId":79,"yards":0}],"00-0026993":[{"sequence":1,"clubcode":"TB","playerName":"J.Freeman","statId":10,"yards":19}]}},"560":{"sp":0,"qtr":1,"down":0,"time":"04:45","yrdln":"","ydstogo":0,"ydsnet":35,"posteam":"","desc":"Timeout #1 by ATL at 04:45.","note":"TIMEOUT","players":{"0":[{"sequence":1,"clubcode":"ATL","playerName":null,"statId":68,"yards":0}]}},"577":{"sp":0,"qtr":1,"down":1,"time":"04:45","yrdln":"ATL 39","ydstogo":10,"ydsnet":33,"posteam":"TB","desc":"(4:45) C.Williams up the middle to ATL 41 for -2 yards (W.Moore).","note":null,"players":{"0":[{"sequence":2,"clubcode":"TB","playerName":null,"statId":95,"yards":-2}],"00-0023440":[{"sequence":4,"clubcode":"TB","playerName":"C.Williams","statId":10,"yards":-2}],"00-0027031":[{"sequence":1,"clubcode":"ATL","playerName":"W.Moore","statId":79,"yards":0},{"sequence":3,"clubcode":"ATL","playerName":"W.Moore","statId":120,"yards":0}]}},"598":{"sp":0,"qtr":1,"down":0,"time":"04:01","yrdln":"","ydstogo":0,"ydsnet":33,"posteam":"","desc":"Timeout #1 by TB at 04:01.","note":"TIMEOUT","players":{"0":[{"sequence":1,"clubcode":"TB","playerName":null,"statId":68,"yards":0}]}},"615":{"sp":0,"qtr":1,"down":2,"time":"04:01","yrdln":"ATL 41","ydstogo":12,"ydsnet":26,"posteam":"TB","desc":"(4:01) J.Freeman sacked at ATL 48 for -7 yards (M.Peterson).","note":null,"players":{"00-0012871":[{"sequence":1,"clubcode":"ATL","playerName":"M.Peterson","statId":120,"yards":0},{"sequence":2,"clubcode":"ATL","playerName":"M.Peterson","statId":110,"yards":0},{"sequence":3,"clubcode":"ATL","playerName":"M.Peterson","statId":83,"yards":-7},{"sequence":5,"clubcode":"ATL","playerName":"M.Peterson","statId":79,"yards":0}],"00-0026993":[{"sequence":4,"clubcode":"TB","playerName":"J.Freeman","statId":20,"yards":-7}]}},"634":{"sp":0,"qtr":1,"down":3,"time":"03:26","yrdln":"ATL 48","ydstogo":19,"ydsnet":35,"posteam":"TB","desc":"(3:26) (Shotgun) J.Freeman pass short middle to K.Winslow to ATL 39 for 9 yards (S.Nicholas).","note":null,"players":{"00-0025496":[{"sequence":4,"clubcode":"ATL","playerName":"S.Nicholas","statId":79,"yards":0}],"0":[{"sequence":5,"clubcode":"TB","playerName":null,"statId":7,"yards":0}],"00-0022922":[{"sequence":2,"clubcode":"TB","playerName":"K.Winslow","statId":113,"yards":-1},{"sequence":3,"clubcode":"TB","playerName":"K.Winslow","statId":115,"yards":0},{"sequence":6,"clubcode":"TB","playerName":"K.Winslow","statId":21,"yards":9}],"00-0026993":[{"sequence":1,"clubcode":"TB","playerName":"J.Freeman","statId":15,"yards":9},{"sequence":7,"clubcode":"TB","playerName":"J.Freeman","statId":111,"yards":10}]}},"658":{"sp":0,"qtr":1,"down":4,"time":"02:47","yrdln":"ATL 39","ydstogo":10,"ydsnet":35,"posteam":"TB","desc":"(2:47) R.Malone punts 38 yards to ATL 1, Center-A.Economos, downed by TB-S.Piscitelli.","note":"PUNT","players":{"00-0027509":[{"sequence":2,"clubcode":"TB","playerName":"R.Malone","statId":29,"yards":38},{"sequence":3,"clubcode":"TB","playerName":"R.Malone","statId":30,"yards":0}],"0":[{"sequence":1,"clubcode":"ATL","playerName":null,"statId":38,"yards":0}]}}},"fds":2,"result":"Punt","penyds":5,"ydsgained":30,"numplays":14,"postime":"5:28","start":{"qtr":1,"time":"08:06","yrdln":"TB 26","team":"TB"},"end":{"qtr":1,"time":"02:38","yrdln":"ATL 39","team":"TB"}},"3":{"posteam":"ATL","qtr":2,"redzone":true,"plays":{"677":{"sp":0,"qtr":1,"down":1,"time":"02:38","yrdln":"ATL 1","ydstogo":10,"ydsnet":39,"posteam":"ATL","desc":"(2:38) M.Ryan pass short right to R.White to ATL 12 for 11 yards (Q.Black). ATL-R.White was injured during the play. His return is Probable.","note":null,"players":{"00-0026143":[{"sequence":2,"clubcode":"ATL","playerName":"M.Ryan","statId":111,"yards":3},{"sequence":5,"clubcode":"ATL","playerName":"M.Ryan","statId":15,"yards":11}],"0":[{"sequence":1,"clubcode":"ATL","playerName":null,"statId":4,"yards":0}],"00-0025455":[{"sequence":4,"clubcode":"TB","playerName":"Q.Black","statId":79,"yards":0}],"00-0023462":[{"sequence":3,"clubcode":"ATL","playerName":"R.White","statId":21,"yards":11},{"sequence":6,"clubcode":"ATL","playerName":"R.White","statId":115,"yards":0},{"sequence":7,"clubcode":"ATL","playerName":"R.White","statId":113,"yards":8}]}},"705":{"sp":0,"qtr":1,"down":1,"time":"02:13","yrdln":"ATL 12","ydstogo":10,"ydsnet":15,"posteam":"ATL","desc":"(2:13) M.Turner left end to ATL 16 for 4 yards (B.Ruud).","note":null,"players":{"00-0023471":[{"sequence":2,"clubcode":"TB","playerName":"B.Ruud","statId":79,"yards":0}],"00-0022821":[{"sequence":1,"clubcode":"ATL","playerName":"M.Turner","statId":10,"yards":4}]}},"726":{"sp":0,"qtr":1,"down":2,"time":"01:42","yrdln":"ATL 16","ydstogo":6,"ydsnet":15,"posteam":"ATL","desc":"(1:42) M.Ryan pass incomplete short right to T.Gonzalez.","note":null,"players":{"00-0026143":[{"sequence":1,"clubcode":"ATL","playerName":"M.Ryan","statId":14,"yards":0},{"sequence":3,"clubcode":"ATL","playerName":"M.Ryan","statId":112,"yards":-1}],"00-0006101":[{"sequence":2,"clubcode":"ATL","playerName":"T.Gonzalez","statId":115,"yards":0}]}},"748":{"sp":0,"qtr":1,"down":3,"time":"01:38","yrdln":"ATL 16","ydstogo":6,"ydsnet":24,"posteam":"ATL","desc":"(1:38) (Shotgun) M.Ryan pass short left to T.Gonzalez to ATL 25 for 9 yards (G.Hayes).","note":null,"players":{"00-0026143":[{"sequence":4,"clubcode":"ATL","playerName":"M.Ryan","statId":111,"yards":8},{"sequence":8,"clubcode":"ATL","playerName":"M.Ryan","statId":15,"yards":9}],"00-0006101":[{"sequence":2,"clubcode":"ATL","playerName":"T.Gonzalez","statId":113,"yards":1},{"sequence":5,"clubcode":"ATL","playerName":"T.Gonzalez","statId":21,"yards":9},{"sequence":6,"clubcode":"ATL","playerName":"T.Gonzalez","statId":115,"yards":0}],"0":[{"sequence":1,"clubcode":"ATL","playerName":null,"statId":6,"yards":0},{"sequence":7,"clubcode":"ATL","playerName":null,"statId":4,"yards":0}],"00-0026315":[{"sequence":3,"clubcode":"TB","playerName":"G.Hayes","statId":79,"yards":0}]}},"772":{"sp":0,"qtr":1,"down":1,"time":"01:01","yrdln":"ATL 25","ydstogo":10,"ydsnet":24,"posteam":"ATL","desc":"(1:01) M.Ryan pass incomplete deep right to M.Jenkins (A.Talib).","note":null,"players":{"00-0022781":[{"sequence":3,"clubcode":"ATL","playerName":"M.Jenkins","statId":115,"yards":0}],"00-0026143":[{"sequence":1,"clubcode":"ATL","playerName":"M.Ryan","statId":14,"yards":0},{"sequence":4,"clubcode":"ATL","playerName":"M.Ryan","statId":112,"yards":17}],"00-0026160":[{"sequence":2,"clubcode":"TB","playerName":"A.Talib","statId":85,"yards":0}]}},"794":{"sp":0,"qtr":1,"down":2,"time":"00:54","yrdln":"ATL 25","ydstogo":10,"ydsnet":25,"posteam":"ATL","desc":"(:54) J.Snelling up the middle to ATL 26 for 1 yard (B.Ruud, R.Miller).","note":null,"players":{"00-0023471":[{"sequence":2,"clubcode":"TB","playerName":"B.Ruud","statId":80,"yards":0}],"00-0027055":[{"sequence":1,"clubcode":"TB","playerName":"R.Miller","statId":82,"yards":0}],"00-0025631":[{"sequence":3,"clubcode":"ATL","playerName":"J.Snelling","statId":10,"yards":1}]}},"815":{"sp":0,"qtr":1,"down":3,"time":"00:17","yrdln":"ATL 26","ydstogo":9,"ydsnet":39,"posteam":"ATL","desc":"(:17) (Shotgun) M.Ryan pass short left to B.Finneran to ATL 40 for 14 yards (Q.Black).","note":null,"players":{"00-0026143":[{"sequence":2,"clubcode":"ATL","playerName":"M.Ryan","statId":15,"yards":14},{"sequence":5,"clubcode":"ATL","playerName":"M.Ryan","statId":111,"yards":14}],"0":[{"sequence":1,"clubcode":"ATL","playerName":null,"statId":6,"yards":0},{"sequence":6,"clubcode":"ATL","playerName":null,"statId":4,"yards":0}],"00-0005231":[{"sequence":3,"clubcode":"ATL","playerName":"B.Finneran","statId":113,"yards":0},{"sequence":4,"clubcode":"ATL","playerName":"B.Finneran","statId":115,"yards":0},{"sequence":8,"clubcode":"ATL","playerName":"B.Finneran","statId":21,"yards":14}],"00-0025455":[{"sequence":7,"clubcode":"TB","playerName":"Q.Black","statId":79,"yards":0}]}},"855":{"sp":0,"qtr":2,"down":1,"time":"15:00","yrdln":"ATL 40","ydstogo":10,"ydsnet":82,"posteam":"ATL","desc":"(15:00) M.Ryan pass deep left to M.Jenkins ran ob at TB 17 for 43 yards.","note":null,"players":{"00-0026143":[{"sequence":2,"clubcode":"ATL","playerName":"M.Ryan","statId":111,"yards":41},{"sequence":4,"clubcode":"ATL","playerName":"M.Ryan","statId":15,"yards":43}],"00-0022781":[{"sequence":1,"clubcode":"ATL","playerName":"M.Jenkins","statId":113,"yards":2},{"sequence":5,"clubcode":"ATL","playerName":"M.Jenkins","statId":21,"yards":43},{"sequence":6,"clubcode":"ATL","playerName":"M.Jenkins","statId":115,"yards":0}],"0":[{"sequence":3,"clubcode":"ATL","playerName":null,"statId":4,"yards":0}]}},"879":{"sp":0,"qtr":2,"down":1,"time":"14:52","yrdln":"TB 17","ydstogo":10,"ydsnet":84,"posteam":"ATL","desc":"(14:52) M.Turner left end to TB 15 for 2 yards (C.Grimm, K.Moore).","note":null,"players":{"00-0022821":[{"sequence":2,"clubcode":"ATL","playerName":"M.Turner","statId":10,"yards":2}],"00-0027805":[{"sequence":1,"clubcode":"TB","playerName":"C.Grimm","statId":80,"yards":0}],"00-0026906":[{"sequence":3,"clubcode":"TB","playerName":"K.Moore","statId":82,"yards":0}]}},"900":{"sp":0,"qtr":2,"down":2,"time":"14:08","yrdln":"TB 15","ydstogo":8,"ydsnet":89,"posteam":"ATL","desc":"(14:08) M.Turner up the middle to TB 15 for no gain (G.McCoy). PENALTY on TB-G.McCoy, Defensive Offside, 5 yards, enforced at TB 15 - No Play.","note":"PENALTY","players":{"00-0027856":[{"sequence":1,"clubcode":"TB","playerName":"G.McCoy","statId":93,"yards":5}]}},"932":{"sp":1,"qtr":2,"down":2,"time":"13:44","yrdln":"TB 10","ydstogo":3,"ydsnet":99,"posteam":"ATL","desc":"(13:44) M.Turner right guard for 10 yards, TOUCHDOWN.","note":"TD","players":{"00-0022821":[{"sequence":1,"clubcode":"ATL","playerName":"M.Turner","statId":11,"yards":10}],"0":[{"sequence":2,"clubcode":"ATL","playerName":null,"statId":3,"yards":0}]}},"949":{"sp":1,"qtr":2,"down":0,"time":"13:39","yrdln":"TB 2","ydstogo":0,"ydsnet":99,"posteam":"ATL","desc":"M.Bryant extra point is GOOD, Center-J.Zelenka, Holder-M.Koenen.","note":"XP","players":{"00-0020578":[{"sequence":1,"clubcode":"ATL","playerName":"M.Bryant","statId":72,"yards":0}]}}},"fds":5,"result":"Touchdown","penyds":5,"ydsgained":94,"numplays":12,"postime":"3:59","start":{"qtr":1,"time":"02:38","yrdln":"ATL 1","team":"ATL"},"end":{"qtr":1,"time":"13:39","yrdln":"TB 10","team":"ATL"}},"4":{"posteam":"TB","qtr":2,"redzone":true,"plays":{"965":{"sp":0,"qtr":2,"down":0,"time":"13:39","yrdln":"ATL 30","ydstogo":0,"ydsnet":0,"posteam":"ATL","desc":"M.Koenen kicks 68 yards from ATL 30 to TB 2. M.Spurlock pushed ob at ATL 32 for 66 yards (B.Grimes).","note":"KICKOFF","players":{"00-0023234":[{"sequence":1,"clubcode":"ATL","playerName":"M.Koenen","statId":41,"yards":68}],"00-0023968":[{"sequence":2,"clubcode":"TB","playerName":"M.Spurlock","statId":45,"yards":66}],"00-0024183":[{"sequence":3,"clubcode":"ATL","playerName":"B.Grimes","statId":79,"yards":0}]}},"987":{"sp":0,"qtr":2,"down":1,"time":"13:31","yrdln":"ATL 32","ydstogo":10,"ydsnet":3,"posteam":"TB","desc":"(13:31) L.Blount right tackle to ATL 29 for 3 yards (S.Nicholas).","note":null,"players":{"00-0027325":[{"sequence":1,"clubcode":"TB","playerName":"L.Blount","statId":10,"yards":3}],"00-0025496":[{"sequence":2,"clubcode":"ATL","playerName":"S.Nicholas","statId":79,"yards":0}]}},"1008":{"sp":0,"qtr":2,"down":2,"time":"12:54","yrdln":"ATL 29","ydstogo":7,"ydsnet":3,"posteam":"TB","desc":"(12:54) (Shotgun) J.Freeman pass incomplete deep right to M.Williams. Penalty on TB, Illegal Shift, declined.","note":null,"players":{"00-0027702":[{"sequence":3,"clubcode":"TB","playerName":"M.Williams","statId":115,"yards":0}],"00-0026993":[{"sequence":1,"clubcode":"TB","playerName":"J.Freeman","statId":14,"yards":0},{"sequence":2,"clubcode":"TB","playerName":"J.Freeman","statId":112,"yards":19}]}},"1041":{"sp":0,"qtr":2,"down":3,"time":"12:49","yrdln":"ATL 29","ydstogo":7,"ydsnet":18,"posteam":"TB","desc":"(12:49) (Shotgun) J.Freeman pass short right to M.Williams to ATL 14 for 15 yards (B.Grimes). ATL-J.Abraham was injured during the play. His return is Probable.","note":null,"players":{"0":[{"sequence":2,"clubcode":"TB","playerName":null,"statId":4,"yards":0},{"sequence":6,"clubcode":"TB","playerName":null,"statId":6,"yards":0}],"00-0024183":[{"sequence":1,"clubcode":"ATL","playerName":"B.Grimes","statId":79,"yards":0}],"00-0027702":[{"sequence":3,"clubcode":"TB","playerName":"M.Williams","statId":21,"yards":15},{"sequence":4,"clubcode":"TB","playerName":"M.Williams","statId":115,"yards":0},{"sequence":7,"clubcode":"TB","playerName":"M.Williams","statId":113,"yards":2}],"00-0026993":[{"sequence":5,"clubcode":"TB","playerName":"J.Freeman","statId":111,"yards":13},{"sequence":8,"clubcode":"TB","playerName":"J.Freeman","statId":15,"yards":15}]}},"1068":{"sp":1,"qtr":2,"down":1,"time":"12:18","yrdln":"ATL 14","ydstogo":10,"ydsnet":32,"posteam":"TB","desc":"(12:18) J.Freeman pass short right to A.Benn for 14 yards, TOUCHDOWN.","note":"TD","players":{"00-0027654":[{"sequence":2,"clubcode":"TB","playerName":"A.Benn","statId":113,"yards":0},{"sequence":4,"clubcode":"TB","playerName":"A.Benn","statId":22,"yards":14},{"sequence":5,"clubcode":"TB","playerName":"A.Benn","statId":115,"yards":0}],"0":[{"sequence":1,"clubcode":"TB","playerName":null,"statId":4,"yards":0}],"00-0026993":[{"sequence":3,"clubcode":"TB","playerName":"J.Freeman","statId":16,"yards":14},{"sequence":6,"clubcode":"TB","playerName":"J.Freeman","statId":111,"yards":14}]}},"1088":{"sp":1,"qtr":2,"down":0,"time":"12:10","yrdln":"ATL 2","ydstogo":0,"ydsnet":32,"posteam":"TB","desc":"C.Barth extra point is GOOD, Center-A.Economos, Holder-R.Malone.","note":"XP","players":{"00-0026138":[{"sequence":1,"clubcode":"TB","playerName":"C.Barth","statId":72,"yards":0}]}}},"fds":2,"result":"Touchdown","penyds":0,"ydsgained":32,"numplays":6,"postime":"1:29","start":{"qtr":2,"time":"13:39","yrdln":"ATL 32","team":"TB"},"end":{"qtr":2,"time":"12:10","yrdln":"ATL 14","team":"TB"}},"5":{"posteam":"ATL","qtr":2,"redzone":true,"plays":{"1104":{"sp":0,"qtr":2,"down":0,"time":"12:10","yrdln":"TB 30","ydstogo":0,"ydsnet":0,"posteam":"TB","desc":"C.Barth kicks 73 yards from TB 30 to ATL -3. E.Weems to ATL 15 for 18 yards (K.Lumpkin).","note":"KICKOFF","players":{"00-0026138":[{"sequence":1,"clubcode":"TB","playerName":"C.Barth","statId":42,"yards":0},{"sequence":4,"clubcode":"TB","playerName":"C.Barth","statId":43,"yards":73}],"00-0026029":[{"sequence":2,"clubcode":"TB","playerName":"K.Lumpkin","statId":79,"yards":0}],"00-0024535":[{"sequence":3,"clubcode":"ATL","playerName":"E.Weems","statId":45,"yards":18}]}},"1126":{"sp":0,"qtr":2,"down":1,"time":"12:06","yrdln":"ATL 15","ydstogo":10,"ydsnet":9,"posteam":"ATL","desc":"(12:06) (Shotgun) M.Ryan pass short right to T.Gonzalez to ATL 24 for 9 yards (B.Ruud, R.Barber).","note":null,"players":{"00-0023471":[{"sequence":3,"clubcode":"TB","playerName":"B.Ruud","statId":80,"yards":0}],"00-0026143":[{"sequence":1,"clubcode":"ATL","playerName":"M.Ryan","statId":15,"yards":9},{"sequence":5,"clubcode":"ATL","playerName":"M.Ryan","statId":111,"yards":7}],"00-0006101":[{"sequence":4,"clubcode":"ATL","playerName":"T.Gonzalez","statId":21,"yards":9},{"sequence":6,"clubcode":"ATL","playerName":"T.Gonzalez","statId":113,"yards":2},{"sequence":7,"clubcode":"ATL","playerName":"T.Gonzalez","statId":115,"yards":0}],"00-0000741":[{"sequence":2,"clubcode":"TB","playerName":"R.Barber","statId":82,"yards":0}]}},"1150":{"sp":0,"qtr":2,"down":2,"time":"11:25","yrdln":"ATL 24","ydstogo":1,"ydsnet":17,"posteam":"ATL","desc":"(11:25) M.Turner left tackle to ATL 32 for 8 yards (Q.Black).","note":null,"players":{"00-0022821":[{"sequence":1,"clubcode":"ATL","playerName":"M.Turner","statId":10,"yards":8}],"0":[{"sequence":2,"clubcode":"ATL","playerName":null,"statId":3,"yards":0}],"00-0025455":[{"sequence":3,"clubcode":"TB","playerName":"Q.Black","statId":79,"yards":0}]}},"1171":{"sp":0,"qtr":2,"down":1,"time":"10:50","yrdln":"ATL 32","ydstogo":10,"ydsnet":22,"posteam":"ATL","desc":"(10:50) M.Turner right end to ATL 32 for no gain (T.Crowder, K.Moore). PENALTY on TB-G.McCoy, Defensive Offside, 5 yards, enforced at ATL 32 - No Play.","note":"PENALTY","players":{"00-0027856":[{"sequence":1,"clubcode":"TB","playerName":"G.McCoy","statId":93,"yards":5}]}},"1203":{"sp":0,"qtr":2,"down":1,"time":"10:26","yrdln":"ATL 37","ydstogo":5,"ydsnet":28,"posteam":"ATL","desc":"(10:26) (Shotgun) M.Ryan pass short middle to M.Palmer to ATL 43 for 6 yards (R.Barber).","note":null,"players":{"00-0026143":[{"sequence":2,"clubcode":"ATL","playerName":"M.Ryan","statId":111,"yards":2},{"sequence":5,"clubcode":"ATL","playerName":"M.Ryan","statId":15,"yards":6}],"0":[{"sequence":6,"clubcode":"ATL","playerName":null,"statId":4,"yards":0}],"00-0027202":[{"sequence":3,"clubcode":"ATL","playerName":"M.Palmer","statId":113,"yards":4},{"sequence":4,"clubcode":"ATL","playerName":"M.Palmer","statId":21,"yards":6},{"sequence":7,"clubcode":"ATL","playerName":"M.Palmer","statId":115,"yards":0}],"00-0000741":[{"sequence":1,"clubcode":"TB","playerName":"R.Barber","statId":79,"yards":0}]}},"1227":{"sp":0,"qtr":2,"down":1,"time":"09:49","yrdln":"ATL 43","ydstogo":10,"ydsnet":30,"posteam":"ATL","desc":"(9:49) J.Snelling right end to ATL 45 for 2 yards (R.Miller).","note":null,"players":{"00-0027055":[{"sequence":1,"clubcode":"TB","playerName":"R.Miller","statId":79,"yards":0}],"00-0025631":[{"sequence":2,"clubcode":"ATL","playerName":"J.Snelling","statId":10,"yards":2}]}},"1248":{"sp":0,"qtr":2,"down":2,"time":"09:07","yrdln":"ATL 45","ydstogo":8,"ydsnet":32,"posteam":"ATL","desc":"(9:07) M.Turner right end to ATL 47 for 2 yards (Q.Black).","note":null,"players":{"00-0022821":[{"sequence":1,"clubcode":"ATL","playerName":"M.Turner","statId":10,"yards":2}],"00-0025455":[{"sequence":2,"clubcode":"TB","playerName":"Q.Black","statId":79,"yards":0}]}},"1269":{"sp":0,"qtr":2,"down":3,"time":"08:44","yrdln":"ATL 47","ydstogo":6,"ydsnet":55,"posteam":"ATL","desc":"(8:44) (Shotgun) M.Ryan pass short middle to B.Finneran to TB 45 for 8 yards (E.Biggers). PENALTY on TB-E.Mack, Unnecessary Roughness, 15 yards, enforced at TB 45.","note":"PENALTY","players":{"00-0026143":[{"sequence":4,"clubcode":"ATL","playerName":"M.Ryan","statId":15,"yards":8},{"sequence":5,"clubcode":"ATL","playerName":"M.Ryan","statId":111,"yards":3}],"0":[{"sequence":1,"clubcode":"ATL","playerName":null,"statId":5,"yards":0},{"sequence":3,"clubcode":"ATL","playerName":null,"statId":6,"yards":0},{"sequence":8,"clubcode":"ATL","playerName":null,"statId":4,"yards":0}],"00-0005231":[{"sequence":6,"clubcode":"ATL","playerName":"B.Finneran","statId":21,"yards":8},{"sequence":9,"clubcode":"ATL","playerName":"B.Finneran","statId":113,"yards":5},{"sequence":10,"clubcode":"ATL","playerName":"B.Finneran","statId":115,"yards":0}],"00-0026945":[{"sequence":2,"clubcode":"TB","playerName":"E.Biggers","statId":79,"yards":0}],"00-0025902":[{"sequence":7,"clubcode":"TB","playerName":"E.Mack","statId":93,"yards":15}]}},"1304":{"sp":0,"qtr":2,"down":1,"time":"08:13","yrdln":"TB 30","ydstogo":10,"ydsnet":65,"posteam":"ATL","desc":"(8:13) J.Snelling left end to TB 20 for 10 yards (C.Grimm, B.Ruud).","note":null,"players":{"00-0023471":[{"sequence":4,"clubcode":"TB","playerName":"B.Ruud","statId":82,"yards":0}],"00-0027805":[{"sequence":3,"clubcode":"TB","playerName":"C.Grimm","statId":80,"yards":0}],"00-0025631":[{"sequence":2,"clubcode":"ATL","playerName":"J.Snelling","statId":10,"yards":10}],"0":[{"sequence":1,"clubcode":"ATL","playerName":null,"statId":3,"yards":0}]}},"1325":{"sp":0,"qtr":2,"down":1,"time":"07:32","yrdln":"TB 20","ydstogo":10,"ydsnet":70,"posteam":"ATL","desc":"(7:32) M.Ryan scrambles right end to TB 15 for 5 yards.","note":null,"players":{"00-0026143":[{"sequence":1,"clubcode":"ATL","playerName":"M.Ryan","statId":10,"yards":5}]}},"1346":{"sp":0,"qtr":2,"down":2,"time":"06:47","yrdln":"TB 15","ydstogo":5,"ydsnet":72,"posteam":"ATL","desc":"(6:47) J.Snelling up the middle to TB 13 for 2 yards (S.White). ATL-T.McClure was injured during the play. His return is Questionable.","note":null,"players":{"00-0021332":[{"sequence":2,"clubcode":"TB","playerName":"S.White","statId":79,"yards":0}],"00-0025631":[{"sequence":1,"clubcode":"ATL","playerName":"J.Snelling","statId":10,"yards":2}]}},"1367":{"sp":0,"qtr":2,"down":3,"time":"06:08","yrdln":"TB 13","ydstogo":3,"ydsnet":72,"posteam":"ATL","desc":"(6:08) (Shotgun) M.Ryan pass short right to J.Snelling to TB 13 for no gain (G.Hayes).","note":null,"players":{"00-0026143":[{"sequence":1,"clubcode":"ATL","playerName":"M.Ryan","statId":111,"yards":-2},{"sequence":5,"clubcode":"ATL","playerName":"M.Ryan","statId":15,"yards":0}],"00-0025631":[{"sequence":2,"clubcode":"ATL","playerName":"J.Snelling","statId":113,"yards":2},{"sequence":4,"clubcode":"ATL","playerName":"J.Snelling","statId":21,"yards":0},{"sequence":6,"clubcode":"ATL","playerName":"J.Snelling","statId":115,"yards":0}],"0":[{"sequence":7,"clubcode":"ATL","playerName":null,"statId":7,"yards":0}],"00-0026315":[{"sequence":3,"clubcode":"TB","playerName":"G.Hayes","statId":79,"yards":0}]}},"1395":{"sp":1,"qtr":2,"down":4,"time":"05:31","yrdln":"TB 13","ydstogo":3,"ydsnet":72,"posteam":"ATL","desc":"(5:31) M.Bryant 31 yard field goal is GOOD, Center-J.Zelenka, Holder-M.Koenen.","note":"FG","players":{"00-0020578":[{"sequence":1,"clubcode":"ATL","playerName":"M.Bryant","statId":70,"yards":31}]}}},"fds":5,"result":"Field Goal","penyds":20,"ydsgained":52,"numplays":13,"postime":"6:43","start":{"qtr":2,"time":"12:10","yrdln":"ATL 15","team":"ATL"},"end":{"qtr":2,"time":"05:27","yrdln":"TB 13","team":"ATL"}},"6":{"posteam":"TB","qtr":2,"redzone":true,"plays":{"1414":{"sp":0,"qtr":2,"down":0,"time":"05:27","yrdln":"ATL 30","ydstogo":0,"ydsnet":0,"posteam":"ATL","desc":"M.Koenen kicks 72 yards from ATL 30 to TB -2. P.Parker to TB 10 for 12 yards (B.Williams).","note":"KICKOFF","players":{"00-0027450":[{"sequence":4,"clubcode":"TB","playerName":"P.Parker","statId":45,"yards":12}],"00-0023234":[{"sequence":2,"clubcode":"ATL","playerName":"M.Koenen","statId":42,"yards":0},{"sequence":3,"clubcode":"ATL","playerName":"M.Koenen","statId":43,"yards":72}],"00-0021229":[{"sequence":1,"clubcode":"ATL","playerName":"B.Williams","statId":79,"yards":0}]}},"1447":{"sp":0,"qtr":2,"down":1,"time":"05:21","yrdln":"TB 10","ydstogo":10,"ydsnet":4,"posteam":"TB","desc":"(5:21) A.Benn left end to TB 14 for 4 yards (V.Walker).","note":null,"players":{"00-0027654":[{"sequence":2,"clubcode":"TB","playerName":"A.Benn","statId":10,"yards":4}],"00-0026942":[{"sequence":1,"clubcode":"ATL","playerName":"V.Walker","statId":79,"yards":0}]}},"1468":{"sp":0,"qtr":2,"down":2,"time":"04:37","yrdln":"TB 14","ydstogo":6,"ydsnet":4,"posteam":"TB","desc":"(4:37) J.Freeman pass incomplete short middle to M.Williams (M.Peterson).","note":null,"players":{"00-0012871":[{"sequence":4,"clubcode":"ATL","playerName":"M.Peterson","statId":85,"yards":0}],"00-0027702":[{"sequence":1,"clubcode":"TB","playerName":"M.Williams","statId":115,"yards":0}],"00-0026993":[{"sequence":2,"clubcode":"TB","playerName":"J.Freeman","statId":112,"yards":3},{"sequence":3,"clubcode":"TB","playerName":"J.Freeman","statId":14,"yards":0}]}},"1490":{"sp":0,"qtr":2,"down":3,"time":"04:30","yrdln":"TB 14","ydstogo":6,"ydsnet":17,"posteam":"TB","desc":"(4:30) (Shotgun) J.Freeman pass short middle to K.Winslow to TB 27 for 13 yards (B.Williams).","note":null,"players":{"0":[{"sequence":5,"clubcode":"TB","playerName":null,"statId":6,"yards":0},{"sequence":7,"clubcode":"TB","playerName":null,"statId":4,"yards":0}],"00-0022922":[{"sequence":4,"clubcode":"TB","playerName":"K.Winslow","statId":113,"yards":3},{"sequence":6,"clubcode":"TB","playerName":"K.Winslow","statId":115,"yards":0},{"sequence":8,"clubcode":"TB","playerName":"K.Winslow","statId":21,"yards":13}],"00-0021229":[{"sequence":2,"clubcode":"ATL","playerName":"B.Williams","statId":79,"yards":0}],"00-0026993":[{"sequence":1,"clubcode":"TB","playerName":"J.Freeman","statId":15,"yards":13},{"sequence":3,"clubcode":"TB","playerName":"J.Freeman","statId":111,"yards":10}]}},"1514":{"sp":0,"qtr":2,"down":1,"time":"03:53","yrdln":"TB 27","ydstogo":10,"ydsnet":26,"posteam":"TB","desc":"(3:53) (Shotgun) J.Freeman pass short right to C.Williams to TB 36 for 9 yards (C.Lofton).","note":null,"players":{"00-0026177":[{"sequence":6,"clubcode":"ATL","playerName":"C.Lofton","statId":79,"yards":0}],"00-0023440":[{"sequence":2,"clubcode":"TB","playerName":"C.Williams","statId":113,"yards":8},{"sequence":3,"clubcode":"TB","playerName":"C.Williams","statId":115,"yards":0},{"sequence":5,"clubcode":"TB","playerName":"C.Williams","statId":21,"yards":9}],"00-0026993":[{"sequence":1,"clubcode":"TB","playerName":"J.Freeman","statId":15,"yards":9},{"sequence":4,"clubcode":"TB","playerName":"J.Freeman","statId":111,"yards":1}]}},"1538":{"sp":0,"qtr":2,"down":2,"time":"03:24","yrdln":"TB 36","ydstogo":1,"ydsnet":28,"posteam":"TB","desc":"(3:24) (Shotgun) C.Williams right guard to TB 38 for 2 yards (B.Williams).","note":null,"players":{"0":[{"sequence":3,"clubcode":"TB","playerName":null,"statId":3,"yards":0}],"00-0021229":[{"sequence":2,"clubcode":"ATL","playerName":"B.Williams","statId":79,"yards":0}],"00-0023440":[{"sequence":1,"clubcode":"TB","playerName":"C.Williams","statId":10,"yards":2}]}},"1559":{"sp":0,"qtr":2,"down":1,"time":"02:52","yrdln":"TB 38","ydstogo":10,"ydsnet":32,"posteam":"TB","desc":"(2:52) (Shotgun) J.Freeman scrambles left tackle to TB 42 for 4 yards (S.Nicholas).","note":null,"players":{"00-0025496":[{"sequence":1,"clubcode":"ATL","playerName":"S.Nicholas","statId":79,"yards":0}],"00-0026993":[{"sequence":2,"clubcode":"TB","playerName":"J.Freeman","statId":10,"yards":4}]}},"1580":{"sp":1,"qtr":2,"down":2,"time":"02:16","yrdln":"TB 42","ydstogo":6,"ydsnet":90,"posteam":"TB","desc":"(2:16) (Shotgun) J.Freeman pass short left to M.Williams for 58 yards, TOUCHDOWN.","note":"TD","players":{"0":[{"sequence":5,"clubcode":"TB","playerName":null,"statId":4,"yards":0}],"00-0027702":[{"sequence":1,"clubcode":"TB","playerName":"M.Williams","statId":113,"yards":51},{"sequence":2,"clubcode":"TB","playerName":"M.Williams","statId":22,"yards":58},{"sequence":3,"clubcode":"TB","playerName":"M.Williams","statId":115,"yards":0}],"00-0026993":[{"sequence":4,"clubcode":"TB","playerName":"J.Freeman","statId":111,"yards":7},{"sequence":6,"clubcode":"TB","playerName":"J.Freeman","statId":16,"yards":58}]}},"1600":{"sp":1,"qtr":2,"down":0,"time":"02:06","yrdln":"ATL 2","ydstogo":0,"ydsnet":90,"posteam":"TB","desc":"C.Barth extra point is GOOD, Center-A.Economos, Holder-R.Malone.","note":"XP","players":{"00-0026138":[{"sequence":1,"clubcode":"TB","playerName":"C.Barth","statId":72,"yards":0}]}}},"fds":3,"result":"Touchdown","penyds":0,"ydsgained":90,"numplays":9,"postime":"3:21","start":{"qtr":2,"time":"05:27","yrdln":"TB 10","team":"TB"},"end":{"qtr":2,"time":"02:06","yrdln":"TB 42","team":"TB"}},"7":{"posteam":"ATL","qtr":2,"redzone":true,"plays":{"1616":{"sp":0,"qtr":2,"down":0,"time":"02:06","yrdln":"TB 30","ydstogo":0,"ydsnet":17,"posteam":"TB","desc":"C.Barth kicks 67 yards from TB 30 to ATL 3. E.Weems to ATL 21 for 18 yards (S.Piscitelli).","note":"KICKOFF","players":{"00-0025451":[{"sequence":1,"clubcode":"TB","playerName":"S.Piscitelli","statId":79,"yards":0}],"00-0026138":[{"sequence":3,"clubcode":"TB","playerName":"C.Barth","statId":41,"yards":67}],"00-0024535":[{"sequence":2,"clubcode":"ATL","playerName":"E.Weems","statId":45,"yards":18}]}},"1655":{"sp":0,"qtr":2,"down":1,"time":"02:00","yrdln":"ATL 21","ydstogo":10,"ydsnet":1,"posteam":"ATL","desc":"(2:00) M.Ryan scrambles left guard to ATL 22 for 1 yard (K.Moore).","note":null,"players":{"00-0026143":[{"sequence":1,"clubcode":"ATL","playerName":"M.Ryan","statId":10,"yards":1}],"00-0026906":[{"sequence":2,"clubcode":"TB","playerName":"K.Moore","statId":79,"yards":0}]}},"1676":{"sp":0,"qtr":2,"down":2,"time":"01:38","yrdln":"ATL 22","ydstogo":9,"ydsnet":17,"posteam":"ATL","desc":"(1:38) (Shotgun) M.Ryan pass short right to T.Gonzalez to ATL 38 for 16 yards (R.Barber).","note":null,"players":{"00-0026143":[{"sequence":2,"clubcode":"ATL","playerName":"M.Ryan","statId":15,"yards":16},{"sequence":5,"clubcode":"ATL","playerName":"M.Ryan","statId":111,"yards":14}],"00-0006101":[{"sequence":1,"clubcode":"ATL","playerName":"T.Gonzalez","statId":113,"yards":2},{"sequence":6,"clubcode":"ATL","playerName":"T.Gonzalez","statId":21,"yards":16},{"sequence":7,"clubcode":"ATL","playerName":"T.Gonzalez","statId":115,"yards":0}],"0":[{"sequence":3,"clubcode":"ATL","playerName":null,"statId":4,"yards":0}],"00-0000741":[{"sequence":4,"clubcode":"TB","playerName":"R.Barber","statId":79,"yards":0}]}},"1700":{"sp":0,"qtr":2,"down":1,"time":"01:18","yrdln":"ATL 38","ydstogo":10,"ydsnet":17,"posteam":"ATL","desc":"(1:18) (Shotgun) M.Ryan pass short right to T.Gonzalez pushed ob at ATL 38 for no gain (S.Jones).","note":null,"players":{"00-0026143":[{"sequence":2,"clubcode":"ATL","playerName":"M.Ryan","statId":15,"yards":0},{"sequence":5,"clubcode":"ATL","playerName":"M.Ryan","statId":111,"yards":0}],"00-0006101":[{"sequence":1,"clubcode":"ATL","playerName":"T.Gonzalez","statId":21,"yards":0},{"sequence":4,"clubcode":"ATL","playerName":"T.Gonzalez","statId":113,"yards":0},{"sequence":6,"clubcode":"ATL","playerName":"T.Gonzalez","statId":115,"yards":0}],"00-0022844":[{"sequence":3,"clubcode":"TB","playerName":"S.Jones","statId":79,"yards":0}]}},"1724":{"sp":0,"qtr":2,"down":2,"time":"01:12","yrdln":"ATL 38","ydstogo":10,"ydsnet":17,"posteam":"ATL","desc":"(1:12) (Shotgun) M.Ryan pass incomplete short left to M.Jenkins.","note":null,"players":{"00-0022781":[{"sequence":2,"clubcode":"ATL","playerName":"M.Jenkins","statId":115,"yards":0}],"00-0026143":[{"sequence":1,"clubcode":"ATL","playerName":"M.Ryan","statId":14,"yards":0},{"sequence":3,"clubcode":"ATL","playerName":"M.Ryan","statId":112,"yards":14}]}},"1746":{"sp":0,"qtr":2,"down":3,"time":"01:08","yrdln":"ATL 38","ydstogo":10,"ydsnet":17,"posteam":"ATL","desc":"(1:08) (Shotgun) M.Ryan pass incomplete short middle to T.Gonzalez [S.White].","note":null,"players":{"00-0026143":[{"sequence":3,"clubcode":"ATL","playerName":"M.Ryan","statId":112,"yards":15},{"sequence":5,"clubcode":"ATL","playerName":"M.Ryan","statId":14,"yards":0}],"00-0006101":[{"sequence":4,"clubcode":"ATL","playerName":"T.Gonzalez","statId":115,"yards":0}],"00-0021332":[{"sequence":1,"clubcode":"TB","playerName":"S.White","statId":110,"yards":0}],"0":[{"sequence":2,"clubcode":"ATL","playerName":null,"statId":7,"yards":0}]}},"1768":{"sp":0,"qtr":2,"down":4,"time":"01:04","yrdln":"ATL 38","ydstogo":10,"ydsnet":17,"posteam":"ATL","desc":"(1:04) M.Koenen punts 34 yards to TB 28, Center-J.Zelenka, downed by ATL-J.Snelling.","note":"PUNT","players":{"00-0023234":[{"sequence":1,"clubcode":"ATL","playerName":"M.Koenen","statId":29,"yards":34}],"0":[{"sequence":2,"clubcode":"TB","playerName":null,"statId":38,"yards":0}]}}},"fds":1,"result":"Punt","penyds":0,"ydsgained":17,"numplays":7,"postime":"1:11","start":{"qtr":2,"time":"02:06","yrdln":"ATL 21","team":"ATL"},"end":{"qtr":2,"time":"00:55","yrdln":"ATL 38","team":"ATL"}},"8":{"posteam":"TB","qtr":2,"redzone":true,"plays":{"1787":{"sp":0,"qtr":2,"down":1,"time":"00:55","yrdln":"TB 28","ydstogo":10,"ydsnet":0,"posteam":"TB","desc":"(:55) (Shotgun) J.Freeman pass incomplete deep left to M.Williams.","note":null,"players":{"00-0027702":[{"sequence":2,"clubcode":"TB","playerName":"M.Williams","statId":115,"yards":0}],"00-0026993":[{"sequence":1,"clubcode":"TB","playerName":"J.Freeman","statId":14,"yards":0},{"sequence":3,"clubcode":"TB","playerName":"J.Freeman","statId":112,"yards":16}]}},"1809":{"sp":0,"qtr":2,"down":2,"time":"00:51","yrdln":"TB 28","ydstogo":10,"ydsnet":0,"posteam":"TB","desc":"(:51) (Shotgun) J.Freeman pass incomplete short right to P.Parker.","note":null,"players":{"00-0027450":[{"sequence":3,"clubcode":"TB","playerName":"P.Parker","statId":115,"yards":0}],"00-0026993":[{"sequence":1,"clubcode":"TB","playerName":"J.Freeman","statId":14,"yards":0},{"sequence":2,"clubcode":"TB","playerName":"J.Freeman","statId":112,"yards":5}]}},"1831":{"sp":0,"qtr":2,"down":3,"time":"00:47","yrdln":"TB 28","ydstogo":10,"ydsnet":1,"posteam":"TB","desc":"(:47) (Shotgun) C.Williams up the middle to TB 29 for 1 yard (J.Abraham, P.Jerry).","note":null,"players":{"00-0019546":[{"sequence":1,"clubcode":"ATL","playerName":"J.Abraham","statId":80,"yards":0}],"00-0027000":[{"sequence":3,"clubcode":"ATL","playerName":"P.Jerry","statId":82,"yards":0}],"0":[{"sequence":4,"clubcode":"TB","playerName":null,"statId":7,"yards":0}],"00-0023440":[{"sequence":2,"clubcode":"TB","playerName":"C.Williams","statId":10,"yards":1}]}},"1852":{"sp":0,"qtr":2,"down":0,"time":"00:41","yrdln":"","ydstogo":0,"ydsnet":1,"posteam":"","desc":"Timeout #2 by ATL at 00:41.","note":"TIMEOUT","players":{"0":[{"sequence":1,"clubcode":"ATL","playerName":null,"statId":68,"yards":0}]}},"1869":{"sp":0,"qtr":2,"down":4,"time":"00:41","yrdln":"TB 29","ydstogo":9,"ydsnet":1,"posteam":"TB","desc":"(:41) R.Malone punts 41 yards to ATL 30, Center-A.Economos, downed by TB-M.Stovall. Play Challenged by Replay Assistant and REVERSED. R.Malone punts 41 yards to ATL 30, Center-A.Economos, downed by TB-M.Stovall. PENALTY on TB-M.Stovall, Illegal Touch Kick, 5 yards, enforced at ATL 30. Review was to determine if TB 85 Stovall went out of bounds before downing punt.","note":"PUNT","players":{"00-0024305":[{"sequence":3,"clubcode":"TB","playerName":"M.Stovall","statId":93,"yards":5}],"0":[{"sequence":2,"clubcode":"ATL","playerName":null,"statId":38,"yards":0}],"00-0027509":[{"sequence":1,"clubcode":"TB","playerName":"R.Malone","statId":29,"yards":41}]}}},"fds":0,"result":"Punt","penyds":0,"ydsgained":1,"numplays":5,"postime":"0:22","start":{"qtr":2,"time":"00:55","yrdln":"TB 28","team":"TB"},"end":{"qtr":2,"time":"00:33","yrdln":"TB 29","team":"TB"}},"9":{"posteam":"ATL","qtr":2,"redzone":true,"plays":{"1888":{"sp":0,"qtr":2,"down":1,"time":"00:33","yrdln":"ATL 35","ydstogo":10,"ydsnet":2,"posteam":"ATL","desc":"(:33) (Shotgun) M.Ryan pass short right to B.Finneran to ATL 37 for 2 yards (E.Biggers).","note":null,"players":{"00-0026143":[{"sequence":2,"clubcode":"ATL","playerName":"M.Ryan","statId":15,"yards":2},{"sequence":4,"clubcode":"ATL","playerName":"M.Ryan","statId":111,"yards":0}],"00-0026945":[{"sequence":3,"clubcode":"TB","playerName":"E.Biggers","statId":79,"yards":0}],"00-0005231":[{"sequence":1,"clubcode":"ATL","playerName":"B.Finneran","statId":21,"yards":2},{"sequence":5,"clubcode":"ATL","playerName":"B.Finneran","statId":115,"yards":0},{"sequence":6,"clubcode":"ATL","playerName":"B.Finneran","statId":113,"yards":2}]}},"1946":{"sp":0,"qtr":2,"down":0,"time":"00:22","yrdln":"","ydstogo":0,"ydsnet":2,"posteam":"","desc":"Timeout #3 by ATL at 00:22.","note":"TIMEOUT","players":{"0":[{"sequence":1,"clubcode":"ATL","playerName":null,"statId":68,"yards":0}]}},"1963":{"sp":0,"qtr":2,"down":2,"time":"00:22","yrdln":"ATL 37","ydstogo":8,"ydsnet":2,"posteam":"ATL","desc":"(:22) (Shotgun) M.Ryan pass incomplete deep left to B.Finneran [M.Bennett].","note":null,"players":{"00-0026618":[{"sequence":4,"clubcode":"TB","playerName":"M.Bennett","statId":110,"yards":0}],"00-0026143":[{"sequence":1,"clubcode":"ATL","playerName":"M.Ryan","statId":112,"yards":26},{"sequence":2,"clubcode":"ATL","playerName":"M.Ryan","statId":14,"yards":0}],"00-0005231":[{"sequence":3,"clubcode":"ATL","playerName":"B.Finneran","statId":115,"yards":0}]}},"1985":{"sp":0,"qtr":2,"down":3,"time":"00:17","yrdln":"ATL 37","ydstogo":8,"ydsnet":11,"posteam":"ATL","desc":"(:17) (Shotgun) M.Ryan pass short middle to J.Snelling to ATL 46 for 9 yards (A.Talib).","note":null,"players":{"00-0026143":[{"sequence":1,"clubcode":"ATL","playerName":"M.Ryan","statId":15,"yards":9},{"sequence":7,"clubcode":"ATL","playerName":"M.Ryan","statId":111,"yards":3}],"00-0025631":[{"sequence":2,"clubcode":"ATL","playerName":"J.Snelling","statId":21,"yards":9},{"sequence":5,"clubcode":"ATL","playerName":"J.Snelling","statId":113,"yards":6},{"sequence":6,"clubcode":"ATL","playerName":"J.Snelling","statId":115,"yards":0}],"0":[{"sequence":4,"clubcode":"ATL","playerName":null,"statId":6,"yards":0},{"sequence":8,"clubcode":"ATL","playerName":null,"statId":4,"yards":0}],"00-0026160":[{"sequence":3,"clubcode":"TB","playerName":"A.Talib","statId":79,"yards":0}]}}},"fds":1,"result":"End of Half","penyds":0,"ydsgained":11,"numplays":4,"postime":"0:33","start":{"qtr":2,"time":"00:33","yrdln":"ATL 35","team":"ATL"},"end":{"qtr":2,"time":"00:00","yrdln":"ATL 37","team":"ATL"}},"10":{"posteam":"TB","qtr":3,"redzone":true,"plays":{"2029":{"sp":0,"qtr":3,"down":0,"time":"15:00","yrdln":"ATL 30","ydstogo":0,"ydsnet":0,"posteam":"ATL","desc":"M.Koenen kicks 70 yards from ATL 30 to TB 0. M.Spurlock to TB 25 for 25 yards (E.Weems, C.Wire).","note":"KICKOFF","players":{"00-0023234":[{"sequence":4,"clubcode":"ATL","playerName":"M.Koenen","statId":43,"yards":70}],"00-0021222":[{"sequence":1,"clubcode":"ATL","playerName":"C.Wire","statId":82,"yards":0}],"00-0023968":[{"sequence":3,"clubcode":"TB","playerName":"M.Spurlock","statId":45,"yards":25}],"00-0024535":[{"sequence":2,"clubcode":"ATL","playerName":"E.Weems","statId":80,"yards":0}]}},"2051":{"sp":0,"qtr":3,"down":1,"time":"14:55","yrdln":"TB 25","ydstogo":10,"ydsnet":3,"posteam":"TB","desc":"(14:55) L.Blount right tackle to TB 28 for 3 yards (K.Biermann, W.Moore).","note":null,"players":{"00-0027325":[{"sequence":3,"clubcode":"TB","playerName":"L.Blount","statId":10,"yards":3}],"00-0026294":[{"sequence":1,"clubcode":"ATL","playerName":"K.Biermann","statId":80,"yards":0}],"00-0027031":[{"sequence":2,"clubcode":"ATL","playerName":"W.Moore","statId":82,"yards":0}]}},"2072":{"sp":0,"qtr":3,"down":2,"time":"14:16","yrdln":"TB 28","ydstogo":7,"ydsnet":5,"posteam":"TB","desc":"(14:16) J.Freeman scrambles right end pushed ob at TB 30 for 2 yards (J.Abraham).","note":null,"players":{"00-0019546":[{"sequence":1,"clubcode":"ATL","playerName":"J.Abraham","statId":79,"yards":0}],"00-0026993":[{"sequence":2,"clubcode":"TB","playerName":"J.Freeman","statId":10,"yards":2}]}},"2093":{"sp":0,"qtr":3,"down":3,"time":"13:40","yrdln":"TB 30","ydstogo":5,"ydsnet":5,"posteam":"TB","desc":"*** play under review ***","note":"INT","players":{"00-0026294":[{"sequence":7,"clubcode":"ATL","playerName":"K.Biermann","statId":110,"yards":0}],"00-0023494":[{"sequence":2,"clubcode":"ATL","playerName":"J.Babineaux","statId":85,"yards":0},{"sequence":6,"clubcode":"ATL","playerName":"J.Babineaux","statId":25,"yards":0}],"0":[{"sequence":3,"clubcode":"TB","playerName":null,"statId":7,"yards":0}],"00-0027702":[{"sequence":1,"clubcode":"TB","playerName":"M.Williams","statId":79,"yards":0},{"sequence":5,"clubcode":"TB","playerName":"M.Williams","statId":115,"yards":0}],"00-0026993":[{"sequence":4,"clubcode":"TB","playerName":"J.Freeman","statId":19,"yards":0},{"sequence":8,"clubcode":"TB","playerName":"J.Freeman","statId":112,"yards":0}]}}},"fds":0,"result":"Interception","penyds":0,"ydsgained":5,"numplays":4,"postime":"1:26","start":{"qtr":3,"time":"15:00","yrdln":"TB 25","team":"TB"},"end":{"qtr":3,"time":"13:34","yrdln":"TB 30","team":"TB"}},"11":{"posteam":"ATL","qtr":3,"redzone":true,"plays":{"2119":{"sp":0,"qtr":3,"down":1,"time":"13:34","yrdln":"TB 30","ydstogo":10,"ydsnet":19,"posteam":"ATL","desc":"(13:34) M.Turner right tackle to TB 11 for 19 yards (B.Ruud).","note":null,"players":{"00-0023471":[{"sequence":3,"clubcode":"TB","playerName":"B.Ruud","statId":79,"yards":0}],"00-0022821":[{"sequence":2,"clubcode":"ATL","playerName":"M.Turner","statId":10,"yards":19}],"0":[{"sequence":1,"clubcode":"ATL","playerName":null,"statId":3,"yards":0}]}},"2140":{"sp":0,"qtr":3,"down":1,"time":"12:54","yrdln":"TB 11","ydstogo":10,"ydsnet":14,"posteam":"ATL","desc":"(12:54) PENALTY on ATL-O.Mughelli, False Start, 5 yards, enforced at TB 11 - No Play.","note":"PENALTY","players":{"00-0022143":[{"sequence":1,"clubcode":"ATL","playerName":"O.Mughelli","statId":93,"yards":5}]}},"2163":{"sp":0,"qtr":3,"down":1,"time":"12:30","yrdln":"TB 16","ydstogo":15,"ydsnet":20,"posteam":"ATL","desc":"(12:30) M.Ryan pass short left to T.Gonzalez pushed ob at TB 10 for 6 yards (A.Talib).","note":null,"players":{"00-0026143":[{"sequence":4,"clubcode":"ATL","playerName":"M.Ryan","statId":15,"yards":6},{"sequence":5,"clubcode":"ATL","playerName":"M.Ryan","statId":111,"yards":6}],"00-0006101":[{"sequence":1,"clubcode":"ATL","playerName":"T.Gonzalez","statId":21,"yards":6},{"sequence":2,"clubcode":"ATL","playerName":"T.Gonzalez","statId":113,"yards":0},{"sequence":6,"clubcode":"ATL","playerName":"T.Gonzalez","statId":115,"yards":0}],"00-0026160":[{"sequence":3,"clubcode":"TB","playerName":"A.Talib","statId":79,"yards":0}]}},"2192":{"sp":0,"qtr":3,"down":2,"time":"12:04","yrdln":"TB 10","ydstogo":9,"ydsnet":20,"posteam":"ATL","desc":"*** play under review ***","note":null,"players":{"00-0026143":[{"sequence":1,"clubcode":"ATL","playerName":"M.Ryan","statId":112,"yards":10},{"sequence":4,"clubcode":"ATL","playerName":"M.Ryan","statId":14,"yards":0}],"00-0026315":[{"sequence":3,"clubcode":"TB","playerName":"G.Hayes","statId":110,"yards":0}],"00-0026224":[{"sequence":2,"clubcode":"ATL","playerName":"H.Douglas","statId":115,"yards":0}]}},"2214":{"sp":0,"qtr":3,"down":3,"time":"11:59","yrdln":"TB 10","ydstogo":9,"ydsnet":29,"posteam":"ATL","desc":"(11:59) (Shotgun) M.Ryan pass short right to R.White to TB 1 for 9 yards (A.Talib). Tampa Bay challenged the first down ruling, and the play was Upheld. (Timeout #1 at 11:54.)","note":"TIMEOUT","players":{"00-0026143":[{"sequence":5,"clubcode":"ATL","playerName":"M.Ryan","statId":111,"yards":5},{"sequence":7,"clubcode":"ATL","playerName":"M.Ryan","statId":15,"yards":9}],"0":[{"sequence":1,"clubcode":"ATL","playerName":null,"statId":6,"yards":0},{"sequence":2,"clubcode":"TB","playerName":null,"statId":68,"yards":0},{"sequence":3,"clubcode":"ATL","playerName":null,"statId":4,"yards":0}],"00-0026160":[{"sequence":6,"clubcode":"TB","playerName":"A.Talib","statId":79,"yards":0}],"00-0023462":[{"sequence":4,"clubcode":"ATL","playerName":"R.White","statId":21,"yards":9},{"sequence":8,"clubcode":"ATL","playerName":"R.White","statId":113,"yards":4},{"sequence":9,"clubcode":"ATL","playerName":"R.White","statId":115,"yards":0}]}},"2238":{"sp":0,"qtr":3,"down":1,"time":"11:18","yrdln":"TB 1","ydstogo":1,"ydsnet":25,"posteam":"ATL","desc":"(11:18) M.Turner right tackle to TB 5 for -4 yards (S.White).","note":null,"players":{"00-0022821":[{"sequence":3,"clubcode":"ATL","playerName":"M.Turner","statId":10,"yards":-4}],"00-0021332":[{"sequence":1,"clubcode":"TB","playerName":"S.White","statId":79,"yards":0},{"sequence":2,"clubcode":"TB","playerName":"S.White","statId":120,"yards":0}],"0":[{"sequence":4,"clubcode":"ATL","playerName":null,"statId":95,"yards":-4}]}},"2287":{"sp":0,"qtr":3,"down":2,"time":"10:39","yrdln":"TB 5","ydstogo":5,"ydsnet":25,"posteam":"ATL","desc":"(10:39) (Shotgun) M.Ryan pass incomplete short right to B.Finneran (E.Biggers).","note":null,"players":{"00-0026143":[{"sequence":3,"clubcode":"ATL","playerName":"M.Ryan","statId":14,"yards":0},{"sequence":4,"clubcode":"ATL","playerName":"M.Ryan","statId":112,"yards":5}],"00-0026945":[{"sequence":2,"clubcode":"TB","playerName":"E.Biggers","statId":85,"yards":0}],"00-0005231":[{"sequence":1,"clubcode":"ATL","playerName":"B.Finneran","statId":115,"yards":0}]}},"2309":{"sp":1,"qtr":3,"down":3,"time":"10:34","yrdln":"TB 5","ydstogo":5,"ydsnet":30,"posteam":"ATL","desc":"(10:34) (Shotgun) M.Ryan pass short middle to M.Palmer for 5 yards, TOUCHDOWN.","note":"TD","players":{"00-0026143":[{"sequence":2,"clubcode":"ATL","playerName":"M.Ryan","statId":16,"yards":5},{"sequence":7,"clubcode":"ATL","playerName":"M.Ryan","statId":111,"yards":5}],"0":[{"sequence":3,"clubcode":"ATL","playerName":null,"statId":6,"yards":0},{"sequence":4,"clubcode":"ATL","playerName":null,"statId":4,"yards":0}],"00-0027202":[{"sequence":1,"clubcode":"ATL","playerName":"M.Palmer","statId":22,"yards":5},{"sequence":5,"clubcode":"ATL","playerName":"M.Palmer","statId":115,"yards":0},{"sequence":6,"clubcode":"ATL","playerName":"M.Palmer","statId":113,"yards":0}]}},"2329":{"sp":1,"qtr":3,"down":0,"time":"10:31","yrdln":"TB 2","ydstogo":0,"ydsnet":30,"posteam":"ATL","desc":"M.Bryant extra point is GOOD, Center-J.Zelenka, Holder-M.Koenen.","note":"XP","players":{"00-0020578":[{"sequence":1,"clubcode":"ATL","playerName":"M.Bryant","statId":72,"yards":0}]}}},"fds":3,"result":"Touchdown","penyds":-5,"ydsgained":35,"numplays":9,"postime":"3:03","start":{"qtr":3,"time":"13:34","yrdln":"TB 30","team":"ATL"},"end":{"qtr":3,"time":"10:31","yrdln":"TB 5","team":"ATL"}},"12":{"posteam":"TB","qtr":3,"redzone":true,"plays":{"2345":{"sp":0,"qtr":3,"down":0,"time":"10:31","yrdln":"ATL 30","ydstogo":0,"ydsnet":0,"posteam":"ATL","desc":"M.Koenen kicks 70 yards from ATL 30 to end zone, Touchback.","note":"KICKOFF","players":{"00-0023234":[{"sequence":2,"clubcode":"ATL","playerName":"M.Koenen","statId":44,"yards":70}],"0":[{"sequence":1,"clubcode":"TB","playerName":null,"statId":51,"yards":0}]}},"2359":{"sp":0,"qtr":3,"down":1,"time":"10:30","yrdln":"TB 20","ydstogo":10,"ydsnet":12,"posteam":"TB","desc":"(10:30) L.Blount right end to TB 32 for 12 yards (B.Grimes).","note":null,"players":{"00-0027325":[{"sequence":2,"clubcode":"TB","playerName":"L.Blount","statId":10,"yards":12}],"0":[{"sequence":1,"clubcode":"TB","playerName":null,"statId":3,"yards":0}],"00-0024183":[{"sequence":3,"clubcode":"ATL","playerName":"B.Grimes","statId":79,"yards":0}]}},"2380":{"sp":0,"qtr":3,"down":1,"time":"09:52","yrdln":"TB 32","ydstogo":10,"ydsnet":18,"posteam":"TB","desc":"(9:52) L.Blount left end to TB 38 for 6 yards (S.Nicholas).","note":null,"players":{"00-0027325":[{"sequence":1,"clubcode":"TB","playerName":"L.Blount","statId":10,"yards":6}],"00-0025496":[{"sequence":2,"clubcode":"ATL","playerName":"S.Nicholas","statId":79,"yards":0}]}},"2401":{"sp":0,"qtr":3,"down":2,"time":"09:12","yrdln":"TB 38","ydstogo":4,"ydsnet":21,"posteam":"TB","desc":"(9:12) L.Blount right tackle to TB 41 for 3 yards (S.Nicholas, W.Moore).","note":null,"players":{"00-0027325":[{"sequence":3,"clubcode":"TB","playerName":"L.Blount","statId":10,"yards":3}],"00-0025496":[{"sequence":1,"clubcode":"ATL","playerName":"S.Nicholas","statId":80,"yards":0}],"00-0027031":[{"sequence":2,"clubcode":"ATL","playerName":"W.Moore","statId":82,"yards":0}]}},"2422":{"sp":0,"qtr":3,"down":3,"time":"08:32","yrdln":"TB 41","ydstogo":1,"ydsnet":22,"posteam":"TB","desc":"(8:32) J.Freeman up the middle to TB 42 for 1 yard (C.Lofton).","note":null,"players":{"00-0026177":[{"sequence":2,"clubcode":"ATL","playerName":"C.Lofton","statId":79,"yards":0}],"0":[{"sequence":3,"clubcode":"TB","playerName":null,"statId":6,"yards":0},{"sequence":4,"clubcode":"TB","playerName":null,"statId":3,"yards":0}],"00-0026993":[{"sequence":1,"clubcode":"TB","playerName":"J.Freeman","statId":10,"yards":1}]}},"2443":{"sp":0,"qtr":3,"down":1,"time":"07:45","yrdln":"TB 42","ydstogo":10,"ydsnet":22,"posteam":"TB","desc":"(7:45) J.Freeman pass incomplete short left to E.Lorig (M.Peterson).","note":null,"players":{"00-0027844":[{"sequence":2,"clubcode":"TB","playerName":"E.Lorig","statId":115,"yards":0}],"00-0012871":[{"sequence":4,"clubcode":"ATL","playerName":"M.Peterson","statId":85,"yards":0}],"00-0026993":[{"sequence":1,"clubcode":"TB","playerName":"J.Freeman","statId":112,"yards":1},{"sequence":3,"clubcode":"TB","playerName":"J.Freeman","statId":14,"yards":0}]}},"2465":{"sp":0,"qtr":3,"down":2,"time":"07:36","yrdln":"TB 42","ydstogo":10,"ydsnet":24,"posteam":"TB","desc":"(7:36) L.Blount right guard to TB 44 for 2 yards (M.Peterson).","note":null,"players":{"00-0027325":[{"sequence":2,"clubcode":"TB","playerName":"L.Blount","statId":10,"yards":2}],"00-0012871":[{"sequence":1,"clubcode":"ATL","playerName":"M.Peterson","statId":79,"yards":0}]}},"2486":{"sp":0,"qtr":3,"down":3,"time":"06:52","yrdln":"TB 44","ydstogo":8,"ydsnet":24,"posteam":"TB","desc":"(6:52) (Shotgun) J.Freeman pass incomplete short middle to P.Parker.","note":null,"players":{"00-0027450":[{"sequence":2,"clubcode":"TB","playerName":"P.Parker","statId":115,"yards":0}],"0":[{"sequence":4,"clubcode":"TB","playerName":null,"statId":7,"yards":0}],"00-0026993":[{"sequence":1,"clubcode":"TB","playerName":"J.Freeman","statId":112,"yards":15},{"sequence":3,"clubcode":"TB","playerName":"J.Freeman","statId":14,"yards":0}]}},"2508":{"sp":0,"qtr":3,"down":4,"time":"06:47","yrdln":"TB 44","ydstogo":8,"ydsnet":24,"posteam":"TB","desc":"(6:47) R.Malone punts 38 yards to ATL 18, Center-A.Economos, fair catch by E.Weems.","note":"PUNT","players":{"00-0027509":[{"sequence":1,"clubcode":"TB","playerName":"R.Malone","statId":29,"yards":38},{"sequence":3,"clubcode":"TB","playerName":"R.Malone","statId":30,"yards":0}],"00-0024535":[{"sequence":2,"clubcode":"ATL","playerName":"E.Weems","statId":39,"yards":0}]}}},"fds":2,"result":"Punt","penyds":0,"ydsgained":24,"numplays":9,"postime":"3:51","start":{"qtr":3,"time":"10:31","yrdln":"TB 20","team":"TB"},"end":{"qtr":3,"time":"06:40","yrdln":"TB 44","team":"TB"}},"13":{"posteam":"ATL","qtr":3,"redzone":true,"plays":{"2527":{"sp":0,"qtr":3,"down":1,"time":"06:40","yrdln":"ATL 18","ydstogo":10,"ydsnet":3,"posteam":"ATL","desc":"(6:40) R.White left end pushed ob at ATL 21 for 3 yards (C.Grimm).","note":null,"players":{"00-0027805":[{"sequence":1,"clubcode":"TB","playerName":"C.Grimm","statId":79,"yards":0}],"00-0023462":[{"sequence":2,"clubcode":"ATL","playerName":"R.White","statId":10,"yards":3}]}},"2548":{"sp":0,"qtr":3,"down":2,"time":"06:10","yrdln":"ATL 21","ydstogo":7,"ydsnet":14,"posteam":"ATL","desc":"(6:10) M.Turner left tackle to ATL 32 for 11 yards (R.Barber).","note":null,"players":{"00-0022821":[{"sequence":1,"clubcode":"ATL","playerName":"M.Turner","statId":10,"yards":11}],"0":[{"sequence":2,"clubcode":"ATL","playerName":null,"statId":3,"yards":0}],"00-0000741":[{"sequence":3,"clubcode":"TB","playerName":"R.Barber","statId":79,"yards":0}]}},"2569":{"sp":0,"qtr":3,"down":1,"time":"05:26","yrdln":"ATL 32","ydstogo":10,"ydsnet":14,"posteam":"ATL","desc":"(5:26) J.Snelling right end to ATL 32 for no gain (M.Bennett).","note":null,"players":{"00-0026618":[{"sequence":1,"clubcode":"TB","playerName":"M.Bennett","statId":79,"yards":0}],"00-0025631":[{"sequence":2,"clubcode":"ATL","playerName":"J.Snelling","statId":10,"yards":0}]}},"2590":{"sp":0,"qtr":3,"down":2,"time":"04:45","yrdln":"ATL 32","ydstogo":10,"ydsnet":26,"posteam":"ATL","desc":"(4:45) M.Ryan pass short right to M.Jenkins ran ob at ATL 44 for 12 yards. Penalty on TB-R.Barber, Defensive Offside, declined.","note":null,"players":{"00-0022781":[{"sequence":3,"clubcode":"ATL","playerName":"M.Jenkins","statId":115,"yards":0},{"sequence":4,"clubcode":"ATL","playerName":"M.Jenkins","statId":113,"yards":0},{"sequence":5,"clubcode":"ATL","playerName":"M.Jenkins","statId":21,"yards":12}],"00-0026143":[{"sequence":2,"clubcode":"ATL","playerName":"M.Ryan","statId":111,"yards":12},{"sequence":6,"clubcode":"ATL","playerName":"M.Ryan","statId":15,"yards":12}],"0":[{"sequence":1,"clubcode":"ATL","playerName":null,"statId":4,"yards":0}]}},"2635":{"sp":0,"qtr":3,"down":1,"time":"04:19","yrdln":"ATL 44","ydstogo":10,"ydsnet":26,"posteam":"ATL","desc":"(4:19) M.Ryan pass incomplete short right to O.Mughelli.","note":null,"players":{"00-0026143":[{"sequence":1,"clubcode":"ATL","playerName":"M.Ryan","statId":112,"yards":0},{"sequence":3,"clubcode":"ATL","playerName":"M.Ryan","statId":14,"yards":0}],"00-0022143":[{"sequence":2,"clubcode":"ATL","playerName":"O.Mughelli","statId":115,"yards":0}]}},"2657":{"sp":0,"qtr":3,"down":2,"time":"04:16","yrdln":"ATL 44","ydstogo":10,"ydsnet":48,"posteam":"ATL","desc":"(4:16) M.Ryan pass deep right to R.White to TB 34 for 22 yards (S.Jones).","note":null,"players":{"00-0026143":[{"sequence":1,"clubcode":"ATL","playerName":"M.Ryan","statId":15,"yards":22},{"sequence":3,"clubcode":"ATL","playerName":"M.Ryan","statId":111,"yards":16}],"0":[{"sequence":5,"clubcode":"ATL","playerName":null,"statId":4,"yards":0}],"00-0022844":[{"sequence":7,"clubcode":"TB","playerName":"S.Jones","statId":79,"yards":0}],"00-0023462":[{"sequence":2,"clubcode":"ATL","playerName":"R.White","statId":21,"yards":22},{"sequence":4,"clubcode":"ATL","playerName":"R.White","statId":115,"yards":0},{"sequence":6,"clubcode":"ATL","playerName":"R.White","statId":113,"yards":6}]}},"2681":{"sp":0,"qtr":3,"down":1,"time":"03:37","yrdln":"TB 34","ydstogo":10,"ydsnet":60,"posteam":"ATL","desc":"(3:37) M.Turner left tackle to TB 22 for 12 yards (C.Grimm).","note":null,"players":{"00-0022821":[{"sequence":3,"clubcode":"ATL","playerName":"M.Turner","statId":10,"yards":12}],"00-0027805":[{"sequence":1,"clubcode":"TB","playerName":"C.Grimm","statId":79,"yards":0}],"0":[{"sequence":2,"clubcode":"ATL","playerName":null,"statId":3,"yards":0}]}},"2702":{"sp":0,"qtr":3,"down":1,"time":"02:57","yrdln":"TB 22","ydstogo":10,"ydsnet":61,"posteam":"ATL","desc":"(2:57) M.Turner right end to TB 21 for 1 yard (S.Jones).","note":null,"players":{"00-0022821":[{"sequence":1,"clubcode":"ATL","playerName":"M.Turner","statId":10,"yards":1}],"00-0022844":[{"sequence":2,"clubcode":"TB","playerName":"S.Jones","statId":79,"yards":0}]}},"2723":{"sp":0,"qtr":3,"down":2,"time":"02:17","yrdln":"TB 21","ydstogo":9,"ydsnet":51,"posteam":"ATL","desc":"(2:17) (Shotgun) M.Ryan pass incomplete short left to R.White. PENALTY on ATL-R.White, Offensive Pass Interference, 10 yards, enforced at TB 21 - No Play.","note":"PENALTY","players":{"00-0023462":[{"sequence":1,"clubcode":"ATL","playerName":"R.White","statId":93,"yards":10}]}},"2756":{"sp":0,"qtr":3,"down":2,"time":"02:13","yrdln":"TB 31","ydstogo":19,"ydsnet":55,"posteam":"ATL","desc":"(2:13) (Shotgun) M.Ryan pass short middle to T.Gonzalez to TB 27 for 4 yards (G.Hayes).","note":null,"players":{"00-0026143":[{"sequence":2,"clubcode":"ATL","playerName":"M.Ryan","statId":15,"yards":4},{"sequence":5,"clubcode":"ATL","playerName":"M.Ryan","statId":111,"yards":5}],"00-0006101":[{"sequence":1,"clubcode":"ATL","playerName":"T.Gonzalez","statId":115,"yards":0},{"sequence":4,"clubcode":"ATL","playerName":"T.Gonzalez","statId":21,"yards":4},{"sequence":6,"clubcode":"ATL","playerName":"T.Gonzalez","statId":113,"yards":-1}],"00-0026315":[{"sequence":3,"clubcode":"TB","playerName":"G.Hayes","statId":79,"yards":0}]}},"2780":{"sp":0,"qtr":3,"down":3,"time":"01:31","yrdln":"TB 27","ydstogo":15,"ydsnet":59,"posteam":"ATL","desc":"(1:31) (Shotgun) M.Ryan pass short right to J.Snelling to TB 23 for 4 yards (D.Watson, R.Barber).","note":null,"players":{"00-0026143":[{"sequence":6,"clubcode":"ATL","playerName":"M.Ryan","statId":111,"yards":-4},{"sequence":8,"clubcode":"ATL","playerName":"M.Ryan","statId":15,"yards":4}],"00-0025631":[{"sequence":3,"clubcode":"ATL","playerName":"J.Snelling","statId":115,"yards":0},{"sequence":4,"clubcode":"ATL","playerName":"J.Snelling","statId":21,"yards":4},{"sequence":7,"clubcode":"ATL","playerName":"J.Snelling","statId":113,"yards":8}],"0":[{"sequence":1,"clubcode":"ATL","playerName":null,"statId":7,"yards":0}],"00-0027812":[{"sequence":5,"clubcode":"TB","playerName":"D.Watson","statId":80,"yards":0}],"00-0000741":[{"sequence":2,"clubcode":"TB","playerName":"R.Barber","statId":82,"yards":0}]}},"2804":{"sp":1,"qtr":3,"down":4,"time":"00:50","yrdln":"TB 23","ydstogo":11,"ydsnet":59,"posteam":"ATL","desc":"(:50) M.Bryant 41 yard field goal is GOOD, Center-J.Zelenka, Holder-M.Koenen.","note":"FG","players":{"00-0020578":[{"sequence":1,"clubcode":"ATL","playerName":"M.Bryant","statId":70,"yards":41}]}}},"fds":4,"result":"Field Goal","penyds":-10,"ydsgained":69,"numplays":12,"postime":"5:54","start":{"qtr":3,"time":"06:40","yrdln":"ATL 18","team":"ATL"},"end":{"qtr":3,"time":"00:46","yrdln":"TB 23","team":"ATL"}},"14":{"posteam":"TB","qtr":3,"redzone":true,"plays":{"2823":{"sp":1,"qtr":3,"down":0,"time":"00:46","yrdln":"ATL 30","ydstogo":0,"ydsnet":0,"posteam":"ATL","desc":"M.Koenen kicks 59 yards from ATL 30 to TB 11. M.Spurlock for 89 yards, TOUCHDOWN.","note":"TD","players":{"00-0023234":[{"sequence":1,"clubcode":"ATL","playerName":"M.Koenen","statId":41,"yards":59}],"00-0023968":[{"sequence":2,"clubcode":"TB","playerName":"M.Spurlock","statId":46,"yards":89}]}},"2841":{"sp":1,"qtr":3,"down":0,"time":"00:30","yrdln":"ATL 2","ydstogo":0,"ydsnet":0,"posteam":"TB","desc":"C.Barth extra point is GOOD, Center-A.Economos, Holder-R.Malone.","note":"XP","players":{"00-0026138":[{"sequence":1,"clubcode":"TB","playerName":"C.Barth","statId":72,"yards":0}]}}},"fds":0,"result":"Touchdown","penyds":0,"ydsgained":0,"numplays":2,"postime":"0:16","start":{"qtr":3,"time":"00:46","yrdln":"","team":"TB"},"end":{"qtr":3,"time":"00:30","yrdln":"","team":"TB"}},"15":{"posteam":"ATL","qtr":4,"redzone":true,"plays":{"2857":{"sp":0,"qtr":3,"down":0,"time":"00:30","yrdln":"TB 30","ydstogo":0,"ydsnet":-2,"posteam":"TB","desc":"C.Barth kicks onside 11 yards from TB 30 to TB 41. RECOVERED by TB-C.Barth. Atlanta challenged the kick touched ruling, and the play was REVERSED. C.Barth kicks onside 9 yards from TB 30 to TB 39, impetus ends at TB 39, downed by TB-C.Barth.","note":"KICKOFF","players":{"00-0026138":[{"sequence":1,"clubcode":"TB","playerName":"C.Barth","statId":41,"yards":9}],"0":[{"sequence":2,"clubcode":"ATL","playerName":null,"statId":102,"yards":0}]}},"2912":{"sp":0,"qtr":3,"down":1,"time":"00:28","yrdln":"TB 39","ydstogo":10,"ydsnet":-2,"posteam":"ATL","desc":"(:28) M.Turner up the middle to TB 41 for -2 yards (G.McCoy, S.Jones).","note":null,"players":{"00-0022821":[{"sequence":2,"clubcode":"ATL","playerName":"M.Turner","statId":10,"yards":-2}],"00-0027856":[{"sequence":1,"clubcode":"TB","playerName":"G.McCoy","statId":120,"yards":0},{"sequence":3,"clubcode":"TB","playerName":"G.McCoy","statId":80,"yards":0}],"0":[{"sequence":5,"clubcode":"ATL","playerName":null,"statId":95,"yards":-2}],"00-0022844":[{"sequence":4,"clubcode":"TB","playerName":"S.Jones","statId":82,"yards":0}]}},"2962":{"sp":0,"qtr":4,"down":2,"time":"15:00","yrdln":"TB 41","ydstogo":12,"ydsnet":2,"posteam":"ATL","desc":"(15:00) M.Turner right end to TB 37 for 4 yards (B.Ruud, T.Crowder).","note":null,"players":{"00-0023471":[{"sequence":1,"clubcode":"TB","playerName":"B.Ruud","statId":80,"yards":0}],"00-0022821":[{"sequence":3,"clubcode":"ATL","playerName":"M.Turner","statId":10,"yards":4}],"00-0025443":[{"sequence":2,"clubcode":"TB","playerName":"T.Crowder","statId":82,"yards":0}]}},"2983":{"sp":0,"qtr":4,"down":3,"time":"14:16","yrdln":"TB 37","ydstogo":8,"ydsnet":2,"posteam":"ATL","desc":"(14:16) (Shotgun) M.Ryan pass incomplete short right to T.Gonzalez.","note":null,"players":{"00-0026143":[{"sequence":2,"clubcode":"ATL","playerName":"M.Ryan","statId":14,"yards":0},{"sequence":4,"clubcode":"ATL","playerName":"M.Ryan","statId":112,"yards":8}],"00-0006101":[{"sequence":3,"clubcode":"ATL","playerName":"T.Gonzalez","statId":115,"yards":0}],"0":[{"sequence":1,"clubcode":"ATL","playerName":"","statId":7,"yards":0}]}},"3005":{"sp":0,"qtr":4,"down":4,"time":"14:08","yrdln":"TB 37","ydstogo":8,"ydsnet":2,"posteam":"ATL","desc":"(14:08) (Punt formation) Penalty on ATL-M.Koenen, Delay of Game, declined.","note":null,"players":{}},"3032":{"sp":0,"qtr":4,"down":4,"time":"14:07","yrdln":"TB 37","ydstogo":8,"ydsnet":2,"posteam":"ATL","desc":"(14:07) M.Koenen punts 33 yards to TB 4, Center-J.Zelenka, downed by ATL-E.Weems.","note":"PUNT","players":{"00-0023234":[{"sequence":1,"clubcode":"ATL","playerName":"M.Koenen","statId":29,"yards":33},{"sequence":2,"clubcode":"ATL","playerName":"M.Koenen","statId":30,"yards":0}],"0":[{"sequence":3,"clubcode":"TB","playerName":"","statId":38,"yards":0}]}}},"fds":0,"result":"Punt","penyds":0,"ydsgained":2,"numplays":6,"postime":"1:31","start":{"qtr":3,"time":"00:30","yrdln":"TB 39","team":"ATL"},"end":{"qtr":3,"time":"13:59","yrdln":"TB 37","team":"ATL"}},"16":{"posteam":"TB","qtr":4,"redzone":true,"plays":{"3051":{"sp":0,"qtr":4,"down":1,"time":"13:59","yrdln":"TB 4","ydstogo":10,"ydsnet":0,"posteam":"TB","desc":"(13:59) J.Freeman pass incomplete short middle to C.Williams (C.Peters).","note":null,"players":{"00-0027686":[{"sequence":3,"clubcode":"ATL","playerName":"C.Peters","statId":85,"yards":0}],"00-0023440":[{"sequence":2,"clubcode":"TB","playerName":"C.Williams","statId":115,"yards":0}],"00-0026993":[{"sequence":1,"clubcode":"TB","playerName":"J.Freeman","statId":14,"yards":0},{"sequence":4,"clubcode":"TB","playerName":"J.Freeman","statId":112,"yards":1}]}},"3073":{"sp":0,"qtr":4,"down":2,"time":"13:54","yrdln":"TB 4","ydstogo":10,"ydsnet":-3,"posteam":"TB","desc":"(13:54) L.Blount right guard to TB 1 for -3 yards (J.Anderson).","note":null,"players":{"00-0027325":[{"sequence":1,"clubcode":"TB","playerName":"L.Blount","statId":10,"yards":-3}],"0":[{"sequence":2,"clubcode":"TB","playerName":"","statId":95,"yards":-3}],"00-0025395":[{"sequence":3,"clubcode":"ATL","playerName":"J.Anderson","statId":79,"yards":0},{"sequence":4,"clubcode":"ATL","playerName":"J.Anderson","statId":120,"yards":0}]}},"3094":{"sp":0,"qtr":4,"down":3,"time":"13:49","yrdln":"TB 1","ydstogo":13,"ydsnet":-3,"posteam":"TB","desc":"(13:49) PENALTY on TB-J.Freeman, Delay of Game, 0 yards, enforced at TB 1 - No Play.","note":"PENALTY","players":{"00-0026993":[{"sequence":1,"clubcode":"TB","playerName":"J.Freeman","statId":93,"yards":0}]}},"3117":{"sp":0,"qtr":4,"down":3,"time":"12:38","yrdln":"TB 1","ydstogo":13,"ydsnet":40,"posteam":"TB","desc":"(12:38) (Shotgun) J.Freeman pass deep right to M.Spurlock to TB 44 for 43 yards (B.Grimes).","note":null,"players":{"00-0023968":[{"sequence":5,"clubcode":"TB","playerName":"M.Spurlock","statId":21,"yards":43},{"sequence":6,"clubcode":"TB","playerName":"M.Spurlock","statId":115,"yards":0},{"sequence":7,"clubcode":"TB","playerName":"M.Spurlock","statId":113,"yards":9}],"0":[{"sequence":1,"clubcode":"TB","playerName":"","statId":4,"yards":0},{"sequence":2,"clubcode":"TB","playerName":"","statId":6,"yards":0}],"00-0024183":[{"sequence":8,"clubcode":"ATL","playerName":"B.Grimes","statId":79,"yards":0}],"00-0026993":[{"sequence":3,"clubcode":"TB","playerName":"J.Freeman","statId":15,"yards":43},{"sequence":4,"clubcode":"TB","playerName":"J.Freeman","statId":111,"yards":34}]}},"3141":{"sp":0,"qtr":4,"down":1,"time":"11:57","yrdln":"TB 44","ydstogo":10,"ydsnet":40,"posteam":"TB","desc":"(11:57) (Shotgun) J.Freeman pass incomplete short right to K.Winslow [P.Jerry].","note":null,"players":{"00-0027000":[{"sequence":3,"clubcode":"ATL","playerName":"P.Jerry","statId":110,"yards":0}],"00-0022922":[{"sequence":2,"clubcode":"TB","playerName":"K.Winslow","statId":115,"yards":0}],"00-0026993":[{"sequence":1,"clubcode":"TB","playerName":"J.Freeman","statId":14,"yards":0},{"sequence":4,"clubcode":"TB","playerName":"J.Freeman","statId":112,"yards":6}]}},"3163":{"sp":0,"qtr":4,"down":2,"time":"11:52","yrdln":"TB 44","ydstogo":10,"ydsnet":40,"posteam":"TB","desc":"(11:52) J.Freeman pass short right intended for M.Williams INTERCEPTED by B.Grimes at ATL 47. B.Grimes ran ob at TB 49 for 4 yards.","note":"INT","players":{"00-0024183":[{"sequence":4,"clubcode":"ATL","playerName":"B.Grimes","statId":25,"yards":4},{"sequence":5,"clubcode":"ATL","playerName":"B.Grimes","statId":85,"yards":0}],"00-0027702":[{"sequence":2,"clubcode":"TB","playerName":"M.Williams","statId":115,"yards":0}],"00-0026993":[{"sequence":1,"clubcode":"TB","playerName":"J.Freeman","statId":19,"yards":0},{"sequence":3,"clubcode":"TB","playerName":"J.Freeman","statId":112,"yards":9}]}}},"fds":1,"result":"Interception","penyds":0,"ydsgained":40,"numplays":6,"postime":"2:13","start":{"qtr":4,"time":"13:59","yrdln":"TB 4","team":"TB"},"end":{"qtr":4,"time":"11:46","yrdln":"TB 44","team":"TB"}},"17":{"posteam":"ATL","qtr":4,"redzone":true,"plays":{"3189":{"sp":0,"qtr":4,"down":1,"time":"11:46","yrdln":"TB 49","ydstogo":10,"ydsnet":13,"posteam":"ATL","desc":"(11:46) M.Ryan pass short right to T.Gonzalez to TB 36 for 13 yards (B.Ruud, S.Jones).","note":null,"players":{"00-0023471":[{"sequence":7,"clubcode":"TB","playerName":"B.Ruud","statId":80,"yards":0}],"00-0026143":[{"sequence":2,"clubcode":"ATL","playerName":"M.Ryan","statId":15,"yards":13},{"sequence":3,"clubcode":"ATL","playerName":"M.Ryan","statId":111,"yards":9}],"00-0006101":[{"sequence":4,"clubcode":"ATL","playerName":"T.Gonzalez","statId":21,"yards":13},{"sequence":5,"clubcode":"ATL","playerName":"T.Gonzalez","statId":115,"yards":0},{"sequence":6,"clubcode":"ATL","playerName":"T.Gonzalez","statId":113,"yards":4}],"0":[{"sequence":1,"clubcode":"ATL","playerName":"","statId":4,"yards":0}],"00-0022844":[{"sequence":8,"clubcode":"TB","playerName":"S.Jones","statId":82,"yards":0}]}},"3219":{"sp":0,"qtr":4,"down":1,"time":"11:02","yrdln":"TB 36","ydstogo":10,"ydsnet":11,"posteam":"ATL","desc":"(11:02) M.Turner right end to TB 38 for -2 yards (D.Watson).","note":null,"players":{"00-0022821":[{"sequence":1,"clubcode":"ATL","playerName":"M.Turner","statId":10,"yards":-2}],"0":[{"sequence":2,"clubcode":"ATL","playerName":"","statId":95,"yards":-2}],"00-0027812":[{"sequence":3,"clubcode":"TB","playerName":"D.Watson","statId":79,"yards":0},{"sequence":4,"clubcode":"TB","playerName":"D.Watson","statId":120,"yards":0}]}},"3240":{"sp":0,"qtr":4,"down":2,"time":"10:21","yrdln":"TB 38","ydstogo":12,"ydsnet":11,"posteam":"ATL","desc":"(10:21) M.Ryan pass incomplete short middle to R.White (G.Hayes).","note":null,"players":{"00-0026143":[{"sequence":1,"clubcode":"ATL","playerName":"M.Ryan","statId":14,"yards":0},{"sequence":4,"clubcode":"ATL","playerName":"M.Ryan","statId":112,"yards":5}],"00-0026315":[{"sequence":3,"clubcode":"TB","playerName":"G.Hayes","statId":85,"yards":0}],"00-0023462":[{"sequence":2,"clubcode":"ATL","playerName":"R.White","statId":115,"yards":0}]}},"3262":{"sp":0,"qtr":4,"down":3,"time":"10:17","yrdln":"TB 38","ydstogo":12,"ydsnet":11,"posteam":"ATL","desc":"(10:17) (Shotgun) M.Ryan pass incomplete deep left to H.Douglas.","note":null,"players":{"00-0026143":[{"sequence":2,"clubcode":"ATL","playerName":"M.Ryan","statId":14,"yards":0},{"sequence":4,"clubcode":"ATL","playerName":"M.Ryan","statId":112,"yards":28}],"0":[{"sequence":1,"clubcode":"ATL","playerName":"","statId":7,"yards":0}],"00-0026224":[{"sequence":3,"clubcode":"ATL","playerName":"H.Douglas","statId":115,"yards":0}]}},"3284":{"sp":0,"qtr":4,"down":4,"time":"10:11","yrdln":"TB 38","ydstogo":12,"ydsnet":11,"posteam":"ATL","desc":"(10:11) M.Koenen punts 29 yards to TB 9, Center-J.Zelenka, fair catch by M.Spurlock.","note":"PUNT","players":{"00-0023234":[{"sequence":1,"clubcode":"ATL","playerName":"M.Koenen","statId":29,"yards":29},{"sequence":2,"clubcode":"ATL","playerName":"M.Koenen","statId":30,"yards":0}],"00-0023968":[{"sequence":3,"clubcode":"TB","playerName":"M.Spurlock","statId":39,"yards":0}]}}},"fds":1,"result":"Punt","penyds":0,"ydsgained":11,"numplays":5,"postime":"1:41","start":{"qtr":4,"time":"11:46","yrdln":"TB 49","team":"ATL"},"end":{"qtr":4,"time":"10:05","yrdln":"TB 38","team":"ATL"}},"18":{"posteam":"TB","qtr":4,"redzone":true,"plays":{"3303":{"sp":0,"qtr":4,"down":1,"time":"10:05","yrdln":"TB 9","ydstogo":10,"ydsnet":21,"posteam":"TB","desc":"(10:05) L.Blount left end to TB 30 for 21 yards (T.DeCoud).","note":null,"players":{"00-0027325":[{"sequence":2,"clubcode":"TB","playerName":"L.Blount","statId":10,"yards":21}],"0":[{"sequence":1,"clubcode":"TB","playerName":"","statId":3,"yards":0}],"00-0026238":[{"sequence":3,"clubcode":"ATL","playerName":"T.DeCoud","statId":79,"yards":0}]}},"3324":{"sp":0,"qtr":4,"down":1,"time":"09:29","yrdln":"TB 30","ydstogo":10,"ydsnet":20,"posteam":"TB","desc":"(9:29) L.Blount right tackle to TB 29 for -1 yards (M.Peterson).","note":null,"players":{"00-0027325":[{"sequence":1,"clubcode":"TB","playerName":"L.Blount","statId":10,"yards":-1}],"0":[{"sequence":2,"clubcode":"TB","playerName":"","statId":95,"yards":-1}],"00-0012871":[{"sequence":3,"clubcode":"ATL","playerName":"M.Peterson","statId":79,"yards":0},{"sequence":4,"clubcode":"ATL","playerName":"M.Peterson","statId":120,"yards":0}]}},"3345":{"sp":0,"qtr":4,"down":2,"time":"08:48","yrdln":"TB 29","ydstogo":11,"ydsnet":29,"posteam":"TB","desc":"(8:48) J.Freeman pass short middle to K.Winslow to TB 38 for 9 yards (C.Lofton, M.Peterson).","note":null,"players":{"00-0026177":[{"sequence":6,"clubcode":"ATL","playerName":"C.Lofton","statId":80,"yards":0}],"00-0022922":[{"sequence":3,"clubcode":"TB","playerName":"K.Winslow","statId":21,"yards":9},{"sequence":4,"clubcode":"TB","playerName":"K.Winslow","statId":115,"yards":0},{"sequence":5,"clubcode":"TB","playerName":"K.Winslow","statId":113,"yards":3}],"00-0012871":[{"sequence":7,"clubcode":"ATL","playerName":"M.Peterson","statId":82,"yards":0}],"00-0026993":[{"sequence":1,"clubcode":"TB","playerName":"J.Freeman","statId":15,"yards":9},{"sequence":2,"clubcode":"TB","playerName":"J.Freeman","statId":111,"yards":6}]}},"3369":{"sp":0,"qtr":4,"down":0,"time":"08:19","yrdln":"","ydstogo":0,"ydsnet":29,"posteam":"","desc":"Timeout #2 by TB at 08:19.","note":"TIMEOUT","players":{"0":[{"sequence":1,"clubcode":"TB","playerName":"","statId":68,"yards":0}]}},"3386":{"sp":0,"qtr":4,"down":3,"time":"08:19","yrdln":"TB 38","ydstogo":2,"ydsnet":36,"posteam":"TB","desc":"(8:19) (Shotgun) C.Williams right tackle to TB 45 for 7 yards (C.Peters).","note":null,"players":{"0":[{"sequence":1,"clubcode":"TB","playerName":"","statId":3,"yards":0},{"sequence":2,"clubcode":"TB","playerName":"","statId":6,"yards":0}],"00-0027686":[{"sequence":4,"clubcode":"ATL","playerName":"C.Peters","statId":79,"yards":0}],"00-0023440":[{"sequence":3,"clubcode":"TB","playerName":"C.Williams","statId":10,"yards":7}]}},"3407":{"sp":0,"qtr":4,"down":1,"time":"07:36","yrdln":"TB 45","ydstogo":10,"ydsnet":38,"posteam":"TB","desc":"(7:36) C.Williams right guard to TB 47 for 2 yards (C.Peters, M.Peterson).","note":null,"players":{"00-0027686":[{"sequence":2,"clubcode":"ATL","playerName":"C.Peters","statId":80,"yards":0}],"00-0012871":[{"sequence":3,"clubcode":"ATL","playerName":"M.Peterson","statId":82,"yards":0}],"00-0023440":[{"sequence":1,"clubcode":"TB","playerName":"C.Williams","statId":10,"yards":2}]}},"3428":{"sp":0,"qtr":4,"down":2,"time":"06:56","yrdln":"TB 47","ydstogo":8,"ydsnet":36,"posteam":"TB","desc":"(6:56) L.Blount right end to TB 45 for -2 yards (J.Babineaux).","note":null,"players":{"00-0027325":[{"sequence":1,"clubcode":"TB","playerName":"L.Blount","statId":10,"yards":-2}],"00-0023494":[{"sequence":3,"clubcode":"ATL","playerName":"J.Babineaux","statId":79,"yards":0},{"sequence":4,"clubcode":"ATL","playerName":"J.Babineaux","statId":120,"yards":0}],"0":[{"sequence":2,"clubcode":"TB","playerName":"","statId":95,"yards":-2}]}},"3449":{"sp":0,"qtr":4,"down":3,"time":"06:12","yrdln":"TB 45","ydstogo":10,"ydsnet":47,"posteam":"TB","desc":"(6:12) (Shotgun) J.Freeman pass short right to M.Williams pushed ob at ATL 44 for 11 yards (B.Grimes).","note":null,"players":{"0":[{"sequence":1,"clubcode":"TB","playerName":"","statId":4,"yards":0},{"sequence":2,"clubcode":"TB","playerName":"","statId":6,"yards":0}],"00-0024183":[{"sequence":8,"clubcode":"ATL","playerName":"B.Grimes","statId":79,"yards":0}],"00-0027702":[{"sequence":5,"clubcode":"TB","playerName":"M.Williams","statId":21,"yards":11},{"sequence":6,"clubcode":"TB","playerName":"M.Williams","statId":115,"yards":0},{"sequence":7,"clubcode":"TB","playerName":"M.Williams","statId":113,"yards":0}],"00-0026993":[{"sequence":3,"clubcode":"TB","playerName":"J.Freeman","statId":15,"yards":11},{"sequence":4,"clubcode":"TB","playerName":"J.Freeman","statId":111,"yards":11}]}},"3473":{"sp":0,"qtr":4,"down":1,"time":"05:56","yrdln":"ATL 44","ydstogo":10,"ydsnet":47,"posteam":"TB","desc":"(5:56) (Shotgun) C.Williams up the middle to ATL 44 for no gain (K.Biermann).","note":null,"players":{"00-0026294":[{"sequence":2,"clubcode":"ATL","playerName":"K.Biermann","statId":79,"yards":0}],"00-0023440":[{"sequence":1,"clubcode":"TB","playerName":"C.Williams","statId":10,"yards":0}]}},"3494":{"sp":0,"qtr":4,"down":2,"time":"05:19","yrdln":"ATL 44","ydstogo":10,"ydsnet":80,"posteam":"TB","desc":"(5:19) J.Freeman pass incomplete deep right to A.Benn. PENALTY on ATL-W.Moore, Defensive Pass Interference, 33 yards, enforced at ATL 44 - No Play.","note":"PENALTY","players":{"0":[{"sequence":1,"clubcode":"TB","playerName":"","statId":5,"yards":0}],"00-0027031":[{"sequence":2,"clubcode":"ATL","playerName":"W.Moore","statId":93,"yards":33}]}},"3527":{"sp":0,"qtr":4,"down":1,"time":"05:12","yrdln":"ATL 11","ydstogo":10,"ydsnet":80,"posteam":"TB","desc":"(5:12) L.Blount right tackle to ATL 11 for no gain (C.Lofton, S.Nicholas).","note":null,"players":{"00-0026177":[{"sequence":2,"clubcode":"ATL","playerName":"C.Lofton","statId":80,"yards":0}],"00-0027325":[{"sequence":1,"clubcode":"TB","playerName":"L.Blount","statId":10,"yards":0}],"00-0025496":[{"sequence":3,"clubcode":"ATL","playerName":"S.Nicholas","statId":82,"yards":0}]}},"3585":{"sp":0,"qtr":4,"down":2,"time":"04:33","yrdln":"ATL 11","ydstogo":10,"ydsnet":87,"posteam":"TB","desc":"(4:33) P.Parker left end to ATL 4 for 7 yards (S.Nicholas).","note":null,"players":{"00-0027450":[{"sequence":1,"clubcode":"TB","playerName":"P.Parker","statId":10,"yards":7}],"00-0025496":[{"sequence":2,"clubcode":"ATL","playerName":"S.Nicholas","statId":79,"yards":0}]}},"3606":{"sp":0,"qtr":4,"down":3,"time":"03:48","yrdln":"ATL 4","ydstogo":3,"ydsnet":89,"posteam":"TB","desc":"(3:48) L.Blount up the middle to ATL 2 for 2 yards (C.Lofton).","note":null,"players":{"00-0026177":[{"sequence":3,"clubcode":"ATL","playerName":"C.Lofton","statId":79,"yards":0}],"00-0027325":[{"sequence":2,"clubcode":"TB","playerName":"L.Blount","statId":10,"yards":2}],"0":[{"sequence":1,"clubcode":"TB","playerName":"","statId":7,"yards":0}]}},"3627":{"sp":0,"qtr":4,"down":0,"time":"02:44","yrdln":"","ydstogo":0,"ydsnet":89,"posteam":"","desc":"Timeout #3 by TB at 02:44.","note":"TIMEOUT","players":{"0":[{"sequence":1,"clubcode":"TB","playerName":"","statId":68,"yards":0}]}},"3644":{"sp":0,"qtr":4,"down":4,"time":"02:44","yrdln":"ATL 2","ydstogo":1,"ydsnet":89,"posteam":"TB","desc":"(2:44) L.Blount right tackle to ATL 2 for no gain (T.DeCoud).","note":null,"players":{"00-0027325":[{"sequence":2,"clubcode":"TB","playerName":"L.Blount","statId":10,"yards":0}],"0":[{"sequence":1,"clubcode":"TB","playerName":"","statId":9,"yards":0}],"00-0026238":[{"sequence":3,"clubcode":"ATL","playerName":"T.DeCoud","statId":79,"yards":0}]}}},"fds":4,"result":"Downs","penyds":33,"ydsgained":56,"numplays":15,"postime":"7:28","start":{"qtr":4,"time":"10:05","yrdln":"TB 9","team":"TB"},"end":{"qtr":4,"time":"02:37","yrdln":"ATL 2","team":"TB"}},"19":{"posteam":"ATL","qtr":4,"redzone":true,"plays":{"3665":{"sp":0,"qtr":4,"down":1,"time":"02:37","yrdln":"ATL 2","ydstogo":10,"ydsnet":3,"posteam":"ATL","desc":"(2:37) M.Turner right tackle to ATL 5 for 3 yards (K.Moore).","note":null,"players":{"00-0022821":[{"sequence":1,"clubcode":"ATL","playerName":"M.Turner","statId":10,"yards":3}],"00-0026906":[{"sequence":2,"clubcode":"TB","playerName":"K.Moore","statId":79,"yards":0}]}},"3686":{"sp":0,"qtr":4,"down":0,"time":"02:00","yrdln":"","ydstogo":0,"ydsnet":3,"posteam":"","desc":"Two-Minute Warning","note":null,"players":{}},"3703":{"sp":0,"qtr":4,"down":2,"time":"02:00","yrdln":"ATL 5","ydstogo":7,"ydsnet":8,"posteam":"ATL","desc":"(2:00) M.Turner left guard to ATL 10 for 5 yards (R.Miller).","note":null,"players":{"00-0022821":[{"sequence":1,"clubcode":"ATL","playerName":"M.Turner","statId":10,"yards":5}],"00-0027055":[{"sequence":2,"clubcode":"TB","playerName":"R.Miller","statId":79,"yards":0}]}},"3724":{"sp":0,"qtr":4,"down":3,"time":"01:14","yrdln":"ATL 10","ydstogo":2,"ydsnet":14,"posteam":"ATL","desc":"(1:14) M.Turner right tackle to ATL 16 for 6 yards (C.Grimm).","note":null,"players":{"00-0022821":[{"sequence":3,"clubcode":"ATL","playerName":"M.Turner","statId":10,"yards":6}],"00-0027805":[{"sequence":4,"clubcode":"TB","playerName":"C.Grimm","statId":79,"yards":0}],"0":[{"sequence":1,"clubcode":"ATL","playerName":"","statId":3,"yards":0},{"sequence":2,"clubcode":"ATL","playerName":"","statId":6,"yards":0}]}},"3745":{"sp":0,"qtr":4,"down":1,"time":"00:34","yrdln":"ATL 16","ydstogo":10,"ydsnet":13,"posteam":"ATL","desc":"(:34) M.Ryan kneels to ATL 15 for -1 yards.","note":null,"players":{"00-0026143":[{"sequence":1,"clubcode":"ATL","playerName":"M.Ryan","statId":10,"yards":-1}]}},"3766":{"sp":0,"qtr":4,"down":0,"time":"00:00","yrdln":"","ydstogo":0,"ydsnet":13,"posteam":"","desc":"END GAME","note":null,"players":{}}},"fds":1,"result":"End of Game","penyds":0,"ydsgained":13,"numplays":6,"postime":"2:37","start":{"qtr":4,"time":"02:37","yrdln":"ATL 2","team":"ATL"},"end":{"qtr":4,"time":"00:00","yrdln":"","team":"ATL"}},"crntdrv":19},"scrsummary":{"328":{"type":"TD","desc":"M.Turner 2 yd. run (M.Bryant kick is good) Drive: 13 plays, 61 yards in 6:54","qtr":1,"team":"ATL","players":{"M.Turner":"00-0022821","":"0","M.Bryant":"00-0020578"}},"932":{"type":"TD","desc":"M.Turner 10 yd. run (M.Bryant kick is good) Drive: 10 plays, 99 yards in 3:59","qtr":2,"team":"ATL","players":{"M.Turner":"00-0022821","":"0","M.Bryant":"00-0020578"}},"1068":{"type":"TD","desc":"A.Benn 14 yd. pass from J.Freeman (C.Barth kick is good) Drive: 4 plays, 32 yards in 1:29","qtr":2,"team":"TB","players":{"":"0","A.Benn":"00-0027654","J.Freeman":"00-0026993","C.Barth":"00-0026138"}},"1395":{"type":"FG","desc":"M.Bryant 31 yd. Field Goal Drive: 11 plays, 72 yards in 6:43","qtr":2,"team":"ATL","players":{"M.Bryant":"00-0020578"}},"1580":{"type":"TD","desc":"M.Williams 58 yd. pass from J.Freeman (C.Barth kick is good) Drive: 7 plays, 90 yards in 3:21","qtr":2,"team":"TB","players":{"M.Williams":"00-0027702","J.Freeman":"00-0026993","":"0","C.Barth":"00-0026138"}},"2309":{"type":"TD","desc":"M.Palmer 5 yd. pass from M.Ryan (M.Bryant kick is good) Drive: 7 plays, 30 yards in 3:03","qtr":3,"team":"ATL","players":{"M.Palmer":"00-0027202","M.Ryan":"00-0026143","":"0","M.Bryant":"00-0020578"}},"2804":{"type":"FG","desc":"M.Bryant 41 yd. Field Goal Drive: 11 plays, 59 yards in 5:54","qtr":3,"team":"ATL","players":{"M.Bryant":"00-0020578"}},"2823":{"type":"TD","desc":"M.Spurlock 89 yd. kickoff return (C.Barth kick is good) Drive: 0 plays, 0 yards in 0:16","qtr":3,"team":"TB","players":{"M.Koenen":"00-0023234","M.Spurlock":"00-0023968","C.Barth":"00-0026138"}}},"weather":null,"media":null,"yl":"","qtr":"Final","note":null,"down":0,"togo":0,"redzone":true,"clock":"00:32","posteam":"ATL","stadium":null},"nextupdate":209}