{"2010010311":{"home":{"score":{"1":0,"2":0,"3":0,"4":7,"5":0,"T":7},"abbr":"ARI","to":3,"stats":{"passing":{"00-0024225":{"name":"M.Leinart","att":21,"cmp":13,"yds":96,"tds":0,"ints":2,"twopta":0,"twoptm":0},"00-0017200":{"name":"K.Warner","att":6,"cmp":4,"yds":31,"tds":0,"ints":0,"twopta":0,"twoptm":0},"00-0022101":{"name":"B.St. Pierre","att":4,"cmp":2,"yds":12,"tds":1,"ints":1,"twopta":0,"twoptm":0}},"rushing":{"00-0026289":{"name":"T.Hightower","att":6,"yds":24,"tds":0,"lng":11,"twopta":0,"twoptm":0},"00-0027007":{"name":"C.Wells","att":6,"yds":19,"tds":0,"lng":17,"twopta":0,"twoptm":0},"00-0026956":{"name":"L.Stephens-Howling","att":1,"yds":3,"tds":0,"lng":3,"twopta":0,"twoptm":0},"00-0022101":{"name":"B.St. Pierre","att":1,"yds":2,"tds":0,"lng":2,"twopta":0,"twoptm":0}},"receiving":{"00-0026221":{"name":"E.Doucet","rec":4,"yds":28,"tds":0,"lng":13,"twopta":0,"twoptm":0},"00-0022084":{"name":"A.Boldin","rec":3,"yds":38,"tds":0,"lng":17,"twopta":0,"twoptm":0},"00-0022921":{"name":"L.Fitzgerald","rec":3,"yds":17,"tds":1,"lng":12,"twopta":0,"twoptm":0},"00-0025529":{"name":"S.Breaston","rec":3,"yds":16,"tds":0,"lng":11,"twopta":0,"twoptm":0},"00-0021647":{"name":"J.Urban","rec":2,"yds":13,"tds":0,"lng":9,"twopta":0,"twoptm":0},"00-0026289":{"name":"T.Hightower","rec":2,"yds":4,"tds":0,"lng":5,"twopta":0,"twoptm":0},"00-0023108":{"name":"S.Spach","rec":1,"yds":22,"tds":0,"lng":22,"twopta":0,"twoptm":0},"00-0022288":{"name":"J.Wright","rec":1,"yds":1,"tds":0,"lng":1,"twopta":0,"twoptm":0}},"fumbles":{"00-0022101":{"name":"B.St. Pierre","tot":1,"rcv":1,"trcv":1,"yds":0,"lost":0}},"kicking":{"00-0019676":{"name":"N.Rackers","fgm":0,"fga":0,"fgyds":0,"totpfg":0,"xpmade":1,"xpmissed":0,"xpa":1,"xpb":0,"xptot":1}},"punting":{"00-0022954":{"name":"B.Graham","pts":4,"yds":190,"avg":44,"i20":3,"lng":58}},"kickret":{"00-0026956":{"name":"L.Stephens-Howling","ret":5,"avg":20,"tds":0,"lng":23}},"puntret":{"00-0025529":{"name":"S.Breaston","ret":2,"avg":2,"tds":0,"lng":3}},"defense":{"00-0023663":{"name":"H.Abdullah","tkl":7,"ast":1,"sk":0,"int":0,"ffum":0},"00-0027067":{"name":"R.Johnson","tkl":7,"ast":0,"sk":0,"int":0,"ffum":0},"00-0026910":{"name":"G.Toler","tkl":6,"ast":0,"sk":0,"int":0,"ffum":0},"00-0025668":{"name":"M.Adams","tkl":4,"ast":1,"sk":0,"int":0,"ffum":0},"00-0026939":{"name":"W.Davis","tkl":4,"ast":1,"sk":0,"int":0,"ffum":0},"00-0026727":{"name":"R.Walker","tkl":4,"ast":0,"sk":0,"int":0,"ffum":0},"00-0025667":{"name":"P.Togafau","tkl":3,"ast":0,"sk":0,"int":0,"ffum":0},"00-0012333":{"name":"C.Okeafor","tkl":2,"ast":0,"sk":0,"int":0,"ffum":0},"00-0026190":{"name":"C.Campbell","tkl":2,"ast":0,"sk":0,"int":0,"ffum":0},"00-0023497":{"name":"B.McFadden","tkl":2,"ast":0,"sk":0,"int":0,"ffum":0},"00-0020478":{"name":"M.Beisel","tkl":2,"ast":0,"sk":0,"int":0,"ffum":0},"00-0025420":{"name":"A.Branch","tkl":2,"ast":0,"sk":0,"int":0,"ffum":0},"00-0025927":{"name":"J.Banks","tkl":1,"ast":1,"sk":1,"int":0,"ffum":0},"00-0019538":{"name":"C.Haggans","tkl":1,"ast":1,"sk":0,"int":0,"ffum":0},"00-0021941":{"name":"G.Hayes","tkl":1,"ast":0,"sk":0,"int":0,"ffum":0},"00-0024322":{"name":"G.Watson","tkl":1,"ast":0,"sk":0,"int":0,"ffum":0},"00-0019613":{"name":"R.Brown","tkl":0,"ast":0,"sk":0,"int":1,"ffum":0}},"team":{"totfd":13,"totyds":187,"pyds":139,"ryds":48,"pen":7,"penyds":76,"trnovr":3,"pt":4,"ptyds":190,"ptavg":44,"top":"22:33"}},"players":null},"away":{"score":{"1":14,"2":12,"3":7,"4":0,"5":0,"T":33},"abbr":"GB","to":3,"stats":{"passing":{"00-0023459":{"name":"A.Rodgers","att":26,"cmp":21,"yds":235,"tds":1,"ints":0,"twopta":0,"twoptm":0},"00-0026349":{"name":"M.Flynn","att":3,"cmp":1,"yds":7,"tds":0,"ints":1,"twopta":0,"twoptm":0}},"rushing":{"00-0022984":{"name":"R.Grant","att":11,"yds":51,"tds":1,"lng":13,"twopta":0,"twoptm":0},"00-0006305":{"name":"A.Green","att":12,"yds":42,"tds":0,"lng":14,"twopta":0,"twoptm":0},"00-0025450":{"name":"B.Jackson","att":6,"yds":17,"tds":0,"lng":5,"twopta":0,"twoptm":0},"00-0023459":{"name":"A.Rodgers","att":2,"yds":2,"tds":1,"lng":1,"twopta":0,"twoptm":0},"00-0026349":{"name":"M.Flynn","att":3,"yds":-3,"tds":0,"lng":-1,"twopta":0,"twoptm":0}},"receiving":{"00-0004541":{"name":"D.Driver","rec":6,"yds":65,"tds":0,"lng":19,"twopta":0,"twoptm":0},"00-0026231":{"name":"J.Finley","rec":4,"yds":34,"tds":1,"lng":11,"twopta":0,"twoptm":0},"00-0024267":{"name":"G.Jennings","rec":3,"yds":29,"tds":0,"lng":12,"twopta":0,"twoptm":0},"00-0025465":{"name":"J.Jones","rec":3,"yds":17,"tds":0,"lng":8,"twopta":0,"twoptm":0},"00-0025450":{"name":"B.Jackson","rec":2,"yds":29,"tds":0,"lng":17,"twopta":0,"twoptm":0},"00-0021929":{"name":"D.Lee","rec":2,"yds":13,"tds":0,"lng":8,"twopta":0,"twoptm":0},"00-0026176":{"name":"J.Nelson","rec":1,"yds":51,"tds":0,"lng":51,"twopta":0,"twoptm":0},"00-0022999":{"name":"J.Kuhn","rec":1,"yds":4,"tds":0,"lng":4,"twopta":0,"twoptm":0}},"kicking":{"00-0025580":{"name":"M.Crosby","fgm":1,"fga":1,"fgyds":26,"totpfg":3,"xpmade":4,"xpmissed":0,"xpa":4,"xpb":0,"xptot":4}},"punting":{"00-0025786":{"name":"J.Kapinos","pts":2,"yds":98,"avg":47,"i20":1,"lng":54}},"kickret":{"00-0026176":{"name":"J.Nelson","ret":3,"avg":29,"tds":0,"lng":54}},"puntret":{"00-0026176":{"name":"J.Nelson","ret":2,"avg":8,"tds":0,"lng":13}},"defense":{"00-0024061":{"name":"T.Williams","tkl":5,"ast":2,"sk":0,"int":1,"ffum":0},"00-0024220":{"name":"A.Hawk","tkl":6,"ast":0,"sk":0,"int":0,"ffum":0},"00-0021990":{"name":"N.Barnett","tkl":3,"ast":2,"sk":0,"int":0,"ffum":0},"00-0023404":{"name":"A.Bigby","tkl":4,"ast":0,"sk":0,"int":1,"ffum":0},"00-0023918":{"name":"J.Bush","tkl":2,"ast":0,"sk":0,"int":0,"ffum":0},"00-0025579":{"name":"D.Bishop","tkl":2,"ast":0,"sk":0,"int":0,"ffum":0},"00-0026985":{"name":"B.Raji","tkl":2,"ast":0,"sk":0,"int":0,"ffum":0},"00-0024397":{"name":"J.Jolly","tkl":2,"ast":0,"sk":0,"int":0,"ffum":0},"00-0026934":{"name":"B.Underwood","tkl":2,"ast":0,"sk":0,"int":0,"ffum":0},"00-0023486":{"name":"N.Collins","tkl":1,"ast":0,"sk":0,"int":0,"ffum":0},"00-0026057":{"name":"J.Bell","tkl":1,"ast":0,"sk":0,"int":0,"ffum":0},"00-0026930":{"name":"J.Wynn","tkl":1,"ast":0,"sk":0,"int":0,"ffum":0},"00-0023569":{"name":"M.Giordano","tkl":1,"ast":0,"sk":0,"int":0,"ffum":0},"00-0021706":{"name":"C.Jenkins","tkl":0,"ast":1,"sk":0,"int":0,"ffum":0},"00-0018227":{"name":"C.Woodson","tkl":0,"ast":0,"sk":0,"int":1,"ffum":0}},"team":{"totfd":24,"totyds":345,"pyds":236,"ryds":109,"pen":4,"penyds":19,"trnovr":1,"pt":2,"ptyds":98,"ptavg":47,"top":"37:27"}},"players":null},"drives":{"1":{"posteam":"GB","qtr":1,"redzone":true,"plays":{"36":{"sp":0,"qtr":1,"down":0,"time":"15:00","yrdln":"ARI 30","ydstogo":0,"ydsnet":0,"posteam":"ARI","desc":"N.Rackers kicks 59 yards from ARI 30 to GB 11. J.Nelson to GB 31 for 20 yards (L.Stephens-Howling).","note":"KICKOFF","players":{"00-0026176":[{"sequence":2,"clubcode":"GB","playerName":"J.Nelson","statId":45,"yards":20}],"00-0026956":[{"sequence":3,"clubcode":"ARI","playerName":"L.Stephens-Howling","statId":79,"yards":0}],"00-0019676":[{"sequence":1,"clubcode":"ARI","playerName":"N.Rackers","statId":41,"yards":59}]}},"58":{"sp":0,"qtr":1,"down":1,"time":"14:56","yrdln":"GB 31","ydstogo":10,"ydsnet":14,"posteam":"GB","desc":"(14:56) A.Rodgers pass short right to D.Driver to GB 45 for 14 yards (R.Johnson).","note":null,"players":{"00-0027067":[{"sequence":7,"clubcode":"ARI","playerName":"R.Johnson","statId":79,"yards":0}],"0":[{"sequence":1,"clubcode":"GB","playerName":"","statId":4,"yards":0}],"00-0004541":[{"sequence":4,"clubcode":"GB","playerName":"D.Driver","statId":21,"yards":14},{"sequence":5,"clubcode":"GB","playerName":"D.Driver","statId":115,"yards":0},{"sequence":6,"clubcode":"GB","playerName":"D.Driver","statId":113,"yards":10}],"00-0023459":[{"sequence":2,"clubcode":"GB","playerName":"A.Rodgers","statId":15,"yards":14},{"sequence":3,"clubcode":"GB","playerName":"A.Rodgers","statId":111,"yards":4}]}},"84":{"sp":0,"qtr":1,"down":1,"time":"14:17","yrdln":"GB 45","ydstogo":10,"ydsnet":19,"posteam":"GB","desc":"(14:17) R.Grant right end to 50 for 5 yards (G.Hayes).","note":null,"players":{"00-0022984":[{"sequence":1,"clubcode":"GB","playerName":"R.Grant","statId":10,"yards":5}],"00-0021941":[{"sequence":2,"clubcode":"ARI","playerName":"G.Hayes","statId":79,"yards":0}]}},"105":{"sp":0,"qtr":1,"down":2,"time":"13:34","yrdln":"50","ydstogo":5,"ydsnet":14,"posteam":"GB","desc":"(13:34) A.Rodgers pass short right to J.Finley to ARI 20 for 30 yards (D.Rodgers-Cromartie). PENALTY on GB-G.Jennings, Illegal Formation, 5 yards, enforced at 50 - No Play.","note":"PENALTY","players":{"00-0024267":[{"sequence":1,"clubcode":"GB","playerName":"G.Jennings","statId":93,"yards":5}]}},"140":{"sp":0,"qtr":1,"down":0,"time":"13:23","yrdln":"","ydstogo":0,"ydsnet":14,"posteam":"","desc":"Timeout at 13:23.","note":"Timeout","players":{}},"157":{"sp":0,"qtr":1,"down":2,"time":"13:04","yrdln":"GB 45","ydstogo":10,"ydsnet":22,"posteam":"GB","desc":"(13:04) A.Rodgers pass short middle to D.Lee to ARI 47 for 8 yards (C.Okeafor).","note":null,"players":{"00-0021929":[{"sequence":3,"clubcode":"GB","playerName":"D.Lee","statId":21,"yards":8},{"sequence":4,"clubcode":"GB","playerName":"D.Lee","statId":115,"yards":0},{"sequence":5,"clubcode":"GB","playerName":"D.Lee","statId":113,"yards":3}],"00-0012333":[{"sequence":6,"clubcode":"ARI","playerName":"C.Okeafor","statId":79,"yards":0}],"00-0023459":[{"sequence":1,"clubcode":"GB","playerName":"A.Rodgers","statId":15,"yards":8},{"sequence":2,"clubcode":"GB","playerName":"A.Rodgers","statId":111,"yards":5}]}},"184":{"sp":0,"qtr":1,"down":3,"time":"12:25","yrdln":"ARI 47","ydstogo":2,"ydsnet":23,"posteam":"GB","desc":"(12:25) A.Green up the middle to ARI 46 for 1 yard (C.Campbell).","note":null,"players":{"00-0026190":[{"sequence":3,"clubcode":"ARI","playerName":"C.Campbell","statId":79,"yards":0}],"00-0006305":[{"sequence":2,"clubcode":"GB","playerName":"A.Green","statId":10,"yards":1}],"0":[{"sequence":1,"clubcode":"GB","playerName":"","statId":7,"yards":0}]}},"205":{"sp":0,"qtr":1,"down":4,"time":"11:50","yrdln":"ARI 46","ydstogo":1,"ydsnet":24,"posteam":"GB","desc":"(11:50) A.Rodgers up the middle to ARI 45 for 1 yard (C.Okeafor).","note":null,"players":{"0":[{"sequence":1,"clubcode":"GB","playerName":"","statId":3,"yards":0},{"sequence":2,"clubcode":"GB","playerName":"","statId":8,"yards":0}],"00-0012333":[{"sequence":4,"clubcode":"ARI","playerName":"C.Okeafor","statId":79,"yards":0}],"00-0023459":[{"sequence":3,"clubcode":"GB","playerName":"A.Rodgers","statId":10,"yards":1}]}},"226":{"sp":0,"qtr":1,"down":1,"time":"11:25","yrdln":"ARI 45","ydstogo":10,"ydsnet":30,"posteam":"GB","desc":"(11:25) (Shotgun) R.Grant up the middle to ARI 39 for 6 yards (C.Haggans).","note":null,"players":{"00-0022984":[{"sequence":1,"clubcode":"GB","playerName":"R.Grant","statId":10,"yards":6}],"00-0019538":[{"sequence":2,"clubcode":"ARI","playerName":"C.Haggans","statId":79,"yards":0}]}},"247":{"sp":0,"qtr":1,"down":2,"time":"10:50","yrdln":"ARI 39","ydstogo":4,"ydsnet":37,"posteam":"GB","desc":"(10:50) A.Rodgers pass short left to D.Driver to ARI 32 for 7 yards (B.McFadden).","note":null,"players":{"00-0023497":[{"sequence":7,"clubcode":"ARI","playerName":"B.McFadden","statId":79,"yards":0}],"0":[{"sequence":1,"clubcode":"GB","playerName":"","statId":4,"yards":0}],"00-0004541":[{"sequence":4,"clubcode":"GB","playerName":"D.Driver","statId":21,"yards":7},{"sequence":5,"clubcode":"GB","playerName":"D.Driver","statId":115,"yards":0},{"sequence":6,"clubcode":"GB","playerName":"D.Driver","statId":113,"yards":6}],"00-0023459":[{"sequence":2,"clubcode":"GB","playerName":"A.Rodgers","statId":15,"yards":7},{"sequence":3,"clubcode":"GB","playerName":"A.Rodgers","statId":111,"yards":1}]}},"271":{"sp":0,"qtr":1,"down":1,"time":"10:09","yrdln":"ARI 32","ydstogo":10,"ydsnet":45,"posteam":"GB","desc":"(10:09) A.Rodgers pass short right to G.Jennings to ARI 24 for 8 yards (M.Adams).","note":null,"players":{"00-0024267":[{"sequence":3,"clubcode":"GB","playerName":"G.Jennings","statId":21,"yards":8},{"sequence":4,"clubcode":"GB","playerName":"G.Jennings","statId":115,"yards":0},{"sequence":5,"clubcode":"GB","playerName":"G.Jennings","statId":113,"yards":2}],"00-0023459":[{"sequence":1,"clubcode":"GB","playerName":"A.Rodgers","statId":15,"yards":8},{"sequence":2,"clubcode":"GB","playerName":"A.Rodgers","statId":111,"yards":6}],"00-0025668":[{"sequence":6,"clubcode":"ARI","playerName":"M.Adams","statId":79,"yards":0}]}},"295":{"sp":0,"qtr":1,"down":2,"time":"09:27","yrdln":"ARI 24","ydstogo":2,"ydsnet":40,"posteam":"GB","desc":"(9:27) (Shotgun) A.Rodgers pass short right to J.Jones to ARI 9 for 15 yards (M.Adams). PENALTY on GB-J.Jones, Illegal Touch Pass, 5 yards, enforced at ARI 24 - No Play.","note":"PENALTY","players":{"00-0025465":[{"sequence":1,"clubcode":"GB","playerName":"J.Jones","statId":93,"yards":5}]}},"331":{"sp":0,"qtr":1,"down":2,"time":"09:00","yrdln":"ARI 29","ydstogo":7,"ydsnet":68,"posteam":"GB","desc":"(9:00) A.Rodgers pass incomplete deep right to G.Jennings. PENALTY on ARI-M.Adams, Defensive Pass Interference, 28 yards, enforced at ARI 29 - No Play.","note":"PENALTY","players":{"0":[{"sequence":1,"clubcode":"GB","playerName":"","statId":5,"yards":0}],"00-0025668":[{"sequence":2,"clubcode":"ARI","playerName":"M.Adams","statId":93,"yards":28}]}},"364":{"sp":0,"qtr":1,"down":0,"time":"08:54","yrdln":"","ydstogo":0,"ydsnet":68,"posteam":"","desc":"Timeout #1 by GB at 08:54.","note":"TIMEOUT","players":{"0":[{"sequence":1,"clubcode":"GB","playerName":"","statId":68,"yards":0}]}},"381":{"sp":0,"qtr":1,"down":1,"time":"08:54","yrdln":"ARI 1","ydstogo":1,"ydsnet":69,"posteam":"GB","desc":"(8:54) A.Rodgers pass incomplete short left to J.Finley [A.Wilson].","note":null,"players":{"00-0026231":[{"sequence":2,"clubcode":"GB","playerName":"J.Finley","statId":115,"yards":0}],"00-0023459":[{"sequence":1,"clubcode":"GB","playerName":"A.Rodgers","statId":14,"yards":0},{"sequence":4,"clubcode":"GB","playerName":"A.Rodgers","statId":112,"yards":1}],"00-0020505":[{"sequence":3,"clubcode":"ARI","playerName":"A.Wilson","statId":110,"yards":0}]}},"403":{"sp":1,"qtr":1,"down":2,"time":"08:49","yrdln":"ARI 1","ydstogo":1,"ydsnet":69,"posteam":"GB","desc":"(8:49) R.Grant right end for 1 yard, TOUCHDOWN.","note":"TD","players":{"00-0022984":[{"sequence":2,"clubcode":"GB","playerName":"R.Grant","statId":11,"yards":1}],"0":[{"sequence":1,"clubcode":"GB","playerName":"","statId":3,"yards":0}]}},"421":{"sp":0,"qtr":1,"down":0,"time":"08:45","yrdln":"ARI 2","ydstogo":0,"ydsnet":69,"posteam":"GB","desc":"M.Crosby extra point is Blocked (M.Adams), Center-B.Goode, Holder-J.Kapinos. PENALTY on ARI-M.Adams, Defensive Offside, 0 yards, enforced at ARI 2 - No Play.","note":"PENALTY","players":{"00-0025668":[{"sequence":1,"clubcode":"ARI","playerName":"M.Adams","statId":93,"yards":0}]}},"448":{"sp":1,"qtr":1,"down":0,"time":"08:45","yrdln":"ARI 1","ydstogo":0,"ydsnet":69,"posteam":"GB","desc":"M.Crosby extra point is GOOD, Center-B.Goode, Holder-J.Kapinos.","note":"XP","players":{"00-0025580":[{"sequence":1,"clubcode":"GB","playerName":"M.Crosby","statId":72,"yards":0}]}}},"fds":5,"result":"Touchdown","penyds":18,"ydsgained":51,"numplays":18,"postime":"6:15","start":{"qtr":1,"time":"15:00","yrdln":"GB 31","team":"GB"},"end":{"qtr":1,"time":"08:45","yrdln":"ARI 1","team":"GB"}},"2":{"posteam":"ARI","qtr":1,"redzone":true,"plays":{"480":{"sp":0,"qtr":1,"down":0,"time":"08:45","yrdln":"GB 30","ydstogo":0,"ydsnet":0,"posteam":"GB","desc":"M.Crosby kicks 66 yards from GB 30 to ARI 4. L.Stephens-Howling to ARI 25 for 21 yards (J.Kuhn).","note":"KICKOFF","players":{"00-0025580":[{"sequence":1,"clubcode":"GB","playerName":"M.Crosby","statId":41,"yards":66}],"00-0022999":[{"sequence":3,"clubcode":"GB","playerName":"J.Kuhn","statId":79,"yards":0}],"00-0026956":[{"sequence":2,"clubcode":"ARI","playerName":"L.Stephens-Howling","statId":45,"yards":21}]}},"502":{"sp":0,"qtr":1,"down":1,"time":"08:39","yrdln":"ARI 25","ydstogo":10,"ydsnet":3,"posteam":"ARI","desc":"(8:39) K.Warner pass short right to S.Breaston to ARI 28 for 3 yards (T.Williams).","note":null,"players":{"00-0025529":[{"sequence":3,"clubcode":"ARI","playerName":"S.Breaston","statId":21,"yards":3},{"sequence":4,"clubcode":"ARI","playerName":"S.Breaston","statId":115,"yards":0},{"sequence":5,"clubcode":"ARI","playerName":"S.Breaston","statId":113,"yards":2}],"00-0017200":[{"sequence":1,"clubcode":"ARI","playerName":"K.Warner","statId":15,"yards":3},{"sequence":2,"clubcode":"ARI","playerName":"K.Warner","statId":111,"yards":1}],"00-0024061":[{"sequence":6,"clubcode":"GB","playerName":"T.Williams","statId":79,"yards":0}]}},"526":{"sp":0,"qtr":1,"down":2,"time":"08:02","yrdln":"ARI 28","ydstogo":7,"ydsnet":16,"posteam":"ARI","desc":"(8:02) (Shotgun) K.Warner pass short left to E.Doucet pushed ob at ARI 41 for 13 yards (T.Williams).","note":null,"players":{"00-0017200":[{"sequence":2,"clubcode":"ARI","playerName":"K.Warner","statId":15,"yards":13},{"sequence":3,"clubcode":"ARI","playerName":"K.Warner","statId":111,"yards":2}],"00-0024061":[{"sequence":7,"clubcode":"GB","playerName":"T.Williams","statId":79,"yards":0}],"00-0026221":[{"sequence":4,"clubcode":"ARI","playerName":"E.Doucet","statId":21,"yards":13},{"sequence":5,"clubcode":"ARI","playerName":"E.Doucet","statId":115,"yards":0},{"sequence":6,"clubcode":"ARI","playerName":"E.Doucet","statId":113,"yards":11}],"0":[{"sequence":1,"clubcode":"ARI","playerName":"","statId":4,"yards":0}]}},"550":{"sp":0,"qtr":1,"down":1,"time":"07:37","yrdln":"ARI 41","ydstogo":10,"ydsnet":16,"posteam":"ARI","desc":"(7:37) K.Warner pass incomplete short left to L.Fitzgerald (C.Woodson).","note":null,"players":{"00-0022921":[{"sequence":2,"clubcode":"ARI","playerName":"L.Fitzgerald","statId":115,"yards":0}],"00-0017200":[{"sequence":1,"clubcode":"ARI","playerName":"K.Warner","statId":14,"yards":0},{"sequence":4,"clubcode":"ARI","playerName":"K.Warner","statId":112,"yards":9}],"00-0018227":[{"sequence":3,"clubcode":"GB","playerName":"C.Woodson","statId":85,"yards":0}]}},"572":{"sp":0,"qtr":1,"down":2,"time":"07:33","yrdln":"ARI 41","ydstogo":10,"ydsnet":16,"posteam":"ARI","desc":"(7:33) C.Wells right tackle to ARI 41 for no gain (N.Collins).","note":null,"players":{"00-0027007":[{"sequence":1,"clubcode":"ARI","playerName":"C.Wells","statId":10,"yards":0}],"00-0023486":[{"sequence":2,"clubcode":"GB","playerName":"N.Collins","statId":79,"yards":0}]}},"593":{"sp":0,"qtr":1,"down":3,"time":"06:50","yrdln":"ARI 41","ydstogo":10,"ydsnet":20,"posteam":"ARI","desc":"(6:50) (Shotgun) K.Warner pass short left to E.Doucet to ARI 45 for 4 yards (J.Bush) [B.Jones].","note":null,"players":{"00-0023918":[{"sequence":8,"clubcode":"GB","playerName":"J.Bush","statId":79,"yards":0}],"00-0017200":[{"sequence":2,"clubcode":"ARI","playerName":"K.Warner","statId":15,"yards":4},{"sequence":3,"clubcode":"ARI","playerName":"K.Warner","statId":111,"yards":3}],"00-0026221":[{"sequence":4,"clubcode":"ARI","playerName":"E.Doucet","statId":21,"yards":4},{"sequence":5,"clubcode":"ARI","playerName":"E.Doucet","statId":115,"yards":0},{"sequence":6,"clubcode":"ARI","playerName":"E.Doucet","statId":113,"yards":1}],"0":[{"sequence":1,"clubcode":"ARI","playerName":"","statId":7,"yards":0}],"00-0026946":[{"sequence":7,"clubcode":"GB","playerName":"B.Jones","statId":110,"yards":0}]}},"617":{"sp":0,"qtr":1,"down":4,"time":"06:10","yrdln":"ARI 45","ydstogo":6,"ydsnet":20,"posteam":"ARI","desc":"(6:10) B.Graham punts 44 yards to GB 11, Center-M.Leach. J.Nelson to GB 14 for 3 yards (L.Stephens-Howling).","note":"PUNT","players":{"00-0022954":[{"sequence":1,"clubcode":"ARI","playerName":"B.Graham","statId":29,"yards":44},{"sequence":3,"clubcode":"ARI","playerName":"B.Graham","statId":30,"yards":0}],"00-0026176":[{"sequence":2,"clubcode":"GB","playerName":"J.Nelson","statId":33,"yards":3}],"00-0026956":[{"sequence":4,"clubcode":"ARI","playerName":"L.Stephens-Howling","statId":79,"yards":0}]}}},"fds":1,"result":"Punt","penyds":0,"ydsgained":20,"numplays":7,"postime":"2:45","start":{"qtr":1,"time":"08:45","yrdln":"ARI 25","team":"ARI"},"end":{"qtr":1,"time":"06:00","yrdln":"ARI 45","team":"ARI"}},"3":{"posteam":"GB","qtr":1,"redzone":true,"plays":{"660":{"sp":0,"qtr":1,"down":1,"time":"06:00","yrdln":"GB 14","ydstogo":10,"ydsnet":19,"posteam":"GB","desc":"(6:00) A.Rodgers pass deep middle to D.Driver to GB 33 for 19 yards (R.Johnson).","note":null,"players":{"00-0027067":[{"sequence":7,"clubcode":"ARI","playerName":"R.Johnson","statId":79,"yards":0}],"0":[{"sequence":1,"clubcode":"GB","playerName":"","statId":4,"yards":0}],"00-0004541":[{"sequence":4,"clubcode":"GB","playerName":"D.Driver","statId":21,"yards":19},{"sequence":5,"clubcode":"GB","playerName":"D.Driver","statId":115,"yards":0},{"sequence":6,"clubcode":"GB","playerName":"D.Driver","statId":113,"yards":3}],"00-0023459":[{"sequence":2,"clubcode":"GB","playerName":"A.Rodgers","statId":15,"yards":19},{"sequence":3,"clubcode":"GB","playerName":"A.Rodgers","statId":111,"yards":16}]}},"684":{"sp":0,"qtr":1,"down":1,"time":"05:23","yrdln":"GB 33","ydstogo":10,"ydsnet":22,"posteam":"GB","desc":"(5:23) R.Grant right end pushed ob at GB 36 for 3 yards (R.Johnson).","note":null,"players":{"00-0022984":[{"sequence":1,"clubcode":"GB","playerName":"R.Grant","statId":10,"yards":3}],"00-0027067":[{"sequence":2,"clubcode":"ARI","playerName":"R.Johnson","statId":79,"yards":0}]}},"705":{"sp":0,"qtr":1,"down":2,"time":"04:53","yrdln":"GB 36","ydstogo":7,"ydsnet":22,"posteam":"GB","desc":"(4:53) R.Grant left tackle to GB 36 for no gain (H.Abdullah).","note":null,"players":{"00-0022984":[{"sequence":1,"clubcode":"GB","playerName":"R.Grant","statId":10,"yards":0}],"00-0023663":[{"sequence":2,"clubcode":"ARI","playerName":"H.Abdullah","statId":79,"yards":0}]}},"726":{"sp":0,"qtr":1,"down":3,"time":"04:12","yrdln":"GB 36","ydstogo":7,"ydsnet":34,"posteam":"GB","desc":"(4:12) (Shotgun) A.Rodgers pass short left to G.Jennings to GB 48 for 12 yards (B.McFadden).","note":null,"players":{"00-0024267":[{"sequence":5,"clubcode":"GB","playerName":"G.Jennings","statId":21,"yards":12},{"sequence":6,"clubcode":"GB","playerName":"G.Jennings","statId":115,"yards":0},{"sequence":7,"clubcode":"GB","playerName":"G.Jennings","statId":113,"yards":1}],"00-0023497":[{"sequence":8,"clubcode":"ARI","playerName":"B.McFadden","statId":79,"yards":0}],"0":[{"sequence":1,"clubcode":"GB","playerName":"","statId":4,"yards":0},{"sequence":2,"clubcode":"GB","playerName":"","statId":6,"yards":0}],"00-0023459":[{"sequence":3,"clubcode":"GB","playerName":"A.Rodgers","statId":15,"yards":12},{"sequence":4,"clubcode":"GB","playerName":"A.Rodgers","statId":111,"yards":11}]}},"750":{"sp":0,"qtr":1,"down":1,"time":"03:30","yrdln":"GB 48","ydstogo":10,"ydsnet":85,"posteam":"GB","desc":"(3:30) A.Rodgers pass deep middle to J.Nelson to ARI 1 for 51 yards (M.Adams).","note":null,"players":{"0":[{"sequence":1,"clubcode":"GB","playerName":"","statId":4,"yards":0}],"00-0026176":[{"sequence":4,"clubcode":"GB","playerName":"J.Nelson","statId":21,"yards":51},{"sequence":5,"clubcode":"GB","playerName":"J.Nelson","statId":115,"yards":0},{"sequence":6,"clubcode":"GB","playerName":"J.Nelson","statId":113,"yards":4}],"00-0023459":[{"sequence":2,"clubcode":"GB","playerName":"A.Rodgers","statId":15,"yards":51},{"sequence":3,"clubcode":"GB","playerName":"A.Rodgers","statId":111,"yards":47}],"00-0025668":[{"sequence":7,"clubcode":"ARI","playerName":"M.Adams","statId":79,"yards":0}]}},"774":{"sp":1,"qtr":1,"down":1,"time":"02:43","yrdln":"ARI 1","ydstogo":1,"ydsnet":86,"posteam":"GB","desc":"(2:43) A.Rodgers up the middle for 1 yard, TOUCHDOWN.","note":"TD","players":{"0":[{"sequence":1,"clubcode":"GB","playerName":"","statId":3,"yards":0}],"00-0023459":[{"sequence":2,"clubcode":"GB","playerName":"A.Rodgers","statId":11,"yards":1}]}},"792":{"sp":1,"qtr":1,"down":0,"time":"02:41","yrdln":"ARI 2","ydstogo":0,"ydsnet":86,"posteam":"GB","desc":"M.Crosby extra point is GOOD, Center-B.Goode, Holder-J.Kapinos. PENALTY on ARI-M.Adams, Defensive Offside, 5 yards, enforced between downs.","note":"XP","players":{"00-0025580":[{"sequence":1,"clubcode":"GB","playerName":"M.Crosby","statId":72,"yards":0}],"00-0025668":[{"sequence":2,"clubcode":"ARI","playerName":"M.Adams","statId":93,"yards":5}]}}},"fds":4,"result":"Touchdown","penyds":0,"ydsgained":86,"numplays":7,"postime":"3:19","start":{"qtr":1,"time":"06:00","yrdln":"GB 14","team":"GB"},"end":{"qtr":1,"time":"02:41","yrdln":"ARI 1","team":"GB"}},"4":{"posteam":"ARI","qtr":1,"redzone":true,"plays":{"834":{"sp":0,"qtr":1,"down":0,"time":"02:41","yrdln":"GB 35","ydstogo":0,"ydsnet":0,"posteam":"GB","desc":"M.Crosby kicks 68 yards from GB 35 to ARI -3. L.Stephens-Howling to ARI 13 for 16 yards (J.Bell, D.Bishop).","note":"KICKOFF","players":{"00-0026057":[{"sequence":4,"clubcode":"GB","playerName":"J.Bell","statId":80,"yards":0}],"00-0025579":[{"sequence":5,"clubcode":"GB","playerName":"D.Bishop","statId":82,"yards":0}],"00-0025580":[{"sequence":1,"clubcode":"GB","playerName":"M.Crosby","statId":43,"yards":68},{"sequence":3,"clubcode":"GB","playerName":"M.Crosby","statId":42,"yards":0}],"00-0026956":[{"sequence":2,"clubcode":"ARI","playerName":"L.Stephens-Howling","statId":45,"yards":16}]}},"856":{"sp":0,"qtr":1,"down":1,"time":"02:35","yrdln":"ARI 13","ydstogo":10,"ydsnet":11,"posteam":"ARI","desc":"(2:35) K.Warner pass short right to A.Boldin pushed ob at ARI 24 for 11 yards (T.Williams).","note":null,"players":{"00-0017200":[{"sequence":2,"clubcode":"ARI","playerName":"K.Warner","statId":15,"yards":11},{"sequence":3,"clubcode":"ARI","playerName":"K.Warner","statId":111,"yards":7}],"00-0024061":[{"sequence":7,"clubcode":"GB","playerName":"T.Williams","statId":79,"yards":0}],"00-0022084":[{"sequence":4,"clubcode":"ARI","playerName":"A.Boldin","statId":21,"yards":11},{"sequence":5,"clubcode":"ARI","playerName":"A.Boldin","statId":115,"yards":0},{"sequence":6,"clubcode":"ARI","playerName":"A.Boldin","statId":113,"yards":4}],"0":[{"sequence":1,"clubcode":"ARI","playerName":"","statId":4,"yards":0}]}},"880":{"sp":0,"qtr":1,"down":1,"time":"02:12","yrdln":"ARI 24","ydstogo":10,"ydsnet":14,"posteam":"ARI","desc":"(2:12) (Shotgun) T.Hightower up the middle to ARI 27 for 3 yards (B.Raji).","note":null,"players":{"00-0026985":[{"sequence":2,"clubcode":"GB","playerName":"B.Raji","statId":79,"yards":0}],"00-0026289":[{"sequence":1,"clubcode":"ARI","playerName":"T.Hightower","statId":10,"yards":3}]}},"901":{"sp":0,"qtr":1,"down":2,"time":"01:39","yrdln":"ARI 27","ydstogo":7,"ydsnet":17,"posteam":"ARI","desc":"(1:39) C.Wells up the middle to ARI 30 for 3 yards (N.Barnett).","note":null,"players":{"00-0021990":[{"sequence":2,"clubcode":"GB","playerName":"N.Barnett","statId":79,"yards":0}],"00-0027007":[{"sequence":1,"clubcode":"ARI","playerName":"C.Wells","statId":10,"yards":3}]}},"922":{"sp":0,"qtr":1,"down":3,"time":"01:00","yrdln":"ARI 30","ydstogo":4,"ydsnet":17,"posteam":"ARI","desc":"(1:00) (Shotgun) K.Warner pass incomplete short left to A.Boldin.","note":null,"players":{"00-0017200":[{"sequence":2,"clubcode":"ARI","playerName":"K.Warner","statId":14,"yards":0},{"sequence":4,"clubcode":"ARI","playerName":"K.Warner","statId":112,"yards":5}],"00-0022084":[{"sequence":3,"clubcode":"ARI","playerName":"A.Boldin","statId":115,"yards":0}],"0":[{"sequence":1,"clubcode":"ARI","playerName":"","statId":7,"yards":0}]}},"944":{"sp":0,"qtr":1,"down":4,"time":"00:56","yrdln":"ARI 30","ydstogo":4,"ydsnet":17,"posteam":"ARI","desc":"(:56) B.Graham punts 56 yards to GB 14, Center-M.Leach. J.Nelson pushed ob at GB 27 for 13 yards (J.Wright).","note":"PUNT","players":{"00-0022954":[{"sequence":1,"clubcode":"ARI","playerName":"B.Graham","statId":29,"yards":56}],"00-0026176":[{"sequence":2,"clubcode":"GB","playerName":"J.Nelson","statId":33,"yards":13}],"00-0022288":[{"sequence":3,"clubcode":"ARI","playerName":"J.Wright","statId":79,"yards":0}]}}},"fds":1,"result":"Punt","penyds":0,"ydsgained":17,"numplays":6,"postime":"1:58","start":{"qtr":1,"time":"02:41","yrdln":"ARI 13","team":"ARI"},"end":{"qtr":1,"time":"00:43","yrdln":"ARI 30","team":"ARI"}},"5":{"posteam":"GB","qtr":2,"redzone":true,"plays":{"970":{"sp":0,"qtr":1,"down":1,"time":"00:43","yrdln":"GB 27","ydstogo":10,"ydsnet":0,"posteam":"GB","desc":"(:43) A.Rodgers pass incomplete short left to G.Jennings (M.Adams).","note":null,"players":{"00-0024267":[{"sequence":2,"clubcode":"GB","playerName":"G.Jennings","statId":115,"yards":0}],"00-0023459":[{"sequence":1,"clubcode":"GB","playerName":"A.Rodgers","statId":14,"yards":0},{"sequence":4,"clubcode":"GB","playerName":"A.Rodgers","statId":112,"yards":13}],"00-0025668":[{"sequence":3,"clubcode":"ARI","playerName":"M.Adams","statId":85,"yards":0}]}},"992":{"sp":0,"qtr":1,"down":2,"time":"00:35","yrdln":"GB 27","ydstogo":10,"ydsnet":10,"posteam":"GB","desc":"(:35) R.Grant left tackle pushed ob at GB 37 for 10 yards (M.Adams).","note":null,"players":{"00-0022984":[{"sequence":2,"clubcode":"GB","playerName":"R.Grant","statId":10,"yards":10}],"0":[{"sequence":1,"clubcode":"GB","playerName":"","statId":3,"yards":0}],"00-0025668":[{"sequence":3,"clubcode":"ARI","playerName":"M.Adams","statId":79,"yards":0}]}},"1014":{"sp":0,"qtr":1,"down":0,"time":"","yrdln":"","ydstogo":0,"ydsnet":10,"posteam":"","desc":"END QUARTER 1","note":null,"players":{}},"1030":{"sp":0,"qtr":2,"down":1,"time":"15:00","yrdln":"GB 37","ydstogo":10,"ydsnet":13,"posteam":"GB","desc":"(15:00) R.Grant up the middle to GB 40 for 3 yards (M.Beisel).","note":null,"players":{"00-0022984":[{"sequence":1,"clubcode":"GB","playerName":"R.Grant","statId":10,"yards":3}],"00-0020478":[{"sequence":2,"clubcode":"ARI","playerName":"M.Beisel","statId":79,"yards":0}]}},"1051":{"sp":0,"qtr":2,"down":2,"time":"14:24","yrdln":"GB 40","ydstogo":7,"ydsnet":18,"posteam":"GB","desc":"(14:24) (Shotgun) A.Rodgers pass short middle to D.Lee to GB 45 for 5 yards (R.Walker).","note":null,"players":{"00-0026727":[{"sequence":6,"clubcode":"ARI","playerName":"R.Walker","statId":79,"yards":0}],"00-0021929":[{"sequence":3,"clubcode":"GB","playerName":"D.Lee","statId":21,"yards":5},{"sequence":4,"clubcode":"GB","playerName":"D.Lee","statId":115,"yards":0},{"sequence":5,"clubcode":"GB","playerName":"D.Lee","statId":113,"yards":4}],"00-0023459":[{"sequence":1,"clubcode":"GB","playerName":"A.Rodgers","statId":15,"yards":5},{"sequence":2,"clubcode":"GB","playerName":"A.Rodgers","statId":111,"yards":1}]}},"1075":{"sp":0,"qtr":2,"down":3,"time":"13:40","yrdln":"GB 45","ydstogo":2,"ydsnet":18,"posteam":"GB","desc":"(13:40) (Shotgun) A.Rodgers pass incomplete deep left to G.Jennings.","note":null,"players":{"00-0024267":[{"sequence":3,"clubcode":"GB","playerName":"G.Jennings","statId":115,"yards":0}],"0":[{"sequence":1,"clubcode":"GB","playerName":"","statId":7,"yards":0}],"00-0023459":[{"sequence":2,"clubcode":"GB","playerName":"A.Rodgers","statId":14,"yards":0},{"sequence":4,"clubcode":"GB","playerName":"A.Rodgers","statId":112,"yards":40}]}},"1097":{"sp":0,"qtr":2,"down":4,"time":"13:35","yrdln":"GB 45","ydstogo":2,"ydsnet":18,"posteam":"GB","desc":"(13:35) J.Kapinos punts 54 yards to ARI 1, Center-B.Goode. S.Breaston to ARI 2 for 1 yard (J.Bell).","note":"PUNT","players":{"00-0026057":[{"sequence":4,"clubcode":"GB","playerName":"J.Bell","statId":79,"yards":0}],"00-0025786":[{"sequence":1,"clubcode":"GB","playerName":"J.Kapinos","statId":29,"yards":54},{"sequence":3,"clubcode":"GB","playerName":"J.Kapinos","statId":30,"yards":0}],"00-0025529":[{"sequence":2,"clubcode":"ARI","playerName":"S.Breaston","statId":33,"yards":1}]}}},"fds":1,"result":"Punt","penyds":0,"ydsgained":18,"numplays":7,"postime":"2:21","start":{"qtr":1,"time":"00:43","yrdln":"GB 27","team":"GB"},"end":{"qtr":1,"time":"13:22","yrdln":"GB 45","team":"GB"}},"6":{"posteam":"ARI","qtr":2,"redzone":true,"plays":{"1140":{"sp":0,"qtr":2,"down":1,"time":"13:22","yrdln":"ARI 2","ydstogo":10,"ydsnet":1,"posteam":"ARI","desc":"(13:22) T.Hightower right tackle to ARI 3 for 1 yard (A.Hawk).","note":null,"players":{"00-0024220":[{"sequence":2,"clubcode":"GB","playerName":"A.Hawk","statId":79,"yards":0}],"00-0026289":[{"sequence":1,"clubcode":"ARI","playerName":"T.Hightower","statId":10,"yards":1}]}},"1161":{"sp":0,"qtr":2,"down":2,"time":"12:45","yrdln":"ARI 3","ydstogo":9,"ydsnet":1,"posteam":"ARI","desc":"(12:45) M.Leinart pass incomplete short right to C.Wells [B.Jones].","note":null,"players":{"00-0027007":[{"sequence":2,"clubcode":"ARI","playerName":"C.Wells","statId":115,"yards":0}],"00-0026946":[{"sequence":3,"clubcode":"GB","playerName":"B.Jones","statId":110,"yards":0}],"00-0024225":[{"sequence":1,"clubcode":"ARI","playerName":"M.Leinart","statId":14,"yards":0},{"sequence":4,"clubcode":"ARI","playerName":"M.Leinart","statId":112,"yards":2}]}},"1183":{"sp":1,"qtr":2,"down":3,"time":"12:40","yrdln":"ARI 3","ydstogo":9,"ydsnet":-2,"posteam":"ARI","desc":"(12:40) (Shotgun) M.Leinart pass deep middle intended for S.Breaston INTERCEPTED by A.Bigby at ARI 20. A.Bigby to ARI 20 for no gain (S.Breaston). PENALTY on ARI-R.Wells, Offensive Holding, 3 yards, enforced in End Zone, SAFETY - No Play.","note":"SAF","players":{"00-0021911":[{"sequence":1,"clubcode":"ARI","playerName":"R.Wells","statId":93,"yards":3}],"0":[{"sequence":2,"clubcode":"GB","playerName":"","statId":89,"yards":0}]}}},"fds":0,"result":"Safety","penyds":-3,"ydsgained":1,"numplays":3,"postime":"0:49","start":{"qtr":2,"time":"13:22","yrdln":"ARI 2","team":"ARI"},"end":{"qtr":2,"time":"12:33","yrdln":"ARI 3","team":"ARI"}},"7":{"posteam":"GB","qtr":2,"redzone":true,"plays":{"1236":{"sp":0,"qtr":2,"down":0,"time":"12:33","yrdln":"ARI 20","ydstogo":0,"ydsnet":0,"posteam":"ARI","desc":"B.Graham kicks 56 yards from ARI 20 to GB 24. J.Nelson to GB 39 for 15 yards (H.Abdullah).","note":"KICKOFF","players":{"00-0022954":[{"sequence":1,"clubcode":"ARI","playerName":"B.Graham","statId":41,"yards":56}],"00-0026176":[{"sequence":2,"clubcode":"GB","playerName":"J.Nelson","statId":45,"yards":15}],"00-0023663":[{"sequence":3,"clubcode":"ARI","playerName":"H.Abdullah","statId":79,"yards":0}]}},"1258":{"sp":0,"qtr":2,"down":1,"time":"12:27","yrdln":"GB 39","ydstogo":10,"ydsnet":13,"posteam":"GB","desc":"(12:27) R.Grant left tackle to ARI 48 for 13 yards (G.Toler).","note":null,"players":{"00-0026910":[{"sequence":3,"clubcode":"ARI","playerName":"G.Toler","statId":79,"yards":0}],"00-0022984":[{"sequence":2,"clubcode":"GB","playerName":"R.Grant","statId":10,"yards":13}],"0":[{"sequence":1,"clubcode":"GB","playerName":"","statId":3,"yards":0}]}},"1279":{"sp":0,"qtr":2,"down":1,"time":"11:51","yrdln":"ARI 48","ydstogo":10,"ydsnet":22,"posteam":"GB","desc":"(11:51) A.Rodgers pass short left to G.Jennings pushed ob at ARI 39 for 9 yards (M.Adams).","note":null,"players":{"00-0024267":[{"sequence":3,"clubcode":"GB","playerName":"G.Jennings","statId":21,"yards":9},{"sequence":4,"clubcode":"GB","playerName":"G.Jennings","statId":115,"yards":0},{"sequence":5,"clubcode":"GB","playerName":"G.Jennings","statId":113,"yards":4}],"00-0023459":[{"sequence":1,"clubcode":"GB","playerName":"A.Rodgers","statId":15,"yards":9},{"sequence":2,"clubcode":"GB","playerName":"A.Rodgers","statId":111,"yards":5}],"00-0025668":[{"sequence":6,"clubcode":"ARI","playerName":"M.Adams","statId":79,"yards":0}]}},"1303":{"sp":0,"qtr":2,"down":2,"time":"11:22","yrdln":"ARI 39","ydstogo":1,"ydsnet":25,"posteam":"GB","desc":"(11:22) R.Grant right end to ARI 36 for 3 yards (G.Toler).","note":null,"players":{"00-0026910":[{"sequence":3,"clubcode":"ARI","playerName":"G.Toler","statId":79,"yards":0}],"00-0022984":[{"sequence":2,"clubcode":"GB","playerName":"R.Grant","statId":10,"yards":3}],"0":[{"sequence":1,"clubcode":"GB","playerName":"","statId":3,"yards":0}]}},"1324":{"sp":0,"qtr":2,"down":1,"time":"10:44","yrdln":"ARI 36","ydstogo":10,"ydsnet":29,"posteam":"GB","desc":"(10:44) A.Rodgers pass short middle to J.Kuhn to ARI 32 for 4 yards (R.Walker, W.Davis).","note":null,"players":{"00-0026727":[{"sequence":6,"clubcode":"ARI","playerName":"R.Walker","statId":80,"yards":0}],"00-0026939":[{"sequence":7,"clubcode":"ARI","playerName":"W.Davis","statId":82,"yards":0}],"00-0022999":[{"sequence":3,"clubcode":"GB","playerName":"J.Kuhn","statId":21,"yards":4},{"sequence":4,"clubcode":"GB","playerName":"J.Kuhn","statId":115,"yards":0},{"sequence":5,"clubcode":"GB","playerName":"J.Kuhn","statId":113,"yards":8}],"00-0023459":[{"sequence":1,"clubcode":"GB","playerName":"A.Rodgers","statId":15,"yards":4},{"sequence":2,"clubcode":"GB","playerName":"A.Rodgers","statId":111,"yards":-4}]}},"1348":{"sp":0,"qtr":2,"down":2,"time":"10:05","yrdln":"ARI 32","ydstogo":6,"ydsnet":34,"posteam":"GB","desc":"(10:05) R.Grant up the middle to ARI 27 for 5 yards (W.Davis).","note":null,"players":{"00-0022984":[{"sequence":1,"clubcode":"GB","playerName":"R.Grant","statId":10,"yards":5}],"00-0026939":[{"sequence":2,"clubcode":"ARI","playerName":"W.Davis","statId":79,"yards":0}]}},"1369":{"sp":0,"qtr":2,"down":3,"time":"09:19","yrdln":"ARI 27","ydstogo":1,"ydsnet":35,"posteam":"GB","desc":"(9:19) A.Green up the middle to ARI 26 for 1 yard (A.Branch).","note":null,"players":{"00-0006305":[{"sequence":3,"clubcode":"GB","playerName":"A.Green","statId":10,"yards":1}],"0":[{"sequence":1,"clubcode":"GB","playerName":"","statId":3,"yards":0},{"sequence":2,"clubcode":"GB","playerName":"","statId":6,"yards":0}],"00-0025420":[{"sequence":4,"clubcode":"ARI","playerName":"A.Branch","statId":79,"yards":0}]}},"1390":{"sp":0,"qtr":2,"down":1,"time":"08:45","yrdln":"ARI 26","ydstogo":10,"ydsnet":46,"posteam":"GB","desc":"(8:45) (Shotgun) A.Rodgers pass short left to J.Finley to ARI 15 for 11 yards (H.Abdullah).","note":null,"players":{"00-0026231":[{"sequence":4,"clubcode":"GB","playerName":"J.Finley","statId":21,"yards":11},{"sequence":5,"clubcode":"GB","playerName":"J.Finley","statId":115,"yards":0},{"sequence":6,"clubcode":"GB","playerName":"J.Finley","statId":113,"yards":5}],"0":[{"sequence":1,"clubcode":"GB","playerName":"","statId":4,"yards":0}],"00-0023459":[{"sequence":2,"clubcode":"GB","playerName":"A.Rodgers","statId":15,"yards":11},{"sequence":3,"clubcode":"GB","playerName":"A.Rodgers","statId":111,"yards":6}],"00-0023663":[{"sequence":7,"clubcode":"ARI","playerName":"H.Abdullah","statId":79,"yards":0}]}},"1414":{"sp":0,"qtr":2,"down":1,"time":"08:06","yrdln":"ARI 15","ydstogo":10,"ydsnet":48,"posteam":"GB","desc":"(8:06) R.Grant left end to ARI 13 for 2 yards (R.Johnson).","note":null,"players":{"00-0022984":[{"sequence":1,"clubcode":"GB","playerName":"R.Grant","statId":10,"yards":2}],"00-0027067":[{"sequence":2,"clubcode":"ARI","playerName":"R.Johnson","statId":79,"yards":0}]}},"1435":{"sp":0,"qtr":2,"down":2,"time":"07:26","yrdln":"ARI 13","ydstogo":8,"ydsnet":53,"posteam":"GB","desc":"(7:26) (Shotgun) A.Rodgers pass short right to J.Jones to ARI 8 for 5 yards (G.Toler).","note":null,"players":{"00-0026910":[{"sequence":6,"clubcode":"ARI","playerName":"G.Toler","statId":79,"yards":0}],"00-0025465":[{"sequence":3,"clubcode":"GB","playerName":"J.Jones","statId":21,"yards":5},{"sequence":4,"clubcode":"GB","playerName":"J.Jones","statId":115,"yards":0},{"sequence":5,"clubcode":"GB","playerName":"J.Jones","statId":113,"yards":1}],"00-0023459":[{"sequence":1,"clubcode":"GB","playerName":"A.Rodgers","statId":15,"yards":5},{"sequence":2,"clubcode":"GB","playerName":"A.Rodgers","statId":111,"yards":4}]}},"1459":{"sp":0,"qtr":2,"down":3,"time":"06:43","yrdln":"ARI 8","ydstogo":3,"ydsnet":53,"posteam":"GB","desc":"(6:43) (Shotgun) A.Rodgers pass incomplete short right to J.Jones (G.Toler).","note":null,"players":{"00-0026910":[{"sequence":4,"clubcode":"ARI","playerName":"G.Toler","statId":85,"yards":0}],"0":[{"sequence":1,"clubcode":"GB","playerName":"","statId":7,"yards":0}],"00-0025465":[{"sequence":3,"clubcode":"GB","playerName":"J.Jones","statId":115,"yards":0}],"00-0023459":[{"sequence":2,"clubcode":"GB","playerName":"A.Rodgers","statId":14,"yards":0},{"sequence":5,"clubcode":"GB","playerName":"A.Rodgers","statId":112,"yards":8}]}},"1481":{"sp":1,"qtr":2,"down":4,"time":"06:37","yrdln":"ARI 8","ydstogo":3,"ydsnet":53,"posteam":"GB","desc":"(6:37) M.Crosby 26 yard field goal is GOOD, Center-B.Goode, Holder-J.Kapinos.","note":"FG","players":{"00-0025580":[{"sequence":1,"clubcode":"GB","playerName":"M.Crosby","statId":70,"yards":26}]}}},"fds":4,"result":"Field Goal","penyds":0,"ydsgained":53,"numplays":12,"postime":"6:00","start":{"qtr":2,"time":"12:33","yrdln":"GB 39","team":"GB"},"end":{"qtr":2,"time":"06:33","yrdln":"ARI 8","team":"GB"}},"8":{"posteam":"ARI","qtr":2,"redzone":true,"plays":{"1516":{"sp":0,"qtr":2,"down":0,"time":"06:33","yrdln":"GB 30","ydstogo":0,"ydsnet":0,"posteam":"GB","desc":"M.Crosby kicks 70 yards from GB 30 to end zone, Touchback.","note":"KICKOFF","players":{"00-0025580":[{"sequence":1,"clubcode":"GB","playerName":"M.Crosby","statId":44,"yards":70}],"0":[{"sequence":2,"clubcode":"ARI","playerName":"","statId":51,"yards":0}]}},"1537":{"sp":0,"qtr":2,"down":0,"time":"06:33","yrdln":"","ydstogo":0,"ydsnet":0,"posteam":"","desc":"Timeout at 06:33.","note":"Timeout","players":{}},"1554":{"sp":0,"qtr":2,"down":1,"time":"06:33","yrdln":"ARI 20","ydstogo":10,"ydsnet":2,"posteam":"ARI","desc":"(6:33) (Shotgun) M.Leinart pass short right to L.Fitzgerald to ARI 22 for 2 yards (A.Hawk).","note":null,"players":{"00-0022921":[{"sequence":3,"clubcode":"ARI","playerName":"L.Fitzgerald","statId":21,"yards":2},{"sequence":4,"clubcode":"ARI","playerName":"L.Fitzgerald","statId":115,"yards":0},{"sequence":5,"clubcode":"ARI","playerName":"L.Fitzgerald","statId":113,"yards":1}],"00-0024220":[{"sequence":6,"clubcode":"GB","playerName":"A.Hawk","statId":79,"yards":0}],"00-0024225":[{"sequence":1,"clubcode":"ARI","playerName":"M.Leinart","statId":15,"yards":2},{"sequence":2,"clubcode":"ARI","playerName":"M.Leinart","statId":111,"yards":1}]}},"1578":{"sp":0,"qtr":2,"down":2,"time":"05:50","yrdln":"ARI 22","ydstogo":8,"ydsnet":13,"posteam":"ARI","desc":"(5:50) M.Leinart pass short left to S.Breaston to ARI 33 for 11 yards (T.Williams).","note":null,"players":{"00-0025529":[{"sequence":4,"clubcode":"ARI","playerName":"S.Breaston","statId":21,"yards":11},{"sequence":5,"clubcode":"ARI","playerName":"S.Breaston","statId":115,"yards":0},{"sequence":6,"clubcode":"ARI","playerName":"S.Breaston","statId":113,"yards":0}],"00-0024061":[{"sequence":7,"clubcode":"GB","playerName":"T.Williams","statId":79,"yards":0}],"0":[{"sequence":1,"clubcode":"ARI","playerName":"","statId":4,"yards":0}],"00-0024225":[{"sequence":2,"clubcode":"ARI","playerName":"M.Leinart","statId":15,"yards":11},{"sequence":3,"clubcode":"ARI","playerName":"M.Leinart","statId":111,"yards":11}]}},"1603":{"sp":0,"qtr":2,"down":1,"time":"05:15","yrdln":"ARI 33","ydstogo":10,"ydsnet":12,"posteam":"ARI","desc":"(5:15) T.Hightower up the middle to ARI 32 for -1 yards (N.Barnett).","note":null,"players":{"00-0021990":[{"sequence":3,"clubcode":"GB","playerName":"N.Barnett","statId":79,"yards":0},{"sequence":4,"clubcode":"GB","playerName":"N.Barnett","statId":120,"yards":0}],"0":[{"sequence":2,"clubcode":"ARI","playerName":"","statId":95,"yards":-1}],"00-0026289":[{"sequence":1,"clubcode":"ARI","playerName":"T.Hightower","statId":10,"yards":-1}]}},"1631":{"sp":1,"qtr":2,"down":2,"time":"04:44","yrdln":"ARI 32","ydstogo":11,"ydsnet":12,"posteam":"ARI","desc":"(4:44) M.Leinart pass short right intended for L.Fitzgerald INTERCEPTED by C.Woodson at ARI 45. C.Woodson for 45 yards, TOUCHDOWN.","note":"TD","players":{"00-0022921":[{"sequence":2,"clubcode":"ARI","playerName":"L.Fitzgerald","statId":115,"yards":0}],"00-0018227":[{"sequence":4,"clubcode":"GB","playerName":"C.Woodson","statId":26,"yards":45},{"sequence":5,"clubcode":"GB","playerName":"C.Woodson","statId":85,"yards":0}],"00-0024225":[{"sequence":1,"clubcode":"ARI","playerName":"M.Leinart","statId":19,"yards":0},{"sequence":3,"clubcode":"ARI","playerName":"M.Leinart","statId":112,"yards":13}]}}},"fds":1,"result":"Interception","penyds":0,"ydsgained":12,"numplays":6,"postime":"2:02","start":{"qtr":2,"time":"06:33","yrdln":"ARI 20","team":"ARI"},"end":{"qtr":2,"time":"04:31","yrdln":"ARI 32","team":"ARI"}},"9":{"posteam":"ARI","qtr":2,"redzone":true,"plays":{"1671":{"sp":0,"qtr":2,"down":0,"time":"04:31","yrdln":"GB 30","ydstogo":0,"ydsnet":0,"posteam":"GB","desc":"M.Crosby kicks 73 yards from GB 30 to ARI -3. L.Stephens-Howling to ARI 20 for 23 yards (T.Williams, S.Havner).","note":"KICKOFF","players":{"00-0025580":[{"sequence":1,"clubcode":"GB","playerName":"M.Crosby","statId":43,"yards":73}],"00-0024061":[{"sequence":3,"clubcode":"GB","playerName":"T.Williams","statId":80,"yards":0}],"00-0026956":[{"sequence":2,"clubcode":"ARI","playerName":"L.Stephens-Howling","statId":45,"yards":23}],"00-0023832":[{"sequence":4,"clubcode":"GB","playerName":"S.Havner","statId":82,"yards":0}]}},"1693":{"sp":0,"qtr":2,"down":1,"time":"04:22","yrdln":"ARI 20","ydstogo":10,"ydsnet":0,"posteam":"ARI","desc":"(4:22) C.Wells up the middle to ARI 20 for no gain (J.Jolly).","note":null,"players":{"00-0027007":[{"sequence":1,"clubcode":"ARI","playerName":"C.Wells","statId":10,"yards":0}],"00-0024397":[{"sequence":2,"clubcode":"GB","playerName":"J.Jolly","statId":79,"yards":0}]}},"1714":{"sp":0,"qtr":2,"down":2,"time":"03:45","yrdln":"ARI 20","ydstogo":10,"ydsnet":22,"posteam":"ARI","desc":"(3:45) M.Leinart pass short middle to S.Spach to ARI 42 for 22 yards (A.Bigby).","note":null,"players":{"0":[{"sequence":1,"clubcode":"ARI","playerName":"","statId":4,"yards":0}],"00-0023108":[{"sequence":4,"clubcode":"ARI","playerName":"S.Spach","statId":21,"yards":22},{"sequence":5,"clubcode":"ARI","playerName":"S.Spach","statId":115,"yards":0},{"sequence":6,"clubcode":"ARI","playerName":"S.Spach","statId":113,"yards":17}],"00-0023404":[{"sequence":7,"clubcode":"GB","playerName":"A.Bigby","statId":79,"yards":0}],"00-0024225":[{"sequence":2,"clubcode":"ARI","playerName":"M.Leinart","statId":15,"yards":22},{"sequence":3,"clubcode":"ARI","playerName":"M.Leinart","statId":111,"yards":5}]}},"1738":{"sp":0,"qtr":2,"down":1,"time":"03:02","yrdln":"ARI 42","ydstogo":10,"ydsnet":22,"posteam":"ARI","desc":"(3:02) M.Leinart pass incomplete deep left to S.Breaston.","note":null,"players":{"00-0025529":[{"sequence":2,"clubcode":"ARI","playerName":"S.Breaston","statId":115,"yards":0}],"00-0024225":[{"sequence":1,"clubcode":"ARI","playerName":"M.Leinart","statId":14,"yards":0},{"sequence":3,"clubcode":"ARI","playerName":"M.Leinart","statId":112,"yards":33}]}},"1760":{"sp":0,"qtr":2,"down":2,"time":"02:56","yrdln":"ARI 42","ydstogo":10,"ydsnet":33,"posteam":"ARI","desc":"(2:56) T.Hightower right tackle to GB 47 for 11 yards (J.Wynn).","note":null,"players":{"00-0026930":[{"sequence":3,"clubcode":"GB","playerName":"J.Wynn","statId":79,"yards":0}],"0":[{"sequence":1,"clubcode":"ARI","playerName":"","statId":3,"yards":0}],"00-0026289":[{"sequence":2,"clubcode":"ARI","playerName":"T.Hightower","statId":10,"yards":11}]}},"1781":{"sp":0,"qtr":2,"down":1,"time":"02:15","yrdln":"GB 47","ydstogo":10,"ydsnet":32,"posteam":"ARI","desc":"(2:15) C.Wells up the middle to GB 48 for -1 yards (A.Hawk).","note":null,"players":{"00-0024220":[{"sequence":3,"clubcode":"GB","playerName":"A.Hawk","statId":79,"yards":0},{"sequence":4,"clubcode":"GB","playerName":"A.Hawk","statId":120,"yards":0}],"0":[{"sequence":2,"clubcode":"ARI","playerName":"","statId":95,"yards":-1}],"00-0027007":[{"sequence":1,"clubcode":"ARI","playerName":"C.Wells","statId":10,"yards":-1}]}},"1802":{"sp":0,"qtr":2,"down":0,"time":"02:00","yrdln":"","ydstogo":0,"ydsnet":32,"posteam":"","desc":"Two-Minute Warning","note":null,"players":{}},"1820":{"sp":0,"qtr":2,"down":2,"time":"02:00","yrdln":"GB 48","ydstogo":11,"ydsnet":49,"posteam":"ARI","desc":"(2:00) (Shotgun) M.Leinart pass short middle to A.Boldin to GB 31 for 17 yards (A.Bigby).","note":null,"players":{"00-0022084":[{"sequence":4,"clubcode":"ARI","playerName":"A.Boldin","statId":21,"yards":17},{"sequence":5,"clubcode":"ARI","playerName":"A.Boldin","statId":115,"yards":0},{"sequence":6,"clubcode":"ARI","playerName":"A.Boldin","statId":113,"yards":3}],"0":[{"sequence":1,"clubcode":"ARI","playerName":"","statId":4,"yards":0}],"00-0023404":[{"sequence":7,"clubcode":"GB","playerName":"A.Bigby","statId":79,"yards":0}],"00-0024225":[{"sequence":2,"clubcode":"ARI","playerName":"M.Leinart","statId":15,"yards":17},{"sequence":3,"clubcode":"ARI","playerName":"M.Leinart","statId":111,"yards":14}]}},"1844":{"sp":0,"qtr":2,"down":0,"time":"01:33","yrdln":"","ydstogo":0,"ydsnet":49,"posteam":"","desc":"Timeout #2 by GB at 01:33.","note":"TIMEOUT","players":{"0":[{"sequence":1,"clubcode":"GB","playerName":"","statId":68,"yards":0}]}},"1861":{"sp":0,"qtr":2,"down":1,"time":"01:33","yrdln":"GB 31","ydstogo":10,"ydsnet":49,"posteam":"ARI","desc":"(1:33) (Shotgun) M.Leinart pass deep middle intended for E.Doucet INTERCEPTED by A.Bigby at GB 2. A.Bigby to GB 16 for 14 yards (A.Boldin).","note":"INT","players":{"00-0022084":[{"sequence":6,"clubcode":"ARI","playerName":"A.Boldin","statId":79,"yards":0}],"00-0026221":[{"sequence":2,"clubcode":"ARI","playerName":"E.Doucet","statId":115,"yards":0}],"00-0023404":[{"sequence":4,"clubcode":"GB","playerName":"A.Bigby","statId":25,"yards":14},{"sequence":5,"clubcode":"GB","playerName":"A.Bigby","statId":85,"yards":0}],"00-0024225":[{"sequence":1,"clubcode":"ARI","playerName":"M.Leinart","statId":19,"yards":0},{"sequence":3,"clubcode":"ARI","playerName":"M.Leinart","statId":112,"yards":29}]}}},"fds":3,"result":"Interception","penyds":0,"ydsgained":49,"numplays":10,"postime":"3:10","start":{"qtr":2,"time":"04:31","yrdln":"ARI 20","team":"ARI"},"end":{"qtr":2,"time":"01:21","yrdln":"GB 31","team":"ARI"}},"10":{"posteam":"GB","qtr":2,"redzone":true,"plays":{"1888":{"sp":0,"qtr":2,"down":1,"time":"01:21","yrdln":"GB 16","ydstogo":10,"ydsnet":5,"posteam":"GB","desc":"(1:21) B.Jackson left tackle to GB 21 for 5 yards (H.Abdullah).","note":null,"players":{"00-0025450":[{"sequence":1,"clubcode":"GB","playerName":"B.Jackson","statId":10,"yards":5}],"00-0023663":[{"sequence":2,"clubcode":"ARI","playerName":"H.Abdullah","statId":79,"yards":0}]}},"1909":{"sp":0,"qtr":2,"down":2,"time":"00:36","yrdln":"GB 21","ydstogo":5,"ydsnet":9,"posteam":"GB","desc":"(:36) B.Jackson up the middle to GB 25 for 4 yards (G.Watson).","note":null,"players":{"00-0024322":[{"sequence":2,"clubcode":"ARI","playerName":"G.Watson","statId":79,"yards":0}],"00-0025450":[{"sequence":1,"clubcode":"GB","playerName":"B.Jackson","statId":10,"yards":4}]}},"1930":{"sp":0,"qtr":2,"down":0,"time":"","yrdln":"","ydstogo":0,"ydsnet":9,"posteam":"","desc":"END QUARTER 2","note":null,"players":{}}},"fds":0,"result":"End of Half","penyds":0,"ydsgained":9,"numplays":3,"postime":"1:21","start":{"qtr":2,"time":"01:21","yrdln":"GB 16","team":"GB"},"end":{"qtr":2,"time":"00:00","yrdln":"GB 21","team":"GB"}},"11":{"posteam":"ARI","qtr":3,"redzone":true,"plays":{"1946":{"sp":0,"qtr":3,"down":0,"time":"15:00","yrdln":"GB 30","ydstogo":0,"ydsnet":0,"posteam":"GB","desc":"M.Crosby kicks 73 yards from GB 30 to ARI -3. L.Stephens-Howling to ARI 20 for 23 yards (J.Bush).","note":"KICKOFF","players":{"00-0023918":[{"sequence":3,"clubcode":"GB","playerName":"J.Bush","statId":79,"yards":0}],"00-0025580":[{"sequence":1,"clubcode":"GB","playerName":"M.Crosby","statId":43,"yards":73}],"00-0026956":[{"sequence":2,"clubcode":"ARI","playerName":"L.Stephens-Howling","statId":45,"yards":23}]}},"1985":{"sp":0,"qtr":3,"down":1,"time":"14:55","yrdln":"ARI 20","ydstogo":10,"ydsnet":5,"posteam":"ARI","desc":"(14:55) M.Leinart pass short middle to T.Hightower to ARI 25 for 5 yards (A.Hawk, N.Barnett).","note":null,"players":{"00-0021990":[{"sequence":7,"clubcode":"GB","playerName":"N.Barnett","statId":82,"yards":0}],"00-0024220":[{"sequence":6,"clubcode":"GB","playerName":"A.Hawk","statId":80,"yards":0}],"00-0026289":[{"sequence":3,"clubcode":"ARI","playerName":"T.Hightower","statId":21,"yards":5},{"sequence":4,"clubcode":"ARI","playerName":"T.Hightower","statId":115,"yards":0},{"sequence":5,"clubcode":"ARI","playerName":"T.Hightower","statId":113,"yards":3}],"00-0024225":[{"sequence":1,"clubcode":"ARI","playerName":"M.Leinart","statId":15,"yards":5},{"sequence":2,"clubcode":"ARI","playerName":"M.Leinart","statId":111,"yards":2}]}},"2009":{"sp":0,"qtr":3,"down":2,"time":"14:14","yrdln":"ARI 25","ydstogo":5,"ydsnet":5,"posteam":"ARI","desc":"(14:14) (Shotgun) M.Leinart pass incomplete short left to A.Boldin (N.Barnett).","note":null,"players":{"00-0021990":[{"sequence":3,"clubcode":"GB","playerName":"N.Barnett","statId":85,"yards":0}],"00-0022084":[{"sequence":2,"clubcode":"ARI","playerName":"A.Boldin","statId":115,"yards":0}],"00-0024225":[{"sequence":1,"clubcode":"ARI","playerName":"M.Leinart","statId":14,"yards":0},{"sequence":4,"clubcode":"ARI","playerName":"M.Leinart","statId":112,"yards":2}]}},"2031":{"sp":0,"qtr":3,"down":3,"time":"14:08","yrdln":"ARI 25","ydstogo":5,"ydsnet":15,"posteam":"ARI","desc":"(14:08) (Shotgun) M.Leinart pass short right to A.Boldin to ARI 35 for 10 yards (B.Underwood).","note":null,"players":{"00-0022084":[{"sequence":5,"clubcode":"ARI","playerName":"A.Boldin","statId":21,"yards":10},{"sequence":6,"clubcode":"ARI","playerName":"A.Boldin","statId":115,"yards":0},{"sequence":7,"clubcode":"ARI","playerName":"A.Boldin","statId":113,"yards":0}],"0":[{"sequence":1,"clubcode":"ARI","playerName":"","statId":4,"yards":0},{"sequence":2,"clubcode":"ARI","playerName":"","statId":6,"yards":0}],"00-0026934":[{"sequence":8,"clubcode":"GB","playerName":"B.Underwood","statId":79,"yards":0}],"00-0024225":[{"sequence":3,"clubcode":"ARI","playerName":"M.Leinart","statId":15,"yards":10},{"sequence":4,"clubcode":"ARI","playerName":"M.Leinart","statId":111,"yards":10}]}},"2055":{"sp":0,"qtr":3,"down":1,"time":"13:31","yrdln":"ARI 35","ydstogo":10,"ydsnet":15,"posteam":"ARI","desc":"(13:31) C.Wells up the middle to ARI 35 for no gain (B.Raji).","note":null,"players":{"00-0026985":[{"sequence":2,"clubcode":"GB","playerName":"B.Raji","statId":79,"yards":0}],"00-0027007":[{"sequence":1,"clubcode":"ARI","playerName":"C.Wells","statId":10,"yards":0}]}},"2076":{"sp":0,"qtr":3,"down":2,"time":"12:49","yrdln":"ARI 35","ydstogo":10,"ydsnet":16,"posteam":"ARI","desc":"(12:49) M.Leinart pass short middle to J.Wright to ARI 36 for 1 yard (J.Jolly, N.Barnett).","note":null,"players":{"00-0021990":[{"sequence":7,"clubcode":"GB","playerName":"N.Barnett","statId":82,"yards":0}],"00-0024397":[{"sequence":6,"clubcode":"GB","playerName":"J.Jolly","statId":80,"yards":0}],"00-0022288":[{"sequence":3,"clubcode":"ARI","playerName":"J.Wright","statId":21,"yards":1},{"sequence":4,"clubcode":"ARI","playerName":"J.Wright","statId":115,"yards":0},{"sequence":5,"clubcode":"ARI","playerName":"J.Wright","statId":113,"yards":4}],"00-0024225":[{"sequence":1,"clubcode":"ARI","playerName":"M.Leinart","statId":15,"yards":1},{"sequence":2,"clubcode":"ARI","playerName":"M.Leinart","statId":111,"yards":-3}]}},"2100":{"sp":0,"qtr":3,"down":3,"time":"12:04","yrdln":"ARI 36","ydstogo":9,"ydsnet":16,"posteam":"ARI","desc":"(12:04) (Shotgun) M.Leinart pass incomplete short middle to A.Boldin (N.Collins).","note":null,"players":{"00-0022084":[{"sequence":3,"clubcode":"ARI","playerName":"A.Boldin","statId":115,"yards":0}],"0":[{"sequence":1,"clubcode":"ARI","playerName":"","statId":7,"yards":0}],"00-0023486":[{"sequence":4,"clubcode":"GB","playerName":"N.Collins","statId":85,"yards":0}],"00-0024225":[{"sequence":2,"clubcode":"ARI","playerName":"M.Leinart","statId":14,"yards":0},{"sequence":5,"clubcode":"ARI","playerName":"M.Leinart","statId":112,"yards":14}]}},"2122":{"sp":0,"qtr":3,"down":4,"time":"11:59","yrdln":"ARI 36","ydstogo":9,"ydsnet":16,"posteam":"ARI","desc":"(11:59) B.Graham punts 58 yards to GB 6, Center-M.Leach, downed by ARI-P.Togafau.","note":"PUNT","players":{"0":[{"sequence":3,"clubcode":"GB","playerName":"","statId":38,"yards":0}],"00-0022954":[{"sequence":1,"clubcode":"ARI","playerName":"B.Graham","statId":29,"yards":58},{"sequence":2,"clubcode":"ARI","playerName":"B.Graham","statId":30,"yards":0}]}}},"fds":1,"result":"Punt","penyds":0,"ydsgained":16,"numplays":8,"postime":"3:13","start":{"qtr":3,"time":"15:00","yrdln":"ARI 20","team":"ARI"},"end":{"qtr":3,"time":"11:47","yrdln":"ARI 36","team":"ARI"}},"12":{"posteam":"GB","qtr":3,"redzone":true,"plays":{"2159":{"sp":0,"qtr":3,"down":1,"time":"11:47","yrdln":"GB 6","ydstogo":10,"ydsnet":0,"posteam":"GB","desc":"(11:47) A.Rodgers pass incomplete deep right to G.Jennings.","note":null,"players":{"00-0024267":[{"sequence":2,"clubcode":"GB","playerName":"G.Jennings","statId":115,"yards":0}],"00-0023459":[{"sequence":1,"clubcode":"GB","playerName":"A.Rodgers","statId":14,"yards":0},{"sequence":3,"clubcode":"GB","playerName":"A.Rodgers","statId":112,"yards":34}]}},"2181":{"sp":0,"qtr":3,"down":2,"time":"11:41","yrdln":"GB 6","ydstogo":10,"ydsnet":11,"posteam":"GB","desc":"(11:41) A.Rodgers pass short right to J.Finley to GB 17 for 11 yards (G.Toler).","note":null,"players":{"00-0026231":[{"sequence":4,"clubcode":"GB","playerName":"J.Finley","statId":21,"yards":11},{"sequence":5,"clubcode":"GB","playerName":"J.Finley","statId":115,"yards":0},{"sequence":6,"clubcode":"GB","playerName":"J.Finley","statId":113,"yards":2}],"00-0026910":[{"sequence":7,"clubcode":"ARI","playerName":"G.Toler","statId":79,"yards":0}],"0":[{"sequence":1,"clubcode":"GB","playerName":"","statId":4,"yards":0}],"00-0023459":[{"sequence":2,"clubcode":"GB","playerName":"A.Rodgers","statId":15,"yards":11},{"sequence":3,"clubcode":"GB","playerName":"A.Rodgers","statId":111,"yards":9}]}},"2205":{"sp":0,"qtr":3,"down":1,"time":"11:08","yrdln":"GB 17","ydstogo":10,"ydsnet":13,"posteam":"GB","desc":"(11:08) B.Jackson up the middle to GB 19 for 2 yards (H.Abdullah).","note":null,"players":{"00-0025450":[{"sequence":1,"clubcode":"GB","playerName":"B.Jackson","statId":10,"yards":2}],"00-0023663":[{"sequence":2,"clubcode":"ARI","playerName":"H.Abdullah","statId":79,"yards":0}]}},"2226":{"sp":0,"qtr":3,"down":2,"time":"10:32","yrdln":"GB 19","ydstogo":8,"ydsnet":17,"posteam":"GB","desc":"(10:32) A.Rodgers pass short right to J.Jones to GB 23 for 4 yards (H.Abdullah).","note":null,"players":{"00-0025465":[{"sequence":3,"clubcode":"GB","playerName":"J.Jones","statId":21,"yards":4},{"sequence":4,"clubcode":"GB","playerName":"J.Jones","statId":115,"yards":0},{"sequence":5,"clubcode":"GB","playerName":"J.Jones","statId":113,"yards":0}],"00-0023459":[{"sequence":1,"clubcode":"GB","playerName":"A.Rodgers","statId":15,"yards":4},{"sequence":2,"clubcode":"GB","playerName":"A.Rodgers","statId":111,"yards":4}],"00-0023663":[{"sequence":6,"clubcode":"ARI","playerName":"H.Abdullah","statId":79,"yards":0}]}},"2250":{"sp":0,"qtr":3,"down":3,"time":"09:49","yrdln":"GB 23","ydstogo":4,"ydsnet":34,"posteam":"GB","desc":"(9:49) (Shotgun) A.Rodgers pass short middle to B.Jackson to GB 40 for 17 yards (G.Toler).","note":null,"players":{"00-0026910":[{"sequence":8,"clubcode":"ARI","playerName":"G.Toler","statId":79,"yards":0}],"0":[{"sequence":1,"clubcode":"GB","playerName":"","statId":4,"yards":0},{"sequence":2,"clubcode":"GB","playerName":"","statId":6,"yards":0}],"00-0025450":[{"sequence":5,"clubcode":"GB","playerName":"B.Jackson","statId":21,"yards":17},{"sequence":6,"clubcode":"GB","playerName":"B.Jackson","statId":115,"yards":0},{"sequence":7,"clubcode":"GB","playerName":"B.Jackson","statId":113,"yards":20}],"00-0023459":[{"sequence":3,"clubcode":"GB","playerName":"A.Rodgers","statId":15,"yards":17},{"sequence":4,"clubcode":"GB","playerName":"A.Rodgers","statId":111,"yards":-3}]}},"2274":{"sp":0,"qtr":3,"down":1,"time":"09:03","yrdln":"GB 40","ydstogo":10,"ydsnet":37,"posteam":"GB","desc":"(9:03) (Shotgun) A.Rodgers pass short right to D.Driver ran ob at GB 43 for 3 yards.","note":null,"players":{"00-0004541":[{"sequence":3,"clubcode":"GB","playerName":"D.Driver","statId":21,"yards":3},{"sequence":4,"clubcode":"GB","playerName":"D.Driver","statId":115,"yards":0},{"sequence":5,"clubcode":"GB","playerName":"D.Driver","statId":113,"yards":0}],"00-0023459":[{"sequence":1,"clubcode":"GB","playerName":"A.Rodgers","statId":15,"yards":3},{"sequence":2,"clubcode":"GB","playerName":"A.Rodgers","statId":111,"yards":3}]}},"2298":{"sp":0,"qtr":3,"down":2,"time":"08:37","yrdln":"GB 43","ydstogo":7,"ydsnet":42,"posteam":"GB","desc":"(8:37) A.Green left tackle to GB 48 for 5 yards (H.Abdullah).","note":null,"players":{"00-0006305":[{"sequence":1,"clubcode":"GB","playerName":"A.Green","statId":10,"yards":5}],"00-0023663":[{"sequence":2,"clubcode":"ARI","playerName":"H.Abdullah","statId":79,"yards":0}]}},"2319":{"sp":0,"qtr":3,"down":3,"time":"07:56","yrdln":"GB 48","ydstogo":2,"ydsnet":50,"posteam":"GB","desc":"(7:56) (Shotgun) A.Rodgers pass short right to J.Jones ran ob at ARI 44 for 8 yards.","note":null,"players":{"0":[{"sequence":1,"clubcode":"GB","playerName":"","statId":4,"yards":0},{"sequence":2,"clubcode":"GB","playerName":"","statId":6,"yards":0}],"00-0025465":[{"sequence":5,"clubcode":"GB","playerName":"J.Jones","statId":21,"yards":8},{"sequence":6,"clubcode":"GB","playerName":"J.Jones","statId":115,"yards":0},{"sequence":7,"clubcode":"GB","playerName":"J.Jones","statId":113,"yards":0}],"00-0023459":[{"sequence":3,"clubcode":"GB","playerName":"A.Rodgers","statId":15,"yards":8},{"sequence":4,"clubcode":"GB","playerName":"A.Rodgers","statId":111,"yards":8}]}},"2343":{"sp":0,"qtr":3,"down":1,"time":"07:30","yrdln":"ARI 44","ydstogo":10,"ydsnet":53,"posteam":"GB","desc":"(7:30) A.Green left tackle to ARI 41 for 3 yards (A.Branch).","note":null,"players":{"00-0006305":[{"sequence":1,"clubcode":"GB","playerName":"A.Green","statId":10,"yards":3}],"00-0025420":[{"sequence":2,"clubcode":"ARI","playerName":"A.Branch","statId":79,"yards":0}]}},"2364":{"sp":0,"qtr":3,"down":2,"time":"06:56","yrdln":"ARI 41","ydstogo":7,"ydsnet":61,"posteam":"GB","desc":"(6:56) A.Rodgers pass short right to D.Driver to ARI 33 for 8 yards (G.Toler).","note":null,"players":{"00-0026910":[{"sequence":7,"clubcode":"ARI","playerName":"G.Toler","statId":79,"yards":0}],"0":[{"sequence":1,"clubcode":"GB","playerName":"","statId":4,"yards":0}],"00-0004541":[{"sequence":4,"clubcode":"GB","playerName":"D.Driver","statId":21,"yards":8},{"sequence":5,"clubcode":"GB","playerName":"D.Driver","statId":115,"yards":0},{"sequence":6,"clubcode":"GB","playerName":"D.Driver","statId":113,"yards":1}],"00-0023459":[{"sequence":2,"clubcode":"GB","playerName":"A.Rodgers","statId":15,"yards":8},{"sequence":3,"clubcode":"GB","playerName":"A.Rodgers","statId":111,"yards":7}]}},"2388":{"sp":0,"qtr":3,"down":1,"time":"06:11","yrdln":"ARI 33","ydstogo":10,"ydsnet":63,"posteam":"GB","desc":"(6:11) A.Green left tackle to ARI 31 for 2 yards (R.Johnson).","note":null,"players":{"00-0027067":[{"sequence":2,"clubcode":"ARI","playerName":"R.Johnson","statId":79,"yards":0}],"00-0006305":[{"sequence":1,"clubcode":"GB","playerName":"A.Green","statId":10,"yards":2}]}},"2409":{"sp":0,"qtr":3,"down":2,"time":"05:36","yrdln":"ARI 31","ydstogo":8,"ydsnet":77,"posteam":"GB","desc":"(5:36) A.Rodgers pass short middle to D.Driver to ARI 17 for 14 yards (R.Johnson).","note":null,"players":{"00-0027067":[{"sequence":7,"clubcode":"ARI","playerName":"R.Johnson","statId":79,"yards":0}],"0":[{"sequence":1,"clubcode":"GB","playerName":"","statId":4,"yards":0}],"00-0004541":[{"sequence":4,"clubcode":"GB","playerName":"D.Driver","statId":21,"yards":14},{"sequence":5,"clubcode":"GB","playerName":"D.Driver","statId":115,"yards":0},{"sequence":6,"clubcode":"GB","playerName":"D.Driver","statId":113,"yards":3}],"00-0023459":[{"sequence":2,"clubcode":"GB","playerName":"A.Rodgers","statId":15,"yards":14},{"sequence":3,"clubcode":"GB","playerName":"A.Rodgers","statId":111,"yards":11}]}},"2433":{"sp":0,"qtr":3,"down":1,"time":"04:56","yrdln":"ARI 17","ydstogo":10,"ydsnet":89,"posteam":"GB","desc":"(4:56) (Shotgun) A.Rodgers pass short middle to B.Jackson pushed ob at ARI 5 for 12 yards (H.Abdullah).","note":null,"players":{"0":[{"sequence":1,"clubcode":"GB","playerName":"","statId":4,"yards":0}],"00-0025450":[{"sequence":4,"clubcode":"GB","playerName":"B.Jackson","statId":21,"yards":12},{"sequence":5,"clubcode":"GB","playerName":"B.Jackson","statId":115,"yards":0},{"sequence":6,"clubcode":"GB","playerName":"B.Jackson","statId":113,"yards":15}],"00-0023459":[{"sequence":2,"clubcode":"GB","playerName":"A.Rodgers","statId":15,"yards":12},{"sequence":3,"clubcode":"GB","playerName":"A.Rodgers","statId":111,"yards":-3}],"00-0023663":[{"sequence":7,"clubcode":"ARI","playerName":"H.Abdullah","statId":79,"yards":0}]}},"2457":{"sp":1,"qtr":3,"down":1,"time":"04:21","yrdln":"ARI 5","ydstogo":5,"ydsnet":94,"posteam":"GB","desc":"(4:21) (Shotgun) A.Rodgers pass short right to J.Finley for 5 yards, TOUCHDOWN.","note":"TD","players":{"00-0026231":[{"sequence":4,"clubcode":"GB","playerName":"J.Finley","statId":22,"yards":5},{"sequence":5,"clubcode":"GB","playerName":"J.Finley","statId":115,"yards":0},{"sequence":6,"clubcode":"GB","playerName":"J.Finley","statId":113,"yards":0}],"0":[{"sequence":1,"clubcode":"GB","playerName":"","statId":4,"yards":0}],"00-0023459":[{"sequence":2,"clubcode":"GB","playerName":"A.Rodgers","statId":16,"yards":5},{"sequence":3,"clubcode":"GB","playerName":"A.Rodgers","statId":111,"yards":5}]}},"2478":{"sp":1,"qtr":3,"down":0,"time":"04:16","yrdln":"ARI 2","ydstogo":0,"ydsnet":94,"posteam":"GB","desc":"M.Crosby extra point is GOOD, Center-B.Goode, Holder-J.Kapinos.","note":"XP","players":{"00-0025580":[{"sequence":1,"clubcode":"GB","playerName":"M.Crosby","statId":72,"yards":0}]}}},"fds":7,"result":"Touchdown","penyds":0,"ydsgained":94,"numplays":15,"postime":"7:31","start":{"qtr":3,"time":"11:47","yrdln":"GB 6","team":"GB"},"end":{"qtr":3,"time":"04:16","yrdln":"ARI 5","team":"GB"}},"13":{"posteam":"ARI","qtr":4,"redzone":true,"plays":{"2509":{"sp":0,"qtr":3,"down":0,"time":"04:16","yrdln":"GB 30","ydstogo":0,"ydsnet":12,"posteam":"GB","desc":"M.Crosby kicks 69 yards from GB 30 to ARI 1. L.Stephens-Howling to ARI 22 for 21 yards (J.Kuhn, D.Bishop).","note":"KICKOFF","players":{"00-0025579":[{"sequence":4,"clubcode":"GB","playerName":"D.Bishop","statId":82,"yards":0}],"00-0025580":[{"sequence":1,"clubcode":"GB","playerName":"M.Crosby","statId":41,"yards":69}],"00-0022999":[{"sequence":3,"clubcode":"GB","playerName":"J.Kuhn","statId":80,"yards":0}],"00-0026956":[{"sequence":2,"clubcode":"ARI","playerName":"L.Stephens-Howling","statId":45,"yards":21}]}},"2531":{"sp":0,"qtr":3,"down":0,"time":"04:10","yrdln":"","ydstogo":0,"ydsnet":0,"posteam":"","desc":"Timeout at 04:10.","note":"Timeout","players":{}},"2548":{"sp":0,"qtr":3,"down":1,"time":"04:10","yrdln":"ARI 22","ydstogo":10,"ydsnet":23,"posteam":"ARI","desc":"(4:10) (Shotgun) M.Leinart pass short right to L.Fitzgerald to ARI 34 for 12 yards (N.Barnett).","note":null,"players":{"00-0021990":[{"sequence":7,"clubcode":"GB","playerName":"N.Barnett","statId":79,"yards":0}],"00-0022921":[{"sequence":4,"clubcode":"ARI","playerName":"L.Fitzgerald","statId":21,"yards":12},{"sequence":5,"clubcode":"ARI","playerName":"L.Fitzgerald","statId":115,"yards":0},{"sequence":6,"clubcode":"ARI","playerName":"L.Fitzgerald","statId":113,"yards":9}],"0":[{"sequence":1,"clubcode":"ARI","playerName":"","statId":4,"yards":0}],"00-0024225":[{"sequence":2,"clubcode":"ARI","playerName":"M.Leinart","statId":15,"yards":12},{"sequence":3,"clubcode":"ARI","playerName":"M.Leinart","statId":111,"yards":3}]}},"2572":{"sp":0,"qtr":3,"down":1,"time":"03:31","yrdln":"ARI 34","ydstogo":10,"ydsnet":20,"posteam":"ARI","desc":"(3:31) T.Hightower up the middle to ARI 42 for 8 yards (A.Hawk, T.Williams).","note":null,"players":{"00-0024220":[{"sequence":2,"clubcode":"GB","playerName":"A.Hawk","statId":80,"yards":0}],"00-0024061":[{"sequence":3,"clubcode":"GB","playerName":"T.Williams","statId":82,"yards":0}],"00-0026289":[{"sequence":1,"clubcode":"ARI","playerName":"T.Hightower","statId":10,"yards":8}]}},"2594":{"sp":0,"qtr":3,"down":2,"time":"02:48","yrdln":"ARI 42","ydstogo":2,"ydsnet":19,"posteam":"ARI","desc":"(2:48) (Shotgun) M.Leinart pass short right to T.Hightower to ARI 41 for -1 yards (B.Underwood) [C.Matthews].","note":null,"players":{"00-0027002":[{"sequence":6,"clubcode":"GB","playerName":"C.Matthews","statId":110,"yards":0}],"00-0026934":[{"sequence":7,"clubcode":"GB","playerName":"B.Underwood","statId":79,"yards":0},{"sequence":8,"clubcode":"GB","playerName":"B.Underwood","statId":120,"yards":0}],"00-0026289":[{"sequence":3,"clubcode":"ARI","playerName":"T.Hightower","statId":21,"yards":-1},{"sequence":4,"clubcode":"ARI","playerName":"T.Hightower","statId":115,"yards":0},{"sequence":5,"clubcode":"ARI","playerName":"T.Hightower","statId":113,"yards":1}],"00-0024225":[{"sequence":1,"clubcode":"ARI","playerName":"M.Leinart","statId":15,"yards":-1},{"sequence":2,"clubcode":"ARI","playerName":"M.Leinart","statId":111,"yards":-2}]}},"2622":{"sp":0,"qtr":3,"down":3,"time":"02:01","yrdln":"ARI 41","ydstogo":3,"ydsnet":23,"posteam":"ARI","desc":"(2:01) (Shotgun) M.Leinart pass short left to J.Urban to ARI 45 for 4 yards (J.Bush) [C.Matthews].","note":null,"players":{"00-0023918":[{"sequence":9,"clubcode":"GB","playerName":"J.Bush","statId":79,"yards":0}],"00-0021647":[{"sequence":5,"clubcode":"ARI","playerName":"J.Urban","statId":21,"yards":4},{"sequence":6,"clubcode":"ARI","playerName":"J.Urban","statId":115,"yards":0},{"sequence":7,"clubcode":"ARI","playerName":"J.Urban","statId":113,"yards":0}],"00-0027002":[{"sequence":8,"clubcode":"GB","playerName":"C.Matthews","statId":110,"yards":0}],"0":[{"sequence":1,"clubcode":"ARI","playerName":"","statId":4,"yards":0},{"sequence":2,"clubcode":"ARI","playerName":"","statId":6,"yards":0}],"00-0024225":[{"sequence":3,"clubcode":"ARI","playerName":"M.Leinart","statId":15,"yards":4},{"sequence":4,"clubcode":"ARI","playerName":"M.Leinart","statId":111,"yards":4}]}},"2646":{"sp":0,"qtr":3,"down":1,"time":"01:24","yrdln":"ARI 45","ydstogo":10,"ydsnet":30,"posteam":"ARI","desc":"(1:24) C.Wells up the middle to GB 38 for 17 yards (M.Giordano, C.Jenkins). PENALTY on ARI-J.Bridges, Unnecessary Roughness, 15 yards, enforced between downs.","note":"PENALTY","players":{"00-0021706":[{"sequence":4,"clubcode":"GB","playerName":"C.Jenkins","statId":82,"yards":0}],"00-0021974":[{"sequence":5,"clubcode":"ARI","playerName":"J.Bridges","statId":93,"yards":15}],"00-0023569":[{"sequence":3,"clubcode":"GB","playerName":"M.Giordano","statId":80,"yards":0}],"00-0027007":[{"sequence":2,"clubcode":"ARI","playerName":"C.Wells","statId":10,"yards":17}],"0":[{"sequence":1,"clubcode":"ARI","playerName":"","statId":3,"yards":0}]}},"2679":{"sp":0,"qtr":3,"down":1,"time":"01:00","yrdln":"ARI 47","ydstogo":10,"ydsnet":30,"posteam":"ARI","desc":"(1:00) (Shotgun) M.Leinart pass incomplete deep middle to L.Fitzgerald (T.Williams).","note":null,"players":{"00-0022921":[{"sequence":2,"clubcode":"ARI","playerName":"L.Fitzgerald","statId":115,"yards":0}],"00-0024061":[{"sequence":3,"clubcode":"GB","playerName":"T.Williams","statId":85,"yards":0}],"00-0024225":[{"sequence":1,"clubcode":"ARI","playerName":"M.Leinart","statId":14,"yards":0},{"sequence":4,"clubcode":"ARI","playerName":"M.Leinart","statId":112,"yards":16}]}},"2701":{"sp":0,"qtr":3,"down":2,"time":"00:54","yrdln":"ARI 47","ydstogo":10,"ydsnet":30,"posteam":"ARI","desc":"(:54) M.Leinart pass short right to E.Doucet to GB 46 for 7 yards (A.Bigby).","note":null,"players":{"00-0026221":[{"sequence":3,"clubcode":"ARI","playerName":"E.Doucet","statId":21,"yards":7},{"sequence":4,"clubcode":"ARI","playerName":"E.Doucet","statId":115,"yards":0},{"sequence":5,"clubcode":"ARI","playerName":"E.Doucet","statId":113,"yards":10}],"00-0023404":[{"sequence":6,"clubcode":"GB","playerName":"A.Bigby","statId":79,"yards":0}],"00-0024225":[{"sequence":1,"clubcode":"ARI","playerName":"M.Leinart","statId":15,"yards":7},{"sequence":2,"clubcode":"ARI","playerName":"M.Leinart","statId":111,"yards":-3}]}},"2725":{"sp":0,"qtr":3,"down":3,"time":"00:13","yrdln":"GB 46","ydstogo":3,"ydsnet":30,"posteam":"ARI","desc":"(:13) (Shotgun) M.Leinart pass short left to E.Doucet pushed ob at GB 42 for 4 yards (T.Williams).","note":null,"players":{"00-0024061":[{"sequence":8,"clubcode":"GB","playerName":"T.Williams","statId":79,"yards":0}],"00-0026221":[{"sequence":5,"clubcode":"ARI","playerName":"E.Doucet","statId":21,"yards":4},{"sequence":6,"clubcode":"ARI","playerName":"E.Doucet","statId":115,"yards":0},{"sequence":7,"clubcode":"ARI","playerName":"E.Doucet","statId":113,"yards":3}],"0":[{"sequence":1,"clubcode":"ARI","playerName":"","statId":4,"yards":0},{"sequence":2,"clubcode":"ARI","playerName":"","statId":6,"yards":0}],"00-0024225":[{"sequence":3,"clubcode":"ARI","playerName":"M.Leinart","statId":15,"yards":4},{"sequence":4,"clubcode":"ARI","playerName":"M.Leinart","statId":111,"yards":1}]}},"2750":{"sp":0,"qtr":3,"down":0,"time":"","yrdln":"","ydstogo":0,"ydsnet":36,"posteam":"","desc":"END QUARTER 3","note":null,"players":{}},"2766":{"sp":0,"qtr":4,"down":1,"time":"15:00","yrdln":"GB 42","ydstogo":10,"ydsnet":26,"posteam":"ARI","desc":"(15:00) M.Leinart pass short middle to T.Hightower to GB 40 for 2 yards (N.Barnett). PENALTY on ARI-J.Bridges, Offensive Holding, 10 yards, enforced at GB 42 - No Play.","note":"PENALTY","players":{"00-0021974":[{"sequence":1,"clubcode":"ARI","playerName":"J.Bridges","statId":93,"yards":10}]}},"2801":{"sp":0,"qtr":4,"down":1,"time":"14:34","yrdln":"ARI 48","ydstogo":20,"ydsnet":28,"posteam":"ARI","desc":"(14:34) (Shotgun) M.Leinart pass short middle to S.Breaston to 50 for 2 yards (A.Hawk).","note":null,"players":{"00-0024220":[{"sequence":6,"clubcode":"GB","playerName":"A.Hawk","statId":79,"yards":0}],"00-0025529":[{"sequence":3,"clubcode":"ARI","playerName":"S.Breaston","statId":21,"yards":2},{"sequence":4,"clubcode":"ARI","playerName":"S.Breaston","statId":115,"yards":0},{"sequence":5,"clubcode":"ARI","playerName":"S.Breaston","statId":113,"yards":0}],"00-0024225":[{"sequence":1,"clubcode":"ARI","playerName":"M.Leinart","statId":15,"yards":2},{"sequence":2,"clubcode":"ARI","playerName":"M.Leinart","statId":111,"yards":2}]}},"2825":{"sp":0,"qtr":4,"down":2,"time":"13:55","yrdln":"50","ydstogo":18,"ydsnet":30,"posteam":"ARI","desc":"(13:55) T.Hightower up the middle to GB 48 for 2 yards (J.Bell).","note":null,"players":{"00-0026057":[{"sequence":2,"clubcode":"GB","playerName":"J.Bell","statId":79,"yards":0}],"00-0026289":[{"sequence":1,"clubcode":"ARI","playerName":"T.Hightower","statId":10,"yards":2}]}},"2847":{"sp":0,"qtr":4,"down":3,"time":"13:15","yrdln":"GB 48","ydstogo":16,"ydsnet":30,"posteam":"ARI","desc":"(13:15) (Shotgun) M.Leinart pass incomplete short middle to T.Hightower (N.Barnett).","note":null,"players":{"00-0021990":[{"sequence":4,"clubcode":"GB","playerName":"N.Barnett","statId":85,"yards":0}],"0":[{"sequence":1,"clubcode":"ARI","playerName":"","statId":7,"yards":0}],"00-0026289":[{"sequence":3,"clubcode":"ARI","playerName":"T.Hightower","statId":115,"yards":0}],"00-0024225":[{"sequence":2,"clubcode":"ARI","playerName":"M.Leinart","statId":14,"yards":0},{"sequence":5,"clubcode":"ARI","playerName":"M.Leinart","statId":112,"yards":1}]}},"2876":{"sp":0,"qtr":4,"down":4,"time":"13:08","yrdln":"GB 48","ydstogo":16,"ydsnet":30,"posteam":"ARI","desc":"(13:08) B.Graham punts 32 yards to GB 16, Center-M.Leach, out of bounds.","note":"PUNT","players":{"0":[{"sequence":3,"clubcode":"GB","playerName":"","statId":37,"yards":0}],"00-0022954":[{"sequence":1,"clubcode":"ARI","playerName":"B.Graham","statId":29,"yards":32},{"sequence":2,"clubcode":"ARI","playerName":"B.Graham","statId":30,"yards":0}]}}},"fds":4,"result":"Punt","penyds":-25,"ydsgained":55,"numplays":16,"postime":"6:16","start":{"qtr":3,"time":"04:16","yrdln":"ARI 22","team":"ARI"},"end":{"qtr":3,"time":"13:00","yrdln":"GB 48","team":"ARI"}},"14":{"posteam":"GB","qtr":4,"redzone":true,"plays":{"2912":{"sp":0,"qtr":4,"down":1,"time":"13:00","yrdln":"GB 16","ydstogo":10,"ydsnet":3,"posteam":"GB","desc":"(13:00) A.Green up the middle to GB 19 for 3 yards (C.Campbell).","note":null,"players":{"00-0026190":[{"sequence":2,"clubcode":"ARI","playerName":"C.Campbell","statId":79,"yards":0}],"00-0006305":[{"sequence":1,"clubcode":"GB","playerName":"A.Green","statId":10,"yards":3}]}},"2933":{"sp":0,"qtr":4,"down":2,"time":"12:20","yrdln":"GB 19","ydstogo":7,"ydsnet":4,"posteam":"GB","desc":"(12:20) A.Green right tackle to GB 20 for 1 yard (M.Beisel).","note":null,"players":{"00-0006305":[{"sequence":1,"clubcode":"GB","playerName":"A.Green","statId":10,"yards":1}],"00-0020478":[{"sequence":2,"clubcode":"ARI","playerName":"M.Beisel","statId":79,"yards":0}]}},"2954":{"sp":0,"qtr":4,"down":3,"time":"11:37","yrdln":"GB 20","ydstogo":6,"ydsnet":13,"posteam":"GB","desc":"(11:37) (Shotgun) M.Flynn sacked at GB 14 for -6 yards (J.Banks). PENALTY on ARI-C.Okeafor, Face Mask (15 Yards), 15 yards, enforced at GB 14.","note":"PENALTY","players":{"00-0026349":[{"sequence":3,"clubcode":"GB","playerName":"M.Flynn","statId":20,"yards":-6}],"0":[{"sequence":1,"clubcode":"GB","playerName":"","statId":7,"yards":0},{"sequence":2,"clubcode":"GB","playerName":"","statId":5,"yards":0}],"00-0012333":[{"sequence":7,"clubcode":"ARI","playerName":"C.Okeafor","statId":93,"yards":15}],"00-0025927":[{"sequence":4,"clubcode":"ARI","playerName":"J.Banks","statId":83,"yards":-6},{"sequence":5,"clubcode":"ARI","playerName":"J.Banks","statId":110,"yards":0},{"sequence":6,"clubcode":"ARI","playerName":"J.Banks","statId":79,"yards":0}]}},"2984":{"sp":0,"qtr":4,"down":1,"time":"11:14","yrdln":"GB 29","ydstogo":10,"ydsnet":8,"posteam":"GB","desc":"(11:14) PENALTY on GB-E.Dietrich-Smith, False Start, 5 yards, enforced at GB 29 - No Play.","note":"PENALTY","players":{"00-0026784":[{"sequence":1,"clubcode":"GB","playerName":"E.Dietrich-Smith","statId":93,"yards":5}]}},"3007":{"sp":0,"qtr":4,"down":1,"time":"10:47","yrdln":"GB 24","ydstogo":15,"ydsnet":10,"posteam":"GB","desc":"(10:47) B.Jackson right end to GB 26 for 2 yards (W.Davis).","note":null,"players":{"00-0026939":[{"sequence":2,"clubcode":"ARI","playerName":"W.Davis","statId":79,"yards":0}],"00-0025450":[{"sequence":1,"clubcode":"GB","playerName":"B.Jackson","statId":10,"yards":2}]}},"3028":{"sp":0,"qtr":4,"down":2,"time":"10:06","yrdln":"GB 26","ydstogo":13,"ydsnet":12,"posteam":"GB","desc":"(10:06) (Shotgun) B.Jackson up the middle to GB 28 for 2 yards (W.Davis, H.Abdullah).","note":null,"players":{"00-0026939":[{"sequence":2,"clubcode":"ARI","playerName":"W.Davis","statId":80,"yards":0}],"00-0025450":[{"sequence":1,"clubcode":"GB","playerName":"B.Jackson","statId":10,"yards":2}],"00-0023663":[{"sequence":3,"clubcode":"ARI","playerName":"H.Abdullah","statId":82,"yards":0}]}},"3049":{"sp":0,"qtr":4,"down":3,"time":"09:25","yrdln":"GB 28","ydstogo":11,"ydsnet":12,"posteam":"GB","desc":"(9:25) (Shotgun) M.Flynn pass incomplete deep middle to J.Jones.","note":null,"players":{"00-0026349":[{"sequence":2,"clubcode":"GB","playerName":"M.Flynn","statId":14,"yards":0},{"sequence":4,"clubcode":"GB","playerName":"M.Flynn","statId":112,"yards":17}],"0":[{"sequence":1,"clubcode":"GB","playerName":"","statId":7,"yards":0}],"00-0025465":[{"sequence":3,"clubcode":"GB","playerName":"J.Jones","statId":115,"yards":0}]}},"3071":{"sp":0,"qtr":4,"down":4,"time":"09:19","yrdln":"GB 28","ydstogo":11,"ydsnet":12,"posteam":"GB","desc":"(9:19) J.Kapinos punts 44 yards to ARI 28, Center-B.Goode. S.Breaston to ARI 31 for 3 yards (B.Poppinga).","note":"PUNT","players":{"00-0025786":[{"sequence":1,"clubcode":"GB","playerName":"J.Kapinos","statId":29,"yards":44}],"00-0025529":[{"sequence":2,"clubcode":"ARI","playerName":"S.Breaston","statId":33,"yards":3}],"00-0023559":[{"sequence":3,"clubcode":"GB","playerName":"B.Poppinga","statId":79,"yards":0}]}}},"fds":1,"result":"Punt","penyds":10,"ydsgained":2,"numplays":8,"postime":"3:51","start":{"qtr":4,"time":"13:00","yrdln":"GB 16","team":"GB"},"end":{"qtr":4,"time":"09:09","yrdln":"GB 28","team":"GB"}},"15":{"posteam":"ARI","qtr":4,"redzone":true,"plays":{"3114":{"sp":0,"qtr":4,"down":1,"time":"09:09","yrdln":"ARI 31","ydstogo":10,"ydsnet":0,"posteam":"ARI","desc":"(9:09) B.St. Pierre (3rd QB) pass incomplete short middle to L.Fitzgerald [C.Matthews].","note":null,"players":{"00-0022921":[{"sequence":2,"clubcode":"ARI","playerName":"L.Fitzgerald","statId":115,"yards":0}],"00-0027002":[{"sequence":3,"clubcode":"GB","playerName":"C.Matthews","statId":110,"yards":0}],"00-0022101":[{"sequence":1,"clubcode":"ARI","playerName":"B.St. Pierre (3rd QB)","statId":14,"yards":0},{"sequence":4,"clubcode":"ARI","playerName":"B.St. Pierre (3rd QB)","statId":112,"yards":9}]}},"3136":{"sp":0,"qtr":4,"down":2,"time":"09:04","yrdln":"ARI 31","ydstogo":10,"ydsnet":3,"posteam":"ARI","desc":"(9:04) L.Stephens-Howling up the middle to ARI 34 for 3 yards (A.Bigby).","note":null,"players":{"00-0023404":[{"sequence":2,"clubcode":"GB","playerName":"A.Bigby","statId":79,"yards":0}],"00-0026956":[{"sequence":1,"clubcode":"ARI","playerName":"L.Stephens-Howling","statId":10,"yards":3}]}},"3157":{"sp":0,"qtr":4,"down":3,"time":"08:23","yrdln":"ARI 34","ydstogo":7,"ydsnet":12,"posteam":"ARI","desc":"(8:23) (Shotgun) B.St. Pierre pass short middle to J.Urban to ARI 43 for 9 yards (D.Bishop, T.Williams) [C.Jenkins].","note":null,"players":{"00-0021706":[{"sequence":8,"clubcode":"GB","playerName":"C.Jenkins","statId":110,"yards":0}],"00-0025579":[{"sequence":9,"clubcode":"GB","playerName":"D.Bishop","statId":80,"yards":0}],"00-0021647":[{"sequence":5,"clubcode":"ARI","playerName":"J.Urban","statId":21,"yards":9},{"sequence":6,"clubcode":"ARI","playerName":"J.Urban","statId":115,"yards":0},{"sequence":7,"clubcode":"ARI","playerName":"J.Urban","statId":113,"yards":0}],"00-0024061":[{"sequence":10,"clubcode":"GB","playerName":"T.Williams","statId":82,"yards":0}],"0":[{"sequence":1,"clubcode":"ARI","playerName":"","statId":4,"yards":0},{"sequence":2,"clubcode":"ARI","playerName":"","statId":6,"yards":0}],"00-0022101":[{"sequence":3,"clubcode":"ARI","playerName":"B.St. Pierre","statId":15,"yards":9},{"sequence":4,"clubcode":"ARI","playerName":"B.St. Pierre","statId":111,"yards":9}]}},"3181":{"sp":0,"qtr":4,"down":1,"time":"07:45","yrdln":"ARI 43","ydstogo":10,"ydsnet":14,"posteam":"ARI","desc":"(7:45) B.St. Pierre FUMBLES (Aborted) at ARI 43, and recovers at ARI 45. B.St. Pierre to ARI 45 for no gain (D.Bishop).","note":"FUMBLE","players":{"00-0025579":[{"sequence":4,"clubcode":"GB","playerName":"D.Bishop","statId":79,"yards":0}],"00-0022101":[{"sequence":1,"clubcode":"ARI","playerName":"B.St. Pierre","statId":53,"yards":0},{"sequence":2,"clubcode":"ARI","playerName":"B.St. Pierre","statId":55,"yards":0},{"sequence":3,"clubcode":"ARI","playerName":"B.St. Pierre","statId":10,"yards":2}]}},"3207":{"sp":0,"qtr":4,"down":2,"time":"07:07","yrdln":"ARI 45","ydstogo":8,"ydsnet":14,"posteam":"ARI","desc":"(7:07) B.St. Pierre pass short left intended for S.Spach INTERCEPTED by T.Williams at GB 46. T.Williams to ARI 33 for 21 yards (L.Sendlein).","note":"INT","players":{"00-0024061":[{"sequence":4,"clubcode":"GB","playerName":"T.Williams","statId":25,"yards":21},{"sequence":5,"clubcode":"GB","playerName":"T.Williams","statId":85,"yards":0}],"00-0023108":[{"sequence":2,"clubcode":"ARI","playerName":"S.Spach","statId":115,"yards":0}],"00-0025682":[{"sequence":6,"clubcode":"ARI","playerName":"L.Sendlein","statId":79,"yards":0}],"00-0022101":[{"sequence":1,"clubcode":"ARI","playerName":"B.St. Pierre","statId":19,"yards":0},{"sequence":3,"clubcode":"ARI","playerName":"B.St. Pierre","statId":112,"yards":9}]}}},"fds":1,"result":"Interception","penyds":0,"ydsgained":14,"numplays":5,"postime":"2:15","start":{"qtr":4,"time":"09:09","yrdln":"ARI 31","team":"ARI"},"end":{"qtr":4,"time":"06:54","yrdln":"ARI 45","team":"ARI"}},"16":{"posteam":"GB","qtr":4,"redzone":true,"plays":{"3250":{"sp":0,"qtr":4,"down":1,"time":"06:54","yrdln":"ARI 33","ydstogo":10,"ydsnet":4,"posteam":"GB","desc":"(6:54) A.Green right tackle to ARI 29 for 4 yards (P.Togafau).","note":null,"players":{"00-0025667":[{"sequence":2,"clubcode":"ARI","playerName":"P.Togafau","statId":79,"yards":0}],"00-0006305":[{"sequence":1,"clubcode":"GB","playerName":"A.Green","statId":10,"yards":4}]}},"3271":{"sp":0,"qtr":4,"down":2,"time":"06:12","yrdln":"ARI 29","ydstogo":6,"ydsnet":6,"posteam":"GB","desc":"(6:12) A.Green up the middle to ARI 27 for 2 yards (R.Johnson, C.Haggans).","note":null,"players":{"00-0027067":[{"sequence":2,"clubcode":"ARI","playerName":"R.Johnson","statId":80,"yards":0}],"00-0019538":[{"sequence":3,"clubcode":"ARI","playerName":"C.Haggans","statId":82,"yards":0}],"00-0006305":[{"sequence":1,"clubcode":"GB","playerName":"A.Green","statId":10,"yards":2}]}},"3292":{"sp":0,"qtr":4,"down":3,"time":"05:29","yrdln":"ARI 27","ydstogo":4,"ydsnet":13,"posteam":"GB","desc":"(5:29) (Shotgun) M.Flynn pass short middle to J.Finley to ARI 20 for 7 yards (R.Walker).","note":null,"players":{"00-0026231":[{"sequence":5,"clubcode":"GB","playerName":"J.Finley","statId":21,"yards":7},{"sequence":6,"clubcode":"GB","playerName":"J.Finley","statId":115,"yards":0},{"sequence":7,"clubcode":"GB","playerName":"J.Finley","statId":113,"yards":6}],"00-0026727":[{"sequence":8,"clubcode":"ARI","playerName":"R.Walker","statId":79,"yards":0}],"00-0026349":[{"sequence":3,"clubcode":"GB","playerName":"M.Flynn","statId":15,"yards":7},{"sequence":4,"clubcode":"GB","playerName":"M.Flynn","statId":111,"yards":1}],"0":[{"sequence":1,"clubcode":"GB","playerName":"","statId":4,"yards":0},{"sequence":2,"clubcode":"GB","playerName":"","statId":6,"yards":0}]}},"3316":{"sp":0,"qtr":4,"down":1,"time":"04:46","yrdln":"ARI 20","ydstogo":10,"ydsnet":15,"posteam":"GB","desc":"(4:46) B.Jackson up the middle to ARI 18 for 2 yards (P.Togafau, J.Banks).","note":null,"players":{"00-0025667":[{"sequence":2,"clubcode":"ARI","playerName":"P.Togafau","statId":80,"yards":0}],"00-0025450":[{"sequence":1,"clubcode":"GB","playerName":"B.Jackson","statId":10,"yards":2}],"00-0025927":[{"sequence":3,"clubcode":"ARI","playerName":"J.Banks","statId":82,"yards":0}]}},"3337":{"sp":0,"qtr":4,"down":2,"time":"04:03","yrdln":"ARI 18","ydstogo":8,"ydsnet":15,"posteam":"GB","desc":"(4:03) A.Green left tackle to ARI 18 for no gain (W.Davis).","note":null,"players":{"00-0026939":[{"sequence":2,"clubcode":"ARI","playerName":"W.Davis","statId":79,"yards":0}],"00-0006305":[{"sequence":1,"clubcode":"GB","playerName":"A.Green","statId":10,"yards":0}]}},"3358":{"sp":0,"qtr":4,"down":3,"time":"03:18","yrdln":"ARI 18","ydstogo":8,"ydsnet":15,"posteam":"GB","desc":"(3:18) (Shotgun) M.Flynn pass short right intended for J.Jones INTERCEPTED by R.Brown at ARI 13. R.Brown to GB 7 for 80 yards (J.Jones). PENALTY on GB-M.Flynn, Low Block, 4 yards, enforced at GB 7.","note":"INT","players":{"00-0019613":[{"sequence":5,"clubcode":"ARI","playerName":"R.Brown","statId":25,"yards":80},{"sequence":6,"clubcode":"ARI","playerName":"R.Brown","statId":85,"yards":0}],"00-0026349":[{"sequence":2,"clubcode":"GB","playerName":"M.Flynn","statId":19,"yards":0},{"sequence":4,"clubcode":"GB","playerName":"M.Flynn","statId":112,"yards":5},{"sequence":8,"clubcode":"GB","playerName":"M.Flynn","statId":93,"yards":4}],"0":[{"sequence":1,"clubcode":"GB","playerName":"","statId":7,"yards":0}],"00-0025465":[{"sequence":3,"clubcode":"GB","playerName":"J.Jones","statId":115,"yards":0},{"sequence":7,"clubcode":"GB","playerName":"J.Jones","statId":79,"yards":0}]}}},"fds":1,"result":"Interception","penyds":0,"ydsgained":15,"numplays":6,"postime":"3:50","start":{"qtr":4,"time":"06:54","yrdln":"ARI 33","team":"GB"},"end":{"qtr":4,"time":"03:04","yrdln":"ARI 18","team":"GB"}},"17":{"posteam":"ARI","qtr":4,"redzone":true,"plays":{"3413":{"sp":1,"qtr":4,"down":1,"time":"03:04","yrdln":"GB 3","ydstogo":3,"ydsnet":3,"posteam":"ARI","desc":"(3:04) (Shotgun) B.St. Pierre pass short middle to L.Fitzgerald for 3 yards, TOUCHDOWN.","note":"TD","players":{"00-0022921":[{"sequence":4,"clubcode":"ARI","playerName":"L.Fitzgerald","statId":22,"yards":3},{"sequence":5,"clubcode":"ARI","playerName":"L.Fitzgerald","statId":115,"yards":0},{"sequence":6,"clubcode":"ARI","playerName":"L.Fitzgerald","statId":113,"yards":0}],"0":[{"sequence":1,"clubcode":"ARI","playerName":"","statId":4,"yards":0}],"00-0022101":[{"sequence":2,"clubcode":"ARI","playerName":"B.St. Pierre","statId":16,"yards":3},{"sequence":3,"clubcode":"ARI","playerName":"B.St. Pierre","statId":111,"yards":3}]}},"3435":{"sp":1,"qtr":4,"down":0,"time":"02:59","yrdln":"GB 2","ydstogo":0,"ydsnet":3,"posteam":"ARI","desc":"N.Rackers extra point is GOOD, Center-M.Leach, Holder-B.Graham.","note":"XP","players":{"00-0019676":[{"sequence":1,"clubcode":"ARI","playerName":"N.Rackers","statId":72,"yards":0}]}}},"fds":1,"result":"Touchdown","penyds":0,"ydsgained":3,"numplays":2,"postime":"0:05","start":{"qtr":4,"time":"03:04","yrdln":"GB 3","team":"ARI"},"end":{"qtr":4,"time":"02:59","yrdln":"GB 3","team":"ARI"}},"18":{"posteam":"GB","qtr":4,"redzone":true,"plays":{"3466":{"sp":0,"qtr":4,"down":0,"time":"02:59","yrdln":"ARI 30","ydstogo":0,"ydsnet":0,"posteam":"ARI","desc":"B.Graham kicks 70 yards from ARI 30 to GB 0. J.Nelson pushed ob at ARI 46 for 54 yards (M.Adams).","note":"KICKOFF","players":{"00-0022954":[{"sequence":1,"clubcode":"ARI","playerName":"B.Graham","statId":43,"yards":70}],"00-0026176":[{"sequence":2,"clubcode":"GB","playerName":"J.Nelson","statId":45,"yards":54}],"00-0025668":[{"sequence":3,"clubcode":"ARI","playerName":"M.Adams","statId":79,"yards":0}]}},"3488":{"sp":0,"qtr":4,"down":0,"time":"02:49","yrdln":"","ydstogo":0,"ydsnet":0,"posteam":"","desc":"Timeout at 02:49.","note":"Timeout","players":{}},"3505":{"sp":0,"qtr":4,"down":1,"time":"02:49","yrdln":"ARI 46","ydstogo":10,"ydsnet":6,"posteam":"GB","desc":"(2:49) A.Green up the middle to ARI 40 for 6 yards (P.Togafau).","note":null,"players":{"00-0025667":[{"sequence":2,"clubcode":"ARI","playerName":"P.Togafau","statId":79,"yards":0}],"00-0006305":[{"sequence":1,"clubcode":"GB","playerName":"A.Green","statId":10,"yards":6}]}},"3526":{"sp":0,"qtr":4,"down":2,"time":"02:07","yrdln":"ARI 40","ydstogo":4,"ydsnet":20,"posteam":"GB","desc":"(2:07) A.Green left tackle to ARI 26 for 14 yards (R.Walker, M.Adams).","note":null,"players":{"00-0026727":[{"sequence":3,"clubcode":"ARI","playerName":"R.Walker","statId":80,"yards":0}],"00-0006305":[{"sequence":2,"clubcode":"GB","playerName":"A.Green","statId":10,"yards":14}],"0":[{"sequence":1,"clubcode":"GB","playerName":"","statId":3,"yards":0}],"00-0025668":[{"sequence":4,"clubcode":"ARI","playerName":"M.Adams","statId":82,"yards":0}]}},"3547":{"sp":0,"qtr":4,"down":0,"time":"01:59","yrdln":"","ydstogo":0,"ydsnet":20,"posteam":"","desc":"Two-Minute Warning","note":null,"players":{}},"3564":{"sp":0,"qtr":4,"down":1,"time":"01:59","yrdln":"ARI 26","ydstogo":10,"ydsnet":19,"posteam":"GB","desc":"(1:59) M.Flynn kneels to ARI 27 for -1 yards.","note":null,"players":{"00-0026349":[{"sequence":1,"clubcode":"GB","playerName":"M.Flynn","statId":10,"yards":-1}]}},"3585":{"sp":0,"qtr":4,"down":2,"time":"01:18","yrdln":"ARI 27","ydstogo":11,"ydsnet":18,"posteam":"GB","desc":"(1:18) M.Flynn kneels to ARI 28 for -1 yards.","note":null,"players":{"00-0026349":[{"sequence":1,"clubcode":"GB","playerName":"M.Flynn","statId":10,"yards":-1}]}},"3606":{"sp":0,"qtr":4,"down":3,"time":"00:37","yrdln":"ARI 28","ydstogo":12,"ydsnet":17,"posteam":"GB","desc":"(:37) M.Flynn kneels to ARI 29 for -1 yards.","note":null,"players":{"00-0026349":[{"sequence":2,"clubcode":"GB","playerName":"M.Flynn","statId":10,"yards":-1}],"0":[{"sequence":1,"clubcode":"GB","playerName":"","statId":7,"yards":0}]}},"3627":{"sp":0,"qtr":4,"down":0,"time":"00:00","yrdln":"","ydstogo":0,"ydsnet":17,"posteam":"","desc":"END GAME","note":null,"players":{}}},"fds":1,"result":"End of Game","penyds":0,"ydsgained":17,"numplays":9,"postime":"2:59","start":{"qtr":4,"time":"02:59","yrdln":"ARI 46","team":"GB"},"end":{"qtr":4,"time":"00:00","yrdln":"","team":"GB"}},"crntdrv":18},"scrsummary":{"403":{"type":"TD","desc":"R.Grant 1 yd. run (M.Crosby kick is good) Drive: 10 plays, 69 yards in 6:15","qtr":1,"team":"GB","players":{"":"0","R.Grant":"00-0022984","M.Crosby":"00-0025580"}},"774":{"type":"TD","desc":"A.Rodgers 1 yd. run (M.Crosby kick is good) Drive: 6 plays, 86 yards in 3:19","qtr":1,"team":"GB","players":{"":"0","A.Rodgers":"00-0023459","M.Crosby":"00-0025580","M.Adams":"00-0025668"}},"1183":{"type":"SAF","desc":"Penalty on R.Wells enforced in end zone for a Safety","qtr":2,"team":"GB","players":{"R.Wells":"00-0021911","":"0"}},"1481":{"type":"FG","desc":"M.Crosby 26 yd. Field Goal Drive: 11 plays, 53 yards in 6:00","qtr":2,"team":"GB","players":{"M.Crosby":"00-0025580"}},"1631":{"type":"TD","desc":"C.Woodson 45 yd. interception return (M.Crosby kick is good)","qtr":2,"team":"GB","players":{"M.Leinart":"00-0024225","L.Fitzgerald":"00-0022921","C.Woodson":"00-0018227","M.Crosby":"00-0025580"}},"2457":{"type":"TD","desc":"J.Finley 5 yd. pass from A.Rodgers (M.Crosby kick is good) Drive: 14 plays, 94 yards in 7:31","qtr":3,"team":"GB","players":{"":"0","A.Rodgers":"00-0023459","J.Finley":"00-0026231","M.Crosby":"00-0025580"}},"3413":{"type":"TD","desc":"L.Fitzgerald 3 yd. pass from B.St. Pierre (N.Rackers kick is good) Drive: 1 plays, 3 yards in 0:05","qtr":4,"team":"ARI","players":{"":"0","B.St. Pierre":"00-0022101","L.Fitzgerald":"00-0022921","N.Rackers":"00-0019676"}}},"weather":null,"media":null,"yl":"","qtr":"Final","note":null,"down":0,"togo":0,"redzone":true,"clock":"00:37","posteam":"GB","stadium":null},"nextupdate":243}