{"2010111800":{"home":{"score":{"1":0,"2":0,"3":0,"4":0,"5":0,"T":0},"abbr":"MIA","to":0,"stats":{"passing":{"00-0025604":{"name":"T.Thigpen","att":29,"cmp":17,"yds":187,"tds":0,"ints":1,"twopta":0,"twoptm":0}},"rushing":{"00-0025604":{"name":"T.Thigpen","att":6,"yds":27,"tds":0,"lng":8,"lngtd":0,"twopta":0,"twoptm":0},"00-0023437":{"name":"R.Brown","att":3,"yds":10,"tds":0,"lng":5,"lngtd":0,"twopta":0,"twoptm":0},"00-0017915":{"name":"R.Williams","att":3,"yds":1,"tds":0,"lng":2,"lngtd":0,"twopta":0,"twoptm":0},"00-0024172":{"name":"P.Cobbs","att":1,"yds":1,"tds":0,"lng":1,"lngtd":0,"twopta":0,"twoptm":0}},"receiving":{"00-0027077":{"name":"B.Hartline","rec":5,"yds":70,"tds":0,"lng":24,"lngtd":0,"twopta":0,"twoptm":0},"00-0024334":{"name":"B.Marshall","rec":3,"yds":41,"tds":0,"lng":18,"lngtd":0,"twopta":0,"twoptm":0},"00-0023437":{"name":"R.Brown","rec":3,"yds":19,"tds":0,"lng":9,"lngtd":0,"twopta":0,"twoptm":0},"00-0027356":{"name":"M.Moore","rec":2,"yds":20,"tds":0,"lng":13,"lngtd":0,"twopta":0,"twoptm":0},"00-0024268":{"name":"A.Fasano","rec":1,"yds":16,"tds":0,"lng":16,"lngtd":0,"twopta":0,"twoptm":0},"00-0017915":{"name":"R.Williams","rec":1,"yds":12,"tds":0,"lng":12,"lngtd":0,"twopta":0,"twoptm":0},"00-0026000":{"name":"D.Bess","rec":1,"yds":9,"tds":0,"lng":9,"lngtd":0,"twopta":0,"twoptm":0},"00-0024172":{"name":"P.Cobbs","rec":1,"yds":0,"tds":0,"lng":0,"lngtd":0,"twopta":0,"twoptm":0}},"fumbles":{"00-0025604":{"name":"T.Thigpen","tot":1,"rcv":1,"trcv":1,"yds":-9,"lost":0},"00-0023516":{"name":"R.Incognito","tot":1,"rcv":0,"trcv":0,"yds":0,"lost":0},"00-0027077":{"name":"B.Hartline","tot":0,"rcv":1,"trcv":1,"yds":0,"lost":0}},"punting":{"00-0025612":{"name":"B.Fields","pts":7,"yds":281,"avg":36,"i20":3,"lng":54}},"kickret":{"00-0027744":{"name":"N.Carroll","ret":3,"avg":32,"tds":0,"lng":46,"lngtd":0}},"puntret":{"00-0026000":{"name":"D.Bess","ret":1,"avg":7,"tds":0,"lng":7,"lngtd":0}},"defense":{"00-0022927":{"name":"K.Dansby","tkl":10,"ast":0,"sk":1,"int":0,"ffum":0},"00-0023368":{"name":"C.Wake","tkl":6,"ast":0,"sk":1,"int":0,"ffum":1},"00-0023505":{"name":"C.Crowder","tkl":5,"ast":1,"sk":0,"int":0,"ffum":0},"00-0022067":{"name":"Y.Bell","tkl":5,"ast":0,"sk":0,"int":0,"ffum":0},"00-0024102":{"name":"T.McDaniel","tkl":5,"ast":0,"sk":0,"int":0,"ffum":0},"00-0027762":{"name":"R.Jones","tkl":4,"ast":1,"sk":0,"int":0,"ffum":0},"00-0026206":{"name":"K.Langford","tkl":3,"ast":2,"sk":0,"int":0,"ffum":0},"00-0027001":{"name":"V.Davis","tkl":3,"ast":1,"sk":0,"int":0,"ffum":0},"00-0027037":{"name":"S.Smith","tkl":3,"ast":1,"sk":0,"int":0,"ffum":0},"00-0022352":{"name":"B.Sapp","tkl":2,"ast":0,"sk":0,"int":1,"ffum":0},"00-0022805":{"name":"R.Starks","tkl":2,"ast":0,"sk":0,"int":0,"ffum":0},"00-0027883":{"name":"K.Misi","tkl":1,"ast":1,"sk":0,"int":0,"ffum":0},"00-0025452":{"name":"Q.Moses","tkl":1,"ast":0,"sk":1,"int":0,"ffum":0},"00-0025495":{"name":"P.Soliai","tkl":1,"ast":0,"sk":0,"int":0,"ffum":0},"00-0006915":{"name":"A.Harris","tkl":1,"ast":0,"sk":0,"int":0,"ffum":0},"00-0026683":{"name":"R.Baker","tkl":1,"ast":0,"sk":0,"int":0,"ffum":0}},"team":{"totfd":10,"totyds":187,"pyds":148,"ryds":39,"pen":5,"penyds":45,"trnovr":1,"pt":7,"ptyds":281,"ptavg":36,"top":"22:09"}},"players":null},"away":{"score":{"1":3,"2":3,"3":10,"4":0,"5":0,"T":16},"abbr":"CHI","to":1,"stats":{"passing":{"00-0024226":{"name":"J.Cutler","att":25,"cmp":16,"yds":156,"tds":0,"ints":1,"twopta":0,"twoptm":0}},"rushing":{"00-0026184":{"name":"M.Forte","att":25,"yds":97,"tds":1,"lng":21,"lngtd":2,"twopta":0,"twoptm":0},"00-0024226":{"name":"J.Cutler","att":4,"yds":28,"tds":0,"lng":16,"lngtd":0,"twopta":0,"twoptm":0},"00-0021314":{"name":"C.Taylor","att":11,"yds":10,"tds":0,"lng":5,"lngtd":0,"twopta":0,"twoptm":0}},"receiving":{"00-0026913":{"name":"J.Knox","rec":5,"yds":55,"tds":0,"lng":16,"lngtd":0,"twopta":0,"twoptm":0},"00-0024272":{"name":"D.Hester","rec":4,"yds":41,"tds":0,"lng":14,"lngtd":0,"twopta":0,"twoptm":0},"00-0025418":{"name":"G.Olsen","rec":4,"yds":40,"tds":0,"lng":12,"lngtd":0,"twopta":0,"twoptm":0},"00-0026184":{"name":"M.Forte","rec":2,"yds":7,"tds":0,"lng":4,"lngtd":0,"twopta":0,"twoptm":0},"00-0026210":{"name":"E.Bennett","rec":1,"yds":13,"tds":0,"lng":13,"lngtd":0,"twopta":0,"twoptm":0}},"fumbles":{"00-0024226":{"name":"J.Cutler","tot":1,"rcv":0,"trcv":0,"yds":0,"lost":0},"00-0026154":{"name":"C.Williams","tot":0,"rcv":1,"trcv":1,"yds":0,"lost":0}},"kicking":{"00-0023252":{"name":"R.Gould","fgm":3,"fga":3,"fgyds":50,"totpfg":9,"xpmade":1,"xpmissed":0,"xpa":1,"xpb":0,"xptot":1}},"punting":{"00-0010609":{"name":"B.Maynard","pts":4,"yds":175,"avg":42,"i20":0,"lng":49}},"kickret":{"00-0023429":{"name":"R.Davis","ret":1,"avg":10,"tds":0,"lng":10,"lngtd":0}},"puntret":{"00-0024272":{"name":"D.Hester","ret":4,"avg":6,"tds":0,"lng":24,"lngtd":0}},"defense":{"00-0022128":{"name":"L.Briggs","tkl":7,"ast":0,"sk":0,"int":0,"ffum":0},"00-0021140":{"name":"J.Peppers","tkl":5,"ast":1,"sk":3,"int":0,"ffum":0},"00-0022123":{"name":"C.Tillman","tkl":5,"ast":1,"sk":0,"int":1,"ffum":0},"00-0019456":{"name":"B.Urlacher","tkl":4,"ast":1,"sk":1,"int":0,"ffum":0},"00-0026905":{"name":"H.Melton","tkl":3,"ast":0,"sk":1,"int":0,"ffum":0},"00-0023614":{"name":"C.Harris","tkl":2,"ast":1,"sk":0,"int":0,"ffum":0},"00-0027680":{"name":"M.Wright","tkl":1,"ast":1,"sk":0,"int":0,"ffum":0},"00-0021604":{"name":"I.Idonije","tkl":1,"ast":0,"sk":1,"int":0,"ffum":0},"00-0026907":{"name":"D.Moore","tkl":1,"ast":0,"sk":0,"int":0,"ffum":0},"00-0022085":{"name":"A.Adams","tkl":1,"ast":0,"sk":0,"int":0,"ffum":0},"00-0022837":{"name":"T.Harris","tkl":1,"ast":0,"sk":0,"int":0,"ffum":0},"00-0024277":{"name":"T.Jennings","tkl":1,"ast":0,"sk":0,"int":0,"ffum":0},"00-0024750":{"name":"N.Roach","tkl":0,"ast":1,"sk":0,"int":0,"ffum":0}},"team":{"totfd":19,"totyds":268,"pyds":133,"ryds":135,"pen":5,"penyds":45,"trnovr":1,"pt":4,"ptyds":175,"ptavg":42,"top":"37:51"}},"players":null},"drives":{"1":{"posteam":"MIA","qtr":1,"redzone":true,"plays":{"36":{"sp":0,"qtr":1,"down":0,"time":"15:00","yrdln":"CHI 30","ydstogo":0,"ydsnet":0,"posteam":"CHI","desc":"R.Gould kicks 63 yards from CHI 30 to MIA 7. N.Carroll pushed ob at CHI 47 for 46 yards (Z.Bowman).","note":"KICKOFF","players":{"00-0026282":[{"sequence":3,"clubcode":"CHI","playerName":"Z.Bowman","statId":79,"yards":0}],"00-0027744":[{"sequence":2,"clubcode":"MIA","playerName":"N.Carroll","statId":45,"yards":46}],"00-0023252":[{"sequence":1,"clubcode":"CHI","playerName":"R.Gould","statId":41,"yards":63}]}},"58":{"sp":0,"qtr":1,"down":1,"time":"14:52","yrdln":"CHI 47","ydstogo":10,"ydsnet":9,"posteam":"MIA","desc":"(14:52) T.Thigpen pass short left to B.Marshall pushed ob at CHI 38 for 9 yards (C.Tillman).","note":null,"players":{"00-0025604":[{"sequence":1,"clubcode":"MIA","playerName":"T.Thigpen","statId":15,"yards":9},{"sequence":2,"clubcode":"MIA","playerName":"T.Thigpen","statId":111,"yards":5}],"00-0024334":[{"sequence":3,"clubcode":"MIA","playerName":"B.Marshall","statId":21,"yards":9},{"sequence":4,"clubcode":"MIA","playerName":"B.Marshall","statId":115,"yards":0},{"sequence":5,"clubcode":"MIA","playerName":"B.Marshall","statId":113,"yards":4}],"00-0022123":[{"sequence":6,"clubcode":"CHI","playerName":"C.Tillman","statId":79,"yards":0}]}},"87":{"sp":0,"qtr":1,"down":2,"time":"14:24","yrdln":"CHI 38","ydstogo":1,"ydsnet":12,"posteam":"MIA","desc":"(14:24) R.Brown up the middle to CHI 35 for 3 yards (C.Harris; N.Roach).","note":null,"players":{"00-0023437":[{"sequence":2,"clubcode":"MIA","playerName":"R.Brown","statId":10,"yards":3}],"00-0024750":[{"sequence":4,"clubcode":"CHI","playerName":"N.Roach","statId":82,"yards":0}],"00-0023614":[{"sequence":3,"clubcode":"CHI","playerName":"C.Harris","statId":82,"yards":0}],"0":[{"sequence":1,"clubcode":"MIA","playerName":"","statId":3,"yards":0}]}},"108":{"sp":0,"qtr":1,"down":1,"time":"13:46","yrdln":"CHI 35","ydstogo":10,"ydsnet":7,"posteam":"MIA","desc":"(13:46) T.Thigpen FUMBLES (Aborted) at CHI 44, recovered by MIA-B.Hartline at CHI 44. B.Hartline to CHI 44 for no gain (A.Adams).","note":"FUMBLE","players":{"00-0025604":[{"sequence":1,"clubcode":"MIA","playerName":"T.Thigpen","statId":10,"yards":0},{"sequence":2,"clubcode":"MIA","playerName":"T.Thigpen","statId":57,"yards":-9},{"sequence":3,"clubcode":"MIA","playerName":"T.Thigpen","statId":53,"yards":0}],"00-0027077":[{"sequence":4,"clubcode":"MIA","playerName":"B.Hartline","statId":55,"yards":0}],"00-0022085":[{"sequence":5,"clubcode":"CHI","playerName":"A.Adams","statId":79,"yards":0},{"sequence":6,"clubcode":"CHI","playerName":"A.Adams","statId":120,"yards":0}]}},"146":{"sp":0,"qtr":1,"down":2,"time":"12:57","yrdln":"CHI 44","ydstogo":19,"ydsnet":7,"posteam":"MIA","desc":"(12:57) T.Thigpen pass short middle to B.Hartline to CHI 40 for 4 yards (D.Moore).","note":null,"players":{"00-0026907":[{"sequence":6,"clubcode":"CHI","playerName":"D.Moore","statId":79,"yards":0}],"00-0025604":[{"sequence":1,"clubcode":"MIA","playerName":"T.Thigpen","statId":15,"yards":4},{"sequence":2,"clubcode":"MIA","playerName":"T.Thigpen","statId":111,"yards":3}],"00-0027077":[{"sequence":3,"clubcode":"MIA","playerName":"B.Hartline","statId":21,"yards":4},{"sequence":4,"clubcode":"MIA","playerName":"B.Hartline","statId":115,"yards":0},{"sequence":5,"clubcode":"MIA","playerName":"B.Hartline","statId":113,"yards":1}]}},"174":{"sp":0,"qtr":1,"down":3,"time":"12:08","yrdln":"CHI 40","ydstogo":15,"ydsnet":2,"posteam":"MIA","desc":"(12:08) T.Thigpen sacked at CHI 45 for -5 yards (H.Melton).","note":null,"players":{"00-0025604":[{"sequence":2,"clubcode":"MIA","playerName":"T.Thigpen","statId":20,"yards":-5}],"00-0026905":[{"sequence":3,"clubcode":"CHI","playerName":"H.Melton","statId":83,"yards":-5},{"sequence":4,"clubcode":"CHI","playerName":"H.Melton","statId":110,"yards":0},{"sequence":5,"clubcode":"CHI","playerName":"H.Melton","statId":79,"yards":0},{"sequence":6,"clubcode":"CHI","playerName":"H.Melton","statId":120,"yards":0}],"0":[{"sequence":1,"clubcode":"MIA","playerName":"","statId":7,"yards":0}]}},"194":{"sp":0,"qtr":1,"down":4,"time":"11:42","yrdln":"CHI 45","ydstogo":20,"ydsnet":2,"posteam":"MIA","desc":"(11:42) (Punt formation) B.Fields punts 33 yards to CHI 12, Center-J.Denney, fair catch by D.Hester.","note":"PUNT","players":{"00-0025612":[{"sequence":1,"clubcode":"MIA","playerName":"B.Fields","statId":29,"yards":33},{"sequence":2,"clubcode":"MIA","playerName":"B.Fields","statId":30,"yards":0}],"00-0024272":[{"sequence":3,"clubcode":"CHI","playerName":"D.Hester","statId":39,"yards":0}]}}},"fds":1,"result":"Punt","penyds":0,"ydsgained":2,"numplays":7,"postime":"3:27","start":{"qtr":1,"time":"15:00","yrdln":"CHI 47","team":"MIA"},"end":{"qtr":1,"time":"11:33","yrdln":"CHI 45","team":"MIA"}},"2":{"posteam":"CHI","qtr":1,"redzone":true,"plays":{"217":{"sp":0,"qtr":1,"down":1,"time":"11:33","yrdln":"CHI 12","ydstogo":10,"ydsnet":-2,"posteam":"CHI","desc":"(11:33) M.Forte left tackle to CHI 10 for -2 yards (K.Langford).","note":null,"players":{"00-0026184":[{"sequence":1,"clubcode":"CHI","playerName":"M.Forte","statId":10,"yards":-2}],"0":[{"sequence":2,"clubcode":"CHI","playerName":"","statId":95,"yards":-2}],"00-0026206":[{"sequence":3,"clubcode":"MIA","playerName":"K.Langford","statId":79,"yards":0},{"sequence":4,"clubcode":"MIA","playerName":"K.Langford","statId":120,"yards":0}]}},"238":{"sp":0,"qtr":1,"down":2,"time":"10:57","yrdln":"CHI 10","ydstogo":12,"ydsnet":-2,"posteam":"CHI","desc":"(10:57) J.Cutler pass incomplete short left to G.Olsen.","note":null,"players":{"00-0025418":[{"sequence":2,"clubcode":"CHI","playerName":"G.Olsen","statId":115,"yards":0}],"00-0024226":[{"sequence":1,"clubcode":"CHI","playerName":"J.Cutler","statId":14,"yards":0},{"sequence":3,"clubcode":"CHI","playerName":"J.Cutler","statId":112,"yards":5}]}},"260":{"sp":0,"qtr":1,"down":3,"time":"10:50","yrdln":"CHI 10","ydstogo":12,"ydsnet":2,"posteam":"CHI","desc":"(10:50) M.Forte left tackle to CHI 14 for 4 yards (R.Starks).","note":null,"players":{"00-0022805":[{"sequence":3,"clubcode":"MIA","playerName":"R.Starks","statId":79,"yards":0}],"00-0026184":[{"sequence":2,"clubcode":"CHI","playerName":"M.Forte","statId":10,"yards":4}],"0":[{"sequence":1,"clubcode":"CHI","playerName":"","statId":7,"yards":0}]}},"281":{"sp":0,"qtr":1,"down":4,"time":"10:18","yrdln":"CHI 14","ydstogo":8,"ydsnet":2,"posteam":"CHI","desc":"(10:18) (Punt formation) B.Maynard punts 45 yards to MIA 41, Center-P.Mannelly, out of bounds.","note":"PUNT","players":{"00-0010609":[{"sequence":1,"clubcode":"CHI","playerName":"B.Maynard","statId":29,"yards":45}],"0":[{"sequence":2,"clubcode":"MIA","playerName":"","statId":37,"yards":0}]}}},"fds":0,"result":"Punt","penyds":0,"ydsgained":2,"numplays":4,"postime":"1:25","start":{"qtr":1,"time":"11:33","yrdln":"CHI 12","team":"CHI"},"end":{"qtr":1,"time":"10:08","yrdln":"CHI 14","team":"CHI"}},"3":{"posteam":"MIA","qtr":1,"redzone":true,"plays":{"304":{"sp":0,"qtr":1,"down":1,"time":"10:08","yrdln":"MIA 41","ydstogo":10,"ydsnet":-10,"posteam":"MIA","desc":"(10:08) R.Williams right end to MIA 41 for no gain (N.Roach). PENALTY on MIA-J.Jerry, Offensive Holding, 10 yards, enforced at MIA 41 - No Play.","note":"PENALTY","players":{"00-0027678":[{"sequence":1,"clubcode":"MIA","playerName":"J.Jerry","statId":93,"yards":10}]}},"336":{"sp":0,"qtr":1,"down":1,"time":"09:47","yrdln":"MIA 31","ydstogo":20,"ydsnet":-8,"posteam":"MIA","desc":"(9:47) R.Williams right tackle to MIA 33 for 2 yards (L.Briggs).","note":null,"players":{"00-0017915":[{"sequence":1,"clubcode":"MIA","playerName":"R.Williams","statId":10,"yards":2}],"00-0022128":[{"sequence":2,"clubcode":"CHI","playerName":"L.Briggs","statId":79,"yards":0}]}},"357":{"sp":0,"qtr":1,"down":2,"time":"09:13","yrdln":"MIA 33","ydstogo":18,"ydsnet":1,"posteam":"MIA","desc":"(9:13) T.Thigpen pass short left to D.Bess to MIA 42 for 9 yards (J.Peppers). MIA-C.Procter was injured during the play. His return is Questionable.","note":null,"players":{"00-0025604":[{"sequence":1,"clubcode":"MIA","playerName":"T.Thigpen","statId":15,"yards":9},{"sequence":2,"clubcode":"MIA","playerName":"T.Thigpen","statId":111,"yards":0}],"00-0021140":[{"sequence":6,"clubcode":"CHI","playerName":"J.Peppers","statId":79,"yards":0}],"00-0026000":[{"sequence":3,"clubcode":"MIA","playerName":"D.Bess","statId":21,"yards":9},{"sequence":4,"clubcode":"MIA","playerName":"D.Bess","statId":115,"yards":0},{"sequence":5,"clubcode":"MIA","playerName":"D.Bess","statId":113,"yards":9}]}},"384":{"sp":0,"qtr":1,"down":3,"time":"08:38","yrdln":"MIA 42","ydstogo":9,"ydsnet":1,"posteam":"MIA","desc":"(8:38) T.Thigpen pass incomplete deep left to B.Hartline.","note":null,"players":{"00-0025604":[{"sequence":2,"clubcode":"MIA","playerName":"T.Thigpen","statId":14,"yards":0},{"sequence":4,"clubcode":"MIA","playerName":"T.Thigpen","statId":112,"yards":18}],"00-0027077":[{"sequence":3,"clubcode":"MIA","playerName":"B.Hartline","statId":115,"yards":0}],"0":[{"sequence":1,"clubcode":"MIA","playerName":"","statId":7,"yards":0}]}},"406":{"sp":0,"qtr":1,"down":4,"time":"08:29","yrdln":"MIA 42","ydstogo":9,"ydsnet":1,"posteam":"MIA","desc":"(8:29) (Punt formation) B.Fields punts 43 yards to CHI 15, Center-J.Denney. D.Hester to CHI 39 for 24 yards (B.Fields).","note":"PUNT","players":{"00-0025612":[{"sequence":1,"clubcode":"MIA","playerName":"B.Fields","statId":29,"yards":43},{"sequence":3,"clubcode":"MIA","playerName":"B.Fields","statId":79,"yards":0}],"00-0024272":[{"sequence":2,"clubcode":"CHI","playerName":"D.Hester","statId":33,"yards":24}]}}},"fds":0,"result":"Punt","penyds":-10,"ydsgained":11,"numplays":5,"postime":"1:53","start":{"qtr":1,"time":"10:08","yrdln":"MIA 41","team":"MIA"},"end":{"qtr":1,"time":"08:15","yrdln":"MIA 42","team":"MIA"}},"4":{"posteam":"CHI","qtr":1,"redzone":true,"plays":{"431":{"sp":0,"qtr":1,"down":1,"time":"08:15","yrdln":"CHI 39","ydstogo":10,"ydsnet":21,"posteam":"CHI","desc":"(8:15) M.Forte left tackle pushed ob at MIA 40 for 21 yards (Y.Bell).","note":null,"players":{"00-0022067":[{"sequence":3,"clubcode":"MIA","playerName":"Y.Bell","statId":79,"yards":0}],"00-0026184":[{"sequence":2,"clubcode":"CHI","playerName":"M.Forte","statId":10,"yards":21}],"0":[{"sequence":1,"clubcode":"CHI","playerName":"","statId":3,"yards":0}]}},"452":{"sp":0,"qtr":1,"down":1,"time":"07:44","yrdln":"MIA 40","ydstogo":10,"ydsnet":28,"posteam":"CHI","desc":"(7:44) J.Cutler pass short right to G.Olsen to MIA 33 for 7 yards (K.Dansby).","note":null,"players":{"00-0025418":[{"sequence":3,"clubcode":"CHI","playerName":"G.Olsen","statId":21,"yards":7},{"sequence":4,"clubcode":"CHI","playerName":"G.Olsen","statId":115,"yards":0},{"sequence":5,"clubcode":"CHI","playerName":"G.Olsen","statId":113,"yards":7}],"00-0024226":[{"sequence":1,"clubcode":"CHI","playerName":"J.Cutler","statId":15,"yards":7},{"sequence":2,"clubcode":"CHI","playerName":"J.Cutler","statId":111,"yards":0}],"00-0022927":[{"sequence":6,"clubcode":"MIA","playerName":"K.Dansby","statId":79,"yards":0}]}},"476":{"sp":0,"qtr":1,"down":2,"time":"07:00","yrdln":"MIA 33","ydstogo":3,"ydsnet":29,"posteam":"CHI","desc":"(7:00) M.Forte right guard to MIA 32 for 1 yard (P.Soliai).","note":null,"players":{"00-0026184":[{"sequence":1,"clubcode":"CHI","playerName":"M.Forte","statId":10,"yards":1}],"00-0025495":[{"sequence":2,"clubcode":"MIA","playerName":"P.Soliai","statId":79,"yards":0}]}},"497":{"sp":0,"qtr":1,"down":3,"time":"06:16","yrdln":"MIA 32","ydstogo":2,"ydsnet":24,"posteam":"CHI","desc":"(6:16) PENALTY on CHI-D.Hester, False Start, 5 yards, enforced at MIA 32 - No Play.","note":"PENALTY","players":{"00-0024272":[{"sequence":1,"clubcode":"CHI","playerName":"D.Hester","statId":93,"yards":5}]}},"520":{"sp":0,"qtr":1,"down":3,"time":"05:58","yrdln":"MIA 37","ydstogo":7,"ydsnet":35,"posteam":"CHI","desc":"(5:58) J.Cutler pass short right to J.Knox pushed ob at MIA 26 for 11 yards (K.Misi).","note":null,"players":{"00-0024226":[{"sequence":3,"clubcode":"CHI","playerName":"J.Cutler","statId":15,"yards":11},{"sequence":4,"clubcode":"CHI","playerName":"J.Cutler","statId":111,"yards":5}],"00-0027883":[{"sequence":8,"clubcode":"MIA","playerName":"K.Misi","statId":79,"yards":0}],"0":[{"sequence":1,"clubcode":"CHI","playerName":"","statId":4,"yards":0},{"sequence":2,"clubcode":"CHI","playerName":"","statId":6,"yards":0}],"00-0026913":[{"sequence":5,"clubcode":"CHI","playerName":"J.Knox","statId":21,"yards":11},{"sequence":6,"clubcode":"CHI","playerName":"J.Knox","statId":115,"yards":0},{"sequence":7,"clubcode":"CHI","playerName":"J.Knox","statId":113,"yards":6}]}},"544":{"sp":0,"qtr":1,"down":1,"time":"05:26","yrdln":"MIA 26","ydstogo":10,"ydsnet":39,"posteam":"CHI","desc":"(5:26) M.Forte up the middle to MIA 22 for 4 yards (K.Dansby).","note":null,"players":{"00-0026184":[{"sequence":1,"clubcode":"CHI","playerName":"M.Forte","statId":10,"yards":4}],"00-0022927":[{"sequence":2,"clubcode":"MIA","playerName":"K.Dansby","statId":79,"yards":0}]}},"565":{"sp":0,"qtr":1,"down":2,"time":"04:46","yrdln":"MIA 22","ydstogo":6,"ydsnet":40,"posteam":"CHI","desc":"(4:46) M.Forte right guard to MIA 21 for 1 yard (T.McDaniel).","note":null,"players":{"00-0026184":[{"sequence":1,"clubcode":"CHI","playerName":"M.Forte","statId":10,"yards":1}],"00-0024102":[{"sequence":2,"clubcode":"MIA","playerName":"T.McDaniel","statId":79,"yards":0}]}},"586":{"sp":0,"qtr":1,"down":3,"time":"04:05","yrdln":"MIA 21","ydstogo":5,"ydsnet":32,"posteam":"CHI","desc":"(4:05) J.Cutler sacked at MIA 30 for -9 yards (C.Wake). FUMBLES (C.Wake) [C.Wake], recovered by CHI-C.Williams at MIA 29.","note":"FUMBLE","players":{"00-0023368":[{"sequence":3,"clubcode":"MIA","playerName":"C.Wake","statId":83,"yards":-8},{"sequence":4,"clubcode":"MIA","playerName":"C.Wake","statId":110,"yards":0},{"sequence":5,"clubcode":"MIA","playerName":"C.Wake","statId":79,"yards":0},{"sequence":7,"clubcode":"MIA","playerName":"C.Wake","statId":91,"yards":0}],"00-0024226":[{"sequence":2,"clubcode":"CHI","playerName":"J.Cutler","statId":20,"yards":-8},{"sequence":6,"clubcode":"CHI","playerName":"J.Cutler","statId":52,"yards":0}],"0":[{"sequence":1,"clubcode":"CHI","playerName":"","statId":7,"yards":0}],"00-0026154":[{"sequence":8,"clubcode":"CHI","playerName":"C.Williams","statId":55,"yards":0}]}},"622":{"sp":1,"qtr":1,"down":4,"time":"03:53","yrdln":"MIA 29","ydstogo":13,"ydsnet":32,"posteam":"CHI","desc":"(3:53) (Field Goal formation) R.Gould 46 yard field goal is GOOD, Center-P.Mannelly, Holder-B.Maynard.","note":"FG","players":{"00-0023252":[{"sequence":1,"clubcode":"CHI","playerName":"R.Gould","statId":70,"yards":46}]}}},"fds":2,"result":"Field Goal","penyds":-5,"ydsgained":37,"numplays":9,"postime":"4:27","start":{"qtr":1,"time":"08:15","yrdln":"CHI 39","team":"CHI"},"end":{"qtr":1,"time":"03:48","yrdln":"MIA 29","team":"CHI"}},"5":{"posteam":"MIA","qtr":1,"redzone":true,"plays":{"641":{"sp":0,"qtr":1,"down":0,"time":"03:48","yrdln":"CHI 30","ydstogo":0,"ydsnet":0,"posteam":"CHI","desc":"R.Gould kicks 77 yards from CHI 30 to MIA -7. N.Carroll, Touchback.","note":"KICKOFF","players":{"00-0023252":[{"sequence":1,"clubcode":"CHI","playerName":"R.Gould","statId":44,"yards":70}],"0":[{"sequence":2,"clubcode":"MIA","playerName":"","statId":51,"yards":0}]}},"659":{"sp":0,"qtr":1,"down":1,"time":"03:48","yrdln":"MIA 20","ydstogo":10,"ydsnet":0,"posteam":"MIA","desc":"(3:48) T.Thigpen pass incomplete short left to P.Cobbs (M.Harrison).","note":null,"players":{"00-0025604":[{"sequence":1,"clubcode":"MIA","playerName":"T.Thigpen","statId":14,"yards":0},{"sequence":4,"clubcode":"MIA","playerName":"T.Thigpen","statId":112,"yards":0}],"00-0026230":[{"sequence":3,"clubcode":"CHI","playerName":"M.Harrison","statId":85,"yards":0}],"00-0024172":[{"sequence":2,"clubcode":"MIA","playerName":"P.Cobbs","statId":115,"yards":0}]}},"681":{"sp":0,"qtr":1,"down":2,"time":"03:42","yrdln":"MIA 20","ydstogo":10,"ydsnet":5,"posteam":"MIA","desc":"(3:42) R.Brown right guard to MIA 25 for 5 yards (L.Briggs).","note":null,"players":{"00-0023437":[{"sequence":1,"clubcode":"MIA","playerName":"R.Brown","statId":10,"yards":5}],"00-0022128":[{"sequence":2,"clubcode":"CHI","playerName":"L.Briggs","statId":79,"yards":0}]}},"702":{"sp":0,"qtr":1,"down":3,"time":"02:59","yrdln":"MIA 25","ydstogo":5,"ydsnet":3,"posteam":"MIA","desc":"(2:59) (Shotgun) T.Thigpen scrambles left tackle pushed ob at MIA 33 for 8 yards (C.Tillman). PENALTY on MIA-B.Marshall, Illegal Block Above the Waist, 10 yards, enforced at MIA 33.","note":"PENALTY","players":{"00-0025604":[{"sequence":1,"clubcode":"MIA","playerName":"T.Thigpen","statId":10,"yards":8}],"00-0024334":[{"sequence":3,"clubcode":"MIA","playerName":"B.Marshall","statId":93,"yards":10}],"00-0022123":[{"sequence":2,"clubcode":"CHI","playerName":"C.Tillman","statId":79,"yards":0}]}},"739":{"sp":0,"qtr":1,"down":3,"time":"02:28","yrdln":"MIA 23","ydstogo":7,"ydsnet":3,"posteam":"MIA","desc":"(2:28) T.Thigpen pass deep left intended for B.Marshall INTERCEPTED by C.Tillman (J.Peppers) at CHI 49. C.Tillman to MIA 46 for 5 yards (D.Bess).","note":"INT","players":{"00-0025604":[{"sequence":2,"clubcode":"MIA","playerName":"T.Thigpen","statId":19,"yards":0},{"sequence":5,"clubcode":"MIA","playerName":"T.Thigpen","statId":112,"yards":28}],"00-0024334":[{"sequence":3,"clubcode":"MIA","playerName":"B.Marshall","statId":115,"yards":0}],"00-0022123":[{"sequence":6,"clubcode":"CHI","playerName":"C.Tillman","statId":25,"yards":5},{"sequence":7,"clubcode":"CHI","playerName":"C.Tillman","statId":85,"yards":0}],"0":[{"sequence":1,"clubcode":"MIA","playerName":"","statId":7,"yards":0}],"00-0021140":[{"sequence":4,"clubcode":"CHI","playerName":"J.Peppers","statId":85,"yards":0}],"00-0026000":[{"sequence":8,"clubcode":"MIA","playerName":"D.Bess","statId":79,"yards":0}]}}},"fds":0,"result":"Interception","penyds":-10,"ydsgained":13,"numplays":5,"postime":"1:31","start":{"qtr":1,"time":"03:48","yrdln":"MIA 20","team":"MIA"},"end":{"qtr":1,"time":"02:17","yrdln":"MIA 23","team":"MIA"}},"6":{"posteam":"CHI","qtr":2,"redzone":true,"plays":{"766":{"sp":0,"qtr":1,"down":1,"time":"02:17","yrdln":"MIA 46","ydstogo":10,"ydsnet":0,"posteam":"CHI","desc":"(2:17) J.Cutler pass incomplete deep right to D.Hester.","note":null,"players":{"00-0024272":[{"sequence":2,"clubcode":"CHI","playerName":"D.Hester","statId":115,"yards":0}],"00-0024226":[{"sequence":1,"clubcode":"CHI","playerName":"J.Cutler","statId":14,"yards":0},{"sequence":3,"clubcode":"CHI","playerName":"J.Cutler","statId":112,"yards":46}]}},"788":{"sp":0,"qtr":1,"down":2,"time":"02:08","yrdln":"MIA 46","ydstogo":10,"ydsnet":1,"posteam":"CHI","desc":"(2:08) C.Taylor left tackle to MIA 45 for 1 yard (T.McDaniel).","note":null,"players":{"00-0021314":[{"sequence":1,"clubcode":"CHI","playerName":"C.Taylor","statId":10,"yards":1}],"00-0024102":[{"sequence":2,"clubcode":"MIA","playerName":"T.McDaniel","statId":79,"yards":0}]}},"809":{"sp":0,"qtr":1,"down":3,"time":"01:23","yrdln":"MIA 45","ydstogo":9,"ydsnet":14,"posteam":"CHI","desc":"(1:23) J.Cutler pass short right to E.Bennett to MIA 32 for 13 yards (K.Dansby, S.Smith).","note":null,"players":{"00-0027037":[{"sequence":9,"clubcode":"MIA","playerName":"S.Smith","statId":82,"yards":0}],"00-0024226":[{"sequence":3,"clubcode":"CHI","playerName":"J.Cutler","statId":15,"yards":13},{"sequence":4,"clubcode":"CHI","playerName":"J.Cutler","statId":111,"yards":2}],"00-0026210":[{"sequence":5,"clubcode":"CHI","playerName":"E.Bennett","statId":21,"yards":13},{"sequence":6,"clubcode":"CHI","playerName":"E.Bennett","statId":115,"yards":0},{"sequence":7,"clubcode":"CHI","playerName":"E.Bennett","statId":113,"yards":11}],"00-0022927":[{"sequence":8,"clubcode":"MIA","playerName":"K.Dansby","statId":80,"yards":0}],"0":[{"sequence":1,"clubcode":"CHI","playerName":"","statId":4,"yards":0},{"sequence":2,"clubcode":"CHI","playerName":"","statId":6,"yards":0}]}},"833":{"sp":0,"qtr":1,"down":1,"time":"00:39","yrdln":"MIA 32","ydstogo":10,"ydsnet":23,"posteam":"CHI","desc":"(:39) J.Cutler pass short left to J.Knox to MIA 23 for 9 yards (S.Smith).","note":null,"players":{"00-0027037":[{"sequence":6,"clubcode":"MIA","playerName":"S.Smith","statId":79,"yards":0}],"00-0024226":[{"sequence":1,"clubcode":"CHI","playerName":"J.Cutler","statId":15,"yards":9},{"sequence":2,"clubcode":"CHI","playerName":"J.Cutler","statId":111,"yards":7}],"00-0026913":[{"sequence":3,"clubcode":"CHI","playerName":"J.Knox","statId":21,"yards":9},{"sequence":4,"clubcode":"CHI","playerName":"J.Knox","statId":115,"yards":0},{"sequence":5,"clubcode":"CHI","playerName":"J.Knox","statId":113,"yards":2}]}},"857":{"sp":0,"qtr":1,"down":2,"time":"00:01","yrdln":"MIA 23","ydstogo":1,"ydsnet":21,"posteam":"CHI","desc":"(:01) C.Taylor right end to MIA 25 for -2 yards (R.Jones).","note":null,"players":{"00-0027762":[{"sequence":3,"clubcode":"MIA","playerName":"R.Jones","statId":79,"yards":0},{"sequence":4,"clubcode":"MIA","playerName":"R.Jones","statId":120,"yards":0}],"00-0021314":[{"sequence":1,"clubcode":"CHI","playerName":"C.Taylor","statId":10,"yards":-2}],"0":[{"sequence":2,"clubcode":"CHI","playerName":"","statId":95,"yards":-2}]}},"878":{"sp":0,"qtr":1,"down":0,"time":"","yrdln":"","ydstogo":0,"ydsnet":21,"posteam":"","desc":"END QUARTER 1","note":null,"players":{}},"894":{"sp":0,"qtr":2,"down":3,"time":"15:00","yrdln":"MIA 25","ydstogo":3,"ydsnet":27,"posteam":"CHI","desc":"(15:00) J.Cutler pass short left to D.Hester to MIA 19 for 6 yards (B.Sapp).","note":null,"players":{"00-0024272":[{"sequence":5,"clubcode":"CHI","playerName":"D.Hester","statId":21,"yards":6},{"sequence":6,"clubcode":"CHI","playerName":"D.Hester","statId":115,"yards":0},{"sequence":7,"clubcode":"CHI","playerName":"D.Hester","statId":113,"yards":1}],"00-0024226":[{"sequence":3,"clubcode":"CHI","playerName":"J.Cutler","statId":15,"yards":6},{"sequence":4,"clubcode":"CHI","playerName":"J.Cutler","statId":111,"yards":5}],"00-0022352":[{"sequence":8,"clubcode":"MIA","playerName":"B.Sapp","statId":79,"yards":0}],"0":[{"sequence":1,"clubcode":"CHI","playerName":"","statId":4,"yards":0},{"sequence":2,"clubcode":"CHI","playerName":"","statId":6,"yards":0}]}},"918":{"sp":0,"qtr":2,"down":1,"time":"14:22","yrdln":"MIA 19","ydstogo":10,"ydsnet":28,"posteam":"CHI","desc":"(14:22) C.Taylor right guard to MIA 18 for 1 yard (T.McDaniel, K.Langford).","note":null,"players":{"00-0021314":[{"sequence":1,"clubcode":"CHI","playerName":"C.Taylor","statId":10,"yards":1}],"00-0026206":[{"sequence":3,"clubcode":"MIA","playerName":"K.Langford","statId":82,"yards":0}],"00-0024102":[{"sequence":2,"clubcode":"MIA","playerName":"T.McDaniel","statId":80,"yards":0}]}},"939":{"sp":0,"qtr":2,"down":2,"time":"13:37","yrdln":"MIA 18","ydstogo":9,"ydsnet":18,"posteam":"CHI","desc":"(13:37) J.Cutler pass short left to B.Manumaleuna to MIA 13 for 5 yards (B.Sapp). PENALTY on CHI-J.Webb, Offensive Holding, 10 yards, enforced at MIA 18 - No Play.","note":"PENALTY","players":{"00-0027609":[{"sequence":1,"clubcode":"CHI","playerName":"J.Webb","statId":93,"yards":10}]}},"974":{"sp":0,"qtr":2,"down":2,"time":"13:07","yrdln":"MIA 28","ydstogo":19,"ydsnet":21,"posteam":"CHI","desc":"(13:07) J.Cutler pass short right to M.Forte to MIA 25 for 3 yards (C.Crowder).","note":null,"players":{"00-0024226":[{"sequence":1,"clubcode":"CHI","playerName":"J.Cutler","statId":15,"yards":3},{"sequence":2,"clubcode":"CHI","playerName":"J.Cutler","statId":111,"yards":-3}],"00-0026184":[{"sequence":3,"clubcode":"CHI","playerName":"M.Forte","statId":21,"yards":3},{"sequence":4,"clubcode":"CHI","playerName":"M.Forte","statId":115,"yards":0},{"sequence":5,"clubcode":"CHI","playerName":"M.Forte","statId":113,"yards":6}],"00-0023505":[{"sequence":6,"clubcode":"MIA","playerName":"C.Crowder","statId":79,"yards":0}]}},"998":{"sp":0,"qtr":2,"down":3,"time":"12:26","yrdln":"MIA 25","ydstogo":16,"ydsnet":37,"posteam":"CHI","desc":"(12:26) J.Cutler scrambles left tackle ran ob at MIA 9 for 16 yards.","note":null,"players":{"00-0024226":[{"sequence":3,"clubcode":"CHI","playerName":"J.Cutler","statId":10,"yards":16}],"0":[{"sequence":1,"clubcode":"CHI","playerName":"","statId":3,"yards":0},{"sequence":2,"clubcode":"CHI","playerName":"","statId":6,"yards":0}]}},"1019":{"sp":0,"qtr":2,"down":1,"time":"11:47","yrdln":"MIA 9","ydstogo":9,"ydsnet":41,"posteam":"CHI","desc":"(11:47) C.Taylor up the middle to MIA 5 for 4 yards (Y.Bell).","note":null,"players":{"00-0022067":[{"sequence":2,"clubcode":"MIA","playerName":"Y.Bell","statId":79,"yards":0}],"00-0021314":[{"sequence":1,"clubcode":"CHI","playerName":"C.Taylor","statId":10,"yards":4}]}},"1040":{"sp":0,"qtr":2,"down":2,"time":"11:10","yrdln":"MIA 5","ydstogo":5,"ydsnet":40,"posteam":"CHI","desc":"(11:10) C.Taylor left end to MIA 6 for -1 yards (T.McDaniel).","note":null,"players":{"00-0021314":[{"sequence":1,"clubcode":"CHI","playerName":"C.Taylor","statId":10,"yards":-1}],"0":[{"sequence":2,"clubcode":"CHI","playerName":"","statId":95,"yards":-1}],"00-0024102":[{"sequence":3,"clubcode":"MIA","playerName":"T.McDaniel","statId":79,"yards":0},{"sequence":4,"clubcode":"MIA","playerName":"T.McDaniel","statId":120,"yards":0}]}},"1061":{"sp":0,"qtr":2,"down":0,"time":"10:38","yrdln":"","ydstogo":0,"ydsnet":40,"posteam":"","desc":"Timeout #1 by CHI at 10:38.","note":"TIMEOUT","players":{"0":[{"sequence":1,"clubcode":"CHI","playerName":"","statId":68,"yards":0}]}},"1078":{"sp":0,"qtr":2,"down":3,"time":"10:38","yrdln":"MIA 6","ydstogo":6,"ydsnet":40,"posteam":"CHI","desc":"(10:38) J.Cutler pass incomplete short right to E.Bennett (V.Davis).","note":null,"players":{"00-0024226":[{"sequence":2,"clubcode":"CHI","playerName":"J.Cutler","statId":14,"yards":0},{"sequence":5,"clubcode":"CHI","playerName":"J.Cutler","statId":112,"yards":6}],"00-0026210":[{"sequence":3,"clubcode":"CHI","playerName":"E.Bennett","statId":115,"yards":0}],"0":[{"sequence":1,"clubcode":"CHI","playerName":"","statId":7,"yards":0}],"00-0027001":[{"sequence":4,"clubcode":"MIA","playerName":"V.Davis","statId":85,"yards":0}]}},"1100":{"sp":1,"qtr":2,"down":4,"time":"10:32","yrdln":"MIA 6","ydstogo":6,"ydsnet":40,"posteam":"CHI","desc":"(10:32) (Field Goal formation) R.Gould 24 yard field goal is GOOD, Center-P.Mannelly, Holder-B.Maynard.","note":"FG","players":{"00-0023252":[{"sequence":1,"clubcode":"CHI","playerName":"R.Gould","statId":70,"yards":24}]}}},"fds":3,"result":"Field Goal","penyds":-10,"ydsgained":50,"numplays":16,"postime":"6:50","start":{"qtr":1,"time":"02:17","yrdln":"MIA 46","team":"CHI"},"end":{"qtr":1,"time":"10:27","yrdln":"MIA 6","team":"CHI"}},"7":{"posteam":"MIA","qtr":2,"redzone":true,"plays":{"1120":{"sp":0,"qtr":2,"down":0,"time":"10:27","yrdln":"CHI 30","ydstogo":0,"ydsnet":0,"posteam":"CHI","desc":"R.Gould kicks 72 yards from CHI 30 to MIA -2. N.Carroll to MIA 26 for 28 yards (G.Wolfe; J.Bullocks).","note":"KICKOFF","players":{"00-0027744":[{"sequence":2,"clubcode":"MIA","playerName":"N.Carroll","statId":45,"yards":28}],"00-0025480":[{"sequence":3,"clubcode":"CHI","playerName":"G.Wolfe","statId":82,"yards":0}],"00-0023252":[{"sequence":1,"clubcode":"CHI","playerName":"R.Gould","statId":43,"yards":72}],"00-0023475":[{"sequence":4,"clubcode":"CHI","playerName":"J.Bullocks","statId":82,"yards":0}]}},"1142":{"sp":0,"qtr":2,"down":1,"time":"10:21","yrdln":"MIA 26","ydstogo":10,"ydsnet":0,"posteam":"MIA","desc":"(10:21) T.Thigpen pass incomplete short left to B.Marshall.","note":null,"players":{"00-0025604":[{"sequence":1,"clubcode":"MIA","playerName":"T.Thigpen","statId":14,"yards":0},{"sequence":3,"clubcode":"MIA","playerName":"T.Thigpen","statId":112,"yards":5}],"00-0024334":[{"sequence":2,"clubcode":"MIA","playerName":"B.Marshall","statId":115,"yards":0}]}},"1164":{"sp":0,"qtr":2,"down":2,"time":"10:16","yrdln":"MIA 26","ydstogo":10,"ydsnet":26,"posteam":"MIA","desc":"(10:16) (Shotgun) T.Thigpen pass short left to B.Marshall ran ob at MIA 40 for 14 yards. PENALTY on MIA-B.Marshall, Taunting, 15 yards, enforced between downs.","note":"PENALTY","players":{"00-0025604":[{"sequence":2,"clubcode":"MIA","playerName":"T.Thigpen","statId":15,"yards":14},{"sequence":3,"clubcode":"MIA","playerName":"T.Thigpen","statId":111,"yards":6}],"00-0024334":[{"sequence":4,"clubcode":"MIA","playerName":"B.Marshall","statId":21,"yards":14},{"sequence":5,"clubcode":"MIA","playerName":"B.Marshall","statId":115,"yards":0},{"sequence":6,"clubcode":"MIA","playerName":"B.Marshall","statId":113,"yards":8},{"sequence":7,"clubcode":"MIA","playerName":"B.Marshall","statId":93,"yards":15}],"0":[{"sequence":1,"clubcode":"MIA","playerName":"","statId":4,"yards":0}]}},"1199":{"sp":0,"qtr":2,"down":1,"time":"09:46","yrdln":"MIA 25","ydstogo":10,"ydsnet":23,"posteam":"MIA","desc":"(9:46) T.Thigpen pass deep left to B.Hartline to MIA 49 for 24 yards (C.Harris).","note":null,"players":{"00-0025604":[{"sequence":2,"clubcode":"MIA","playerName":"T.Thigpen","statId":15,"yards":24},{"sequence":3,"clubcode":"MIA","playerName":"T.Thigpen","statId":111,"yards":19}],"00-0023614":[{"sequence":7,"clubcode":"CHI","playerName":"C.Harris","statId":79,"yards":0}],"00-0027077":[{"sequence":4,"clubcode":"MIA","playerName":"B.Hartline","statId":21,"yards":24},{"sequence":5,"clubcode":"MIA","playerName":"B.Hartline","statId":115,"yards":0},{"sequence":6,"clubcode":"MIA","playerName":"B.Hartline","statId":113,"yards":5}],"0":[{"sequence":1,"clubcode":"MIA","playerName":"","statId":4,"yards":0}]}},"1227":{"sp":0,"qtr":2,"down":1,"time":"09:03","yrdln":"MIA 49","ydstogo":10,"ydsnet":20,"posteam":"MIA","desc":"(9:03) R.Williams right guard to MIA 46 for -3 yards (T.Harris).","note":null,"players":{"00-0017915":[{"sequence":1,"clubcode":"MIA","playerName":"R.Williams","statId":10,"yards":-3}],"00-0022837":[{"sequence":3,"clubcode":"CHI","playerName":"T.Harris","statId":79,"yards":0},{"sequence":4,"clubcode":"CHI","playerName":"T.Harris","statId":120,"yards":0}],"0":[{"sequence":2,"clubcode":"MIA","playerName":"","statId":95,"yards":-3}]}},"1248":{"sp":0,"qtr":2,"down":2,"time":"08:19","yrdln":"MIA 46","ydstogo":13,"ydsnet":20,"posteam":"MIA","desc":"(8:19) (Shotgun) T.Thigpen pass incomplete deep left to B.Marshall.","note":null,"players":{"00-0025604":[{"sequence":1,"clubcode":"MIA","playerName":"T.Thigpen","statId":14,"yards":0},{"sequence":3,"clubcode":"MIA","playerName":"T.Thigpen","statId":112,"yards":21}],"00-0024334":[{"sequence":2,"clubcode":"MIA","playerName":"B.Marshall","statId":115,"yards":0}]}},"1270":{"sp":0,"qtr":2,"down":3,"time":"08:12","yrdln":"MIA 46","ydstogo":13,"ydsnet":26,"posteam":"MIA","desc":"(8:12) T.Thigpen scrambles up the middle to CHI 48 for 6 yards (H.Melton).","note":null,"players":{"00-0025604":[{"sequence":2,"clubcode":"MIA","playerName":"T.Thigpen","statId":10,"yards":6}],"00-0026905":[{"sequence":3,"clubcode":"CHI","playerName":"H.Melton","statId":79,"yards":0}],"0":[{"sequence":1,"clubcode":"MIA","playerName":"","statId":7,"yards":0}]}},"1291":{"sp":0,"qtr":2,"down":4,"time":"07:34","yrdln":"CHI 48","ydstogo":7,"ydsnet":26,"posteam":"MIA","desc":"(7:34) (Punt formation) B.Fields punts 42 yards to CHI 6, Center-J.Denney, fair catch by D.Hester.","note":"PUNT","players":{"00-0025612":[{"sequence":1,"clubcode":"MIA","playerName":"B.Fields","statId":29,"yards":42},{"sequence":2,"clubcode":"MIA","playerName":"B.Fields","statId":30,"yards":0}],"00-0024272":[{"sequence":3,"clubcode":"CHI","playerName":"D.Hester","statId":39,"yards":0}]}}},"fds":2,"result":"Punt","penyds":-15,"ydsgained":41,"numplays":8,"postime":"2:58","start":{"qtr":2,"time":"10:27","yrdln":"MIA 26","team":"MIA"},"end":{"qtr":2,"time":"07:29","yrdln":"CHI 48","team":"MIA"}},"8":{"posteam":"CHI","qtr":2,"redzone":true,"plays":{"1314":{"sp":0,"qtr":2,"down":1,"time":"07:29","yrdln":"CHI 6","ydstogo":10,"ydsnet":4,"posteam":"CHI","desc":"(7:29) J.Cutler pass short right to M.Forte to CHI 10 for 4 yards (V.Davis).","note":null,"players":{"00-0024226":[{"sequence":1,"clubcode":"CHI","playerName":"J.Cutler","statId":15,"yards":4},{"sequence":2,"clubcode":"CHI","playerName":"J.Cutler","statId":111,"yards":-4}],"00-0026184":[{"sequence":3,"clubcode":"CHI","playerName":"M.Forte","statId":21,"yards":4},{"sequence":4,"clubcode":"CHI","playerName":"M.Forte","statId":115,"yards":0},{"sequence":5,"clubcode":"CHI","playerName":"M.Forte","statId":113,"yards":8}],"00-0027001":[{"sequence":6,"clubcode":"MIA","playerName":"V.Davis","statId":79,"yards":0}]}},"1339":{"sp":0,"qtr":2,"down":2,"time":"06:54","yrdln":"CHI 10","ydstogo":6,"ydsnet":5,"posteam":"CHI","desc":"(6:54) M.Forte right tackle to CHI 11 for 1 yard (C.Crowder).","note":null,"players":{"00-0026184":[{"sequence":1,"clubcode":"CHI","playerName":"M.Forte","statId":10,"yards":1}],"00-0023505":[{"sequence":2,"clubcode":"MIA","playerName":"C.Crowder","statId":79,"yards":0}]}},"1360":{"sp":0,"qtr":2,"down":3,"time":"06:14","yrdln":"CHI 11","ydstogo":5,"ydsnet":19,"posteam":"CHI","desc":"(6:14) J.Cutler pass short right to D.Hester pushed ob at CHI 25 for 14 yards (B.Sapp).","note":null,"players":{"00-0024272":[{"sequence":5,"clubcode":"CHI","playerName":"D.Hester","statId":21,"yards":14},{"sequence":6,"clubcode":"CHI","playerName":"D.Hester","statId":115,"yards":0},{"sequence":7,"clubcode":"CHI","playerName":"D.Hester","statId":113,"yards":9}],"00-0024226":[{"sequence":3,"clubcode":"CHI","playerName":"J.Cutler","statId":15,"yards":14},{"sequence":4,"clubcode":"CHI","playerName":"J.Cutler","statId":111,"yards":5}],"00-0022352":[{"sequence":8,"clubcode":"MIA","playerName":"B.Sapp","statId":79,"yards":0}],"0":[{"sequence":1,"clubcode":"CHI","playerName":"","statId":4,"yards":0},{"sequence":2,"clubcode":"CHI","playerName":"","statId":6,"yards":0}]}},"1384":{"sp":0,"qtr":2,"down":0,"time":"05:44","yrdln":"","ydstogo":0,"ydsnet":19,"posteam":"","desc":"Timeout #1 by MIA at 05:44.","note":"TIMEOUT","players":{"0":[{"sequence":1,"clubcode":"MIA","playerName":"","statId":68,"yards":0}]}},"1401":{"sp":0,"qtr":2,"down":1,"time":"05:44","yrdln":"CHI 25","ydstogo":10,"ydsnet":19,"posteam":"CHI","desc":"(5:44) J.Cutler pass incomplete short right to K.Davis [I.Alama-Francis].","note":null,"players":{"00-0025445":[{"sequence":3,"clubcode":"MIA","playerName":"I.Alama-Francis","statId":110,"yards":0}],"00-0026298":[{"sequence":2,"clubcode":"CHI","playerName":"K.Davis","statId":115,"yards":0}],"00-0024226":[{"sequence":1,"clubcode":"CHI","playerName":"J.Cutler","statId":14,"yards":0},{"sequence":4,"clubcode":"CHI","playerName":"J.Cutler","statId":112,"yards":-3}]}},"1423":{"sp":0,"qtr":2,"down":2,"time":"05:40","yrdln":"CHI 25","ydstogo":10,"ydsnet":25,"posteam":"CHI","desc":"(5:40) J.Cutler scrambles right end to CHI 31 for 6 yards (K.Langford; C.Crowder).","note":null,"players":{"00-0024226":[{"sequence":1,"clubcode":"CHI","playerName":"J.Cutler","statId":10,"yards":6}],"00-0023505":[{"sequence":3,"clubcode":"MIA","playerName":"C.Crowder","statId":82,"yards":0}],"00-0026206":[{"sequence":2,"clubcode":"MIA","playerName":"K.Langford","statId":82,"yards":0}]}},"1444":{"sp":0,"qtr":2,"down":3,"time":"04:54","yrdln":"CHI 31","ydstogo":4,"ydsnet":37,"posteam":"CHI","desc":"(4:54) (Shotgun) J.Cutler pass short left to J.Knox to CHI 43 for 12 yards (A.Harris).","note":null,"players":{"00-0024226":[{"sequence":3,"clubcode":"CHI","playerName":"J.Cutler","statId":15,"yards":12},{"sequence":4,"clubcode":"CHI","playerName":"J.Cutler","statId":111,"yards":3}],"00-0006915":[{"sequence":8,"clubcode":"MIA","playerName":"A.Harris","statId":79,"yards":0}],"0":[{"sequence":1,"clubcode":"CHI","playerName":"","statId":4,"yards":0},{"sequence":2,"clubcode":"CHI","playerName":"","statId":6,"yards":0}],"00-0026913":[{"sequence":5,"clubcode":"CHI","playerName":"J.Knox","statId":21,"yards":12},{"sequence":6,"clubcode":"CHI","playerName":"J.Knox","statId":115,"yards":0},{"sequence":7,"clubcode":"CHI","playerName":"J.Knox","statId":113,"yards":9}]}},"1468":{"sp":0,"qtr":2,"down":1,"time":"04:11","yrdln":"CHI 43","ydstogo":10,"ydsnet":48,"posteam":"CHI","desc":"(4:11) J.Cutler pass short right to G.Olsen to MIA 46 for 11 yards (K.Dansby).","note":null,"players":{"00-0025418":[{"sequence":4,"clubcode":"CHI","playerName":"G.Olsen","statId":21,"yards":11},{"sequence":5,"clubcode":"CHI","playerName":"G.Olsen","statId":115,"yards":0},{"sequence":6,"clubcode":"CHI","playerName":"G.Olsen","statId":113,"yards":6}],"00-0024226":[{"sequence":2,"clubcode":"CHI","playerName":"J.Cutler","statId":15,"yards":11},{"sequence":3,"clubcode":"CHI","playerName":"J.Cutler","statId":111,"yards":5}],"00-0022927":[{"sequence":7,"clubcode":"MIA","playerName":"K.Dansby","statId":79,"yards":0}],"0":[{"sequence":1,"clubcode":"CHI","playerName":"","statId":4,"yards":0}]}},"1492":{"sp":0,"qtr":2,"down":1,"time":"03:26","yrdln":"MIA 46","ydstogo":10,"ydsnet":59,"posteam":"CHI","desc":"(3:26) M.Forte right end to MIA 35 for 11 yards (K.Dansby).","note":null,"players":{"00-0026184":[{"sequence":2,"clubcode":"CHI","playerName":"M.Forte","statId":10,"yards":11}],"00-0022927":[{"sequence":3,"clubcode":"MIA","playerName":"K.Dansby","statId":79,"yards":0}],"0":[{"sequence":1,"clubcode":"CHI","playerName":"","statId":3,"yards":0}]}},"1513":{"sp":0,"qtr":2,"down":1,"time":"02:41","yrdln":"MIA 35","ydstogo":10,"ydsnet":58,"posteam":"CHI","desc":"(2:41) C.Taylor right tackle to MIA 36 for -1 yards (K.Langford).","note":null,"players":{"00-0021314":[{"sequence":1,"clubcode":"CHI","playerName":"C.Taylor","statId":10,"yards":-1}],"0":[{"sequence":2,"clubcode":"CHI","playerName":"","statId":95,"yards":-1}],"00-0026206":[{"sequence":3,"clubcode":"MIA","playerName":"K.Langford","statId":79,"yards":0},{"sequence":4,"clubcode":"MIA","playerName":"K.Langford","statId":120,"yards":0}]}},"1534":{"sp":0,"qtr":2,"down":0,"time":"02:00","yrdln":"","ydstogo":0,"ydsnet":58,"posteam":"","desc":"Two-Minute Warning","note":null,"players":{}},"1551":{"sp":0,"qtr":2,"down":2,"time":"02:00","yrdln":"MIA 36","ydstogo":11,"ydsnet":48,"posteam":"CHI","desc":"(2:00) J.Cutler pass incomplete short right to G.Olsen. PENALTY on CHI-J.Webb, Offensive Holding, 10 yards, enforced at MIA 36 - No Play.","note":"PENALTY","players":{"00-0027609":[{"sequence":1,"clubcode":"CHI","playerName":"J.Webb","statId":93,"yards":10}]}},"1584":{"sp":0,"qtr":2,"down":2,"time":"01:54","yrdln":"MIA 46","ydstogo":21,"ydsnet":48,"posteam":"CHI","desc":"(1:54) J.Cutler pass short left intended for J.Knox INTERCEPTED by B.Sapp at MIA 33. B.Sapp to MIA 33 for no gain (J.Knox). The Replay Assistant challenged the incomplete pass ruling, and the play was Upheld.","note":"INT","players":{"00-0024226":[{"sequence":1,"clubcode":"CHI","playerName":"J.Cutler","statId":19,"yards":0},{"sequence":3,"clubcode":"CHI","playerName":"J.Cutler","statId":112,"yards":13}],"00-0022352":[{"sequence":4,"clubcode":"MIA","playerName":"B.Sapp","statId":25,"yards":0},{"sequence":5,"clubcode":"MIA","playerName":"B.Sapp","statId":85,"yards":0}],"00-0026913":[{"sequence":2,"clubcode":"CHI","playerName":"J.Knox","statId":115,"yards":0},{"sequence":6,"clubcode":"CHI","playerName":"J.Knox","statId":79,"yards":0}]}}},"fds":4,"result":"Interception","penyds":-10,"ydsgained":58,"numplays":13,"postime":"5:43","start":{"qtr":2,"time":"07:29","yrdln":"CHI 6","team":"CHI"},"end":{"qtr":2,"time":"01:46","yrdln":"MIA 46","team":"CHI"}},"9":{"posteam":"MIA","qtr":2,"redzone":true,"plays":{"1668":{"sp":0,"qtr":2,"down":1,"time":"01:46","yrdln":"MIA 33","ydstogo":10,"ydsnet":18,"posteam":"MIA","desc":"(1:46) T.Thigpen pass short middle to B.Marshall to CHI 49 for 18 yards (L.Briggs). MIA-B.Marshall was injured during the play. His return is Questionable.","note":null,"players":{"00-0025604":[{"sequence":2,"clubcode":"MIA","playerName":"T.Thigpen","statId":15,"yards":18},{"sequence":3,"clubcode":"MIA","playerName":"T.Thigpen","statId":111,"yards":15}],"00-0024334":[{"sequence":4,"clubcode":"MIA","playerName":"B.Marshall","statId":21,"yards":18},{"sequence":5,"clubcode":"MIA","playerName":"B.Marshall","statId":115,"yards":0},{"sequence":6,"clubcode":"MIA","playerName":"B.Marshall","statId":113,"yards":3}],"0":[{"sequence":1,"clubcode":"MIA","playerName":"","statId":4,"yards":0}],"00-0022128":[{"sequence":7,"clubcode":"CHI","playerName":"L.Briggs","statId":79,"yards":0}]}},"1692":{"sp":0,"qtr":2,"down":0,"time":"01:25","yrdln":"","ydstogo":0,"ydsnet":18,"posteam":"","desc":"Timeout #2 by MIA at 01:25.","note":"TIMEOUT","players":{"0":[{"sequence":1,"clubcode":"MIA","playerName":"","statId":68,"yards":0}]}},"1716":{"sp":0,"qtr":2,"down":1,"time":"01:25","yrdln":"CHI 49","ydstogo":10,"ydsnet":17,"posteam":"MIA","desc":"(1:25) (Shotgun) T.Thigpen sacked at 50 for -1 yards (J.Peppers).","note":null,"players":{"00-0025604":[{"sequence":1,"clubcode":"MIA","playerName":"T.Thigpen","statId":20,"yards":-1}],"00-0021140":[{"sequence":2,"clubcode":"CHI","playerName":"J.Peppers","statId":83,"yards":-1},{"sequence":3,"clubcode":"CHI","playerName":"J.Peppers","statId":110,"yards":0},{"sequence":4,"clubcode":"CHI","playerName":"J.Peppers","statId":79,"yards":0},{"sequence":5,"clubcode":"CHI","playerName":"J.Peppers","statId":120,"yards":0}]}},"1735":{"sp":0,"qtr":2,"down":2,"time":"01:03","yrdln":"50","ydstogo":11,"ydsnet":17,"posteam":"MIA","desc":"(1:03) (No Huddle, Shotgun) T.Thigpen pass incomplete short right to P.Cobbs.","note":null,"players":{"00-0025604":[{"sequence":1,"clubcode":"MIA","playerName":"T.Thigpen","statId":14,"yards":0},{"sequence":3,"clubcode":"MIA","playerName":"T.Thigpen","statId":112,"yards":0}],"00-0024172":[{"sequence":2,"clubcode":"MIA","playerName":"P.Cobbs","statId":115,"yards":0}]}},"1757":{"sp":0,"qtr":2,"down":3,"time":"00:57","yrdln":"50","ydstogo":11,"ydsnet":17,"posteam":"MIA","desc":"(:57) (Shotgun) T.Thigpen pass short right intended for R.Williams INTERCEPTED by L.Briggs at CHI 45. L.Briggs to CHI 45 for no gain (R.Williams). The Replay Assistant challenged the incomplete pass ruling, and the play was REVERSED. (Shotgun) T.Thigpen pass incomplete short right to R.Williams (L.Briggs).","note":null,"players":{"00-0025604":[{"sequence":2,"clubcode":"MIA","playerName":"T.Thigpen","statId":14,"yards":0},{"sequence":5,"clubcode":"MIA","playerName":"T.Thigpen","statId":112,"yards":5}],"00-0017915":[{"sequence":3,"clubcode":"MIA","playerName":"R.Williams","statId":115,"yards":0}],"0":[{"sequence":1,"clubcode":"MIA","playerName":"","statId":7,"yards":0}],"00-0022128":[{"sequence":4,"clubcode":"CHI","playerName":"L.Briggs","statId":85,"yards":0}]}},"1833":{"sp":0,"qtr":2,"down":4,"time":"00:53","yrdln":"50","ydstogo":11,"ydsnet":17,"posteam":"MIA","desc":"(:53) (Punt formation) B.Fields punts 36 yards to CHI 14, Center-J.Denney, fair catch by D.Hester.","note":"PUNT","players":{"00-0025612":[{"sequence":1,"clubcode":"MIA","playerName":"B.Fields","statId":29,"yards":36},{"sequence":2,"clubcode":"MIA","playerName":"B.Fields","statId":30,"yards":0}],"00-0024272":[{"sequence":3,"clubcode":"CHI","playerName":"D.Hester","statId":39,"yards":0}]}}},"fds":1,"result":"Punt","penyds":0,"ydsgained":17,"numplays":6,"postime":"1:00","start":{"qtr":2,"time":"01:46","yrdln":"MIA 33","team":"MIA"},"end":{"qtr":2,"time":"00:46","yrdln":"50","team":"MIA"}},"10":{"posteam":"CHI","qtr":2,"redzone":true,"plays":{"1857":{"sp":0,"qtr":2,"down":1,"time":"00:46","yrdln":"CHI 14","ydstogo":10,"ydsnet":9,"posteam":"CHI","desc":"(:46) M.Forte right tackle to CHI 23 for 9 yards (Y.Bell).","note":null,"players":{"00-0022067":[{"sequence":2,"clubcode":"MIA","playerName":"Y.Bell","statId":79,"yards":0}],"00-0026184":[{"sequence":1,"clubcode":"CHI","playerName":"M.Forte","statId":10,"yards":9}]}},"1878":{"sp":0,"qtr":2,"down":2,"time":"00:07","yrdln":"CHI 23","ydstogo":1,"ydsnet":9,"posteam":"CHI","desc":"(:07) J.Cutler pass incomplete short right to J.Knox.","note":null,"players":{"00-0024226":[{"sequence":1,"clubcode":"CHI","playerName":"J.Cutler","statId":14,"yards":0},{"sequence":3,"clubcode":"CHI","playerName":"J.Cutler","statId":112,"yards":7}],"00-0026913":[{"sequence":2,"clubcode":"CHI","playerName":"J.Knox","statId":115,"yards":0}]}},"1900":{"sp":0,"qtr":2,"down":3,"time":"00:02","yrdln":"CHI 23","ydstogo":1,"ydsnet":7,"posteam":"CHI","desc":"(:02) J.Cutler kneels to CHI 21 for -2 yards.","note":null,"players":{"00-0024226":[{"sequence":2,"clubcode":"CHI","playerName":"J.Cutler","statId":10,"yards":-2}],"0":[{"sequence":1,"clubcode":"CHI","playerName":"","statId":7,"yards":0}]}},"1921":{"sp":0,"qtr":2,"down":0,"time":"","yrdln":"","ydstogo":0,"ydsnet":7,"posteam":"","desc":"END QUARTER 2","note":null,"players":{}}},"fds":0,"result":"End of Half","penyds":0,"ydsgained":7,"numplays":4,"postime":"0:46","start":{"qtr":2,"time":"00:46","yrdln":"CHI 14","team":"CHI"},"end":{"qtr":2,"time":"00:00","yrdln":"CHI 23","team":"CHI"}},"11":{"posteam":"CHI","qtr":3,"redzone":true,"plays":{"1937":{"sp":0,"qtr":3,"down":0,"time":"15:00","yrdln":"MIA 30","ydstogo":0,"ydsnet":0,"posteam":"MIA","desc":"D.Carpenter kicks 50 yards from MIA 30 to CHI 20. R.Davis to CHI 30 for 10 yards (T.Culver).","note":"KICKOFF","players":{"00-0026003":[{"sequence":1,"clubcode":"MIA","playerName":"D.Carpenter","statId":41,"yards":50}],"00-0023429":[{"sequence":2,"clubcode":"CHI","playerName":"R.Davis","statId":45,"yards":10}],"00-0024399":[{"sequence":3,"clubcode":"MIA","playerName":"T.Culver","statId":79,"yards":0}]}},"1959":{"sp":0,"qtr":3,"down":1,"time":"14:56","yrdln":"CHI 30","ydstogo":10,"ydsnet":16,"posteam":"CHI","desc":"(14:56) J.Cutler pass deep right to J.Knox to CHI 46 for 16 yards (R.Jones).","note":null,"players":{"00-0027762":[{"sequence":7,"clubcode":"MIA","playerName":"R.Jones","statId":79,"yards":0}],"00-0024226":[{"sequence":2,"clubcode":"CHI","playerName":"J.Cutler","statId":15,"yards":16},{"sequence":3,"clubcode":"CHI","playerName":"J.Cutler","statId":111,"yards":16}],"0":[{"sequence":1,"clubcode":"CHI","playerName":"","statId":4,"yards":0}],"00-0026913":[{"sequence":4,"clubcode":"CHI","playerName":"J.Knox","statId":21,"yards":16},{"sequence":5,"clubcode":"CHI","playerName":"J.Knox","statId":115,"yards":0},{"sequence":6,"clubcode":"CHI","playerName":"J.Knox","statId":113,"yards":0}]}},"1983":{"sp":0,"qtr":3,"down":1,"time":"14:20","yrdln":"CHI 46","ydstogo":10,"ydsnet":25,"posteam":"CHI","desc":"(14:20) M.Forte right end to MIA 45 for 9 yards (C.Wake).","note":null,"players":{"00-0023368":[{"sequence":2,"clubcode":"MIA","playerName":"C.Wake","statId":79,"yards":0}],"00-0026184":[{"sequence":1,"clubcode":"CHI","playerName":"M.Forte","statId":10,"yards":9}]}},"2004":{"sp":0,"qtr":3,"down":2,"time":"13:41","yrdln":"MIA 45","ydstogo":1,"ydsnet":32,"posteam":"CHI","desc":"(13:41) M.Forte right guard to MIA 38 for 7 yards (K.Dansby).","note":null,"players":{"00-0026184":[{"sequence":2,"clubcode":"CHI","playerName":"M.Forte","statId":10,"yards":7}],"00-0022927":[{"sequence":3,"clubcode":"MIA","playerName":"K.Dansby","statId":79,"yards":0}],"0":[{"sequence":1,"clubcode":"CHI","playerName":"","statId":3,"yards":0}]}},"2025":{"sp":0,"qtr":3,"down":1,"time":"13:04","yrdln":"MIA 38","ydstogo":10,"ydsnet":30,"posteam":"CHI","desc":"(13:04) M.Forte right tackle to MIA 40 for -2 yards (C.Wake).","note":null,"players":{"00-0023368":[{"sequence":3,"clubcode":"MIA","playerName":"C.Wake","statId":79,"yards":0},{"sequence":4,"clubcode":"MIA","playerName":"C.Wake","statId":120,"yards":0}],"00-0026184":[{"sequence":1,"clubcode":"CHI","playerName":"M.Forte","statId":10,"yards":-2}],"0":[{"sequence":2,"clubcode":"CHI","playerName":"","statId":95,"yards":-2}]}},"2046":{"sp":0,"qtr":3,"down":2,"time":"12:26","yrdln":"MIA 40","ydstogo":12,"ydsnet":30,"posteam":"CHI","desc":"(12:26) J.Cutler pass incomplete short left to J.Knox (K.Dansby).","note":null,"players":{"00-0024226":[{"sequence":1,"clubcode":"CHI","playerName":"J.Cutler","statId":14,"yards":0},{"sequence":4,"clubcode":"CHI","playerName":"J.Cutler","statId":112,"yards":12}],"00-0022927":[{"sequence":3,"clubcode":"MIA","playerName":"K.Dansby","statId":85,"yards":0}],"00-0026913":[{"sequence":2,"clubcode":"CHI","playerName":"J.Knox","statId":115,"yards":0}]}},"2068":{"sp":0,"qtr":3,"down":3,"time":"12:20","yrdln":"MIA 40","ydstogo":12,"ydsnet":38,"posteam":"CHI","desc":"(12:20) J.Cutler scrambles right end ran ob at MIA 32 for 8 yards.","note":null,"players":{"00-0024226":[{"sequence":2,"clubcode":"CHI","playerName":"J.Cutler","statId":10,"yards":8}],"0":[{"sequence":1,"clubcode":"CHI","playerName":"","statId":7,"yards":0}]}},"2094":{"sp":1,"qtr":3,"down":4,"time":"11:53","yrdln":"MIA 32","ydstogo":4,"ydsnet":38,"posteam":"CHI","desc":"(11:53) (Field Goal formation) R.Gould 50 yard field goal is GOOD, Center-P.Mannelly, Holder-B.Maynard.","note":"FG","players":{"00-0023252":[{"sequence":1,"clubcode":"CHI","playerName":"R.Gould","statId":70,"yards":50}]}}},"fds":2,"result":"Field Goal","penyds":0,"ydsgained":38,"numplays":8,"postime":"3:13","start":{"qtr":3,"time":"15:00","yrdln":"CHI 30","team":"CHI"},"end":{"qtr":3,"time":"11:47","yrdln":"MIA 32","team":"CHI"}},"12":{"posteam":"MIA","qtr":3,"redzone":true,"plays":{"2113":{"sp":0,"qtr":3,"down":0,"time":"11:47","yrdln":"CHI 30","ydstogo":0,"ydsnet":0,"posteam":"CHI","desc":"R.Gould kicks 74 yards from CHI 30 to MIA -4. N.Carroll, Touchback.","note":"KICKOFF","players":{"00-0023252":[{"sequence":1,"clubcode":"CHI","playerName":"R.Gould","statId":44,"yards":70}],"0":[{"sequence":2,"clubcode":"MIA","playerName":"","statId":51,"yards":0}]}},"2136":{"sp":0,"qtr":3,"down":1,"time":"11:47","yrdln":"MIA 20","ydstogo":10,"ydsnet":15,"posteam":"MIA","desc":"(11:47) T.Thigpen pass short left to B.Hartline to MIA 35 for 15 yards (C.Harris).","note":null,"players":{"00-0025604":[{"sequence":2,"clubcode":"MIA","playerName":"T.Thigpen","statId":15,"yards":15},{"sequence":3,"clubcode":"MIA","playerName":"T.Thigpen","statId":111,"yards":5}],"00-0023614":[{"sequence":7,"clubcode":"CHI","playerName":"C.Harris","statId":79,"yards":0}],"00-0027077":[{"sequence":4,"clubcode":"MIA","playerName":"B.Hartline","statId":21,"yards":15},{"sequence":5,"clubcode":"MIA","playerName":"B.Hartline","statId":115,"yards":0},{"sequence":6,"clubcode":"MIA","playerName":"B.Hartline","statId":113,"yards":10}],"0":[{"sequence":1,"clubcode":"MIA","playerName":"","statId":4,"yards":0}]}},"2160":{"sp":0,"qtr":3,"down":1,"time":"11:12","yrdln":"MIA 35","ydstogo":10,"ydsnet":17,"posteam":"MIA","desc":"(11:12) R.Brown left guard to MIA 37 for 2 yards (J.Peppers).","note":null,"players":{"00-0023437":[{"sequence":1,"clubcode":"MIA","playerName":"R.Brown","statId":10,"yards":2}],"00-0021140":[{"sequence":2,"clubcode":"CHI","playerName":"J.Peppers","statId":79,"yards":0}]}},"2181":{"sp":0,"qtr":3,"down":2,"time":"10:36","yrdln":"MIA 37","ydstogo":8,"ydsnet":8,"posteam":"MIA","desc":"(10:36) (Shotgun) T.Thigpen Aborted. R.Incognito FUMBLES at MIA 30, recovered by MIA-T.Thigpen at MIA 30. T.Thigpen to MIA 40 for 10 yards (C.Tillman).","note":"FUMBLE","players":{"00-0025604":[{"sequence":1,"clubcode":"MIA","playerName":"T.Thigpen","statId":10,"yards":0},{"sequence":3,"clubcode":"MIA","playerName":"T.Thigpen","statId":55,"yards":0},{"sequence":4,"clubcode":"MIA","playerName":"T.Thigpen","statId":12,"yards":3}],"00-0022123":[{"sequence":5,"clubcode":"CHI","playerName":"C.Tillman","statId":79,"yards":0}],"00-0023516":[{"sequence":2,"clubcode":"MIA","playerName":"R.Incognito","statId":53,"yards":0}]}},"2207":{"sp":0,"qtr":3,"down":3,"time":"09:55","yrdln":"MIA 40","ydstogo":5,"ydsnet":8,"posteam":"MIA","desc":"(9:55) T.Thigpen sacked at MIA 28 for -12 yards (I.Idonije).","note":null,"players":{"00-0025604":[{"sequence":2,"clubcode":"MIA","playerName":"T.Thigpen","statId":20,"yards":-12}],"0":[{"sequence":1,"clubcode":"MIA","playerName":"","statId":7,"yards":0}],"00-0021604":[{"sequence":3,"clubcode":"CHI","playerName":"I.Idonije","statId":83,"yards":-12},{"sequence":4,"clubcode":"CHI","playerName":"I.Idonije","statId":110,"yards":0},{"sequence":5,"clubcode":"CHI","playerName":"I.Idonije","statId":79,"yards":0},{"sequence":6,"clubcode":"CHI","playerName":"I.Idonije","statId":120,"yards":0}]}},"2226":{"sp":0,"qtr":3,"down":4,"time":"09:31","yrdln":"MIA 28","ydstogo":17,"ydsnet":8,"posteam":"MIA","desc":"(9:31) (Punt formation) B.Fields punts 32 yards to CHI 40, Center-J.Denney. D.Hester to CHI 40 for no gain (J.Denney).","note":"PUNT","players":{"00-0025612":[{"sequence":1,"clubcode":"MIA","playerName":"B.Fields","statId":29,"yards":32}],"00-0024272":[{"sequence":2,"clubcode":"CHI","playerName":"D.Hester","statId":33,"yards":0}],"00-0023173":[{"sequence":3,"clubcode":"MIA","playerName":"J.Denney","statId":79,"yards":0}]}}},"fds":1,"result":"Punt","penyds":0,"ydsgained":8,"numplays":6,"postime":"2:24","start":{"qtr":3,"time":"11:47","yrdln":"MIA 20","team":"MIA"},"end":{"qtr":3,"time":"09:23","yrdln":"MIA 28","team":"MIA"}},"13":{"posteam":"CHI","qtr":3,"redzone":true,"plays":{"2251":{"sp":0,"qtr":3,"down":1,"time":"09:23","yrdln":"CHI 40","ydstogo":10,"ydsnet":9,"posteam":"CHI","desc":"(9:23) M.Forte left end to CHI 49 for 9 yards (R.Jones; V.Davis).","note":null,"players":{"00-0027762":[{"sequence":2,"clubcode":"MIA","playerName":"R.Jones","statId":82,"yards":0}],"00-0026184":[{"sequence":1,"clubcode":"CHI","playerName":"M.Forte","statId":10,"yards":9}],"00-0027001":[{"sequence":3,"clubcode":"MIA","playerName":"V.Davis","statId":82,"yards":0}]}},"2272":{"sp":0,"qtr":3,"down":2,"time":"08:45","yrdln":"CHI 49","ydstogo":1,"ydsnet":11,"posteam":"CHI","desc":"(8:45) M.Forte left guard to MIA 49 for 2 yards (K.Langford).","note":null,"players":{"00-0026184":[{"sequence":2,"clubcode":"CHI","playerName":"M.Forte","statId":10,"yards":2}],"0":[{"sequence":1,"clubcode":"CHI","playerName":"","statId":3,"yards":0}],"00-0026206":[{"sequence":3,"clubcode":"MIA","playerName":"K.Langford","statId":79,"yards":0}]}},"2293":{"sp":0,"qtr":3,"down":1,"time":"08:06","yrdln":"MIA 49","ydstogo":10,"ydsnet":20,"posteam":"CHI","desc":"(8:06) M.Forte left end to MIA 40 for 9 yards (S.Smith).","note":null,"players":{"00-0027037":[{"sequence":2,"clubcode":"MIA","playerName":"S.Smith","statId":79,"yards":0}],"00-0026184":[{"sequence":1,"clubcode":"CHI","playerName":"M.Forte","statId":10,"yards":9}]}},"2314":{"sp":0,"qtr":3,"down":2,"time":"07:20","yrdln":"MIA 40","ydstogo":1,"ydsnet":20,"posteam":"CHI","desc":"(7:20) C.Taylor left tackle to MIA 40 for no gain (T.McDaniel). 1st down measurement.","note":null,"players":{"00-0021314":[{"sequence":1,"clubcode":"CHI","playerName":"C.Taylor","statId":10,"yards":0}],"00-0024102":[{"sequence":2,"clubcode":"MIA","playerName":"T.McDaniel","statId":79,"yards":0}]}},"2339":{"sp":0,"qtr":3,"down":3,"time":"06:52","yrdln":"MIA 40","ydstogo":1,"ydsnet":22,"posteam":"CHI","desc":"(6:52) C.Taylor right guard to MIA 38 for 2 yards (C.Crowder).","note":null,"players":{"00-0021314":[{"sequence":3,"clubcode":"CHI","playerName":"C.Taylor","statId":10,"yards":2}],"0":[{"sequence":1,"clubcode":"CHI","playerName":"","statId":3,"yards":0},{"sequence":2,"clubcode":"CHI","playerName":"","statId":6,"yards":0}],"00-0023505":[{"sequence":4,"clubcode":"MIA","playerName":"C.Crowder","statId":79,"yards":0}]}},"2360":{"sp":0,"qtr":3,"down":1,"time":"06:09","yrdln":"MIA 38","ydstogo":10,"ydsnet":22,"posteam":"CHI","desc":"(6:09) C.Taylor left guard to MIA 38 for no gain (V.Davis).","note":null,"players":{"00-0021314":[{"sequence":1,"clubcode":"CHI","playerName":"C.Taylor","statId":10,"yards":0}],"00-0027001":[{"sequence":2,"clubcode":"MIA","playerName":"V.Davis","statId":79,"yards":0}]}},"2381":{"sp":0,"qtr":3,"down":2,"time":"05:24","yrdln":"MIA 38","ydstogo":10,"ydsnet":27,"posteam":"CHI","desc":"(5:24) J.Cutler pass incomplete deep middle to J.Knox (S.Smith). PENALTY on MIA-B.Sapp, Illegal Contact, 5 yards, enforced at MIA 38 - No Play.","note":"PENALTY","players":{"00-0022352":[{"sequence":2,"clubcode":"MIA","playerName":"B.Sapp","statId":93,"yards":5}],"0":[{"sequence":1,"clubcode":"CHI","playerName":"","statId":5,"yards":0}]}},"2415":{"sp":0,"qtr":3,"down":1,"time":"05:16","yrdln":"MIA 33","ydstogo":10,"ydsnet":39,"posteam":"CHI","desc":"(5:16) J.Cutler pass short right to G.Olsen pushed ob at MIA 21 for 12 yards (Y.Bell).","note":null,"players":{"00-0025418":[{"sequence":4,"clubcode":"CHI","playerName":"G.Olsen","statId":21,"yards":12},{"sequence":5,"clubcode":"CHI","playerName":"G.Olsen","statId":115,"yards":0},{"sequence":6,"clubcode":"CHI","playerName":"G.Olsen","statId":113,"yards":0}],"00-0022067":[{"sequence":7,"clubcode":"MIA","playerName":"Y.Bell","statId":79,"yards":0}],"00-0024226":[{"sequence":2,"clubcode":"CHI","playerName":"J.Cutler","statId":15,"yards":12},{"sequence":3,"clubcode":"CHI","playerName":"J.Cutler","statId":111,"yards":12}],"0":[{"sequence":1,"clubcode":"CHI","playerName":"","statId":4,"yards":0}]}},"2439":{"sp":0,"qtr":3,"down":1,"time":"04:42","yrdln":"MIA 21","ydstogo":10,"ydsnet":39,"posteam":"CHI","desc":"(4:42) J.Cutler pass incomplete deep middle to G.Olsen.","note":null,"players":{"00-0025418":[{"sequence":2,"clubcode":"CHI","playerName":"G.Olsen","statId":115,"yards":0}],"00-0024226":[{"sequence":1,"clubcode":"CHI","playerName":"J.Cutler","statId":14,"yards":0},{"sequence":3,"clubcode":"CHI","playerName":"J.Cutler","statId":112,"yards":21}]}},"2461":{"sp":0,"qtr":3,"down":2,"time":"04:35","yrdln":"MIA 21","ydstogo":10,"ydsnet":42,"posteam":"CHI","desc":"(4:35) M.Forte right guard to MIA 18 for 3 yards (R.Starks).","note":null,"players":{"00-0022805":[{"sequence":2,"clubcode":"MIA","playerName":"R.Starks","statId":79,"yards":0}],"00-0026184":[{"sequence":1,"clubcode":"CHI","playerName":"M.Forte","statId":10,"yards":3}]}},"2482":{"sp":0,"qtr":3,"down":0,"time":"04:00","yrdln":"","ydstogo":0,"ydsnet":42,"posteam":"","desc":"Timeout #1 by CHI at 04:00.","note":"TIMEOUT","players":{"0":[{"sequence":1,"clubcode":"CHI","playerName":"","statId":68,"yards":0}]}},"2499":{"sp":0,"qtr":3,"down":3,"time":"04:00","yrdln":"MIA 18","ydstogo":7,"ydsnet":52,"posteam":"CHI","desc":"(4:00) J.Cutler pass short left to G.Olsen to MIA 8 for 10 yards (K.Dansby).","note":null,"players":{"00-0025418":[{"sequence":5,"clubcode":"CHI","playerName":"G.Olsen","statId":21,"yards":10},{"sequence":6,"clubcode":"CHI","playerName":"G.Olsen","statId":115,"yards":0},{"sequence":7,"clubcode":"CHI","playerName":"G.Olsen","statId":113,"yards":0}],"00-0024226":[{"sequence":3,"clubcode":"CHI","playerName":"J.Cutler","statId":15,"yards":10},{"sequence":4,"clubcode":"CHI","playerName":"J.Cutler","statId":111,"yards":10}],"00-0022927":[{"sequence":8,"clubcode":"MIA","playerName":"K.Dansby","statId":79,"yards":0}],"0":[{"sequence":1,"clubcode":"CHI","playerName":"","statId":4,"yards":0},{"sequence":2,"clubcode":"CHI","playerName":"","statId":6,"yards":0}]}},"2523":{"sp":0,"qtr":3,"down":1,"time":"03:23","yrdln":"MIA 8","ydstogo":8,"ydsnet":54,"posteam":"CHI","desc":"(3:23) M.Forte left tackle to MIA 6 for 2 yards (C.Crowder).","note":null,"players":{"00-0026184":[{"sequence":1,"clubcode":"CHI","playerName":"M.Forte","statId":10,"yards":2}],"00-0023505":[{"sequence":2,"clubcode":"MIA","playerName":"C.Crowder","statId":79,"yards":0}]}},"2544":{"sp":0,"qtr":3,"down":2,"time":"02:40","yrdln":"MIA 6","ydstogo":6,"ydsnet":58,"posteam":"CHI","desc":"(2:40) M.Forte left guard to MIA 2 for 4 yards (Y.Bell).","note":null,"players":{"00-0022067":[{"sequence":2,"clubcode":"MIA","playerName":"Y.Bell","statId":79,"yards":0}],"00-0026184":[{"sequence":1,"clubcode":"CHI","playerName":"M.Forte","statId":10,"yards":4}]}},"2565":{"sp":1,"qtr":3,"down":3,"time":"02:01","yrdln":"MIA 2","ydstogo":2,"ydsnet":60,"posteam":"CHI","desc":"(2:01) M.Forte right guard for 2 yards, TOUCHDOWN.","note":"TD","players":{"00-0026184":[{"sequence":3,"clubcode":"CHI","playerName":"M.Forte","statId":11,"yards":2}],"0":[{"sequence":1,"clubcode":"CHI","playerName":"","statId":3,"yards":0},{"sequence":2,"clubcode":"CHI","playerName":"","statId":6,"yards":0}]}},"2587":{"sp":1,"qtr":3,"down":0,"time":"01:57","yrdln":"MIA 2","ydstogo":0,"ydsnet":60,"posteam":"CHI","desc":"(Kick formation) R.Gould extra point is GOOD, Center-P.Mannelly, Holder-B.Maynard.","note":"XP","players":{"00-0023252":[{"sequence":1,"clubcode":"CHI","playerName":"R.Gould","statId":72,"yards":0}]}}},"fds":6,"result":"Touchdown","penyds":5,"ydsgained":55,"numplays":16,"postime":"7:26","start":{"qtr":3,"time":"09:23","yrdln":"CHI 40","team":"CHI"},"end":{"qtr":3,"time":"01:57","yrdln":"MIA 2","team":"CHI"}},"14":{"posteam":"MIA","qtr":4,"redzone":true,"plays":{"2603":{"sp":0,"qtr":3,"down":0,"time":"01:57","yrdln":"CHI 30","ydstogo":0,"ydsnet":0,"posteam":"CHI","desc":"R.Gould kicks 72 yards from CHI 30 to MIA -2. N.Carroll to MIA 22 for 24 yards (C.Graham).","note":"KICKOFF","players":{"00-0027744":[{"sequence":2,"clubcode":"MIA","playerName":"N.Carroll","statId":45,"yards":24}],"00-0025555":[{"sequence":3,"clubcode":"CHI","playerName":"C.Graham","statId":79,"yards":0}],"00-0023252":[{"sequence":1,"clubcode":"CHI","playerName":"R.Gould","statId":43,"yards":72}]}},"2625":{"sp":0,"qtr":3,"down":1,"time":"01:52","yrdln":"MIA 22","ydstogo":10,"ydsnet":2,"posteam":"MIA","desc":"(1:52) R.Williams up the middle to MIA 24 for 2 yards (L.Briggs).","note":null,"players":{"00-0017915":[{"sequence":1,"clubcode":"MIA","playerName":"R.Williams","statId":10,"yards":2}],"00-0022128":[{"sequence":2,"clubcode":"CHI","playerName":"L.Briggs","statId":79,"yards":0}]}},"2646":{"sp":0,"qtr":3,"down":2,"time":"01:30","yrdln":"MIA 24","ydstogo":8,"ydsnet":2,"posteam":"MIA","desc":"(1:30) (No Huddle, Shotgun) T.Thigpen pass incomplete deep left to M.Moore.","note":null,"players":{"00-0025604":[{"sequence":1,"clubcode":"MIA","playerName":"T.Thigpen","statId":14,"yards":0},{"sequence":3,"clubcode":"MIA","playerName":"T.Thigpen","statId":112,"yards":26}],"00-0027356":[{"sequence":2,"clubcode":"MIA","playerName":"M.Moore","statId":115,"yards":0}]}},"2677":{"sp":0,"qtr":3,"down":3,"time":"01:23","yrdln":"MIA 24","ydstogo":8,"ydsnet":23,"posteam":"MIA","desc":"(1:23) (Shotgun) T.Thigpen pass deep middle to B.Hartline to MIA 45 for 21 yards (M.Wright).","note":null,"players":{"00-0025604":[{"sequence":3,"clubcode":"MIA","playerName":"T.Thigpen","statId":15,"yards":21},{"sequence":4,"clubcode":"MIA","playerName":"T.Thigpen","statId":111,"yards":20}],"00-0027680":[{"sequence":8,"clubcode":"CHI","playerName":"M.Wright","statId":79,"yards":0}],"00-0027077":[{"sequence":5,"clubcode":"MIA","playerName":"B.Hartline","statId":21,"yards":21},{"sequence":6,"clubcode":"MIA","playerName":"B.Hartline","statId":115,"yards":0},{"sequence":7,"clubcode":"MIA","playerName":"B.Hartline","statId":113,"yards":1}],"0":[{"sequence":1,"clubcode":"MIA","playerName":"","statId":4,"yards":0},{"sequence":2,"clubcode":"MIA","playerName":"","statId":6,"yards":0}]}},"2701":{"sp":0,"qtr":3,"down":1,"time":"00:48","yrdln":"MIA 45","ydstogo":10,"ydsnet":24,"posteam":"MIA","desc":"(:48) P.Cobbs right tackle to MIA 46 for 1 yard (B.Urlacher; J.Peppers).","note":null,"players":{"00-0019456":[{"sequence":2,"clubcode":"CHI","playerName":"B.Urlacher","statId":82,"yards":0}],"00-0021140":[{"sequence":3,"clubcode":"CHI","playerName":"J.Peppers","statId":82,"yards":0}],"00-0024172":[{"sequence":1,"clubcode":"MIA","playerName":"P.Cobbs","statId":10,"yards":1}]}},"2722":{"sp":0,"qtr":3,"down":2,"time":"00:23","yrdln":"MIA 46","ydstogo":9,"ydsnet":24,"posteam":"MIA","desc":"(:23) (No Huddle, Shotgun) T.Thigpen pass short right to P.Cobbs to MIA 46 for no gain (L.Briggs).","note":null,"players":{"00-0025604":[{"sequence":1,"clubcode":"MIA","playerName":"T.Thigpen","statId":15,"yards":0},{"sequence":2,"clubcode":"MIA","playerName":"T.Thigpen","statId":111,"yards":0}],"00-0024172":[{"sequence":3,"clubcode":"MIA","playerName":"P.Cobbs","statId":21,"yards":0},{"sequence":4,"clubcode":"MIA","playerName":"P.Cobbs","statId":115,"yards":0},{"sequence":5,"clubcode":"MIA","playerName":"P.Cobbs","statId":113,"yards":0}],"00-0022128":[{"sequence":6,"clubcode":"CHI","playerName":"L.Briggs","statId":79,"yards":0}]}},"2746":{"sp":0,"qtr":3,"down":0,"time":"","yrdln":"","ydstogo":0,"ydsnet":24,"posteam":"","desc":"END QUARTER 3","note":null,"players":{}},"2762":{"sp":0,"qtr":4,"down":3,"time":"15:00","yrdln":"MIA 46","ydstogo":9,"ydsnet":16,"posteam":"MIA","desc":"(15:00) (Shotgun) T.Thigpen sacked at MIA 38 for -8 yards (B.Urlacher).","note":null,"players":{"00-0025604":[{"sequence":2,"clubcode":"MIA","playerName":"T.Thigpen","statId":20,"yards":-8}],"00-0019456":[{"sequence":3,"clubcode":"CHI","playerName":"B.Urlacher","statId":83,"yards":-8},{"sequence":4,"clubcode":"CHI","playerName":"B.Urlacher","statId":110,"yards":0},{"sequence":5,"clubcode":"CHI","playerName":"B.Urlacher","statId":79,"yards":0},{"sequence":6,"clubcode":"CHI","playerName":"B.Urlacher","statId":120,"yards":0}],"0":[{"sequence":1,"clubcode":"MIA","playerName":"","statId":7,"yards":0}]}},"2781":{"sp":0,"qtr":4,"down":4,"time":"14:45","yrdln":"MIA 38","ydstogo":17,"ydsnet":16,"posteam":"MIA","desc":"(14:45) (Punt formation) B.Fields punts 41 yards to CHI 21, Center-J.Denney. D.Hester pushed ob at CHI 22 for 1 yard (J.Denney).","note":"PUNT","players":{"00-0025612":[{"sequence":1,"clubcode":"MIA","playerName":"B.Fields","statId":29,"yards":41}],"00-0024272":[{"sequence":2,"clubcode":"CHI","playerName":"D.Hester","statId":33,"yards":1}],"00-0023173":[{"sequence":3,"clubcode":"MIA","playerName":"J.Denney","statId":79,"yards":0}]}}},"fds":1,"result":"Punt","penyds":0,"ydsgained":16,"numplays":9,"postime":"2:27","start":{"qtr":3,"time":"01:57","yrdln":"MIA 22","team":"MIA"},"end":{"qtr":3,"time":"14:30","yrdln":"MIA 38","team":"MIA"}},"15":{"posteam":"CHI","qtr":4,"redzone":true,"plays":{"2812":{"sp":0,"qtr":4,"down":1,"time":"14:30","yrdln":"CHI 22","ydstogo":10,"ydsnet":1,"posteam":"CHI","desc":"(14:30) C.Taylor left tackle to CHI 23 for 1 yard (C.Wake).","note":null,"players":{"00-0023368":[{"sequence":2,"clubcode":"MIA","playerName":"C.Wake","statId":79,"yards":0}],"00-0021314":[{"sequence":1,"clubcode":"CHI","playerName":"C.Taylor","statId":10,"yards":1}]}},"2833":{"sp":0,"qtr":4,"down":2,"time":"13:48","yrdln":"CHI 23","ydstogo":9,"ydsnet":14,"posteam":"CHI","desc":"(13:48) J.Cutler pass short left to D.Hester to CHI 36 for 13 yards (R.Jones).","note":null,"players":{"00-0027762":[{"sequence":7,"clubcode":"MIA","playerName":"R.Jones","statId":79,"yards":0}],"00-0024272":[{"sequence":4,"clubcode":"CHI","playerName":"D.Hester","statId":21,"yards":13},{"sequence":5,"clubcode":"CHI","playerName":"D.Hester","statId":115,"yards":0},{"sequence":6,"clubcode":"CHI","playerName":"D.Hester","statId":113,"yards":3}],"00-0024226":[{"sequence":2,"clubcode":"CHI","playerName":"J.Cutler","statId":15,"yards":13},{"sequence":3,"clubcode":"CHI","playerName":"J.Cutler","statId":111,"yards":10}],"0":[{"sequence":1,"clubcode":"CHI","playerName":"","statId":4,"yards":0}]}},"2857":{"sp":0,"qtr":4,"down":1,"time":"13:07","yrdln":"CHI 36","ydstogo":10,"ydsnet":22,"posteam":"CHI","desc":"(13:07) J.Cutler pass short right to D.Hester to CHI 44 for 8 yards (V.Davis).","note":null,"players":{"00-0024272":[{"sequence":3,"clubcode":"CHI","playerName":"D.Hester","statId":21,"yards":8},{"sequence":4,"clubcode":"CHI","playerName":"D.Hester","statId":115,"yards":0},{"sequence":5,"clubcode":"CHI","playerName":"D.Hester","statId":113,"yards":6}],"00-0024226":[{"sequence":1,"clubcode":"CHI","playerName":"J.Cutler","statId":15,"yards":8},{"sequence":2,"clubcode":"CHI","playerName":"J.Cutler","statId":111,"yards":2}],"00-0027001":[{"sequence":6,"clubcode":"MIA","playerName":"V.Davis","statId":79,"yards":0}]}},"2881":{"sp":0,"qtr":4,"down":2,"time":"12:18","yrdln":"CHI 44","ydstogo":2,"ydsnet":12,"posteam":"CHI","desc":"(12:18) C.Taylor right end to MIA 41 for 15 yards (Y.Bell). PENALTY on CHI-J.Webb, Offensive Holding, 10 yards, enforced at CHI 44 - No Play.","note":"PENALTY","players":{"00-0027609":[{"sequence":1,"clubcode":"CHI","playerName":"J.Webb","statId":93,"yards":10}]}},"2913":{"sp":0,"qtr":4,"down":0,"time":"11:42","yrdln":"","ydstogo":0,"ydsnet":12,"posteam":"","desc":"Timeout #2 by CHI at 11:42.","note":"TIMEOUT","players":{"0":[{"sequence":1,"clubcode":"CHI","playerName":"","statId":68,"yards":0}]}},"2930":{"sp":0,"qtr":4,"down":2,"time":"11:42","yrdln":"CHI 34","ydstogo":12,"ydsnet":17,"posteam":"CHI","desc":"(11:42) C.Taylor left end to CHI 39 for 5 yards (K.Dansby).","note":null,"players":{"00-0021314":[{"sequence":1,"clubcode":"CHI","playerName":"C.Taylor","statId":10,"yards":5}],"00-0022927":[{"sequence":2,"clubcode":"MIA","playerName":"K.Dansby","statId":79,"yards":0}]}},"2951":{"sp":0,"qtr":4,"down":3,"time":"10:59","yrdln":"CHI 39","ydstogo":7,"ydsnet":9,"posteam":"CHI","desc":"(10:59) J.Cutler sacked at CHI 31 for -8 yards (Q.Moses).","note":null,"players":{"00-0025452":[{"sequence":3,"clubcode":"MIA","playerName":"Q.Moses","statId":83,"yards":-8},{"sequence":4,"clubcode":"MIA","playerName":"Q.Moses","statId":110,"yards":0},{"sequence":5,"clubcode":"MIA","playerName":"Q.Moses","statId":79,"yards":0},{"sequence":6,"clubcode":"MIA","playerName":"Q.Moses","statId":120,"yards":0}],"00-0024226":[{"sequence":2,"clubcode":"CHI","playerName":"J.Cutler","statId":20,"yards":-8}],"0":[{"sequence":1,"clubcode":"CHI","playerName":"","statId":7,"yards":0}]}},"2970":{"sp":0,"qtr":4,"down":4,"time":"10:33","yrdln":"CHI 31","ydstogo":15,"ydsnet":9,"posteam":"CHI","desc":"(10:33) (Punt formation) B.Maynard punts 49 yards to MIA 20, Center-P.Mannelly, fair catch by D.Bess.","note":"PUNT","players":{"00-0010609":[{"sequence":1,"clubcode":"CHI","playerName":"B.Maynard","statId":29,"yards":49}],"00-0026000":[{"sequence":2,"clubcode":"MIA","playerName":"D.Bess","statId":39,"yards":0}]}}},"fds":1,"result":"Punt","penyds":-10,"ydsgained":19,"numplays":8,"postime":"4:06","start":{"qtr":4,"time":"14:30","yrdln":"CHI 22","team":"CHI"},"end":{"qtr":4,"time":"10:24","yrdln":"CHI 31","team":"CHI"}},"16":{"posteam":"MIA","qtr":4,"redzone":true,"plays":{"2994":{"sp":0,"qtr":4,"down":1,"time":"10:24","yrdln":"MIA 20","ydstogo":10,"ydsnet":7,"posteam":"MIA","desc":"(10:24) (Shotgun) T.Thigpen scrambles right tackle to MIA 27 for 7 yards (B.Urlacher).","note":null,"players":{"00-0025604":[{"sequence":1,"clubcode":"MIA","playerName":"T.Thigpen","statId":10,"yards":7}],"00-0019456":[{"sequence":2,"clubcode":"CHI","playerName":"B.Urlacher","statId":79,"yards":0}]}},"3015":{"sp":0,"qtr":4,"down":2,"time":"09:57","yrdln":"MIA 27","ydstogo":3,"ydsnet":0,"posteam":"MIA","desc":"(9:57) (No Huddle, Shotgun) T.Thigpen sacked at MIA 20 for -7 yards (J.Peppers).","note":null,"players":{"00-0025604":[{"sequence":1,"clubcode":"MIA","playerName":"T.Thigpen","statId":20,"yards":-7}],"00-0021140":[{"sequence":2,"clubcode":"CHI","playerName":"J.Peppers","statId":83,"yards":-7},{"sequence":3,"clubcode":"CHI","playerName":"J.Peppers","statId":110,"yards":0},{"sequence":4,"clubcode":"CHI","playerName":"J.Peppers","statId":79,"yards":0},{"sequence":5,"clubcode":"CHI","playerName":"J.Peppers","statId":120,"yards":0}]}},"3034":{"sp":0,"qtr":4,"down":3,"time":"09:18","yrdln":"MIA 20","ydstogo":10,"ydsnet":0,"posteam":"MIA","desc":"(9:18) (Shotgun) T.Thigpen pass incomplete short middle to D.Bess.","note":null,"players":{"00-0025604":[{"sequence":2,"clubcode":"MIA","playerName":"T.Thigpen","statId":14,"yards":0},{"sequence":4,"clubcode":"MIA","playerName":"T.Thigpen","statId":112,"yards":13}],"0":[{"sequence":1,"clubcode":"MIA","playerName":"","statId":7,"yards":0}],"00-0026000":[{"sequence":3,"clubcode":"MIA","playerName":"D.Bess","statId":115,"yards":0}]}},"3056":{"sp":0,"qtr":4,"down":4,"time":"09:11","yrdln":"MIA 20","ydstogo":10,"ydsnet":0,"posteam":"MIA","desc":"(9:11) (Punt formation) B.Fields punts 54 yards to CHI 26, Center-J.Denney. D.Hester ran ob at CHI 28 for 2 yards. PENALTY on CHI-D.Manning, Illegal Block Above the Waist, 10 yards, enforced at CHI 28.","note":"PUNT","players":{"00-0025612":[{"sequence":1,"clubcode":"MIA","playerName":"B.Fields","statId":29,"yards":54}],"00-0024257":[{"sequence":3,"clubcode":"CHI","playerName":"D.Manning","statId":93,"yards":10}],"00-0024272":[{"sequence":2,"clubcode":"CHI","playerName":"D.Hester","statId":33,"yards":2}]}}},"fds":0,"result":"Punt","penyds":0,"ydsgained":0,"numplays":4,"postime":"1:26","start":{"qtr":4,"time":"10:24","yrdln":"MIA 20","team":"MIA"},"end":{"qtr":4,"time":"08:58","yrdln":"MIA 20","team":"MIA"}},"17":{"posteam":"CHI","qtr":4,"redzone":true,"plays":{"3098":{"sp":0,"qtr":4,"down":1,"time":"08:58","yrdln":"CHI 18","ydstogo":10,"ydsnet":1,"posteam":"CHI","desc":"(8:58) M.Forte left guard to CHI 19 for 1 yard (C.Crowder, K.Misi).","note":null,"players":{"00-0027883":[{"sequence":3,"clubcode":"MIA","playerName":"K.Misi","statId":82,"yards":0}],"00-0026184":[{"sequence":1,"clubcode":"CHI","playerName":"M.Forte","statId":10,"yards":1}],"00-0023505":[{"sequence":2,"clubcode":"MIA","playerName":"C.Crowder","statId":80,"yards":0}]}},"3119":{"sp":0,"qtr":4,"down":2,"time":"08:16","yrdln":"CHI 19","ydstogo":9,"ydsnet":1,"posteam":"CHI","desc":"(8:16) M.Forte right tackle to CHI 19 for no gain (R.Baker).","note":null,"players":{"00-0026683":[{"sequence":2,"clubcode":"MIA","playerName":"R.Baker","statId":79,"yards":0}],"00-0026184":[{"sequence":1,"clubcode":"CHI","playerName":"M.Forte","statId":10,"yards":0}]}},"3140":{"sp":0,"qtr":4,"down":3,"time":"07:35","yrdln":"CHI 19","ydstogo":9,"ydsnet":1,"posteam":"CHI","desc":"(7:35) J.Cutler pass incomplete short right to E.Bennett (B.Sapp).","note":null,"players":{"00-0024226":[{"sequence":2,"clubcode":"CHI","playerName":"J.Cutler","statId":14,"yards":0},{"sequence":5,"clubcode":"CHI","playerName":"J.Cutler","statId":112,"yards":11}],"00-0022352":[{"sequence":4,"clubcode":"MIA","playerName":"B.Sapp","statId":85,"yards":0}],"00-0026210":[{"sequence":3,"clubcode":"CHI","playerName":"E.Bennett","statId":115,"yards":0}],"0":[{"sequence":1,"clubcode":"CHI","playerName":"","statId":7,"yards":0}]}},"3162":{"sp":0,"qtr":4,"down":4,"time":"07:25","yrdln":"CHI 19","ydstogo":9,"ydsnet":1,"posteam":"CHI","desc":"(7:25) (Punt formation) B.Maynard punts 48 yards to MIA 33, Center-P.Mannelly, downed by CHI-R.Davis.","note":"PUNT","players":{"00-0010609":[{"sequence":1,"clubcode":"CHI","playerName":"B.Maynard","statId":29,"yards":48}],"0":[{"sequence":2,"clubcode":"MIA","playerName":"","statId":38,"yards":0}]}}},"fds":0,"result":"Punt","penyds":0,"ydsgained":1,"numplays":4,"postime":"1:44","start":{"qtr":4,"time":"08:58","yrdln":"CHI 18","team":"CHI"},"end":{"qtr":4,"time":"07:14","yrdln":"CHI 19","team":"CHI"}},"18":{"posteam":"MIA","qtr":4,"redzone":true,"plays":{"3185":{"sp":0,"qtr":4,"down":1,"time":"07:14","yrdln":"MIA 33","ydstogo":10,"ydsnet":3,"posteam":"MIA","desc":"(7:14) T.Thigpen scrambles right end pushed ob at MIA 36 for 3 yards (H.Melton).","note":null,"players":{"00-0025604":[{"sequence":1,"clubcode":"MIA","playerName":"T.Thigpen","statId":10,"yards":3}],"00-0026905":[{"sequence":2,"clubcode":"CHI","playerName":"H.Melton","statId":79,"yards":0}]}},"3206":{"sp":0,"qtr":4,"down":2,"time":"06:45","yrdln":"MIA 36","ydstogo":7,"ydsnet":12,"posteam":"MIA","desc":"(6:45) T.Thigpen pass short left to R.Brown to MIA 45 for 9 yards (C.Tillman). MIA-V.Carey was injured during the play. His return is Probable.","note":null,"players":{"00-0025604":[{"sequence":2,"clubcode":"MIA","playerName":"T.Thigpen","statId":15,"yards":9},{"sequence":3,"clubcode":"MIA","playerName":"T.Thigpen","statId":111,"yards":2}],"00-0023437":[{"sequence":4,"clubcode":"MIA","playerName":"R.Brown","statId":21,"yards":9},{"sequence":5,"clubcode":"MIA","playerName":"R.Brown","statId":115,"yards":0},{"sequence":6,"clubcode":"MIA","playerName":"R.Brown","statId":113,"yards":7}],"00-0022123":[{"sequence":7,"clubcode":"CHI","playerName":"C.Tillman","statId":79,"yards":0}],"0":[{"sequence":1,"clubcode":"MIA","playerName":"","statId":4,"yards":0}]}},"3234":{"sp":0,"qtr":4,"down":1,"time":"06:11","yrdln":"MIA 45","ydstogo":10,"ydsnet":6,"posteam":"MIA","desc":"(6:11) T.Thigpen sacked at MIA 39 for -6 yards (J.Peppers).","note":null,"players":{"00-0025604":[{"sequence":1,"clubcode":"MIA","playerName":"T.Thigpen","statId":20,"yards":-6}],"00-0021140":[{"sequence":2,"clubcode":"CHI","playerName":"J.Peppers","statId":83,"yards":-6},{"sequence":3,"clubcode":"CHI","playerName":"J.Peppers","statId":110,"yards":0},{"sequence":4,"clubcode":"CHI","playerName":"J.Peppers","statId":79,"yards":0},{"sequence":5,"clubcode":"CHI","playerName":"J.Peppers","statId":120,"yards":0}]}},"3253":{"sp":0,"qtr":4,"down":2,"time":"05:31","yrdln":"MIA 39","ydstogo":16,"ydsnet":11,"posteam":"MIA","desc":"(5:31) (Shotgun) T.Thigpen pass short left to R.Brown to MIA 44 for 5 yards (L.Briggs).","note":null,"players":{"00-0025604":[{"sequence":1,"clubcode":"MIA","playerName":"T.Thigpen","statId":15,"yards":5},{"sequence":2,"clubcode":"MIA","playerName":"T.Thigpen","statId":111,"yards":-3}],"00-0023437":[{"sequence":3,"clubcode":"MIA","playerName":"R.Brown","statId":21,"yards":5},{"sequence":4,"clubcode":"MIA","playerName":"R.Brown","statId":115,"yards":0},{"sequence":5,"clubcode":"MIA","playerName":"R.Brown","statId":113,"yards":8}],"00-0022128":[{"sequence":6,"clubcode":"CHI","playerName":"L.Briggs","statId":79,"yards":0}]}},"3277":{"sp":0,"qtr":4,"down":3,"time":"04:49","yrdln":"MIA 44","ydstogo":11,"ydsnet":16,"posteam":"MIA","desc":"(4:49) (Shotgun) T.Thigpen pass short left to R.Brown to MIA 49 for 5 yards (C.Tillman).","note":null,"players":{"00-0025604":[{"sequence":2,"clubcode":"MIA","playerName":"T.Thigpen","statId":15,"yards":5},{"sequence":3,"clubcode":"MIA","playerName":"T.Thigpen","statId":111,"yards":0}],"00-0023437":[{"sequence":4,"clubcode":"MIA","playerName":"R.Brown","statId":21,"yards":5},{"sequence":5,"clubcode":"MIA","playerName":"R.Brown","statId":115,"yards":0},{"sequence":6,"clubcode":"MIA","playerName":"R.Brown","statId":113,"yards":5}],"00-0022123":[{"sequence":7,"clubcode":"CHI","playerName":"C.Tillman","statId":79,"yards":0}],"0":[{"sequence":1,"clubcode":"MIA","playerName":"","statId":7,"yards":0}]}},"3301":{"sp":0,"qtr":4,"down":4,"time":"04:06","yrdln":"MIA 49","ydstogo":6,"ydsnet":16,"posteam":"MIA","desc":"(4:06) (Shotgun) T.Thigpen pass incomplete deep right to D.Bess (D.Manning).","note":null,"players":{"00-0025604":[{"sequence":2,"clubcode":"MIA","playerName":"T.Thigpen","statId":14,"yards":0},{"sequence":5,"clubcode":"MIA","playerName":"T.Thigpen","statId":112,"yards":18}],"00-0024257":[{"sequence":4,"clubcode":"CHI","playerName":"D.Manning","statId":85,"yards":0}],"0":[{"sequence":1,"clubcode":"MIA","playerName":"","statId":9,"yards":0}],"00-0026000":[{"sequence":3,"clubcode":"MIA","playerName":"D.Bess","statId":115,"yards":0}]}}},"fds":1,"result":"Downs","penyds":0,"ydsgained":16,"numplays":6,"postime":"3:15","start":{"qtr":4,"time":"07:14","yrdln":"MIA 33","team":"MIA"},"end":{"qtr":4,"time":"03:59","yrdln":"MIA 49","team":"MIA"}},"19":{"posteam":"CHI","qtr":4,"redzone":true,"plays":{"3324":{"sp":0,"qtr":4,"down":1,"time":"03:59","yrdln":"MIA 49","ydstogo":10,"ydsnet":-2,"posteam":"CHI","desc":"(3:59) M.Forte left tackle to CHI 49 for -2 yards (C.Wake).","note":null,"players":{"00-0023368":[{"sequence":3,"clubcode":"MIA","playerName":"C.Wake","statId":79,"yards":0},{"sequence":4,"clubcode":"MIA","playerName":"C.Wake","statId":120,"yards":0}],"00-0026184":[{"sequence":1,"clubcode":"CHI","playerName":"M.Forte","statId":10,"yards":-2}],"0":[{"sequence":2,"clubcode":"CHI","playerName":"","statId":95,"yards":-2}]}},"3345":{"sp":0,"qtr":4,"down":0,"time":"03:54","yrdln":"","ydstogo":0,"ydsnet":-2,"posteam":"","desc":"Timeout #1 by MIA at 03:54.","note":"TIMEOUT","players":{"0":[{"sequence":1,"clubcode":"MIA","playerName":"","statId":68,"yards":0}]}},"3362":{"sp":0,"qtr":4,"down":2,"time":"03:54","yrdln":"CHI 49","ydstogo":12,"ydsnet":4,"posteam":"CHI","desc":"(3:54) M.Forte left tackle to MIA 45 for 6 yards (R.Jones).","note":null,"players":{"00-0027762":[{"sequence":2,"clubcode":"MIA","playerName":"R.Jones","statId":79,"yards":0}],"00-0026184":[{"sequence":1,"clubcode":"CHI","playerName":"M.Forte","statId":10,"yards":6}]}},"3383":{"sp":0,"qtr":4,"down":0,"time":"03:46","yrdln":"","ydstogo":0,"ydsnet":4,"posteam":"","desc":"Timeout #2 by MIA at 03:46.","note":"TIMEOUT","players":{"0":[{"sequence":1,"clubcode":"MIA","playerName":"","statId":68,"yards":0}]}},"3400":{"sp":0,"qtr":4,"down":3,"time":"03:46","yrdln":"MIA 45","ydstogo":6,"ydsnet":11,"posteam":"CHI","desc":"(3:46) J.Cutler pass short left to J.Knox to MIA 38 for 7 yards (S.Smith).","note":null,"players":{"00-0027037":[{"sequence":8,"clubcode":"MIA","playerName":"S.Smith","statId":79,"yards":0}],"00-0024226":[{"sequence":3,"clubcode":"CHI","playerName":"J.Cutler","statId":15,"yards":7},{"sequence":4,"clubcode":"CHI","playerName":"J.Cutler","statId":111,"yards":7}],"0":[{"sequence":1,"clubcode":"CHI","playerName":"","statId":4,"yards":0},{"sequence":2,"clubcode":"CHI","playerName":"","statId":6,"yards":0}],"00-0026913":[{"sequence":5,"clubcode":"CHI","playerName":"J.Knox","statId":21,"yards":7},{"sequence":6,"clubcode":"CHI","playerName":"J.Knox","statId":115,"yards":0},{"sequence":7,"clubcode":"CHI","playerName":"J.Knox","statId":113,"yards":0}]}},"3424":{"sp":0,"qtr":4,"down":1,"time":"03:00","yrdln":"MIA 38","ydstogo":10,"ydsnet":10,"posteam":"CHI","desc":"(3:00) M.Forte left tackle to MIA 39 for -1 yards (K.Dansby).","note":null,"players":{"00-0026184":[{"sequence":1,"clubcode":"CHI","playerName":"M.Forte","statId":10,"yards":-1}],"00-0022927":[{"sequence":3,"clubcode":"MIA","playerName":"K.Dansby","statId":79,"yards":0},{"sequence":4,"clubcode":"MIA","playerName":"K.Dansby","statId":120,"yards":0}],"0":[{"sequence":2,"clubcode":"CHI","playerName":"","statId":95,"yards":-1}]}},"3445":{"sp":0,"qtr":4,"down":0,"time":"02:55","yrdln":"","ydstogo":0,"ydsnet":10,"posteam":"","desc":"Timeout #3 by MIA at 02:55.","note":"TIMEOUT","players":{"0":[{"sequence":1,"clubcode":"MIA","playerName":"","statId":68,"yards":0}]}},"3462":{"sp":0,"qtr":4,"down":2,"time":"02:55","yrdln":"MIA 39","ydstogo":11,"ydsnet":8,"posteam":"CHI","desc":"(2:55) M.Forte right tackle to MIA 41 for -2 yards (C.Wake).","note":null,"players":{"00-0023368":[{"sequence":3,"clubcode":"MIA","playerName":"C.Wake","statId":79,"yards":0},{"sequence":4,"clubcode":"MIA","playerName":"C.Wake","statId":120,"yards":0}],"00-0026184":[{"sequence":1,"clubcode":"CHI","playerName":"M.Forte","statId":10,"yards":-2}],"0":[{"sequence":2,"clubcode":"CHI","playerName":"","statId":95,"yards":-2}]}},"3483":{"sp":0,"qtr":4,"down":3,"time":"02:09","yrdln":"MIA 41","ydstogo":13,"ydsnet":1,"posteam":"CHI","desc":"(2:09) J.Cutler sacked at MIA 48 for -7 yards (K.Dansby). Penalty on CHI-J.Webb, Illegal Use of Hands, declined.","note":null,"players":{"00-0024226":[{"sequence":2,"clubcode":"CHI","playerName":"J.Cutler","statId":20,"yards":-7}],"00-0022927":[{"sequence":3,"clubcode":"MIA","playerName":"K.Dansby","statId":83,"yards":-7},{"sequence":4,"clubcode":"MIA","playerName":"K.Dansby","statId":110,"yards":0},{"sequence":5,"clubcode":"MIA","playerName":"K.Dansby","statId":79,"yards":0},{"sequence":6,"clubcode":"MIA","playerName":"K.Dansby","statId":120,"yards":0}],"0":[{"sequence":1,"clubcode":"CHI","playerName":"","statId":7,"yards":0}]}},"3513":{"sp":0,"qtr":4,"down":0,"time":"02:00","yrdln":"","ydstogo":0,"ydsnet":1,"posteam":"","desc":"Two-Minute Warning","note":null,"players":{}},"3530":{"sp":0,"qtr":4,"down":4,"time":"02:00","yrdln":"MIA 48","ydstogo":20,"ydsnet":1,"posteam":"CHI","desc":"(2:00) (Punt formation) B.Maynard punts 33 yards to MIA 15, Center-P.Mannelly. D.Bess to MIA 22 for 7 yards (G.Wolfe).","note":"PUNT","players":{"00-0025480":[{"sequence":3,"clubcode":"CHI","playerName":"G.Wolfe","statId":79,"yards":0}],"00-0010609":[{"sequence":1,"clubcode":"CHI","playerName":"B.Maynard","statId":29,"yards":33}],"00-0026000":[{"sequence":2,"clubcode":"MIA","playerName":"D.Bess","statId":33,"yards":7}]}}},"fds":1,"result":"Punt","penyds":0,"ydsgained":1,"numplays":11,"postime":"2:11","start":{"qtr":4,"time":"03:59","yrdln":"MIA 49","team":"CHI"},"end":{"qtr":4,"time":"01:48","yrdln":"MIA 48","team":"CHI"}},"20":{"posteam":"MIA","qtr":4,"redzone":true,"plays":{"3556":{"sp":0,"qtr":4,"down":1,"time":"01:48","yrdln":"MIA 22","ydstogo":10,"ydsnet":7,"posteam":"MIA","desc":"(1:48) (Shotgun) T.Thigpen pass short left to M.Moore to MIA 29 for 7 yards (M.Wright; C.Tillman).","note":null,"players":{"00-0025604":[{"sequence":1,"clubcode":"MIA","playerName":"T.Thigpen","statId":15,"yards":7},{"sequence":2,"clubcode":"MIA","playerName":"T.Thigpen","statId":111,"yards":-3}],"00-0027680":[{"sequence":6,"clubcode":"CHI","playerName":"M.Wright","statId":82,"yards":0}],"00-0022123":[{"sequence":7,"clubcode":"CHI","playerName":"C.Tillman","statId":82,"yards":0}],"00-0027356":[{"sequence":3,"clubcode":"MIA","playerName":"M.Moore","statId":21,"yards":7},{"sequence":4,"clubcode":"MIA","playerName":"M.Moore","statId":115,"yards":0},{"sequence":5,"clubcode":"MIA","playerName":"M.Moore","statId":113,"yards":10}]}},"3580":{"sp":0,"qtr":4,"down":2,"time":"01:23","yrdln":"MIA 29","ydstogo":3,"ydsnet":20,"posteam":"MIA","desc":"(1:23) (No Huddle, Shotgun) T.Thigpen pass short middle to M.Moore to MIA 42 for 13 yards (B.Urlacher).","note":null,"players":{"00-0025604":[{"sequence":2,"clubcode":"MIA","playerName":"T.Thigpen","statId":15,"yards":13},{"sequence":3,"clubcode":"MIA","playerName":"T.Thigpen","statId":111,"yards":8}],"00-0019456":[{"sequence":7,"clubcode":"CHI","playerName":"B.Urlacher","statId":79,"yards":0}],"0":[{"sequence":1,"clubcode":"MIA","playerName":"","statId":4,"yards":0}],"00-0027356":[{"sequence":4,"clubcode":"MIA","playerName":"M.Moore","statId":21,"yards":13},{"sequence":5,"clubcode":"MIA","playerName":"M.Moore","statId":115,"yards":0},{"sequence":6,"clubcode":"MIA","playerName":"M.Moore","statId":113,"yards":5}]}},"3604":{"sp":0,"qtr":4,"down":1,"time":"01:03","yrdln":"MIA 42","ydstogo":10,"ydsnet":26,"posteam":"MIA","desc":"(1:03) (No Huddle, Shotgun) T.Thigpen pass short right to B.Hartline to MIA 48 for 6 yards (L.Briggs).","note":null,"players":{"00-0025604":[{"sequence":1,"clubcode":"MIA","playerName":"T.Thigpen","statId":15,"yards":6},{"sequence":2,"clubcode":"MIA","playerName":"T.Thigpen","statId":111,"yards":2}],"00-0027077":[{"sequence":3,"clubcode":"MIA","playerName":"B.Hartline","statId":21,"yards":6},{"sequence":4,"clubcode":"MIA","playerName":"B.Hartline","statId":115,"yards":0},{"sequence":5,"clubcode":"MIA","playerName":"B.Hartline","statId":113,"yards":4}],"00-0022128":[{"sequence":6,"clubcode":"CHI","playerName":"L.Briggs","statId":79,"yards":0}]}},"3628":{"sp":0,"qtr":4,"down":2,"time":"00:43","yrdln":"MIA 48","ydstogo":4,"ydsnet":26,"posteam":"MIA","desc":"(:43) (No Huddle, Shotgun) T.Thigpen pass incomplete short right to D.Bess.","note":null,"players":{"00-0025604":[{"sequence":1,"clubcode":"MIA","playerName":"T.Thigpen","statId":14,"yards":0},{"sequence":3,"clubcode":"MIA","playerName":"T.Thigpen","statId":112,"yards":8}],"00-0026000":[{"sequence":2,"clubcode":"MIA","playerName":"D.Bess","statId":115,"yards":0}]}},"3650":{"sp":0,"qtr":4,"down":3,"time":"00:37","yrdln":"MIA 48","ydstogo":4,"ydsnet":21,"posteam":"MIA","desc":"(:37) (Shotgun) PENALTY on MIA-L.Murtha, False Start, 5 yards, enforced at MIA 48 - No Play.","note":"PENALTY","players":{"00-0027148":[{"sequence":1,"clubcode":"MIA","playerName":"L.Murtha","statId":93,"yards":5}]}},"3673":{"sp":0,"qtr":4,"down":3,"time":"00:37","yrdln":"MIA 43","ydstogo":9,"ydsnet":21,"posteam":"MIA","desc":"(:37) (Shotgun) T.Thigpen pass incomplete short left to D.Bess.","note":null,"players":{"00-0025604":[{"sequence":2,"clubcode":"MIA","playerName":"T.Thigpen","statId":14,"yards":0},{"sequence":4,"clubcode":"MIA","playerName":"T.Thigpen","statId":112,"yards":12}],"0":[{"sequence":1,"clubcode":"MIA","playerName":"","statId":7,"yards":0}],"00-0026000":[{"sequence":3,"clubcode":"MIA","playerName":"D.Bess","statId":115,"yards":0}]}},"3695":{"sp":0,"qtr":4,"down":4,"time":"00:32","yrdln":"MIA 43","ydstogo":9,"ydsnet":37,"posteam":"MIA","desc":"(:32) (Shotgun) T.Thigpen pass short right to A.Fasano to CHI 41 for 16 yards (T.Jennings).","note":null,"players":{"00-0025604":[{"sequence":3,"clubcode":"MIA","playerName":"T.Thigpen","statId":15,"yards":16},{"sequence":4,"clubcode":"MIA","playerName":"T.Thigpen","statId":111,"yards":14}],"00-0024268":[{"sequence":5,"clubcode":"MIA","playerName":"A.Fasano","statId":21,"yards":16},{"sequence":6,"clubcode":"MIA","playerName":"A.Fasano","statId":115,"yards":0},{"sequence":7,"clubcode":"MIA","playerName":"A.Fasano","statId":113,"yards":2}],"00-0024277":[{"sequence":8,"clubcode":"CHI","playerName":"T.Jennings","statId":79,"yards":0}],"0":[{"sequence":1,"clubcode":"MIA","playerName":"","statId":4,"yards":0},{"sequence":2,"clubcode":"MIA","playerName":"","statId":8,"yards":0}]}},"3719":{"sp":0,"qtr":4,"down":1,"time":"00:07","yrdln":"CHI 41","ydstogo":10,"ydsnet":49,"posteam":"MIA","desc":"(:07) (No Huddle, Shotgun) T.Thigpen pass short right to R.Williams to CHI 29 for 12 yards (B.Urlacher).","note":null,"players":{"00-0025604":[{"sequence":2,"clubcode":"MIA","playerName":"T.Thigpen","statId":15,"yards":12},{"sequence":3,"clubcode":"MIA","playerName":"T.Thigpen","statId":111,"yards":12}],"00-0017915":[{"sequence":4,"clubcode":"MIA","playerName":"R.Williams","statId":21,"yards":12},{"sequence":5,"clubcode":"MIA","playerName":"R.Williams","statId":115,"yards":0},{"sequence":6,"clubcode":"MIA","playerName":"R.Williams","statId":113,"yards":0}],"00-0019456":[{"sequence":7,"clubcode":"CHI","playerName":"B.Urlacher","statId":79,"yards":0}],"0":[{"sequence":1,"clubcode":"MIA","playerName":"","statId":4,"yards":0}]}},"3743":{"sp":0,"qtr":4,"down":0,"time":"00:00","yrdln":"","ydstogo":0,"ydsnet":49,"posteam":"","desc":"END GAME","note":null,"players":{}}},"fds":3,"result":"End of Game","penyds":-5,"ydsgained":54,"numplays":9,"postime":"1:48","start":{"qtr":4,"time":"01:48","yrdln":"MIA 22","team":"MIA"},"end":{"qtr":4,"time":"00:00","yrdln":"","team":"MIA"}},"crntdrv":20},"scrsummary":{"622":{"type":"FG","desc":"R.Gould 46 yd. Field Goal Drive: 8 plays, 32 yards in 4:27","qtr":1,"team":"CHI","players":{"R.Gould":"00-0023252"}},"1100":{"type":"FG","desc":"R.Gould 24 yd. Field Goal Drive: 13 plays, 40 yards in 6:50","qtr":2,"team":"CHI","players":{"R.Gould":"00-0023252"}},"2094":{"type":"FG","desc":"R.Gould 50 yd. Field Goal Drive: 7 plays, 38 yards in 3:13","qtr":3,"team":"CHI","players":{"R.Gould":"00-0023252"}},"2565":{"type":"TD","desc":"M.Forte 2 yd. run (R.Gould kick is good) Drive: 13 plays, 60 yards in 7:26","qtr":3,"team":"CHI","players":{"":"0","M.Forte":"00-0026184","R.Gould":"00-0023252"}}},"weather":null,"media":null,"yl":"","qtr":"Final","note":null,"down":0,"togo":0,"redzone":true,"clock":"00:07","posteam":"MIA","stadium":null},"nextupdate":220}