{"2010121212":{"home":{"score":{"1":7,"2":14,"3":0,"4":10,"5":0,"T":31},"abbr":"SD","to":2,"stats":{"passing":{"00-0022942":{"name":"P.Rivers","att":24,"cmp":18,"yds":226,"tds":2,"ints":1,"twopta":0,"twoptm":0}},"rushing":{"00-0026069":{"name":"M.Tolbert","att":16,"yds":66,"tds":1,"lng":18,"lngtd":8,"twopta":0,"twoptm":0},"00-0027864":{"name":"R.Mathews","att":16,"yds":65,"tds":1,"lng":15,"lngtd":15,"twopta":0,"twoptm":0},"00-0023564":{"name":"D.Sproles","att":6,"yds":53,"tds":0,"lng":19,"lngtd":0,"twopta":0,"twoptm":0},"00-0023496":{"name":"V.Jackson","att":1,"yds":14,"tds":0,"lng":14,"lngtd":0,"twopta":0,"twoptm":0},"00-0022942":{"name":"P.Rivers","att":2,"yds":5,"tds":0,"lng":4,"lngtd":0,"twopta":0,"twoptm":0},"00-0026209":{"name":"J.Hester","att":2,"yds":4,"tds":0,"lng":2,"lngtd":0,"twopta":0,"twoptm":0}},"receiving":{"00-0023564":{"name":"D.Sproles","rec":5,"yds":51,"tds":0,"lng":15,"lngtd":0,"twopta":0,"twoptm":0},"00-0022414":{"name":"M.Floyd","rec":4,"yds":51,"tds":2,"lng":18,"lngtd":17,"twopta":0,"twoptm":0},"00-0022171":{"name":"K.Washington","rec":3,"yds":50,"tds":0,"lng":20,"lngtd":0,"twopta":0,"twoptm":0},"00-0023496":{"name":"V.Jackson","rec":2,"yds":29,"tds":0,"lng":19,"lngtd":0,"twopta":0,"twoptm":0},"00-0021236":{"name":"R.McMichael","rec":2,"yds":26,"tds":0,"lng":15,"lngtd":0,"twopta":0,"twoptm":0},"00-0026069":{"name":"M.Tolbert","rec":1,"yds":13,"tds":0,"lng":13,"lngtd":0,"twopta":0,"twoptm":0},"00-0027864":{"name":"R.Mathews","rec":1,"yds":6,"tds":0,"lng":6,"lngtd":0,"twopta":0,"twoptm":0}},"fumbles":{"00-0022414":{"name":"M.Floyd","tot":1,"rcv":0,"trcv":0,"yds":0,"lost":0},"00-0022942":{"name":"P.Rivers","tot":1,"rcv":0,"trcv":0,"yds":0,"lost":1},"00-0026209":{"name":"J.Hester","tot":0,"rcv":1,"trcv":1,"yds":0,"lost":0}},"kicking":{"00-0022737":{"name":"N.Kaeding","fgm":1,"fga":1,"fgyds":48,"totpfg":3,"xpmade":4,"xpmissed":0,"xpa":4,"xpb":0,"xptot":4}},"punting":{"00-0022017":{"name":"M.Scifres","pts":2,"yds":110,"avg":40,"i20":0,"lng":56}},"kickret":{"00-0023564":{"name":"D.Sproles","ret":1,"avg":27,"tds":0,"lng":27,"lngtd":0}},"puntret":{"00-0026167":{"name":"A.Cason","ret":5,"avg":15,"tds":0,"lng":42,"lngtd":0}},"defense":{"00-0026167":{"name":"A.Cason","tkl":4,"ast":0,"sk":0,"int":0,"ffum":0},"00-0025482":{"name":"D.Hughes","tkl":4,"ast":0,"sk":0,"int":0,"ffum":0},"00-0022169":{"name":"A.Garay","tkl":3,"ast":0,"sk":0,"int":0,"ffum":0},"00-0025424":{"name":"E.Weddle","tkl":3,"ast":0,"sk":0,"int":0,"ffum":0},"00-0026992":{"name":"L.English","tkl":2,"ast":1,"sk":1.5,"int":0,"ffum":0},"00-0025857":{"name":"O.Nwagbuo","tkl":2,"ast":1,"sk":0.5,"int":0,"ffum":0},"00-0021544":{"name":"S.Cooper","tkl":2,"ast":1,"sk":0,"int":0,"ffum":0},"00-0023463":{"name":"L.Castillo","tkl":1,"ast":2,"sk":1,"int":0,"ffum":0},"00-0025521":{"name":"A.Barnes","tkl":2,"ast":0,"sk":1,"int":0,"ffum":0},"00-0024734":{"name":"A.Applewhite","tkl":2,"ast":0,"sk":0,"int":0,"ffum":0},"00-0025788":{"name":"P.Oliver","tkl":2,"ast":0,"sk":0,"int":0,"ffum":0},"00-0021381":{"name":"Q.Jammer","tkl":1,"ast":0,"sk":0,"int":0,"ffum":0},"00-0023477":{"name":"K.Burnett","tkl":0,"ast":1,"sk":0,"int":0,"ffum":0}},"team":{"totfd":25,"totyds":426,"pyds":219,"ryds":207,"pen":6,"penyds":47,"trnovr":2,"pt":2,"ptyds":110,"ptavg":40,"top":"40:10"}},"players":null},"away":{"score":{"1":0,"2":0,"3":0,"4":0,"5":0,"T":0},"abbr":"KC","to":2,"stats":{"passing":{"00-0024300":{"name":"B.Croyle","att":17,"cmp":7,"yds":40,"tds":0,"ints":0,"twopta":0,"twoptm":0},"00-0024812":{"name":"T.Palko","att":3,"cmp":2,"yds":8,"tds":0,"ints":0,"twopta":0,"twoptm":0}},"rushing":{"00-0026213":{"name":"J.Charles","att":10,"yds":40,"tds":0,"lng":10,"lngtd":0,"twopta":0,"twoptm":0},"00-0025701":{"name":"J.Battle","att":3,"yds":8,"tds":0,"lng":5,"lngtd":0,"twopta":0,"twoptm":0},"00-0019641":{"name":"T.Jones","att":3,"yds":1,"tds":0,"lng":3,"lngtd":0,"twopta":0,"twoptm":0},"00-0024812":{"name":"T.Palko","att":1,"yds":-1,"tds":0,"lng":-1,"lngtd":0,"twopta":0,"twoptm":0}},"receiving":{"00-0022388":{"name":"T.Copper","rec":2,"yds":15,"tds":0,"lng":16,"lngtd":0,"twopta":0,"twoptm":0},"00-0027695":{"name":"T.Moeaki","rec":2,"yds":13,"tds":0,"lng":8,"lngtd":0,"twopta":0,"twoptm":0},"00-0026213":{"name":"J.Charles","rec":2,"yds":9,"tds":0,"lng":5,"lngtd":0,"twopta":0,"twoptm":0},"00-0020446":{"name":"C.Chambers","rec":1,"yds":10,"tds":0,"lng":10,"lngtd":0,"twopta":0,"twoptm":0},"00-0025410":{"name":"D.Bowe","rec":1,"yds":3,"tds":0,"lng":3,"lngtd":0,"twopta":0,"twoptm":0},"00-0024287":{"name":"L.Pope","rec":1,"yds":-2,"tds":0,"lng":-2,"lngtd":0,"twopta":0,"twoptm":0}},"fumbles":{"00-0026105":{"name":"W.Gilberry","tot":0,"rcv":0,"trcv":1,"yds":0,"lost":0}},"punting":{"00-0023534":{"name":"D.Colquitt","pts":8,"yds":365,"avg":36,"i20":3,"lng":61}},"kickret":{"00-0027651":{"name":"D.McCluster","ret":3,"avg":20,"tds":0,"lng":28,"lngtd":0},"00-0027429":{"name":"V.Tucker","ret":2,"avg":20,"tds":0,"lng":24,"lngtd":0}},"puntret":{"00-0027651":{"name":"D.McCluster","ret":1,"avg":11,"tds":0,"lng":11,"lngtd":0}},"defense":{"00-0023449":{"name":"D.Johnson","tkl":8,"ast":1,"sk":0,"int":0,"ffum":0},"00-0026280":{"name":"B.Carr","tkl":7,"ast":1,"sk":0,"int":0,"ffum":0},"00-0027858":{"name":"E.Berry","tkl":7,"ast":0,"sk":0,"int":1,"ffum":0},"00-0021679":{"name":"S.Smith","tkl":5,"ast":2,"sk":0,"int":0,"ffum":0},"00-0026869":{"name":"J.Belcher","tkl":3,"ast":4,"sk":0,"int":0,"ffum":0},"00-0026980":{"name":"T.Jackson","tkl":6,"ast":0,"sk":1,"int":0,"ffum":0},"00-0024235":{"name":"T.Hali","tkl":5,"ast":1,"sk":1,"int":0,"ffum":1},"00-0026145":{"name":"G.Dorsey","tkl":5,"ast":1,"sk":0,"int":0,"ffum":0},"00-0021187":{"name":"J.McGraw","tkl":3,"ast":1,"sk":0,"int":0,"ffum":0},"00-0016960":{"name":"M.Vrabel","tkl":3,"ast":1,"sk":0,"int":0,"ffum":0},"00-0027660":{"name":"J.Arenas","tkl":2,"ast":1,"sk":0,"int":0,"ffum":0},"00-0026175":{"name":"B.Flowers","tkl":2,"ast":0,"sk":0,"int":0,"ffum":0},"00-0027736":{"name":"K.Lewis","tkl":1,"ast":1,"sk":0,"int":0,"ffum":1},"00-0026343":{"name":"A.Studebaker","tkl":1,"ast":0,"sk":0,"int":0,"ffum":0},"00-0027639":{"name":"C.Greenwood","tkl":1,"ast":0,"sk":0,"int":0,"ffum":0},"00-0023539":{"name":"T.Daniels","tkl":1,"ast":0,"sk":0,"int":0,"ffum":0},"00-0026105":{"name":"W.Gilberry","tkl":0,"ast":1,"sk":0,"int":0,"ffum":0},"00-0020286":{"name":"R.Edwards","tkl":0,"ast":1,"sk":0,"int":0,"ffum":0}},"team":{"totfd":5,"totyds":67,"pyds":19,"ryds":48,"pen":2,"penyds":15,"trnovr":0,"pt":8,"ptyds":365,"ptavg":36,"top":"19:50"}},"players":null},"drives":{"1":{"posteam":"KC","qtr":1,"redzone":true,"plays":{"36":{"sp":0,"qtr":1,"down":0,"time":"15:00","yrdln":"SD 30","ydstogo":0,"ydsnet":0,"posteam":"SD","desc":"N.Kaeding kicks 65 yards from SD 30 to KC 5. D.McCluster to KC 21 for 16 yards (B.Siler).","note":"KICKOFF","players":{"00-0022737":[{"sequence":1,"clubcode":"SD","playerName":"N.Kaeding","statId":41,"yards":65}],"00-0027651":[{"sequence":2,"clubcode":"KC","playerName":"D.McCluster","statId":45,"yards":16}],"00-0025627":[{"sequence":3,"clubcode":"SD","playerName":"B.Siler","statId":79,"yards":0}]}},"58":{"sp":0,"qtr":1,"down":1,"time":"14:56","yrdln":"KC 21","ydstogo":10,"ydsnet":3,"posteam":"KC","desc":"(14:56) T.Jones left tackle to KC 24 for 3 yards (A.Applewhite, L.Castillo).","note":null,"players":{"00-0019641":[{"sequence":1,"clubcode":"KC","playerName":"T.Jones","statId":10,"yards":3}],"00-0023463":[{"sequence":3,"clubcode":"SD","playerName":"L.Castillo","statId":82,"yards":0}],"00-0024734":[{"sequence":2,"clubcode":"SD","playerName":"A.Applewhite","statId":80,"yards":0}]}},"79":{"sp":0,"qtr":1,"down":2,"time":"14:21","yrdln":"KC 24","ydstogo":7,"ydsnet":13,"posteam":"KC","desc":"(14:21) J.Charles left end pushed ob at KC 34 for 10 yards (A.Cason).","note":null,"players":{"00-0026213":[{"sequence":2,"clubcode":"KC","playerName":"J.Charles","statId":10,"yards":10}],"00-0026167":[{"sequence":3,"clubcode":"SD","playerName":"A.Cason","statId":79,"yards":0}],"0":[{"sequence":1,"clubcode":"KC","playerName":"","statId":3,"yards":0}]}},"105":{"sp":0,"qtr":1,"down":1,"time":"13:52","yrdln":"KC 34","ydstogo":10,"ydsnet":14,"posteam":"KC","desc":"(13:52) J.Charles right end to KC 35 for 1 yard (A.Garay).","note":null,"players":{"00-0026213":[{"sequence":1,"clubcode":"KC","playerName":"J.Charles","statId":10,"yards":1}],"00-0022169":[{"sequence":2,"clubcode":"SD","playerName":"A.Garay","statId":79,"yards":0}]}},"126":{"sp":0,"qtr":1,"down":2,"time":"13:16","yrdln":"KC 35","ydstogo":9,"ydsnet":13,"posteam":"KC","desc":"(13:16) T.Jones up the middle to KC 34 for -1 yards (E.Weddle).","note":null,"players":{"00-0019641":[{"sequence":1,"clubcode":"KC","playerName":"T.Jones","statId":10,"yards":-1}],"00-0025424":[{"sequence":3,"clubcode":"SD","playerName":"E.Weddle","statId":79,"yards":0},{"sequence":4,"clubcode":"SD","playerName":"E.Weddle","statId":120,"yards":0}],"0":[{"sequence":2,"clubcode":"KC","playerName":"","statId":95,"yards":-1}]}},"147":{"sp":0,"qtr":1,"down":3,"time":"12:34","yrdln":"KC 34","ydstogo":10,"ydsnet":12,"posteam":"KC","desc":"(12:34) B.Croyle pass short right to T.Copper to KC 33 for -1 yards (D.Hughes).","note":null,"players":{"00-0022388":[{"sequence":4,"clubcode":"KC","playerName":"T.Copper","statId":21,"yards":-1},{"sequence":5,"clubcode":"KC","playerName":"T.Copper","statId":115,"yards":0},{"sequence":6,"clubcode":"KC","playerName":"T.Copper","statId":113,"yards":-1}],"00-0025482":[{"sequence":7,"clubcode":"SD","playerName":"D.Hughes","statId":79,"yards":0},{"sequence":8,"clubcode":"SD","playerName":"D.Hughes","statId":120,"yards":0}],"0":[{"sequence":1,"clubcode":"KC","playerName":"","statId":7,"yards":0}],"00-0024300":[{"sequence":2,"clubcode":"KC","playerName":"B.Croyle","statId":15,"yards":-1},{"sequence":3,"clubcode":"KC","playerName":"B.Croyle","statId":111,"yards":0}]}},"171":{"sp":0,"qtr":1,"down":4,"time":"11:57","yrdln":"KC 33","ydstogo":11,"ydsnet":12,"posteam":"KC","desc":"(11:57) D.Colquitt punts 48 yards to SD 19, Center-T.Gafford. A.Cason to SD 33 for 14 yards (V.Tucker, T.Gafford).","note":"PUNT","players":{"00-0023534":[{"sequence":1,"clubcode":"KC","playerName":"D.Colquitt","statId":29,"yards":48}],"00-0027429":[{"sequence":3,"clubcode":"KC","playerName":"V.Tucker","statId":80,"yards":0}],"00-0026167":[{"sequence":2,"clubcode":"SD","playerName":"A.Cason","statId":33,"yards":14}],"00-0023740":[{"sequence":4,"clubcode":"KC","playerName":"T.Gafford","statId":82,"yards":0}]}}},"fds":1,"result":"Punt","penyds":0,"ydsgained":12,"numplays":7,"postime":"3:17","start":{"qtr":1,"time":"15:00","yrdln":"KC 21","team":"KC"},"end":{"qtr":1,"time":"11:43","yrdln":"KC 33","team":"KC"}},"2":{"posteam":"SD","qtr":1,"redzone":true,"plays":{"197":{"sp":0,"qtr":1,"down":1,"time":"11:43","yrdln":"SD 33","ydstogo":10,"ydsnet":4,"posteam":"SD","desc":"(11:43) R.Mathews up the middle to SD 37 for 4 yards (G.Dorsey, S.Smith).","note":null,"players":{"00-0021679":[{"sequence":3,"clubcode":"KC","playerName":"S.Smith","statId":82,"yards":0}],"00-0027864":[{"sequence":1,"clubcode":"SD","playerName":"R.Mathews","statId":10,"yards":4}],"00-0026145":[{"sequence":2,"clubcode":"KC","playerName":"G.Dorsey","statId":80,"yards":0}]}},"218":{"sp":0,"qtr":1,"down":2,"time":"11:04","yrdln":"SD 37","ydstogo":6,"ydsnet":9,"posteam":"SD","desc":"(11:04) (Shotgun) R.Mathews up the middle to SD 42 for 5 yards (G.Dorsey, J.Belcher).","note":null,"players":{"00-0026869":[{"sequence":3,"clubcode":"KC","playerName":"J.Belcher","statId":82,"yards":0}],"00-0027864":[{"sequence":1,"clubcode":"SD","playerName":"R.Mathews","statId":10,"yards":5}],"00-0026145":[{"sequence":2,"clubcode":"KC","playerName":"G.Dorsey","statId":80,"yards":0}]}},"239":{"sp":0,"qtr":1,"down":3,"time":"10:22","yrdln":"SD 42","ydstogo":1,"ydsnet":23,"posteam":"SD","desc":"(10:22) (Shotgun) V.Jackson left end pushed ob at KC 44 for 14 yards (B.Carr).","note":null,"players":{"00-0026280":[{"sequence":4,"clubcode":"KC","playerName":"B.Carr","statId":79,"yards":0}],"00-0023496":[{"sequence":3,"clubcode":"SD","playerName":"V.Jackson","statId":10,"yards":14}],"0":[{"sequence":1,"clubcode":"SD","playerName":"","statId":3,"yards":0},{"sequence":2,"clubcode":"SD","playerName":"","statId":6,"yards":0}]}},"260":{"sp":0,"qtr":1,"down":1,"time":"09:47","yrdln":"KC 44","ydstogo":10,"ydsnet":30,"posteam":"SD","desc":"(9:47) (Shotgun) P.Rivers pass short middle to D.Sproles to KC 37 for 7 yards (J.Arenas, J.McGraw).","note":null,"players":{"00-0022942":[{"sequence":1,"clubcode":"SD","playerName":"P.Rivers","statId":15,"yards":7},{"sequence":2,"clubcode":"SD","playerName":"P.Rivers","statId":111,"yards":2}],"00-0023564":[{"sequence":3,"clubcode":"SD","playerName":"D.Sproles","statId":21,"yards":7},{"sequence":4,"clubcode":"SD","playerName":"D.Sproles","statId":115,"yards":0},{"sequence":5,"clubcode":"SD","playerName":"D.Sproles","statId":113,"yards":5}],"00-0027660":[{"sequence":6,"clubcode":"KC","playerName":"J.Arenas","statId":80,"yards":0}],"00-0021187":[{"sequence":7,"clubcode":"KC","playerName":"J.McGraw","statId":82,"yards":0}]}},"284":{"sp":0,"qtr":1,"down":2,"time":"09:06","yrdln":"KC 37","ydstogo":3,"ydsnet":31,"posteam":"SD","desc":"(9:06) P.Rivers scrambles right end ran ob at KC 36 for 1 yard (T.Hali).","note":null,"players":{"00-0024235":[{"sequence":2,"clubcode":"KC","playerName":"T.Hali","statId":79,"yards":0}],"00-0022942":[{"sequence":1,"clubcode":"SD","playerName":"P.Rivers","statId":10,"yards":1}]}},"305":{"sp":0,"qtr":1,"down":3,"time":"08:29","yrdln":"KC 36","ydstogo":2,"ydsnet":35,"posteam":"SD","desc":"(8:29) (Shotgun) P.Rivers right end to KC 32 for 4 yards (J.McGraw).","note":null,"players":{"00-0022942":[{"sequence":3,"clubcode":"SD","playerName":"P.Rivers","statId":10,"yards":4}],"0":[{"sequence":1,"clubcode":"SD","playerName":"","statId":3,"yards":0},{"sequence":2,"clubcode":"SD","playerName":"","statId":6,"yards":0}],"00-0021187":[{"sequence":4,"clubcode":"KC","playerName":"J.McGraw","statId":79,"yards":0}]}},"326":{"sp":0,"qtr":1,"down":1,"time":"07:48","yrdln":"KC 32","ydstogo":10,"ydsnet":39,"posteam":"SD","desc":"(7:48) R.Mathews left end to KC 28 for 4 yards (J.McGraw).","note":null,"players":{"00-0027864":[{"sequence":1,"clubcode":"SD","playerName":"R.Mathews","statId":10,"yards":4}],"00-0021187":[{"sequence":2,"clubcode":"KC","playerName":"J.McGraw","statId":79,"yards":0}]}},"347":{"sp":0,"qtr":1,"down":2,"time":"07:06","yrdln":"KC 28","ydstogo":6,"ydsnet":40,"posteam":"SD","desc":"(7:06) D.Sproles up the middle to KC 27 for 1 yard (D.Johnson).","note":null,"players":{"00-0023449":[{"sequence":2,"clubcode":"KC","playerName":"D.Johnson","statId":79,"yards":0}],"00-0023564":[{"sequence":1,"clubcode":"SD","playerName":"D.Sproles","statId":10,"yards":1}]}},"368":{"sp":0,"qtr":1,"down":3,"time":"06:23","yrdln":"KC 27","ydstogo":5,"ydsnet":50,"posteam":"SD","desc":"(6:23) (Shotgun) P.Rivers pass short right to V.Jackson to KC 17 for 10 yards (E.Berry).","note":null,"players":{"00-0022942":[{"sequence":3,"clubcode":"SD","playerName":"P.Rivers","statId":15,"yards":10},{"sequence":4,"clubcode":"SD","playerName":"P.Rivers","statId":111,"yards":5}],"00-0023496":[{"sequence":5,"clubcode":"SD","playerName":"V.Jackson","statId":21,"yards":10},{"sequence":6,"clubcode":"SD","playerName":"V.Jackson","statId":115,"yards":0},{"sequence":7,"clubcode":"SD","playerName":"V.Jackson","statId":113,"yards":5}],"0":[{"sequence":1,"clubcode":"SD","playerName":"","statId":4,"yards":0},{"sequence":2,"clubcode":"SD","playerName":"","statId":6,"yards":0}],"00-0027858":[{"sequence":8,"clubcode":"KC","playerName":"E.Berry","statId":79,"yards":0}]}},"392":{"sp":1,"qtr":1,"down":1,"time":"05:39","yrdln":"KC 17","ydstogo":10,"ydsnet":67,"posteam":"SD","desc":"(5:39) (Shotgun) P.Rivers pass deep right to M.Floyd for 17 yards, TOUCHDOWN.","note":"TD","players":{"00-0022942":[{"sequence":2,"clubcode":"SD","playerName":"P.Rivers","statId":16,"yards":17},{"sequence":3,"clubcode":"SD","playerName":"P.Rivers","statId":111,"yards":17}],"00-0022414":[{"sequence":4,"clubcode":"SD","playerName":"M.Floyd","statId":22,"yards":17},{"sequence":5,"clubcode":"SD","playerName":"M.Floyd","statId":115,"yards":0},{"sequence":6,"clubcode":"SD","playerName":"M.Floyd","statId":113,"yards":0}],"0":[{"sequence":1,"clubcode":"SD","playerName":"","statId":4,"yards":0}]}},"413":{"sp":1,"qtr":1,"down":0,"time":"05:33","yrdln":"KC 2","ydstogo":0,"ydsnet":67,"posteam":"SD","desc":"N.Kaeding extra point is GOOD, Center-M.Windt, Holder-M.Scifres.","note":"XP","players":{"00-0022737":[{"sequence":1,"clubcode":"SD","playerName":"N.Kaeding","statId":72,"yards":0}]}}},"fds":4,"result":"Touchdown","penyds":0,"ydsgained":67,"numplays":11,"postime":"6:10","start":{"qtr":1,"time":"11:43","yrdln":"SD 33","team":"SD"},"end":{"qtr":1,"time":"05:33","yrdln":"KC 17","team":"SD"}},"3":{"posteam":"KC","qtr":1,"redzone":true,"plays":{"429":{"sp":0,"qtr":1,"down":0,"time":"05:33","yrdln":"SD 30","ydstogo":0,"ydsnet":0,"posteam":"SD","desc":"N.Kaeding kicks 59 yards from SD 30 to KC 11. D.McCluster to KC 39 for 28 yards (B.Siler).","note":"KICKOFF","players":{"00-0022737":[{"sequence":1,"clubcode":"SD","playerName":"N.Kaeding","statId":41,"yards":59}],"00-0027651":[{"sequence":2,"clubcode":"KC","playerName":"D.McCluster","statId":45,"yards":28}],"00-0025627":[{"sequence":3,"clubcode":"SD","playerName":"B.Siler","statId":79,"yards":0}]}},"451":{"sp":0,"qtr":1,"down":1,"time":"05:27","yrdln":"KC 39","ydstogo":10,"ydsnet":-1,"posteam":"KC","desc":"(5:27) T.Jones right tackle to KC 38 for -1 yards (A.Garay).","note":null,"players":{"00-0019641":[{"sequence":1,"clubcode":"KC","playerName":"T.Jones","statId":10,"yards":-1}],"00-0022169":[{"sequence":3,"clubcode":"SD","playerName":"A.Garay","statId":79,"yards":0},{"sequence":4,"clubcode":"SD","playerName":"A.Garay","statId":120,"yards":0}],"0":[{"sequence":2,"clubcode":"KC","playerName":"","statId":95,"yards":-1}]}},"472":{"sp":0,"qtr":1,"down":2,"time":"04:53","yrdln":"KC 38","ydstogo":11,"ydsnet":3,"posteam":"KC","desc":"(4:53) B.Croyle pass short middle to J.Charles to KC 42 for 4 yards (S.Cooper).","note":null,"players":{"00-0021544":[{"sequence":6,"clubcode":"SD","playerName":"S.Cooper","statId":79,"yards":0}],"00-0026213":[{"sequence":3,"clubcode":"KC","playerName":"J.Charles","statId":21,"yards":4},{"sequence":4,"clubcode":"KC","playerName":"J.Charles","statId":115,"yards":0},{"sequence":5,"clubcode":"KC","playerName":"J.Charles","statId":113,"yards":0}],"00-0024300":[{"sequence":1,"clubcode":"KC","playerName":"B.Croyle","statId":15,"yards":4},{"sequence":2,"clubcode":"KC","playerName":"B.Croyle","statId":111,"yards":4}]}},"496":{"sp":0,"qtr":1,"down":3,"time":"04:09","yrdln":"KC 42","ydstogo":7,"ydsnet":3,"posteam":"KC","desc":"(4:09) (Shotgun) B.Croyle pass incomplete deep left to T.Copper.","note":null,"players":{"00-0022388":[{"sequence":3,"clubcode":"KC","playerName":"T.Copper","statId":115,"yards":0}],"0":[{"sequence":1,"clubcode":"KC","playerName":"","statId":7,"yards":0}],"00-0024300":[{"sequence":2,"clubcode":"KC","playerName":"B.Croyle","statId":14,"yards":0},{"sequence":4,"clubcode":"KC","playerName":"B.Croyle","statId":112,"yards":18}]}},"518":{"sp":0,"qtr":1,"down":4,"time":"04:03","yrdln":"KC 42","ydstogo":7,"ydsnet":3,"posteam":"KC","desc":"(4:03) D.Colquitt punts 49 yards to SD 9, Center-T.Gafford, fair catch by A.Cason. PENALTY on SD-B.Siler, Offensive Holding, 4 yards, enforced at SD 9.","note":"PUNT","players":{"00-0023534":[{"sequence":1,"clubcode":"KC","playerName":"D.Colquitt","statId":29,"yards":49},{"sequence":2,"clubcode":"KC","playerName":"D.Colquitt","statId":30,"yards":0}],"00-0026167":[{"sequence":3,"clubcode":"SD","playerName":"A.Cason","statId":39,"yards":0}],"00-0025627":[{"sequence":4,"clubcode":"SD","playerName":"B.Siler","statId":93,"yards":4}]}}},"fds":0,"result":"Punt","penyds":0,"ydsgained":3,"numplays":5,"postime":"1:38","start":{"qtr":1,"time":"05:33","yrdln":"KC 39","team":"KC"},"end":{"qtr":1,"time":"03:55","yrdln":"KC 42","team":"KC"}},"4":{"posteam":"SD","qtr":2,"redzone":true,"plays":{"549":{"sp":0,"qtr":1,"down":1,"time":"03:55","yrdln":"SD 5","ydstogo":10,"ydsnet":3,"posteam":"SD","desc":"(3:55) M.Tolbert up the middle to SD 8 for 3 yards (T.Jackson, R.Edwards).","note":null,"players":{"00-0020286":[{"sequence":3,"clubcode":"KC","playerName":"R.Edwards","statId":82,"yards":0}],"00-0026069":[{"sequence":1,"clubcode":"SD","playerName":"M.Tolbert","statId":10,"yards":3}],"00-0026980":[{"sequence":2,"clubcode":"KC","playerName":"T.Jackson","statId":80,"yards":0}]}},"570":{"sp":0,"qtr":1,"down":2,"time":"03:20","yrdln":"SD 8","ydstogo":7,"ydsnet":10,"posteam":"SD","desc":"(3:20) M.Tolbert up the middle to SD 15 for 7 yards (E.Berry).","note":null,"players":{"00-0026069":[{"sequence":2,"clubcode":"SD","playerName":"M.Tolbert","statId":10,"yards":7}],"0":[{"sequence":1,"clubcode":"SD","playerName":"","statId":3,"yards":0}],"00-0027858":[{"sequence":3,"clubcode":"KC","playerName":"E.Berry","statId":79,"yards":0}]}},"591":{"sp":0,"qtr":1,"down":1,"time":"02:41","yrdln":"SD 15","ydstogo":10,"ydsnet":14,"posteam":"SD","desc":"(2:41) M.Tolbert left end to SD 19 for 4 yards (B.Carr).","note":null,"players":{"00-0026280":[{"sequence":2,"clubcode":"KC","playerName":"B.Carr","statId":79,"yards":0}],"00-0026069":[{"sequence":1,"clubcode":"SD","playerName":"M.Tolbert","statId":10,"yards":4}]}},"612":{"sp":0,"qtr":1,"down":2,"time":"02:03","yrdln":"SD 19","ydstogo":6,"ydsnet":21,"posteam":"SD","desc":"(2:03) P.Rivers pass short right to M.Floyd to SD 26 for 7 yards (B.Carr).","note":null,"players":{"00-0026280":[{"sequence":7,"clubcode":"KC","playerName":"B.Carr","statId":79,"yards":0}],"00-0022942":[{"sequence":2,"clubcode":"SD","playerName":"P.Rivers","statId":15,"yards":7},{"sequence":3,"clubcode":"SD","playerName":"P.Rivers","statId":111,"yards":7}],"00-0022414":[{"sequence":4,"clubcode":"SD","playerName":"M.Floyd","statId":21,"yards":7},{"sequence":5,"clubcode":"SD","playerName":"M.Floyd","statId":115,"yards":0},{"sequence":6,"clubcode":"SD","playerName":"M.Floyd","statId":113,"yards":0}],"0":[{"sequence":1,"clubcode":"SD","playerName":"","statId":4,"yards":0}]}},"636":{"sp":0,"qtr":1,"down":1,"time":"01:22","yrdln":"SD 26","ydstogo":10,"ydsnet":32,"posteam":"SD","desc":"(1:22) (Shotgun) P.Rivers pass short left to R.McMichael to SD 37 for 11 yards (D.Johnson, M.Vrabel).","note":null,"players":{"00-0023449":[{"sequence":7,"clubcode":"KC","playerName":"D.Johnson","statId":80,"yards":0}],"00-0022942":[{"sequence":2,"clubcode":"SD","playerName":"P.Rivers","statId":15,"yards":11},{"sequence":3,"clubcode":"SD","playerName":"P.Rivers","statId":111,"yards":3}],"00-0021236":[{"sequence":4,"clubcode":"SD","playerName":"R.McMichael","statId":21,"yards":11},{"sequence":5,"clubcode":"SD","playerName":"R.McMichael","statId":115,"yards":0},{"sequence":6,"clubcode":"SD","playerName":"R.McMichael","statId":113,"yards":8}],"00-0016960":[{"sequence":8,"clubcode":"KC","playerName":"M.Vrabel","statId":82,"yards":0}],"0":[{"sequence":1,"clubcode":"SD","playerName":"","statId":4,"yards":0}]}},"660":{"sp":0,"qtr":1,"down":1,"time":"00:40","yrdln":"SD 37","ydstogo":10,"ydsnet":33,"posteam":"SD","desc":"(:40) R.Mathews right end to SD 38 for 1 yard (T.Jackson).","note":null,"players":{"00-0027864":[{"sequence":1,"clubcode":"SD","playerName":"R.Mathews","statId":10,"yards":1}],"00-0026980":[{"sequence":2,"clubcode":"KC","playerName":"T.Jackson","statId":79,"yards":0}]}},"681":{"sp":0,"qtr":1,"down":0,"time":"","yrdln":"","ydstogo":0,"ydsnet":33,"posteam":"","desc":"END QUARTER 1","note":null,"players":{}},"697":{"sp":0,"qtr":2,"down":2,"time":"15:00","yrdln":"SD 38","ydstogo":9,"ydsnet":39,"posteam":"SD","desc":"(15:00) P.Rivers pass short left to R.Mathews to SD 44 for 6 yards (B.Carr, J.Belcher).","note":null,"players":{"00-0026869":[{"sequence":7,"clubcode":"KC","playerName":"J.Belcher","statId":82,"yards":0}],"00-0026280":[{"sequence":6,"clubcode":"KC","playerName":"B.Carr","statId":80,"yards":0}],"00-0022942":[{"sequence":1,"clubcode":"SD","playerName":"P.Rivers","statId":15,"yards":6},{"sequence":2,"clubcode":"SD","playerName":"P.Rivers","statId":111,"yards":-6}],"00-0027864":[{"sequence":3,"clubcode":"SD","playerName":"R.Mathews","statId":21,"yards":6},{"sequence":4,"clubcode":"SD","playerName":"R.Mathews","statId":115,"yards":0},{"sequence":5,"clubcode":"SD","playerName":"R.Mathews","statId":113,"yards":12}]}},"721":{"sp":0,"qtr":2,"down":3,"time":"14:12","yrdln":"SD 44","ydstogo":3,"ydsnet":39,"posteam":"SD","desc":"(14:12) (Shotgun) P.Rivers pass incomplete short left to R.Mathews. Penalty on SD-K.Wilson, Offensive Pass Interference, declined.","note":null,"players":{"00-0022942":[{"sequence":2,"clubcode":"SD","playerName":"P.Rivers","statId":14,"yards":0},{"sequence":4,"clubcode":"SD","playerName":"P.Rivers","statId":112,"yards":-8}],"0":[{"sequence":1,"clubcode":"SD","playerName":"","statId":7,"yards":0}],"00-0027864":[{"sequence":3,"clubcode":"SD","playerName":"R.Mathews","statId":115,"yards":0}]}},"754":{"sp":0,"qtr":2,"down":4,"time":"14:07","yrdln":"SD 44","ydstogo":3,"ydsnet":39,"posteam":"SD","desc":"(14:07) M.Scifres punts 56 yards to end zone, Center-M.Windt, Touchback.","note":"PUNT","players":{"00-0022017":[{"sequence":1,"clubcode":"SD","playerName":"M.Scifres","statId":32,"yards":56}],"0":[{"sequence":2,"clubcode":"KC","playerName":"","statId":40,"yards":0}]}}},"fds":3,"result":"Punt","penyds":0,"ydsgained":39,"numplays":10,"postime":"4:56","start":{"qtr":1,"time":"03:55","yrdln":"SD 5","team":"SD"},"end":{"qtr":1,"time":"13:59","yrdln":"SD 44","team":"SD"}},"5":{"posteam":"KC","qtr":2,"redzone":true,"plays":{"772":{"sp":0,"qtr":2,"down":1,"time":"13:59","yrdln":"KC 20","ydstogo":10,"ydsnet":-12,"posteam":"KC","desc":"(13:59) B.Croyle sacked at KC 8 for -12 yards (sack split by L.English and O.Nwagbuo).","note":null,"players":{"00-0025857":[{"sequence":3,"clubcode":"SD","playerName":"O.Nwagbuo","statId":84,"yards":-12},{"sequence":5,"clubcode":"SD","playerName":"O.Nwagbuo","statId":110,"yards":0},{"sequence":7,"clubcode":"SD","playerName":"O.Nwagbuo","statId":82,"yards":0}],"00-0024300":[{"sequence":1,"clubcode":"KC","playerName":"B.Croyle","statId":20,"yards":-12}],"00-0026992":[{"sequence":2,"clubcode":"SD","playerName":"L.English","statId":84,"yards":-12},{"sequence":4,"clubcode":"SD","playerName":"L.English","statId":110,"yards":0},{"sequence":6,"clubcode":"SD","playerName":"L.English","statId":82,"yards":0}]}},"791":{"sp":0,"qtr":2,"down":2,"time":"13:23","yrdln":"KC 8","ydstogo":22,"ydsnet":-8,"posteam":"KC","desc":"(13:23) J.Charles left end to KC 12 for 4 yards (D.Hughes).","note":null,"players":{"00-0026213":[{"sequence":1,"clubcode":"KC","playerName":"J.Charles","statId":10,"yards":4}],"00-0025482":[{"sequence":2,"clubcode":"SD","playerName":"D.Hughes","statId":79,"yards":0}]}},"812":{"sp":0,"qtr":2,"down":3,"time":"12:41","yrdln":"KC 12","ydstogo":18,"ydsnet":0,"posteam":"KC","desc":"(12:41) B.Croyle pass short right to T.Moeaki to KC 20 for 8 yards (P.Oliver, S.Cooper).","note":null,"players":{"00-0021544":[{"sequence":8,"clubcode":"SD","playerName":"S.Cooper","statId":82,"yards":0}],"00-0025788":[{"sequence":7,"clubcode":"SD","playerName":"P.Oliver","statId":80,"yards":0}],"0":[{"sequence":1,"clubcode":"KC","playerName":"","statId":7,"yards":0}],"00-0027695":[{"sequence":4,"clubcode":"KC","playerName":"T.Moeaki","statId":21,"yards":8},{"sequence":5,"clubcode":"KC","playerName":"T.Moeaki","statId":115,"yards":0},{"sequence":6,"clubcode":"KC","playerName":"T.Moeaki","statId":113,"yards":0}],"00-0024300":[{"sequence":2,"clubcode":"KC","playerName":"B.Croyle","statId":15,"yards":8},{"sequence":3,"clubcode":"KC","playerName":"B.Croyle","statId":111,"yards":8}]}},"836":{"sp":0,"qtr":2,"down":4,"time":"12:03","yrdln":"KC 20","ydstogo":10,"ydsnet":0,"posteam":"KC","desc":"(12:03) D.Colquitt punts 49 yards to SD 31, Center-T.Gafford. A.Cason to SD 31 for no gain (V.Tucker).","note":"PUNT","players":{"00-0023534":[{"sequence":1,"clubcode":"KC","playerName":"D.Colquitt","statId":29,"yards":49}],"00-0027429":[{"sequence":3,"clubcode":"KC","playerName":"V.Tucker","statId":79,"yards":0}],"00-0026167":[{"sequence":2,"clubcode":"SD","playerName":"A.Cason","statId":33,"yards":0}]}}},"fds":0,"result":"Punt","penyds":0,"ydsgained":0,"numplays":4,"postime":"2:08","start":{"qtr":2,"time":"13:59","yrdln":"KC 20","team":"KC"},"end":{"qtr":2,"time":"11:51","yrdln":"KC 20","team":"KC"}},"6":{"posteam":"SD","qtr":2,"redzone":true,"plays":{"862":{"sp":0,"qtr":2,"down":1,"time":"11:51","yrdln":"SD 31","ydstogo":10,"ydsnet":-1,"posteam":"SD","desc":"(11:51) M.Tolbert up the middle to SD 30 for -1 yards (S.Smith).","note":null,"players":{"00-0021679":[{"sequence":3,"clubcode":"KC","playerName":"S.Smith","statId":79,"yards":0},{"sequence":4,"clubcode":"KC","playerName":"S.Smith","statId":120,"yards":0}],"00-0026069":[{"sequence":1,"clubcode":"SD","playerName":"M.Tolbert","statId":10,"yards":-1}],"0":[{"sequence":2,"clubcode":"SD","playerName":"","statId":95,"yards":-1}]}},"883":{"sp":0,"qtr":2,"down":2,"time":"11:15","yrdln":"SD 30","ydstogo":11,"ydsnet":12,"posteam":"SD","desc":"(11:15) (Shotgun) P.Rivers pass short right to M.Tolbert to SD 43 for 13 yards (D.Johnson).","note":null,"players":{"00-0023449":[{"sequence":7,"clubcode":"KC","playerName":"D.Johnson","statId":79,"yards":0}],"00-0022942":[{"sequence":2,"clubcode":"SD","playerName":"P.Rivers","statId":15,"yards":13},{"sequence":3,"clubcode":"SD","playerName":"P.Rivers","statId":111,"yards":1}],"00-0026069":[{"sequence":4,"clubcode":"SD","playerName":"M.Tolbert","statId":21,"yards":13},{"sequence":5,"clubcode":"SD","playerName":"M.Tolbert","statId":115,"yards":0},{"sequence":6,"clubcode":"SD","playerName":"M.Tolbert","statId":113,"yards":12}],"0":[{"sequence":1,"clubcode":"SD","playerName":"","statId":4,"yards":0}]}},"907":{"sp":0,"qtr":2,"down":1,"time":"10:32","yrdln":"SD 43","ydstogo":10,"ydsnet":13,"posteam":"SD","desc":"(10:32) (Shotgun) M.Tolbert up the middle to SD 44 for 1 yard (T.Jackson).","note":null,"players":{"00-0026069":[{"sequence":1,"clubcode":"SD","playerName":"M.Tolbert","statId":10,"yards":1}],"00-0026980":[{"sequence":2,"clubcode":"KC","playerName":"T.Jackson","statId":79,"yards":0}]}},"928":{"sp":0,"qtr":2,"down":2,"time":"09:54","yrdln":"SD 44","ydstogo":9,"ydsnet":13,"posteam":"SD","desc":"(9:54) P.Rivers pass incomplete short left to V.Jackson.","note":null,"players":{"00-0022942":[{"sequence":1,"clubcode":"SD","playerName":"P.Rivers","statId":14,"yards":0},{"sequence":3,"clubcode":"SD","playerName":"P.Rivers","statId":112,"yards":6}],"00-0023496":[{"sequence":2,"clubcode":"SD","playerName":"V.Jackson","statId":115,"yards":0}]}},"950":{"sp":0,"qtr":2,"down":3,"time":"09:48","yrdln":"SD 44","ydstogo":9,"ydsnet":32,"posteam":"SD","desc":"(9:48) (Shotgun) P.Rivers pass short right to V.Jackson to KC 37 for 19 yards (D.Johnson).","note":null,"players":{"00-0023449":[{"sequence":8,"clubcode":"KC","playerName":"D.Johnson","statId":79,"yards":0}],"00-0022942":[{"sequence":3,"clubcode":"SD","playerName":"P.Rivers","statId":15,"yards":19},{"sequence":4,"clubcode":"SD","playerName":"P.Rivers","statId":111,"yards":15}],"00-0023496":[{"sequence":5,"clubcode":"SD","playerName":"V.Jackson","statId":21,"yards":19},{"sequence":6,"clubcode":"SD","playerName":"V.Jackson","statId":115,"yards":0},{"sequence":7,"clubcode":"SD","playerName":"V.Jackson","statId":113,"yards":4}],"0":[{"sequence":1,"clubcode":"SD","playerName":"","statId":4,"yards":0},{"sequence":2,"clubcode":"SD","playerName":"","statId":6,"yards":0}]}},"974":{"sp":0,"qtr":2,"down":1,"time":"09:00","yrdln":"KC 37","ydstogo":10,"ydsnet":41,"posteam":"SD","desc":"(9:00) M.Tolbert up the middle to KC 28 for 9 yards (M.Vrabel).","note":null,"players":{"00-0016960":[{"sequence":2,"clubcode":"KC","playerName":"M.Vrabel","statId":79,"yards":0}],"00-0026069":[{"sequence":1,"clubcode":"SD","playerName":"M.Tolbert","statId":10,"yards":9}]}},"995":{"sp":0,"qtr":2,"down":2,"time":"08:24","yrdln":"KC 28","ydstogo":1,"ydsnet":43,"posteam":"SD","desc":"(8:24) J.Hester up the middle to KC 26 for 2 yards (S.Smith, D.Johnson).","note":null,"players":{"00-0023449":[{"sequence":4,"clubcode":"KC","playerName":"D.Johnson","statId":82,"yards":0}],"00-0021679":[{"sequence":3,"clubcode":"KC","playerName":"S.Smith","statId":80,"yards":0}],"0":[{"sequence":1,"clubcode":"SD","playerName":"","statId":3,"yards":0}],"00-0026209":[{"sequence":2,"clubcode":"SD","playerName":"J.Hester","statId":10,"yards":2}]}},"1016":{"sp":0,"qtr":2,"down":1,"time":"07:38","yrdln":"KC 26","ydstogo":10,"ydsnet":61,"posteam":"SD","desc":"(7:38) (Shotgun) P.Rivers pass short middle to M.Floyd to KC 8 for 18 yards (K.Lewis). FUMBLES (K.Lewis), recovered by SD-J.Hester at KC 8. J.Hester to KC 8 for no gain (D.Johnson).","note":"FUMBLE","players":{"00-0023449":[{"sequence":11,"clubcode":"KC","playerName":"D.Johnson","statId":79,"yards":0}],"00-0027736":[{"sequence":7,"clubcode":"KC","playerName":"K.Lewis","statId":79,"yards":0},{"sequence":9,"clubcode":"KC","playerName":"K.Lewis","statId":91,"yards":0}],"00-0022942":[{"sequence":2,"clubcode":"SD","playerName":"P.Rivers","statId":15,"yards":18},{"sequence":3,"clubcode":"SD","playerName":"P.Rivers","statId":111,"yards":7}],"00-0022414":[{"sequence":4,"clubcode":"SD","playerName":"M.Floyd","statId":21,"yards":18},{"sequence":5,"clubcode":"SD","playerName":"M.Floyd","statId":115,"yards":0},{"sequence":6,"clubcode":"SD","playerName":"M.Floyd","statId":113,"yards":11},{"sequence":8,"clubcode":"SD","playerName":"M.Floyd","statId":52,"yards":0}],"0":[{"sequence":1,"clubcode":"SD","playerName":"","statId":4,"yards":0}],"00-0026209":[{"sequence":10,"clubcode":"SD","playerName":"J.Hester","statId":55,"yards":0}]}},"1051":{"sp":1,"qtr":2,"down":1,"time":"06:52","yrdln":"KC 8","ydstogo":8,"ydsnet":69,"posteam":"SD","desc":"(6:52) M.Tolbert left end for 8 yards, TOUCHDOWN.","note":"TD","players":{"00-0026069":[{"sequence":2,"clubcode":"SD","playerName":"M.Tolbert","statId":11,"yards":8}],"0":[{"sequence":1,"clubcode":"SD","playerName":"","statId":3,"yards":0}]}},"1069":{"sp":1,"qtr":2,"down":0,"time":"06:47","yrdln":"KC 2","ydstogo":0,"ydsnet":69,"posteam":"SD","desc":"N.Kaeding extra point is GOOD, Center-M.Windt, Holder-M.Scifres.","note":"XP","players":{"00-0022737":[{"sequence":1,"clubcode":"SD","playerName":"N.Kaeding","statId":72,"yards":0}]}}},"fds":5,"result":"Touchdown","penyds":0,"ydsgained":69,"numplays":10,"postime":"5:04","start":{"qtr":2,"time":"11:51","yrdln":"SD 31","team":"SD"},"end":{"qtr":2,"time":"06:47","yrdln":"KC 8","team":"SD"}},"7":{"posteam":"KC","qtr":2,"redzone":true,"plays":{"1085":{"sp":0,"qtr":2,"down":0,"time":"06:47","yrdln":"SD 30","ydstogo":0,"ydsnet":0,"posteam":"SD","desc":"N.Kaeding kicks 74 yards from SD 30 to KC -4. D.McCluster, Touchback.","note":"KICKOFF","players":{"00-0022737":[{"sequence":1,"clubcode":"SD","playerName":"N.Kaeding","statId":44,"yards":70}],"0":[{"sequence":2,"clubcode":"KC","playerName":"","statId":51,"yards":0}]}},"1103":{"sp":0,"qtr":2,"down":1,"time":"06:47","yrdln":"KC 20","ydstogo":10,"ydsnet":10,"posteam":"KC","desc":"(6:47) J.Charles left end to KC 30 for 10 yards (A.Cason).","note":null,"players":{"00-0026213":[{"sequence":2,"clubcode":"KC","playerName":"J.Charles","statId":10,"yards":10}],"00-0026167":[{"sequence":3,"clubcode":"SD","playerName":"A.Cason","statId":79,"yards":0}],"0":[{"sequence":1,"clubcode":"KC","playerName":"","statId":3,"yards":0}]}},"1124":{"sp":0,"qtr":2,"down":1,"time":"06:12","yrdln":"KC 30","ydstogo":10,"ydsnet":16,"posteam":"KC","desc":"(6:12) J.Charles up the middle to KC 36 for 6 yards (P.Oliver).","note":null,"players":{"00-0025788":[{"sequence":2,"clubcode":"SD","playerName":"P.Oliver","statId":79,"yards":0}],"00-0026213":[{"sequence":1,"clubcode":"KC","playerName":"J.Charles","statId":10,"yards":6}]}},"1145":{"sp":0,"qtr":2,"down":2,"time":"05:36","yrdln":"KC 36","ydstogo":4,"ydsnet":21,"posteam":"KC","desc":"(5:36) B.Croyle pass short right to T.Moeaki to KC 41 for 5 yards (D.Hughes).","note":null,"players":{"00-0025482":[{"sequence":7,"clubcode":"SD","playerName":"D.Hughes","statId":79,"yards":0}],"0":[{"sequence":1,"clubcode":"KC","playerName":"","statId":4,"yards":0}],"00-0027695":[{"sequence":4,"clubcode":"KC","playerName":"T.Moeaki","statId":21,"yards":5},{"sequence":5,"clubcode":"KC","playerName":"T.Moeaki","statId":115,"yards":0},{"sequence":6,"clubcode":"KC","playerName":"T.Moeaki","statId":113,"yards":4}],"00-0024300":[{"sequence":2,"clubcode":"KC","playerName":"B.Croyle","statId":15,"yards":5},{"sequence":3,"clubcode":"KC","playerName":"B.Croyle","statId":111,"yards":1}]}},"1169":{"sp":0,"qtr":2,"down":1,"time":"05:05","yrdln":"KC 41","ydstogo":10,"ydsnet":23,"posteam":"KC","desc":"(5:05) J.Charles up the middle to KC 43 for 2 yards (A.Garay).","note":null,"players":{"00-0026213":[{"sequence":1,"clubcode":"KC","playerName":"J.Charles","statId":10,"yards":2}],"00-0022169":[{"sequence":2,"clubcode":"SD","playerName":"A.Garay","statId":79,"yards":0}]}},"1190":{"sp":0,"qtr":2,"down":2,"time":"04:30","yrdln":"KC 43","ydstogo":8,"ydsnet":23,"posteam":"KC","desc":"(4:30) B.Croyle pass incomplete deep left to D.Bowe.","note":null,"players":{"00-0025410":[{"sequence":2,"clubcode":"KC","playerName":"D.Bowe","statId":115,"yards":0}],"00-0024300":[{"sequence":1,"clubcode":"KC","playerName":"B.Croyle","statId":14,"yards":0},{"sequence":3,"clubcode":"KC","playerName":"B.Croyle","statId":112,"yards":32}]}},"1212":{"sp":0,"qtr":2,"down":3,"time":"04:24","yrdln":"KC 43","ydstogo":8,"ydsnet":26,"posteam":"KC","desc":"(4:24) (Shotgun) B.Croyle pass short left to D.Bowe to KC 46 for 3 yards (S.Cooper).","note":null,"players":{"00-0021544":[{"sequence":7,"clubcode":"SD","playerName":"S.Cooper","statId":79,"yards":0}],"00-0025410":[{"sequence":4,"clubcode":"KC","playerName":"D.Bowe","statId":21,"yards":3},{"sequence":5,"clubcode":"KC","playerName":"D.Bowe","statId":115,"yards":0},{"sequence":6,"clubcode":"KC","playerName":"D.Bowe","statId":113,"yards":0}],"0":[{"sequence":1,"clubcode":"KC","playerName":"","statId":7,"yards":0}],"00-0024300":[{"sequence":2,"clubcode":"KC","playerName":"B.Croyle","statId":15,"yards":3},{"sequence":3,"clubcode":"KC","playerName":"B.Croyle","statId":111,"yards":3}]}},"1236":{"sp":0,"qtr":2,"down":4,"time":"03:45","yrdln":"KC 46","ydstogo":5,"ydsnet":26,"posteam":"KC","desc":"(3:45) D.Colquitt punts 35 yards to SD 19, Center-T.Gafford, fair catch by A.Cason.","note":"PUNT","players":{"00-0023534":[{"sequence":1,"clubcode":"KC","playerName":"D.Colquitt","statId":29,"yards":35},{"sequence":2,"clubcode":"KC","playerName":"D.Colquitt","statId":30,"yards":0}],"00-0026167":[{"sequence":3,"clubcode":"SD","playerName":"A.Cason","statId":39,"yards":0}]}}},"fds":2,"result":"Punt","penyds":0,"ydsgained":26,"numplays":8,"postime":"3:09","start":{"qtr":2,"time":"06:47","yrdln":"KC 20","team":"KC"},"end":{"qtr":2,"time":"03:38","yrdln":"KC 46","team":"KC"}},"8":{"posteam":"SD","qtr":2,"redzone":true,"plays":{"1256":{"sp":0,"qtr":2,"down":1,"time":"03:38","yrdln":"SD 19","ydstogo":10,"ydsnet":18,"posteam":"SD","desc":"(3:38) M.Tolbert left end to SD 37 for 18 yards (B.Carr).","note":null,"players":{"00-0026280":[{"sequence":3,"clubcode":"KC","playerName":"B.Carr","statId":79,"yards":0}],"00-0026069":[{"sequence":2,"clubcode":"SD","playerName":"M.Tolbert","statId":10,"yards":18}],"0":[{"sequence":1,"clubcode":"SD","playerName":"","statId":3,"yards":0}]}},"1277":{"sp":0,"qtr":2,"down":1,"time":"02:54","yrdln":"SD 37","ydstogo":10,"ydsnet":24,"posteam":"SD","desc":"(2:54) M.Tolbert right end to SD 43 for 6 yards (B.Flowers).","note":null,"players":{"00-0026175":[{"sequence":2,"clubcode":"KC","playerName":"B.Flowers","statId":79,"yards":0}],"00-0026069":[{"sequence":1,"clubcode":"SD","playerName":"M.Tolbert","statId":10,"yards":6}]}},"1298":{"sp":0,"qtr":2,"down":2,"time":"02:12","yrdln":"SD 43","ydstogo":4,"ydsnet":33,"posteam":"SD","desc":"(2:12) R.Mathews left end to KC 48 for 9 yards (E.Berry, B.Carr).","note":null,"players":{"00-0026280":[{"sequence":4,"clubcode":"KC","playerName":"B.Carr","statId":82,"yards":0}],"0":[{"sequence":1,"clubcode":"SD","playerName":"","statId":3,"yards":0}],"00-0027864":[{"sequence":2,"clubcode":"SD","playerName":"R.Mathews","statId":10,"yards":9}],"00-0027858":[{"sequence":3,"clubcode":"KC","playerName":"E.Berry","statId":80,"yards":0}]}},"1319":{"sp":0,"qtr":2,"down":0,"time":"02:00","yrdln":"","ydstogo":0,"ydsnet":33,"posteam":"","desc":"Two-Minute Warning","note":null,"players":{}},"1336":{"sp":0,"qtr":2,"down":1,"time":"02:00","yrdln":"KC 48","ydstogo":10,"ydsnet":33,"posteam":"SD","desc":"(2:00) P.Rivers pass incomplete short left to M.Floyd.","note":null,"players":{"00-0022942":[{"sequence":1,"clubcode":"SD","playerName":"P.Rivers","statId":14,"yards":0},{"sequence":3,"clubcode":"SD","playerName":"P.Rivers","statId":112,"yards":15}],"00-0022414":[{"sequence":2,"clubcode":"SD","playerName":"M.Floyd","statId":115,"yards":0}]}},"1358":{"sp":0,"qtr":2,"down":2,"time":"01:55","yrdln":"KC 48","ydstogo":10,"ydsnet":38,"posteam":"SD","desc":"(1:55) R.Mathews left end to KC 43 for 5 yards (G.Dorsey, T.Hali).","note":null,"players":{"00-0024235":[{"sequence":3,"clubcode":"KC","playerName":"T.Hali","statId":82,"yards":0}],"00-0027864":[{"sequence":1,"clubcode":"SD","playerName":"R.Mathews","statId":10,"yards":5}],"00-0026145":[{"sequence":2,"clubcode":"KC","playerName":"G.Dorsey","statId":80,"yards":0}]}},"1379":{"sp":0,"qtr":2,"down":3,"time":"01:11","yrdln":"KC 43","ydstogo":5,"ydsnet":44,"posteam":"SD","desc":"(1:11) (Shotgun) P.Rivers pass short left to D.Sproles pushed ob at KC 37 for 6 yards (B.Carr).","note":null,"players":{"00-0026280":[{"sequence":8,"clubcode":"KC","playerName":"B.Carr","statId":79,"yards":0}],"00-0022942":[{"sequence":3,"clubcode":"SD","playerName":"P.Rivers","statId":15,"yards":6},{"sequence":4,"clubcode":"SD","playerName":"P.Rivers","statId":111,"yards":0}],"00-0023564":[{"sequence":5,"clubcode":"SD","playerName":"D.Sproles","statId":21,"yards":6},{"sequence":6,"clubcode":"SD","playerName":"D.Sproles","statId":115,"yards":0},{"sequence":7,"clubcode":"SD","playerName":"D.Sproles","statId":113,"yards":6}],"0":[{"sequence":1,"clubcode":"SD","playerName":"","statId":4,"yards":0},{"sequence":2,"clubcode":"SD","playerName":"","statId":6,"yards":0}]}},"1408":{"sp":0,"qtr":2,"down":1,"time":"01:04","yrdln":"KC 37","ydstogo":10,"ydsnet":53,"posteam":"SD","desc":"(1:04) (Shotgun) P.Rivers pass short left to D.Sproles to KC 28 for 9 yards (D.Johnson, J.Arenas).","note":null,"players":{"00-0023449":[{"sequence":6,"clubcode":"KC","playerName":"D.Johnson","statId":80,"yards":0}],"00-0022942":[{"sequence":1,"clubcode":"SD","playerName":"P.Rivers","statId":15,"yards":9},{"sequence":2,"clubcode":"SD","playerName":"P.Rivers","statId":111,"yards":2}],"00-0023564":[{"sequence":3,"clubcode":"SD","playerName":"D.Sproles","statId":21,"yards":9},{"sequence":4,"clubcode":"SD","playerName":"D.Sproles","statId":115,"yards":0},{"sequence":5,"clubcode":"SD","playerName":"D.Sproles","statId":113,"yards":7}],"00-0027660":[{"sequence":7,"clubcode":"KC","playerName":"J.Arenas","statId":82,"yards":0}]}},"1432":{"sp":0,"qtr":2,"down":0,"time":"00:57","yrdln":"","ydstogo":0,"ydsnet":53,"posteam":"","desc":"Timeout #1 by SD at 00:57.","note":"TIMEOUT","players":{"0":[{"sequence":1,"clubcode":"SD","playerName":"","statId":68,"yards":0}]}},"1449":{"sp":0,"qtr":2,"down":2,"time":"00:57","yrdln":"KC 28","ydstogo":1,"ydsnet":72,"posteam":"SD","desc":"(:57) D.Sproles up the middle to KC 9 for 19 yards (E.Berry).","note":null,"players":{"00-0023564":[{"sequence":2,"clubcode":"SD","playerName":"D.Sproles","statId":10,"yards":19}],"0":[{"sequence":1,"clubcode":"SD","playerName":"","statId":3,"yards":0}],"00-0027858":[{"sequence":3,"clubcode":"KC","playerName":"E.Berry","statId":79,"yards":0}]}},"1470":{"sp":0,"qtr":2,"down":0,"time":"00:45","yrdln":"","ydstogo":0,"ydsnet":72,"posteam":"","desc":"Timeout #2 by SD at 00:45.","note":"TIMEOUT","players":{"0":[{"sequence":1,"clubcode":"SD","playerName":"","statId":68,"yards":0}]}},"1487":{"sp":1,"qtr":2,"down":1,"time":"00:45","yrdln":"KC 9","ydstogo":9,"ydsnet":81,"posteam":"SD","desc":"(:45) (Shotgun) P.Rivers pass short left to M.Floyd for 9 yards, TOUCHDOWN. The Replay Assistant challenged the pass completion ruling, and the play was Upheld.","note":"TD","players":{"00-0022942":[{"sequence":2,"clubcode":"SD","playerName":"P.Rivers","statId":16,"yards":9},{"sequence":3,"clubcode":"SD","playerName":"P.Rivers","statId":111,"yards":9}],"00-0022414":[{"sequence":4,"clubcode":"SD","playerName":"M.Floyd","statId":22,"yards":9},{"sequence":5,"clubcode":"SD","playerName":"M.Floyd","statId":115,"yards":0},{"sequence":6,"clubcode":"SD","playerName":"M.Floyd","statId":113,"yards":0}],"0":[{"sequence":1,"clubcode":"SD","playerName":"","statId":4,"yards":0}]}},"1512":{"sp":1,"qtr":2,"down":0,"time":"00:40","yrdln":"KC 2","ydstogo":0,"ydsnet":81,"posteam":"SD","desc":"N.Kaeding extra point is GOOD, Center-M.Windt, Holder-M.Scifres.","note":"XP","players":{"00-0022737":[{"sequence":1,"clubcode":"SD","playerName":"N.Kaeding","statId":72,"yards":0}]}}},"fds":5,"result":"Touchdown","penyds":0,"ydsgained":81,"numplays":13,"postime":"2:58","start":{"qtr":2,"time":"03:38","yrdln":"SD 19","team":"SD"},"end":{"qtr":2,"time":"00:40","yrdln":"KC 9","team":"SD"}},"9":{"posteam":"KC","qtr":2,"redzone":true,"plays":{"1528":{"sp":0,"qtr":2,"down":0,"time":"00:40","yrdln":"SD 30","ydstogo":0,"ydsnet":0,"posteam":"SD","desc":"N.Kaeding kicks 65 yards from SD 30 to KC 5. D.McCluster to KC 23 for 18 yards (A.Barnes, L.English).","note":"KICKOFF","players":{"00-0022737":[{"sequence":1,"clubcode":"SD","playerName":"N.Kaeding","statId":41,"yards":65}],"00-0027651":[{"sequence":2,"clubcode":"KC","playerName":"D.McCluster","statId":45,"yards":18}],"00-0025521":[{"sequence":3,"clubcode":"SD","playerName":"A.Barnes","statId":80,"yards":0}],"00-0026992":[{"sequence":4,"clubcode":"SD","playerName":"L.English","statId":82,"yards":0}]}},"1550":{"sp":0,"qtr":2,"down":1,"time":"00:33","yrdln":"KC 23","ydstogo":10,"ydsnet":0,"posteam":"KC","desc":"(:33) (Shotgun) B.Croyle pass incomplete short right to D.Bowe.","note":null,"players":{"00-0025410":[{"sequence":2,"clubcode":"KC","playerName":"D.Bowe","statId":115,"yards":0}],"00-0024300":[{"sequence":1,"clubcode":"KC","playerName":"B.Croyle","statId":14,"yards":0},{"sequence":3,"clubcode":"KC","playerName":"B.Croyle","statId":112,"yards":12}]}},"1572":{"sp":0,"qtr":2,"down":2,"time":"00:29","yrdln":"KC 23","ydstogo":10,"ydsnet":16,"posteam":"KC","desc":"(:29) (Shotgun) B.Croyle pass short middle to T.Copper pushed ob at KC 39 for 16 yards (E.Weddle) [V.Martin].","note":null,"players":{"00-0022388":[{"sequence":4,"clubcode":"KC","playerName":"T.Copper","statId":21,"yards":16},{"sequence":5,"clubcode":"KC","playerName":"T.Copper","statId":115,"yards":0},{"sequence":6,"clubcode":"KC","playerName":"T.Copper","statId":113,"yards":7}],"00-0025424":[{"sequence":8,"clubcode":"SD","playerName":"E.Weddle","statId":79,"yards":0}],"0":[{"sequence":1,"clubcode":"KC","playerName":"","statId":4,"yards":0}],"00-0027082":[{"sequence":7,"clubcode":"SD","playerName":"V.Martin","statId":110,"yards":0}],"00-0024300":[{"sequence":2,"clubcode":"KC","playerName":"B.Croyle","statId":15,"yards":16},{"sequence":3,"clubcode":"KC","playerName":"B.Croyle","statId":111,"yards":9}]}},"1601":{"sp":0,"qtr":2,"down":1,"time":"00:19","yrdln":"KC 39","ydstogo":10,"ydsnet":21,"posteam":"KC","desc":"(:19) (Shotgun) B.Croyle pass short left to J.Charles to KC 44 for 5 yards (D.Hughes).","note":null,"players":{"00-0026213":[{"sequence":3,"clubcode":"KC","playerName":"J.Charles","statId":21,"yards":5},{"sequence":4,"clubcode":"KC","playerName":"J.Charles","statId":115,"yards":0},{"sequence":5,"clubcode":"KC","playerName":"J.Charles","statId":113,"yards":4}],"00-0025482":[{"sequence":6,"clubcode":"SD","playerName":"D.Hughes","statId":79,"yards":0}],"00-0024300":[{"sequence":1,"clubcode":"KC","playerName":"B.Croyle","statId":15,"yards":5},{"sequence":2,"clubcode":"KC","playerName":"B.Croyle","statId":111,"yards":1}]}},"1625":{"sp":0,"qtr":2,"down":0,"time":"00:11","yrdln":"","ydstogo":0,"ydsnet":21,"posteam":"","desc":"Timeout #1 by KC at 00:11.","note":"TIMEOUT","players":{"0":[{"sequence":1,"clubcode":"KC","playerName":"","statId":68,"yards":0}]}},"1642":{"sp":0,"qtr":2,"down":2,"time":"00:11","yrdln":"KC 44","ydstogo":5,"ydsnet":21,"posteam":"KC","desc":"(:11) (Shotgun) B.Croyle pass incomplete short right to D.Bowe.","note":null,"players":{"00-0025410":[{"sequence":2,"clubcode":"KC","playerName":"D.Bowe","statId":115,"yards":0}],"00-0024300":[{"sequence":1,"clubcode":"KC","playerName":"B.Croyle","statId":14,"yards":0},{"sequence":3,"clubcode":"KC","playerName":"B.Croyle","statId":112,"yards":-9}]}},"1664":{"sp":0,"qtr":2,"down":3,"time":"00:05","yrdln":"KC 44","ydstogo":5,"ydsnet":10,"posteam":"KC","desc":"(:05) (Shotgun) B.Croyle sacked at KC 33 for -11 yards (A.Barnes).","note":null,"players":{"0":[{"sequence":1,"clubcode":"KC","playerName":"","statId":7,"yards":0}],"00-0025521":[{"sequence":3,"clubcode":"SD","playerName":"A.Barnes","statId":83,"yards":-11},{"sequence":4,"clubcode":"SD","playerName":"A.Barnes","statId":110,"yards":0},{"sequence":5,"clubcode":"SD","playerName":"A.Barnes","statId":79,"yards":0},{"sequence":6,"clubcode":"SD","playerName":"A.Barnes","statId":120,"yards":0}],"00-0024300":[{"sequence":2,"clubcode":"KC","playerName":"B.Croyle","statId":20,"yards":-11}]}},"1683":{"sp":0,"qtr":2,"down":0,"time":"","yrdln":"","ydstogo":0,"ydsnet":10,"posteam":"","desc":"END QUARTER 2","note":null,"players":{}}},"fds":1,"result":"End of Half","penyds":0,"ydsgained":10,"numplays":8,"postime":"0:40","start":{"qtr":2,"time":"00:40","yrdln":"KC 23","team":"KC"},"end":{"qtr":2,"time":"00:00","yrdln":"KC 44","team":"KC"}},"10":{"posteam":"SD","qtr":3,"redzone":true,"plays":{"1699":{"sp":0,"qtr":3,"down":0,"time":"15:00","yrdln":"KC 30","ydstogo":0,"ydsnet":0,"posteam":"KC","desc":"R.Succop kicks 76 yards from KC 30 to SD -6. D.Sproles to SD 21 for 27 yards (D.Williams).","note":"KICKOFF","players":{"00-0023564":[{"sequence":2,"clubcode":"SD","playerName":"D.Sproles","statId":45,"yards":27}],"00-0022707":[{"sequence":3,"clubcode":"KC","playerName":"D.Williams","statId":79,"yards":0}],"00-0026968":[{"sequence":1,"clubcode":"KC","playerName":"R.Succop","statId":43,"yards":76}]}},"1721":{"sp":0,"qtr":3,"down":1,"time":"14:53","yrdln":"SD 21","ydstogo":10,"ydsnet":0,"posteam":"SD","desc":"(14:53) R.Mathews up the middle to SD 21 for no gain (J.Belcher).","note":null,"players":{"00-0026869":[{"sequence":2,"clubcode":"KC","playerName":"J.Belcher","statId":79,"yards":0}],"00-0027864":[{"sequence":1,"clubcode":"SD","playerName":"R.Mathews","statId":10,"yards":0}]}},"1742":{"sp":0,"qtr":3,"down":2,"time":"14:19","yrdln":"SD 21","ydstogo":10,"ydsnet":0,"posteam":"SD","desc":"(14:19) (Shotgun) P.Rivers pass incomplete deep right to M.Floyd (E.Berry).","note":null,"players":{"00-0022942":[{"sequence":1,"clubcode":"SD","playerName":"P.Rivers","statId":14,"yards":0},{"sequence":4,"clubcode":"SD","playerName":"P.Rivers","statId":112,"yards":17}],"00-0022414":[{"sequence":2,"clubcode":"SD","playerName":"M.Floyd","statId":115,"yards":0}],"00-0027858":[{"sequence":3,"clubcode":"KC","playerName":"E.Berry","statId":85,"yards":0}]}},"1764":{"sp":0,"qtr":3,"down":3,"time":"14:11","yrdln":"SD 21","ydstogo":10,"ydsnet":15,"posteam":"SD","desc":"(14:11) (Shotgun) P.Rivers pass short left to D.Sproles to SD 36 for 15 yards (T.Hali).","note":null,"players":{"00-0024235":[{"sequence":8,"clubcode":"KC","playerName":"T.Hali","statId":79,"yards":0}],"00-0022942":[{"sequence":3,"clubcode":"SD","playerName":"P.Rivers","statId":15,"yards":15},{"sequence":4,"clubcode":"SD","playerName":"P.Rivers","statId":111,"yards":-6}],"00-0023564":[{"sequence":5,"clubcode":"SD","playerName":"D.Sproles","statId":21,"yards":15},{"sequence":6,"clubcode":"SD","playerName":"D.Sproles","statId":115,"yards":0},{"sequence":7,"clubcode":"SD","playerName":"D.Sproles","statId":113,"yards":21}],"0":[{"sequence":1,"clubcode":"SD","playerName":"","statId":4,"yards":0},{"sequence":2,"clubcode":"SD","playerName":"","statId":6,"yards":0}]}},"1788":{"sp":0,"qtr":3,"down":1,"time":"13:23","yrdln":"SD 36","ydstogo":10,"ydsnet":18,"posteam":"SD","desc":"(13:23) M.Tolbert up the middle to SD 39 for 3 yards (D.Johnson).","note":null,"players":{"00-0023449":[{"sequence":2,"clubcode":"KC","playerName":"D.Johnson","statId":79,"yards":0}],"00-0026069":[{"sequence":1,"clubcode":"SD","playerName":"M.Tolbert","statId":10,"yards":3}]}},"1809":{"sp":0,"qtr":3,"down":2,"time":"12:41","yrdln":"SD 39","ydstogo":7,"ydsnet":18,"posteam":"SD","desc":"(12:41) M.Tolbert left end to SD 39 for no gain (A.Studebaker).","note":null,"players":{"00-0026343":[{"sequence":2,"clubcode":"KC","playerName":"A.Studebaker","statId":79,"yards":0}],"00-0026069":[{"sequence":1,"clubcode":"SD","playerName":"M.Tolbert","statId":10,"yards":0}]}},"1830":{"sp":0,"qtr":3,"down":3,"time":"12:00","yrdln":"SD 39","ydstogo":7,"ydsnet":35,"posteam":"SD","desc":"(12:00) (Shotgun) P.Rivers pass short left to K.Washington to KC 44 for 17 yards (J.Arenas).","note":null,"players":{"00-0022942":[{"sequence":3,"clubcode":"SD","playerName":"P.Rivers","statId":15,"yards":17},{"sequence":4,"clubcode":"SD","playerName":"P.Rivers","statId":111,"yards":2}],"00-0027660":[{"sequence":8,"clubcode":"KC","playerName":"J.Arenas","statId":79,"yards":0}],"0":[{"sequence":1,"clubcode":"SD","playerName":"","statId":4,"yards":0},{"sequence":2,"clubcode":"SD","playerName":"","statId":6,"yards":0}],"00-0022171":[{"sequence":5,"clubcode":"SD","playerName":"K.Washington","statId":21,"yards":17},{"sequence":6,"clubcode":"SD","playerName":"K.Washington","statId":115,"yards":0},{"sequence":7,"clubcode":"SD","playerName":"K.Washington","statId":113,"yards":15}]}},"1854":{"sp":0,"qtr":3,"down":1,"time":"11:15","yrdln":"KC 44","ydstogo":10,"ydsnet":35,"posteam":"SD","desc":"(11:15) M.Tolbert left end to KC 44 for no gain (T.Hali).","note":null,"players":{"00-0024235":[{"sequence":2,"clubcode":"KC","playerName":"T.Hali","statId":79,"yards":0}],"00-0026069":[{"sequence":1,"clubcode":"SD","playerName":"M.Tolbert","statId":10,"yards":0}]}},"1875":{"sp":0,"qtr":3,"down":2,"time":"10:31","yrdln":"KC 44","ydstogo":10,"ydsnet":49,"posteam":"SD","desc":"(10:31) (Shotgun) P.Rivers pass short left to D.Sproles to KC 30 for 14 yards (B.Carr).","note":null,"players":{"00-0026280":[{"sequence":7,"clubcode":"KC","playerName":"B.Carr","statId":79,"yards":0}],"00-0022942":[{"sequence":2,"clubcode":"SD","playerName":"P.Rivers","statId":15,"yards":14},{"sequence":3,"clubcode":"SD","playerName":"P.Rivers","statId":111,"yards":-1}],"00-0023564":[{"sequence":4,"clubcode":"SD","playerName":"D.Sproles","statId":21,"yards":14},{"sequence":5,"clubcode":"SD","playerName":"D.Sproles","statId":115,"yards":0},{"sequence":6,"clubcode":"SD","playerName":"D.Sproles","statId":113,"yards":15}],"0":[{"sequence":1,"clubcode":"SD","playerName":"","statId":4,"yards":0}]}},"1899":{"sp":0,"qtr":3,"down":1,"time":"09:46","yrdln":"KC 30","ydstogo":10,"ydsnet":50,"posteam":"SD","desc":"(9:46) M.Tolbert right end to KC 29 for 1 yard (E.Berry).","note":null,"players":{"00-0026069":[{"sequence":1,"clubcode":"SD","playerName":"M.Tolbert","statId":10,"yards":1}],"00-0027858":[{"sequence":2,"clubcode":"KC","playerName":"E.Berry","statId":79,"yards":0}]}},"1920":{"sp":0,"qtr":3,"down":2,"time":"08:59","yrdln":"KC 29","ydstogo":9,"ydsnet":44,"posteam":"SD","desc":"(8:59) PENALTY on SD-P.Rivers, Delay of Game, 6 yards, enforced at KC 29 - No Play.","note":"PENALTY","players":{"00-0022942":[{"sequence":1,"clubcode":"SD","playerName":"P.Rivers","statId":93,"yards":6}]}},"1943":{"sp":0,"qtr":3,"down":2,"time":"08:34","yrdln":"KC 35","ydstogo":15,"ydsnet":44,"posteam":"SD","desc":"(8:34) P.Rivers pass deep right INTERCEPTED by E.Berry at KC 16. E.Berry ran ob at KC 16 for no gain. San Diego challenged the pass completion ruling, and the play was Upheld. (Timeout #1 at 08:28.)","note":"INT","players":{"00-0022942":[{"sequence":2,"clubcode":"SD","playerName":"P.Rivers","statId":19,"yards":0},{"sequence":3,"clubcode":"SD","playerName":"P.Rivers","statId":112,"yards":19}],"0":[{"sequence":1,"clubcode":"SD","playerName":"","statId":68,"yards":0}],"00-0027858":[{"sequence":4,"clubcode":"KC","playerName":"E.Berry","statId":25,"yards":0},{"sequence":5,"clubcode":"KC","playerName":"E.Berry","statId":85,"yards":0}]}}},"fds":3,"result":"Interception","penyds":-6,"ydsgained":50,"numplays":12,"postime":"6:32","start":{"qtr":3,"time":"15:00","yrdln":"SD 21","team":"SD"},"end":{"qtr":3,"time":"08:28","yrdln":"KC 35","team":"SD"}},"11":{"posteam":"KC","qtr":3,"redzone":true,"plays":{"1974":{"sp":0,"qtr":3,"down":1,"time":"08:28","yrdln":"KC 16","ydstogo":10,"ydsnet":1,"posteam":"KC","desc":"(8:28) J.Charles left end to KC 17 for 1 yard (E.Weddle, L.Castillo).","note":null,"players":{"00-0023463":[{"sequence":3,"clubcode":"SD","playerName":"L.Castillo","statId":82,"yards":0}],"00-0026213":[{"sequence":1,"clubcode":"KC","playerName":"J.Charles","statId":10,"yards":1}],"00-0025424":[{"sequence":2,"clubcode":"SD","playerName":"E.Weddle","statId":80,"yards":0}]}},"1995":{"sp":0,"qtr":3,"down":2,"time":"07:54","yrdln":"KC 17","ydstogo":9,"ydsnet":3,"posteam":"KC","desc":"(7:54) J.Charles left end to KC 19 for 2 yards (A.Cason).","note":null,"players":{"00-0026213":[{"sequence":1,"clubcode":"KC","playerName":"J.Charles","statId":10,"yards":2}],"00-0026167":[{"sequence":2,"clubcode":"SD","playerName":"A.Cason","statId":79,"yards":0}]}},"2016":{"sp":0,"qtr":3,"down":3,"time":"07:07","yrdln":"KC 19","ydstogo":7,"ydsnet":3,"posteam":"KC","desc":"(7:07) B.Croyle pass incomplete short left to D.Bowe.","note":null,"players":{"00-0025410":[{"sequence":3,"clubcode":"KC","playerName":"D.Bowe","statId":115,"yards":0}],"0":[{"sequence":1,"clubcode":"KC","playerName":"","statId":7,"yards":0}],"00-0024300":[{"sequence":2,"clubcode":"KC","playerName":"B.Croyle","statId":14,"yards":0},{"sequence":4,"clubcode":"KC","playerName":"B.Croyle","statId":112,"yards":11}]}},"2038":{"sp":0,"qtr":3,"down":4,"time":"07:03","yrdln":"KC 19","ydstogo":7,"ydsnet":3,"posteam":"KC","desc":"(7:03) D.Colquitt punts 61 yards to SD 20, Center-T.Gafford. A.Cason ran ob at SD 35 for 15 yards (V.Tucker). PENALTY on SD-P.Watkins, Illegal Block Above the Waist, 10 yards, enforced at SD 35.","note":"PUNT","players":{"00-0023534":[{"sequence":1,"clubcode":"KC","playerName":"D.Colquitt","statId":29,"yards":61}],"00-0027429":[{"sequence":3,"clubcode":"KC","playerName":"V.Tucker","statId":79,"yards":0}],"00-0026167":[{"sequence":2,"clubcode":"SD","playerName":"A.Cason","statId":33,"yards":15}],"00-0024352":[{"sequence":4,"clubcode":"SD","playerName":"P.Watkins","statId":93,"yards":10}]}}},"fds":0,"result":"Punt","penyds":0,"ydsgained":3,"numplays":4,"postime":"1:40","start":{"qtr":3,"time":"08:28","yrdln":"KC 16","team":"KC"},"end":{"qtr":3,"time":"06:48","yrdln":"KC 19","team":"KC"}},"12":{"posteam":"SD","qtr":3,"redzone":true,"plays":{"2075":{"sp":0,"qtr":3,"down":1,"time":"06:48","yrdln":"SD 25","ydstogo":10,"ydsnet":9,"posteam":"SD","desc":"(6:48) R.Mathews up the middle to SD 34 for 9 yards (E.Berry).","note":null,"players":{"00-0027864":[{"sequence":1,"clubcode":"SD","playerName":"R.Mathews","statId":10,"yards":9}],"00-0027858":[{"sequence":2,"clubcode":"KC","playerName":"E.Berry","statId":79,"yards":0}]}},"2096":{"sp":0,"qtr":3,"down":2,"time":"06:17","yrdln":"SD 34","ydstogo":1,"ydsnet":11,"posteam":"SD","desc":"(6:17) J.Hester up the middle to SD 36 for 2 yards (T.Hali).","note":null,"players":{"00-0024235":[{"sequence":3,"clubcode":"KC","playerName":"T.Hali","statId":79,"yards":0}],"0":[{"sequence":1,"clubcode":"SD","playerName":"","statId":3,"yards":0}],"00-0026209":[{"sequence":2,"clubcode":"SD","playerName":"J.Hester","statId":10,"yards":2}]}},"2117":{"sp":0,"qtr":3,"down":1,"time":"05:38","yrdln":"SD 36","ydstogo":10,"ydsnet":10,"posteam":"SD","desc":"(5:38) R.Mathews up the middle to SD 35 for -1 yards (S.Smith).","note":null,"players":{"00-0021679":[{"sequence":3,"clubcode":"KC","playerName":"S.Smith","statId":79,"yards":0},{"sequence":4,"clubcode":"KC","playerName":"S.Smith","statId":120,"yards":0}],"0":[{"sequence":2,"clubcode":"SD","playerName":"","statId":95,"yards":-1}],"00-0027864":[{"sequence":1,"clubcode":"SD","playerName":"R.Mathews","statId":10,"yards":-1}]}},"2138":{"sp":0,"qtr":3,"down":2,"time":"04:59","yrdln":"SD 35","ydstogo":11,"ydsnet":17,"posteam":"SD","desc":"(4:59) D.Sproles up the middle to SD 42 for 7 yards (C.Greenwood).","note":null,"players":{"00-0023564":[{"sequence":1,"clubcode":"SD","playerName":"D.Sproles","statId":10,"yards":7}],"00-0027639":[{"sequence":2,"clubcode":"KC","playerName":"C.Greenwood","statId":79,"yards":0}]}},"2159":{"sp":0,"qtr":3,"down":3,"time":"04:16","yrdln":"SD 42","ydstogo":4,"ydsnet":12,"posteam":"SD","desc":"(4:16) (Shotgun) P.Rivers sacked at SD 37 for -5 yards (T.Hali). FUMBLES (T.Hali), RECOVERED by KC-W.Gilberry at SD 37. W.Gilberry to SD 37 for no gain (N.Hardwick).","note":"FUMBLE","players":{"00-0024235":[{"sequence":3,"clubcode":"KC","playerName":"T.Hali","statId":83,"yards":-5},{"sequence":4,"clubcode":"KC","playerName":"T.Hali","statId":79,"yards":0},{"sequence":7,"clubcode":"KC","playerName":"T.Hali","statId":91,"yards":0}],"00-0022804":[{"sequence":9,"clubcode":"SD","playerName":"N.Hardwick","statId":79,"yards":0}],"00-0022942":[{"sequence":2,"clubcode":"SD","playerName":"P.Rivers","statId":20,"yards":-5},{"sequence":5,"clubcode":"SD","playerName":"P.Rivers","statId":52,"yards":0},{"sequence":6,"clubcode":"SD","playerName":"P.Rivers","statId":106,"yards":0}],"00-0026105":[{"sequence":8,"clubcode":"KC","playerName":"W.Gilberry","statId":59,"yards":0}],"0":[{"sequence":1,"clubcode":"SD","playerName":"","statId":7,"yards":0}]}}},"fds":1,"result":"Fumble","penyds":0,"ydsgained":12,"numplays":5,"postime":"2:41","start":{"qtr":3,"time":"06:48","yrdln":"SD 25","team":"SD"},"end":{"qtr":3,"time":"04:07","yrdln":"SD 42","team":"SD"}},"13":{"posteam":"KC","qtr":3,"redzone":true,"plays":{"2189":{"sp":0,"qtr":3,"down":1,"time":"04:07","yrdln":"SD 37","ydstogo":10,"ydsnet":4,"posteam":"KC","desc":"(4:07) J.Charles right end to SD 33 for 4 yards (O.Nwagbuo).","note":null,"players":{"00-0026213":[{"sequence":1,"clubcode":"KC","playerName":"J.Charles","statId":10,"yards":4}],"00-0025857":[{"sequence":2,"clubcode":"SD","playerName":"O.Nwagbuo","statId":79,"yards":0}]}},"2210":{"sp":0,"qtr":3,"down":2,"time":"03:33","yrdln":"SD 33","ydstogo":6,"ydsnet":4,"posteam":"KC","desc":"(3:33) (Shotgun) J.Charles up the middle to SD 33 for no gain (L.English, K.Burnett).","note":null,"players":{"00-0026213":[{"sequence":1,"clubcode":"KC","playerName":"J.Charles","statId":10,"yards":0}],"00-0023477":[{"sequence":3,"clubcode":"SD","playerName":"K.Burnett","statId":82,"yards":0}],"00-0026992":[{"sequence":2,"clubcode":"SD","playerName":"L.English","statId":80,"yards":0}]}},"2231":{"sp":0,"qtr":3,"down":3,"time":"02:55","yrdln":"SD 33","ydstogo":6,"ydsnet":-6,"posteam":"KC","desc":"(2:55) (Shotgun) PENALTY on KC-B.Richardson, Offensive Holding, 10 yards, enforced at SD 33 - No Play.","note":"PENALTY","players":{"00-0026310":[{"sequence":1,"clubcode":"KC","playerName":"B.Richardson","statId":93,"yards":10}]}},"2261":{"sp":0,"qtr":3,"down":3,"time":"02:29","yrdln":"SD 43","ydstogo":16,"ydsnet":-6,"posteam":"KC","desc":"(2:29) B.Croyle pass incomplete short right to D.Bowe (Q.Jammer).","note":null,"players":{"00-0025410":[{"sequence":3,"clubcode":"KC","playerName":"D.Bowe","statId":115,"yards":0}],"0":[{"sequence":1,"clubcode":"KC","playerName":"","statId":7,"yards":0}],"00-0021381":[{"sequence":4,"clubcode":"SD","playerName":"Q.Jammer","statId":85,"yards":0}],"00-0024300":[{"sequence":2,"clubcode":"KC","playerName":"B.Croyle","statId":14,"yards":0},{"sequence":5,"clubcode":"KC","playerName":"B.Croyle","statId":112,"yards":14}]}},"2283":{"sp":0,"qtr":3,"down":4,"time":"02:23","yrdln":"SD 43","ydstogo":16,"ydsnet":-6,"posteam":"KC","desc":"(2:23) D.Colquitt punts 37 yards to SD 6, Center-T.Gafford. A.Cason to SD 11 for 5 yards (A.Studebaker).","note":"PUNT","players":{"00-0026343":[{"sequence":4,"clubcode":"KC","playerName":"A.Studebaker","statId":79,"yards":0}],"00-0023534":[{"sequence":1,"clubcode":"KC","playerName":"D.Colquitt","statId":29,"yards":37},{"sequence":3,"clubcode":"KC","playerName":"D.Colquitt","statId":30,"yards":0}],"00-0026167":[{"sequence":2,"clubcode":"SD","playerName":"A.Cason","statId":33,"yards":5}]}}},"fds":0,"result":"Punt","penyds":-10,"ydsgained":4,"numplays":5,"postime":"1:55","start":{"qtr":3,"time":"04:07","yrdln":"SD 37","team":"KC"},"end":{"qtr":3,"time":"02:12","yrdln":"SD 43","team":"KC"}},"14":{"posteam":"SD","qtr":4,"redzone":true,"plays":{"2309":{"sp":0,"qtr":3,"down":1,"time":"02:12","yrdln":"SD 11","ydstogo":10,"ydsnet":4,"posteam":"SD","desc":"(2:12) R.Mathews up the middle to SD 15 for 4 yards (G.Dorsey, S.Smith).","note":null,"players":{"00-0021679":[{"sequence":3,"clubcode":"KC","playerName":"S.Smith","statId":82,"yards":0}],"00-0027864":[{"sequence":1,"clubcode":"SD","playerName":"R.Mathews","statId":10,"yards":4}],"00-0026145":[{"sequence":2,"clubcode":"KC","playerName":"G.Dorsey","statId":80,"yards":0}]}},"2330":{"sp":0,"qtr":3,"down":2,"time":"01:31","yrdln":"SD 15","ydstogo":6,"ydsnet":-3,"posteam":"SD","desc":"(1:31) M.Tolbert left end to SD 29 for 14 yards (D.Johnson). PENALTY on SD-N.Hardwick, Offensive Holding, 7 yards, enforced at SD 15 - No Play.","note":"PENALTY","players":{"00-0022804":[{"sequence":1,"clubcode":"SD","playerName":"N.Hardwick","statId":93,"yards":7}]}},"2362":{"sp":0,"qtr":3,"down":2,"time":"00:59","yrdln":"SD 8","ydstogo":13,"ydsnet":0,"posteam":"SD","desc":"(:59) M.Tolbert right tackle to SD 11 for 3 yards (S.Smith).","note":null,"players":{"00-0021679":[{"sequence":2,"clubcode":"KC","playerName":"S.Smith","statId":79,"yards":0}],"00-0026069":[{"sequence":1,"clubcode":"SD","playerName":"M.Tolbert","statId":10,"yards":3}]}},"2383":{"sp":0,"qtr":3,"down":3,"time":"00:18","yrdln":"SD 11","ydstogo":10,"ydsnet":3,"posteam":"SD","desc":"(:18) (Shotgun) D.Sproles up the middle to SD 14 for 3 yards (G.Dorsey, W.Gilberry).","note":null,"players":{"00-0023564":[{"sequence":2,"clubcode":"SD","playerName":"D.Sproles","statId":10,"yards":3}],"00-0026105":[{"sequence":4,"clubcode":"KC","playerName":"W.Gilberry","statId":82,"yards":0}],"0":[{"sequence":1,"clubcode":"SD","playerName":"","statId":7,"yards":0}],"00-0026145":[{"sequence":3,"clubcode":"KC","playerName":"G.Dorsey","statId":80,"yards":0}]}},"2404":{"sp":0,"qtr":3,"down":0,"time":"","yrdln":"","ydstogo":0,"ydsnet":3,"posteam":"","desc":"END QUARTER 3","note":null,"players":{}},"2420":{"sp":0,"qtr":4,"down":4,"time":"15:00","yrdln":"SD 14","ydstogo":7,"ydsnet":3,"posteam":"SD","desc":"(15:00) M.Scifres punts 54 yards to KC 32, Center-M.Windt. D.McCluster to KC 43 for 11 yards (K.Wilson).","note":"PUNT","players":{"00-0027651":[{"sequence":2,"clubcode":"KC","playerName":"D.McCluster","statId":33,"yards":11}],"00-0022017":[{"sequence":1,"clubcode":"SD","playerName":"M.Scifres","statId":29,"yards":54}],"00-0022714":[{"sequence":3,"clubcode":"SD","playerName":"K.Wilson","statId":79,"yards":0}]}}},"fds":0,"result":"Punt","penyds":-7,"ydsgained":10,"numplays":6,"postime":"2:24","start":{"qtr":3,"time":"02:12","yrdln":"SD 11","team":"SD"},"end":{"qtr":3,"time":"14:48","yrdln":"SD 14","team":"SD"}},"15":{"posteam":"KC","qtr":4,"redzone":true,"plays":{"2446":{"sp":0,"qtr":4,"down":1,"time":"14:48","yrdln":"KC 43","ydstogo":10,"ydsnet":-6,"posteam":"KC","desc":"(14:48) B.Croyle sacked at KC 37 for -6 yards (L.English).","note":null,"players":{"00-0024300":[{"sequence":1,"clubcode":"KC","playerName":"B.Croyle","statId":20,"yards":-6}],"00-0026992":[{"sequence":2,"clubcode":"SD","playerName":"L.English","statId":83,"yards":-6},{"sequence":3,"clubcode":"SD","playerName":"L.English","statId":110,"yards":0},{"sequence":4,"clubcode":"SD","playerName":"L.English","statId":79,"yards":0},{"sequence":5,"clubcode":"SD","playerName":"L.English","statId":120,"yards":0}]}},"2465":{"sp":0,"qtr":4,"down":2,"time":"14:21","yrdln":"KC 37","ydstogo":16,"ydsnet":-6,"posteam":"KC","desc":"(14:21) B.Croyle pass incomplete short left to D.Bowe (A.Cason).","note":null,"players":{"00-0026167":[{"sequence":3,"clubcode":"SD","playerName":"A.Cason","statId":85,"yards":0}],"00-0025410":[{"sequence":2,"clubcode":"KC","playerName":"D.Bowe","statId":115,"yards":0}],"00-0024300":[{"sequence":1,"clubcode":"KC","playerName":"B.Croyle","statId":14,"yards":0},{"sequence":4,"clubcode":"KC","playerName":"B.Croyle","statId":112,"yards":-12}]}},"2487":{"sp":0,"qtr":4,"down":3,"time":"14:14","yrdln":"KC 37","ydstogo":16,"ydsnet":-6,"posteam":"KC","desc":"(14:14) (Shotgun) B.Croyle pass incomplete short left to J.Charles (A.Barnes).","note":null,"players":{"00-0026213":[{"sequence":3,"clubcode":"KC","playerName":"J.Charles","statId":115,"yards":0}],"0":[{"sequence":1,"clubcode":"KC","playerName":"","statId":7,"yards":0}],"00-0025521":[{"sequence":4,"clubcode":"SD","playerName":"A.Barnes","statId":85,"yards":0}],"00-0024300":[{"sequence":2,"clubcode":"KC","playerName":"B.Croyle","statId":14,"yards":0},{"sequence":5,"clubcode":"KC","playerName":"B.Croyle","statId":112,"yards":0}]}},"2509":{"sp":0,"qtr":4,"down":4,"time":"14:11","yrdln":"KC 37","ydstogo":16,"ydsnet":-6,"posteam":"KC","desc":"(14:11) D.Colquitt punts 35 yards to SD 28, Center-T.Gafford, out of bounds.","note":"PUNT","players":{"00-0023534":[{"sequence":1,"clubcode":"KC","playerName":"D.Colquitt","statId":29,"yards":35}],"0":[{"sequence":2,"clubcode":"SD","playerName":"","statId":37,"yards":0}]}}},"fds":0,"result":"Punt","penyds":0,"ydsgained":-6,"numplays":4,"postime":"0:45","start":{"qtr":4,"time":"14:48","yrdln":"KC 43","team":"KC"},"end":{"qtr":4,"time":"14:03","yrdln":"KC 37","team":"KC"}},"16":{"posteam":"SD","qtr":4,"redzone":true,"plays":{"2528":{"sp":0,"qtr":4,"down":1,"time":"14:03","yrdln":"SD 28","ydstogo":10,"ydsnet":4,"posteam":"SD","desc":"(14:03) R.Mathews up the middle to SD 32 for 4 yards (M.Vrabel).","note":null,"players":{"00-0016960":[{"sequence":2,"clubcode":"KC","playerName":"M.Vrabel","statId":79,"yards":0}],"00-0027864":[{"sequence":1,"clubcode":"SD","playerName":"R.Mathews","statId":10,"yards":4}]}},"2549":{"sp":0,"qtr":4,"down":2,"time":"13:25","yrdln":"SD 32","ydstogo":6,"ydsnet":4,"posteam":"SD","desc":"(13:25) P.Rivers pass incomplete.","note":null,"players":{"00-0022942":[{"sequence":1,"clubcode":"SD","playerName":"P.Rivers","statId":14,"yards":0},{"sequence":2,"clubcode":"SD","playerName":"P.Rivers","statId":112,"yards":0}]}},"2571":{"sp":0,"qtr":4,"down":3,"time":"13:19","yrdln":"SD 32","ydstogo":6,"ydsnet":24,"posteam":"SD","desc":"(13:19) (Shotgun) P.Rivers pass deep middle to K.Washington to KC 48 for 20 yards (T.Daniels). Penalty on KC-T.Daniels, Defensive Holding, declined.","note":null,"players":{"00-0022942":[{"sequence":3,"clubcode":"SD","playerName":"P.Rivers","statId":15,"yards":20},{"sequence":4,"clubcode":"SD","playerName":"P.Rivers","statId":111,"yards":18}],"0":[{"sequence":1,"clubcode":"SD","playerName":"","statId":4,"yards":0},{"sequence":2,"clubcode":"SD","playerName":"","statId":6,"yards":0}],"00-0023539":[{"sequence":8,"clubcode":"KC","playerName":"T.Daniels","statId":79,"yards":0}],"00-0022171":[{"sequence":5,"clubcode":"SD","playerName":"K.Washington","statId":21,"yards":20},{"sequence":6,"clubcode":"SD","playerName":"K.Washington","statId":115,"yards":0},{"sequence":7,"clubcode":"SD","playerName":"K.Washington","statId":113,"yards":2}]}},"2617":{"sp":0,"qtr":4,"down":1,"time":"12:52","yrdln":"KC 48","ydstogo":10,"ydsnet":23,"posteam":"SD","desc":"(12:52) R.Mathews right end to KC 49 for -1 yards (M.Vrabel, J.Belcher).","note":null,"players":{"00-0026869":[{"sequence":4,"clubcode":"KC","playerName":"J.Belcher","statId":82,"yards":0}],"00-0016960":[{"sequence":3,"clubcode":"KC","playerName":"M.Vrabel","statId":80,"yards":0},{"sequence":5,"clubcode":"KC","playerName":"M.Vrabel","statId":120,"yards":0}],"0":[{"sequence":2,"clubcode":"SD","playerName":"","statId":95,"yards":-1}],"00-0027864":[{"sequence":1,"clubcode":"SD","playerName":"R.Mathews","statId":10,"yards":-1}]}},"2638":{"sp":0,"qtr":4,"down":2,"time":"12:10","yrdln":"KC 49","ydstogo":11,"ydsnet":8,"posteam":"SD","desc":"(12:10) P.Rivers pass deep right to V.Jackson to KC 12 for 37 yards (B.Flowers). PENALTY on SD-J.Hester, Chop Block, 15 yards, enforced at KC 49 - No Play.","note":"PENALTY","players":{"00-0026209":[{"sequence":1,"clubcode":"SD","playerName":"J.Hester","statId":93,"yards":15}]}},"2673":{"sp":0,"qtr":4,"down":2,"time":"11:38","yrdln":"SD 36","ydstogo":26,"ydsnet":21,"posteam":"SD","desc":"(11:38) (Shotgun) P.Rivers pass short left to K.Washington to SD 49 for 13 yards (D.Johnson).","note":null,"players":{"00-0023449":[{"sequence":6,"clubcode":"KC","playerName":"D.Johnson","statId":79,"yards":0}],"00-0022942":[{"sequence":1,"clubcode":"SD","playerName":"P.Rivers","statId":15,"yards":13},{"sequence":2,"clubcode":"SD","playerName":"P.Rivers","statId":111,"yards":3}],"00-0022171":[{"sequence":3,"clubcode":"SD","playerName":"K.Washington","statId":21,"yards":13},{"sequence":4,"clubcode":"SD","playerName":"K.Washington","statId":115,"yards":0},{"sequence":5,"clubcode":"SD","playerName":"K.Washington","statId":113,"yards":10}]}},"2697":{"sp":0,"qtr":4,"down":3,"time":"10:55","yrdln":"SD 49","ydstogo":13,"ydsnet":36,"posteam":"SD","desc":"(10:55) (Shotgun) P.Rivers pass short middle to R.McMichael to KC 36 for 15 yards (J.McGraw).","note":null,"players":{"00-0022942":[{"sequence":3,"clubcode":"SD","playerName":"P.Rivers","statId":15,"yards":15},{"sequence":4,"clubcode":"SD","playerName":"P.Rivers","statId":111,"yards":13}],"00-0021236":[{"sequence":5,"clubcode":"SD","playerName":"R.McMichael","statId":21,"yards":15},{"sequence":6,"clubcode":"SD","playerName":"R.McMichael","statId":115,"yards":0},{"sequence":7,"clubcode":"SD","playerName":"R.McMichael","statId":113,"yards":2}],"0":[{"sequence":1,"clubcode":"SD","playerName":"","statId":4,"yards":0},{"sequence":2,"clubcode":"SD","playerName":"","statId":6,"yards":0}],"00-0021187":[{"sequence":8,"clubcode":"KC","playerName":"J.McGraw","statId":79,"yards":0}]}},"2721":{"sp":0,"qtr":4,"down":1,"time":"10:10","yrdln":"KC 36","ydstogo":10,"ydsnet":36,"posteam":"SD","desc":"(10:10) R.Mathews right end pushed ob at KC 36 for no gain (B.Flowers).","note":null,"players":{"00-0026175":[{"sequence":2,"clubcode":"KC","playerName":"B.Flowers","statId":79,"yards":0}],"00-0027864":[{"sequence":1,"clubcode":"SD","playerName":"R.Mathews","statId":10,"yards":0}]}},"2747":{"sp":0,"qtr":4,"down":2,"time":"09:36","yrdln":"KC 36","ydstogo":10,"ydsnet":44,"posteam":"SD","desc":"(9:36) D.Sproles up the middle to KC 28 for 8 yards (J.Belcher).","note":null,"players":{"00-0026869":[{"sequence":2,"clubcode":"KC","playerName":"J.Belcher","statId":79,"yards":0}],"00-0023564":[{"sequence":1,"clubcode":"SD","playerName":"D.Sproles","statId":10,"yards":8}]}},"2768":{"sp":0,"qtr":4,"down":3,"time":"08:57","yrdln":"KC 28","ydstogo":2,"ydsnet":42,"posteam":"SD","desc":"(8:57) P.Rivers sacked at KC 30 for -2 yards (T.Jackson).","note":null,"players":{"00-0022942":[{"sequence":2,"clubcode":"SD","playerName":"P.Rivers","statId":20,"yards":-2}],"0":[{"sequence":1,"clubcode":"SD","playerName":"","statId":7,"yards":0}],"00-0026980":[{"sequence":3,"clubcode":"KC","playerName":"T.Jackson","statId":83,"yards":-2},{"sequence":4,"clubcode":"KC","playerName":"T.Jackson","statId":110,"yards":0},{"sequence":5,"clubcode":"KC","playerName":"T.Jackson","statId":79,"yards":0},{"sequence":6,"clubcode":"KC","playerName":"T.Jackson","statId":120,"yards":0}]}},"2787":{"sp":1,"qtr":4,"down":4,"time":"08:30","yrdln":"KC 30","ydstogo":4,"ydsnet":42,"posteam":"SD","desc":"(8:30) N.Kaeding 48 yard field goal is GOOD, Center-M.Windt, Holder-M.Scifres.","note":"FG","players":{"00-0022737":[{"sequence":1,"clubcode":"SD","playerName":"N.Kaeding","statId":70,"yards":48}]}}},"fds":2,"result":"Field Goal","penyds":-15,"ydsgained":57,"numplays":11,"postime":"5:38","start":{"qtr":4,"time":"14:03","yrdln":"SD 28","team":"SD"},"end":{"qtr":4,"time":"08:25","yrdln":"KC 30","team":"SD"}},"17":{"posteam":"KC","qtr":4,"redzone":true,"plays":{"2807":{"sp":0,"qtr":4,"down":0,"time":"08:25","yrdln":"SD 30","ydstogo":0,"ydsnet":0,"posteam":"SD","desc":"N.Kaeding kicks 62 yards from SD 30 to KC 8. V.Tucker to KC 32 for 24 yards (A.Barnes, K.Wilson).","note":"KICKOFF","players":{"00-0027429":[{"sequence":2,"clubcode":"KC","playerName":"V.Tucker","statId":45,"yards":24}],"00-0022737":[{"sequence":1,"clubcode":"SD","playerName":"N.Kaeding","statId":41,"yards":62}],"00-0025521":[{"sequence":3,"clubcode":"SD","playerName":"A.Barnes","statId":80,"yards":0}],"00-0022714":[{"sequence":4,"clubcode":"SD","playerName":"K.Wilson","statId":82,"yards":0}]}},"2829":{"sp":0,"qtr":4,"down":1,"time":"08:17","yrdln":"KC 32","ydstogo":10,"ydsnet":-5,"posteam":"KC","desc":"(8:17) (Shotgun) B.Croyle pass short left to D.Bowe to KC 38 for 6 yards (K.Burnett). PENALTY on KC-B.Richardson, Illegal Formation, 5 yards, enforced at KC 32 - No Play.","note":"PENALTY","players":{"00-0026310":[{"sequence":1,"clubcode":"KC","playerName":"B.Richardson","statId":93,"yards":5}]}},"2864":{"sp":0,"qtr":4,"down":1,"time":"08:00","yrdln":"KC 27","ydstogo":15,"ydsnet":-5,"posteam":"KC","desc":"(8:00) (Shotgun) B.Croyle pass incomplete short middle to V.Tucker (Q.Jammer).","note":null,"players":{"00-0027429":[{"sequence":2,"clubcode":"KC","playerName":"V.Tucker","statId":115,"yards":0}],"00-0021381":[{"sequence":3,"clubcode":"SD","playerName":"Q.Jammer","statId":85,"yards":0}],"00-0024300":[{"sequence":1,"clubcode":"KC","playerName":"B.Croyle","statId":14,"yards":0},{"sequence":4,"clubcode":"KC","playerName":"B.Croyle","statId":112,"yards":13}]}},"2886":{"sp":0,"qtr":4,"down":2,"time":"07:54","yrdln":"KC 27","ydstogo":15,"ydsnet":-5,"posteam":"KC","desc":"(7:54) (Shotgun) B.Croyle pass incomplete short left to V.Tucker (A.Cason).","note":null,"players":{"00-0027429":[{"sequence":2,"clubcode":"KC","playerName":"V.Tucker","statId":115,"yards":0}],"00-0026167":[{"sequence":3,"clubcode":"SD","playerName":"A.Cason","statId":85,"yards":0}],"00-0024300":[{"sequence":1,"clubcode":"KC","playerName":"B.Croyle","statId":14,"yards":0},{"sequence":4,"clubcode":"KC","playerName":"B.Croyle","statId":112,"yards":11}]}},"2908":{"sp":0,"qtr":4,"down":3,"time":"07:49","yrdln":"KC 27","ydstogo":15,"ydsnet":-5,"posteam":"KC","desc":"(7:49) (Shotgun) B.Croyle sacked at KC 27 for 0 yards (L.Castillo).","note":null,"players":{"00-0023463":[{"sequence":3,"clubcode":"SD","playerName":"L.Castillo","statId":83,"yards":0},{"sequence":4,"clubcode":"SD","playerName":"L.Castillo","statId":110,"yards":0},{"sequence":5,"clubcode":"SD","playerName":"L.Castillo","statId":79,"yards":0}],"0":[{"sequence":1,"clubcode":"KC","playerName":"","statId":7,"yards":0}],"00-0024300":[{"sequence":2,"clubcode":"KC","playerName":"B.Croyle","statId":20,"yards":0}]}},"2927":{"sp":0,"qtr":4,"down":4,"time":"07:16","yrdln":"KC 27","ydstogo":15,"ydsnet":-5,"posteam":"KC","desc":"(7:16) D.Colquitt punts 51 yards to SD 22, Center-T.Gafford. A.Cason to KC 36 for 42 yards (V.Tucker). Kansas City challenged the runner was in bounds ruling, and the play was Upheld. (Timeout #1 at 07:02.)","note":"PUNT","players":{"00-0023534":[{"sequence":2,"clubcode":"KC","playerName":"D.Colquitt","statId":29,"yards":51}],"00-0027429":[{"sequence":4,"clubcode":"KC","playerName":"V.Tucker","statId":79,"yards":0}],"00-0026167":[{"sequence":3,"clubcode":"SD","playerName":"A.Cason","statId":33,"yards":42}],"0":[{"sequence":1,"clubcode":"KC","playerName":"","statId":68,"yards":0}]}}},"fds":0,"result":"Punt","penyds":-5,"ydsgained":0,"numplays":6,"postime":"1:23","start":{"qtr":4,"time":"08:25","yrdln":"KC 32","team":"KC"},"end":{"qtr":4,"time":"07:02","yrdln":"KC 27","team":"KC"}},"18":{"posteam":"SD","qtr":4,"redzone":true,"plays":{"2998":{"sp":0,"qtr":4,"down":1,"time":"07:02","yrdln":"KC 36","ydstogo":10,"ydsnet":4,"posteam":"SD","desc":"(7:02) M.Tolbert up the middle to KC 32 for 4 yards (T.Jackson, G.Dorsey).","note":null,"players":{"00-0026069":[{"sequence":1,"clubcode":"SD","playerName":"M.Tolbert","statId":10,"yards":4}],"00-0026145":[{"sequence":3,"clubcode":"KC","playerName":"G.Dorsey","statId":82,"yards":0}],"00-0026980":[{"sequence":2,"clubcode":"KC","playerName":"T.Jackson","statId":80,"yards":0}]}},"3019":{"sp":0,"qtr":4,"down":2,"time":"06:22","yrdln":"KC 32","ydstogo":6,"ydsnet":4,"posteam":"SD","desc":"(6:22) M.Tolbert up the middle to KC 32 for no gain (S.Smith).","note":null,"players":{"00-0021679":[{"sequence":2,"clubcode":"KC","playerName":"S.Smith","statId":79,"yards":0}],"00-0026069":[{"sequence":1,"clubcode":"SD","playerName":"M.Tolbert","statId":10,"yards":0}]}},"3040":{"sp":0,"qtr":4,"down":3,"time":"05:38","yrdln":"KC 32","ydstogo":6,"ydsnet":19,"posteam":"SD","desc":"(5:38) (Shotgun) D.Sproles up the middle to KC 17 for 15 yards (E.Berry, K.Lewis).","note":null,"players":{"00-0027736":[{"sequence":5,"clubcode":"KC","playerName":"K.Lewis","statId":82,"yards":0}],"00-0023564":[{"sequence":3,"clubcode":"SD","playerName":"D.Sproles","statId":10,"yards":15}],"0":[{"sequence":1,"clubcode":"SD","playerName":"","statId":3,"yards":0},{"sequence":2,"clubcode":"SD","playerName":"","statId":6,"yards":0}],"00-0027858":[{"sequence":4,"clubcode":"KC","playerName":"E.Berry","statId":80,"yards":0}]}},"3061":{"sp":0,"qtr":4,"down":1,"time":"04:55","yrdln":"KC 17","ydstogo":10,"ydsnet":21,"posteam":"SD","desc":"(4:55) R.Mathews right end to KC 15 for 2 yards (J.Belcher).","note":null,"players":{"00-0026869":[{"sequence":2,"clubcode":"KC","playerName":"J.Belcher","statId":79,"yards":0}],"00-0027864":[{"sequence":1,"clubcode":"SD","playerName":"R.Mathews","statId":10,"yards":2}]}},"3082":{"sp":0,"qtr":4,"down":2,"time":"04:09","yrdln":"KC 15","ydstogo":8,"ydsnet":26,"posteam":"SD","desc":"(4:09) (Shotgun) R.Mathews up the middle to KC 10 for 5 yards (T.Jackson, J.Belcher).","note":null,"players":{"00-0026869":[{"sequence":3,"clubcode":"KC","playerName":"J.Belcher","statId":82,"yards":0}],"00-0027864":[{"sequence":1,"clubcode":"SD","playerName":"R.Mathews","statId":10,"yards":5}],"00-0026980":[{"sequence":2,"clubcode":"KC","playerName":"T.Jackson","statId":80,"yards":0}]}},"3103":{"sp":0,"qtr":4,"down":3,"time":"03:24","yrdln":"KC 10","ydstogo":3,"ydsnet":21,"posteam":"SD","desc":"(3:24) PENALTY on SD-M.McNeill, False Start, 5 yards, enforced at KC 10 - No Play.","note":"PENALTY","players":{"00-0024265":[{"sequence":1,"clubcode":"SD","playerName":"M.McNeill","statId":93,"yards":5}]}},"3126":{"sp":1,"qtr":4,"down":3,"time":"03:23","yrdln":"KC 15","ydstogo":8,"ydsnet":36,"posteam":"SD","desc":"(3:23) R.Mathews right end for 15 yards, TOUCHDOWN.","note":"TD","players":{"0":[{"sequence":1,"clubcode":"SD","playerName":"","statId":3,"yards":0},{"sequence":2,"clubcode":"SD","playerName":"","statId":6,"yards":0}],"00-0027864":[{"sequence":3,"clubcode":"SD","playerName":"R.Mathews","statId":11,"yards":15}]}},"3143":{"sp":1,"qtr":4,"down":0,"time":"03:15","yrdln":"KC 2","ydstogo":0,"ydsnet":36,"posteam":"SD","desc":"N.Kaeding extra point is GOOD, Center-M.Windt, Holder-M.Scifres.","note":"XP","players":{"00-0022737":[{"sequence":1,"clubcode":"SD","playerName":"N.Kaeding","statId":72,"yards":0}]}}},"fds":2,"result":"Touchdown","penyds":-5,"ydsgained":41,"numplays":8,"postime":"3:47","start":{"qtr":4,"time":"07:02","yrdln":"KC 36","team":"SD"},"end":{"qtr":4,"time":"03:15","yrdln":"KC 15","team":"SD"}},"19":{"posteam":"KC","qtr":4,"redzone":true,"plays":{"3159":{"sp":0,"qtr":4,"down":0,"time":"03:15","yrdln":"SD 30","ydstogo":0,"ydsnet":0,"posteam":"SD","desc":"N.Kaeding kicks 69 yards from SD 30 to KC 1. V.Tucker to KC 17 for 16 yards (M.Tolbert).","note":"KICKOFF","players":{"00-0027429":[{"sequence":2,"clubcode":"KC","playerName":"V.Tucker","statId":45,"yards":16}],"00-0022737":[{"sequence":1,"clubcode":"SD","playerName":"N.Kaeding","statId":41,"yards":69},{"sequence":3,"clubcode":"SD","playerName":"N.Kaeding","statId":42,"yards":0}],"00-0026069":[{"sequence":4,"clubcode":"SD","playerName":"M.Tolbert","statId":79,"yards":0}]}},"3181":{"sp":0,"qtr":4,"down":1,"time":"03:09","yrdln":"KC 17","ydstogo":10,"ydsnet":5,"posteam":"KC","desc":"(3:09) J.Battle up the middle to KC 22 for 5 yards (O.Nwagbuo).","note":null,"players":{"00-0025857":[{"sequence":2,"clubcode":"SD","playerName":"O.Nwagbuo","statId":79,"yards":0}],"00-0025701":[{"sequence":1,"clubcode":"KC","playerName":"J.Battle","statId":10,"yards":5}]}},"3202":{"sp":0,"qtr":4,"down":2,"time":"02:35","yrdln":"KC 22","ydstogo":5,"ydsnet":5,"posteam":"KC","desc":"(2:35) T.Palko pass incomplete short right to L.Pope.","note":null,"players":{"00-0024812":[{"sequence":1,"clubcode":"KC","playerName":"T.Palko","statId":14,"yards":0},{"sequence":3,"clubcode":"KC","playerName":"T.Palko","statId":112,"yards":0}],"00-0024287":[{"sequence":2,"clubcode":"KC","playerName":"L.Pope","statId":115,"yards":0}]}},"3224":{"sp":0,"qtr":4,"down":3,"time":"02:29","yrdln":"KC 22","ydstogo":5,"ydsnet":6,"posteam":"KC","desc":"(2:29) (Shotgun) J.Battle up the middle to KC 23 for 1 yard (A.Barnes).","note":null,"players":{"0":[{"sequence":1,"clubcode":"KC","playerName":"","statId":7,"yards":0}],"00-0025521":[{"sequence":3,"clubcode":"SD","playerName":"A.Barnes","statId":79,"yards":0}],"00-0025701":[{"sequence":2,"clubcode":"KC","playerName":"J.Battle","statId":10,"yards":1}]}},"3245":{"sp":0,"qtr":4,"down":0,"time":"02:00","yrdln":"","ydstogo":0,"ydsnet":6,"posteam":"","desc":"Two-Minute Warning","note":null,"players":{}},"3266":{"sp":0,"qtr":4,"down":4,"time":"02:00","yrdln":"KC 23","ydstogo":4,"ydsnet":16,"posteam":"KC","desc":"(2:00) T.Palko pass short left to C.Chambers to KC 33 for 10 yards (A.Cason).","note":null,"players":{"00-0020446":[{"sequence":5,"clubcode":"KC","playerName":"C.Chambers","statId":21,"yards":10},{"sequence":6,"clubcode":"KC","playerName":"C.Chambers","statId":115,"yards":0},{"sequence":7,"clubcode":"KC","playerName":"C.Chambers","statId":113,"yards":0}],"00-0026167":[{"sequence":8,"clubcode":"SD","playerName":"A.Cason","statId":79,"yards":0}],"00-0024812":[{"sequence":3,"clubcode":"KC","playerName":"T.Palko","statId":15,"yards":10},{"sequence":4,"clubcode":"KC","playerName":"T.Palko","statId":111,"yards":10}],"0":[{"sequence":1,"clubcode":"KC","playerName":"","statId":4,"yards":0},{"sequence":2,"clubcode":"KC","playerName":"","statId":8,"yards":0}]}},"3290":{"sp":0,"qtr":4,"down":1,"time":"01:30","yrdln":"KC 33","ydstogo":10,"ydsnet":18,"posteam":"KC","desc":"(1:30) J.Battle right end to KC 35 for 2 yards (Q.Jammer).","note":null,"players":{"00-0025701":[{"sequence":1,"clubcode":"KC","playerName":"J.Battle","statId":10,"yards":2}],"00-0021381":[{"sequence":2,"clubcode":"SD","playerName":"Q.Jammer","statId":79,"yards":0}]}},"3311":{"sp":0,"qtr":4,"down":2,"time":"00:55","yrdln":"KC 35","ydstogo":8,"ydsnet":16,"posteam":"KC","desc":"(:55) T.Palko pass short left to L.Pope to KC 33 for -2 yards (A.Applewhite).","note":null,"players":{"00-0024812":[{"sequence":1,"clubcode":"KC","playerName":"T.Palko","statId":15,"yards":-2},{"sequence":2,"clubcode":"KC","playerName":"T.Palko","statId":111,"yards":0}],"00-0024734":[{"sequence":6,"clubcode":"SD","playerName":"A.Applewhite","statId":79,"yards":0},{"sequence":7,"clubcode":"SD","playerName":"A.Applewhite","statId":120,"yards":0}],"00-0024287":[{"sequence":3,"clubcode":"KC","playerName":"L.Pope","statId":21,"yards":-2},{"sequence":4,"clubcode":"KC","playerName":"L.Pope","statId":115,"yards":0},{"sequence":5,"clubcode":"KC","playerName":"L.Pope","statId":113,"yards":-2}]}},"3335":{"sp":0,"qtr":4,"down":3,"time":"00:14","yrdln":"KC 33","ydstogo":10,"ydsnet":15,"posteam":"KC","desc":"(:14) T.Palko kneels, dead ball declared at KC 32 for -1 yards.","note":null,"players":{"00-0024812":[{"sequence":2,"clubcode":"KC","playerName":"T.Palko","statId":10,"yards":-1}],"0":[{"sequence":1,"clubcode":"KC","playerName":"","statId":7,"yards":0}]}},"3355":{"sp":0,"qtr":4,"down":0,"time":"00:00","yrdln":"","ydstogo":0,"ydsnet":15,"posteam":"","desc":"END GAME","note":null,"players":{}}},"fds":1,"result":"End of Game","penyds":0,"ydsgained":15,"numplays":10,"postime":"3:15","start":{"qtr":4,"time":"03:15","yrdln":"KC 17","team":"KC"},"end":{"qtr":4,"time":"00:00","yrdln":"","team":"KC"}},"crntdrv":19},"scrsummary":{"392":{"type":"TD","desc":"M.Floyd 17 yd. pass from P.Rivers (N.Kaeding kick is good) Drive: 10 plays, 67 yards in 6:10","qtr":1,"team":"SD","players":{"":"0","P.Rivers":"00-0022942","M.Floyd":"00-0022414","N.Kaeding":"00-0022737"}},"1051":{"type":"TD","desc":"M.Tolbert 8 yd. run (N.Kaeding kick is good) Drive: 9 plays, 69 yards in 5:04","qtr":2,"team":"SD","players":{"":"0","M.Tolbert":"00-0026069","N.Kaeding":"00-0022737"}},"1487":{"type":"TD","desc":"M.Floyd 9 yd. pass from P.Rivers (N.Kaeding kick is good) Drive: 9 plays, 81 yards in 2:58","qtr":2,"team":"SD","players":{"":"0","P.Rivers":"00-0022942","M.Floyd":"00-0022414","N.Kaeding":"00-0022737"}},"2787":{"type":"FG","desc":"N.Kaeding 48 yd. Field Goal Drive: 10 plays, 42 yards in 5:38","qtr":4,"team":"SD","players":{"N.Kaeding":"00-0022737"}},"3126":{"type":"TD","desc":"R.Mathews 15 yd. run (N.Kaeding kick is good) Drive: 6 plays, 36 yards in 3:47","qtr":4,"team":"SD","players":{"":"0","R.Mathews":"00-0027864","N.Kaeding":"00-0022737"}}},"weather":null,"media":null,"yl":"","qtr":"Final","note":null,"down":0,"togo":0,"redzone":true,"clock":"00:14","posteam":"KC","stadium":null},"nextupdate":195}