{"2010122605":{"home":{"score":{"1":3,"2":14,"3":14,"4":7,"5":0,"T":38},"abbr":"TB","to":3,"stats":{"passing":{"00-0026993":{"name":"J.Freeman","att":26,"cmp":21,"yds":237,"tds":5,"ints":0,"twopta":0,"twoptm":0},"00-0026300":{"name":"J.Johnson","att":2,"cmp":2,"yds":15,"tds":0,"ints":0,"twopta":0,"twoptm":0}},"rushing":{"00-0027325":{"name":"L.Blount","att":18,"yds":164,"tds":0,"lng":53,"lngtd":0,"twopta":0,"twoptm":0},"00-0026993":{"name":"J.Freeman","att":4,"yds":23,"tds":0,"lng":11,"lngtd":0,"twopta":0,"twoptm":0},"00-0023440":{"name":"C.Williams","att":4,"yds":21,"tds":0,"lng":15,"lngtd":0,"twopta":0,"twoptm":0}},"receiving":{"00-0022922":{"name":"K.Winslow","rec":7,"yds":98,"tds":2,"lng":29,"lngtd":21,"twopta":0,"twoptm":0},"00-0027702":{"name":"M.Williams","rec":3,"yds":44,"tds":2,"lng":20,"lngtd":20,"twopta":0,"twoptm":0},"00-0023440":{"name":"C.Williams","rec":3,"yds":22,"tds":0,"lng":9,"lngtd":0,"twopta":0,"twoptm":0},"00-0024305":{"name":"M.Stovall","rec":3,"yds":12,"tds":1,"lng":10,"lngtd":2,"twopta":0,"twoptm":0},"00-0027789":{"name":"D.Briscoe","rec":2,"yds":28,"tds":0,"lng":15,"lngtd":0,"twopta":0,"twoptm":0},"00-0023968":{"name":"M.Spurlock","rec":1,"yds":20,"tds":0,"lng":20,"lngtd":0,"twopta":0,"twoptm":0},"00-0027654":{"name":"A.Benn","rec":1,"yds":16,"tds":0,"lng":16,"lngtd":0,"twopta":0,"twoptm":0},"00-0027450":{"name":"P.Parker","rec":1,"yds":5,"tds":0,"lng":5,"lngtd":0,"twopta":0,"twoptm":0},"00-0021755":{"name":"E.Graham","rec":1,"yds":4,"tds":0,"lng":4,"lngtd":0,"twopta":0,"twoptm":0},"00-0027325":{"name":"L.Blount","rec":1,"yds":3,"tds":0,"lng":3,"lngtd":0,"twopta":0,"twoptm":0}},"fumbles":{"00-0026993":{"name":"J.Freeman","tot":1,"rcv":2,"trcv":2,"yds":0,"lost":0},"00-0023968":{"name":"M.Spurlock","tot":1,"rcv":1,"trcv":1,"yds":0,"lost":0},"00-0026223":{"name":"J.Zuttah","tot":1,"rcv":1,"trcv":1,"yds":-2,"lost":0},"00-0027325":{"name":"L.Blount","tot":1,"rcv":0,"trcv":0,"yds":0,"lost":0}},"kicking":{"00-0026138":{"name":"C.Barth","fgm":1,"fga":1,"fgyds":46,"totpfg":3,"xpmade":5,"xpmissed":0,"xpa":5,"xpb":0,"xptot":5}},"punting":{"00-0027509":{"name":"R.Malone","pts":3,"yds":135,"avg":37,"i20":0,"lng":53}},"kickret":{"00-0023968":{"name":"M.Spurlock","ret":3,"avg":33,"tds":0,"lng":79,"lngtd":0}},"puntret":{"00-0023968":{"name":"M.Spurlock","ret":1,"avg":6,"tds":0,"lng":6,"lngtd":0}},"defense":{"00-0026315":{"name":"G.Hayes","tkl":8,"ast":1,"sk":2,"int":0,"ffum":0},"00-0026291":{"name":"F.Okam","tkl":6,"ast":1,"sk":0,"int":0,"ffum":0},"00-0023471":{"name":"B.Ruud","tkl":5,"ast":1,"sk":1,"int":0,"ffum":0},"00-0022844":{"name":"S.Jones","tkl":5,"ast":1,"sk":0,"int":0,"ffum":0},"00-0026945":{"name":"E.Biggers","tkl":4,"ast":0,"sk":0,"int":0,"ffum":0},"00-0025569":{"name":"A.Hayward","tkl":4,"ast":0,"sk":0,"int":0,"ffum":0},"00-0025443":{"name":"T.Crowder","tkl":2,"ast":1,"sk":0,"int":0,"ffum":0},"00-0027723":{"name":"A.Woods","tkl":2,"ast":1,"sk":0,"int":0,"ffum":0},"00-0027055":{"name":"R.Miller","tkl":1,"ast":2,"sk":0,"int":0,"ffum":0},"00-0026618":{"name":"M.Bennett","tkl":1,"ast":1,"sk":0,"int":0,"ffum":0},"00-0027812":{"name":"D.Watson","tkl":1,"ast":1,"sk":0,"int":0,"ffum":0},"00-0027042":{"name":"A.Magee","tkl":1,"ast":1,"sk":0,"int":0,"ffum":0},"00-0000741":{"name":"R.Barber","tkl":1,"ast":0,"sk":0,"int":0,"ffum":0},"00-0027759":{"name":"L.Asante","tkl":1,"ast":0,"sk":0,"int":0,"ffum":0}},"team":{"totfd":22,"totyds":439,"pyds":231,"ryds":208,"pen":3,"penyds":22,"trnovr":0,"pt":3,"ptyds":135,"ptavg":37,"top":"31:28"}},"players":null},"away":{"score":{"1":7,"2":0,"3":0,"4":8,"5":0,"T":15},"abbr":"SEA","to":1,"stats":{"passing":{"00-0024296":{"name":"C.Whitehurst","att":18,"cmp":11,"yds":66,"tds":0,"ints":0,"twopta":1,"twoptm":1},"00-0007091":{"name":"M.Hasselbeck","att":4,"cmp":3,"yds":24,"tds":0,"ints":0,"twopta":0,"twoptm":0}},"rushing":{"00-0025399":{"name":"M.Lynch","att":14,"yds":53,"tds":0,"lng":29,"lngtd":0,"twopta":0,"twoptm":0},"00-0024332":{"name":"L.Washington","att":1,"yds":16,"tds":1,"lng":16,"lngtd":16,"twopta":0,"twoptm":0},"00-0026373":{"name":"J.Forsett","att":8,"yds":12,"tds":0,"lng":5,"lngtd":0,"twopta":0,"twoptm":0},"00-0024296":{"name":"C.Whitehurst","att":3,"yds":5,"tds":0,"lng":5,"lngtd":0,"twopta":0,"twoptm":0},"00-0024315":{"name":"M.Robinson","att":1,"yds":3,"tds":0,"lng":3,"lngtd":0,"twopta":0,"twoptm":0},"00-0007091":{"name":"M.Hasselbeck","att":1,"yds":1,"tds":1,"lng":1,"lngtd":1,"twopta":0,"twoptm":0}},"receiving":{"00-0026178":{"name":"J.Carlson","rec":3,"yds":27,"tds":0,"lng":12,"lngtd":0,"twopta":0,"twoptm":0},"00-0027891":{"name":"G.Tate","rec":3,"yds":10,"tds":0,"lng":5,"lngtd":0,"twopta":0,"twoptm":0},"00-0024463":{"name":"B.Obomanu","rec":2,"yds":18,"tds":0,"lng":14,"lngtd":0,"twopta":1,"twoptm":1},"00-0023452":{"name":"M.Williams","rec":2,"yds":15,"tds":0,"lng":9,"lngtd":0,"twopta":0,"twoptm":0},"00-0026373":{"name":"J.Forsett","rec":2,"yds":5,"tds":0,"lng":9,"lngtd":0,"twopta":0,"twoptm":0},"00-0026963":{"name":"C.Morrah","rec":1,"yds":9,"tds":0,"lng":9,"lngtd":0,"twopta":0,"twoptm":0},"00-0015754":{"name":"B.Stokley","rec":1,"yds":6,"tds":0,"lng":6,"lngtd":0,"twopta":0,"twoptm":0}},"fumbles":{},"kicking":{"00-0010373":{"name":"O.Mare","fgm":0,"fga":0,"fgyds":0,"totpfg":0,"xpmade":1,"xpmissed":0,"xpa":1,"xpb":0,"xptot":1}},"punting":{"00-0023742":{"name":"J.Ryan","pts":7,"yds":260,"avg":36,"i20":2,"lng":58}},"kickret":{"00-0024332":{"name":"L.Washington","ret":7,"avg":18,"tds":0,"lng":32,"lngtd":0}},"puntret":{"00-0024332":{"name":"L.Washington","ret":2,"avg":2,"tds":0,"lng":6,"lngtd":0}},"defense":{"00-0023480":{"name":"L.Tatupu","tkl":8,"ast":2,"sk":1,"int":0,"ffum":1},"00-0025999":{"name":"D.Hawthorne","tkl":5,"ast":3,"sk":0,"int":0,"ffum":0},"00-0022046":{"name":"M.Trufant","tkl":5,"ast":1,"sk":0,"int":0,"ffum":0},"00-0026169":{"name":"K.Balmer","tkl":4,"ast":1,"sk":0,"int":0,"ffum":0},"00-0021684":{"name":"C.Cole","tkl":4,"ast":0,"sk":0,"int":0,"ffum":0},"00-0026981":{"name":"A.Curry","tkl":3,"ast":1,"sk":0,"int":0,"ffum":0},"00-0011326":{"name":"L.Milloy","tkl":2,"ast":2,"sk":0,"int":0,"ffum":0},"00-0021340":{"name":"R.Brock","tkl":2,"ast":1,"sk":0.5,"int":0,"ffum":0},"00-0027866":{"name":"E.Thomas","tkl":2,"ast":1,"sk":0,"int":0,"ffum":1},"00-0025472":{"name":"B.Mebane","tkl":2,"ast":1,"sk":0,"int":0,"ffum":0},"00-0027711":{"name":"W.Thurmond","tkl":2,"ast":0,"sk":0,"int":0,"ffum":0},"00-0022409":{"name":"J.Babineaux","tkl":2,"ast":0,"sk":0,"int":0,"ffum":0},"00-0022878":{"name":"A.Gordon","tkl":2,"ast":0,"sk":0,"int":0,"ffum":0},"00-0021577":{"name":"C.Clemons","tkl":1,"ast":1,"sk":0.5,"int":0,"ffum":0},"00-0025525":{"name":"J.Richardson","tkl":1,"ast":1,"sk":0,"int":0,"ffum":0},"00-0024246":{"name":"K.Jennings","tkl":1,"ast":0,"sk":0,"int":0,"ffum":0},"00-0027733":{"name":"K.Chancellor","tkl":1,"ast":0,"sk":0,"int":0,"ffum":0}},"team":{"totfd":10,"totyds":174,"pyds":84,"ryds":90,"pen":1,"penyds":10,"trnovr":0,"pt":7,"ptyds":260,"ptavg":36,"top":"28:32"}},"players":null},"drives":{"1":{"posteam":"TB","qtr":1,"redzone":true,"plays":{"35":{"sp":0,"qtr":1,"down":0,"time":"15:00","yrdln":"SEA 30","ydstogo":0,"ydsnet":0,"posteam":"SEA","desc":"O.Mare kicks 67 yards from SEA 30 to TB 3. M.Spurlock pushed ob at TB 23 for 20 yards (J.Babineaux).","note":"KICKOFF","players":{"00-0022409":[{"sequence":3,"clubcode":"SEA","playerName":"J.Babineaux","statId":79,"yards":0}],"00-0023968":[{"sequence":2,"clubcode":"TB","playerName":"M.Spurlock","statId":45,"yards":20}],"00-0010373":[{"sequence":1,"clubcode":"SEA","playerName":"O.Mare","statId":41,"yards":67}]}},"57":{"sp":0,"qtr":1,"down":1,"time":"14:53","yrdln":"TB 23","ydstogo":10,"ydsnet":-1,"posteam":"TB","desc":"(14:53) L.Blount left tackle to TB 22 for -1 yards (K.Balmer).","note":null,"players":{"00-0027325":[{"sequence":1,"clubcode":"TB","playerName":"L.Blount","statId":10,"yards":-1}],"0":[{"sequence":2,"clubcode":"TB","playerName":"","statId":95,"yards":-1}],"00-0026169":[{"sequence":3,"clubcode":"SEA","playerName":"K.Balmer","statId":79,"yards":0},{"sequence":4,"clubcode":"SEA","playerName":"K.Balmer","statId":120,"yards":0}]}},"78":{"sp":0,"qtr":1,"down":2,"time":"14:09","yrdln":"TB 22","ydstogo":11,"ydsnet":-1,"posteam":"TB","desc":"(14:09) J.Freeman pass incomplete deep left to M.Williams.","note":null,"players":{"00-0027702":[{"sequence":2,"clubcode":"TB","playerName":"M.Williams","statId":115,"yards":0}],"00-0026993":[{"sequence":1,"clubcode":"TB","playerName":"J.Freeman","statId":14,"yards":0},{"sequence":3,"clubcode":"TB","playerName":"J.Freeman","statId":112,"yards":18}]}},"100":{"sp":0,"qtr":1,"down":3,"time":"14:03","yrdln":"TB 22","ydstogo":11,"ydsnet":-2,"posteam":"TB","desc":"(14:03) (Shotgun) J.Freeman pass short middle to C.Williams to TB 35 for 13 yards (J.Babineaux, L.Tatupu). PENALTY on TB-P.Parker, Illegal Block Above the Waist, 10 yards, enforced at TB 31.","note":"PENALTY","players":{"00-0023480":[{"sequence":7,"clubcode":"SEA","playerName":"L.Tatupu","statId":82,"yards":0}],"00-0027450":[{"sequence":8,"clubcode":"TB","playerName":"P.Parker","statId":93,"yards":10}],"00-0022409":[{"sequence":6,"clubcode":"SEA","playerName":"J.Babineaux","statId":80,"yards":0}],"00-0023440":[{"sequence":3,"clubcode":"TB","playerName":"C.Williams","statId":21,"yards":9},{"sequence":4,"clubcode":"TB","playerName":"C.Williams","statId":115,"yards":0},{"sequence":5,"clubcode":"TB","playerName":"C.Williams","statId":113,"yards":6}],"00-0026993":[{"sequence":1,"clubcode":"TB","playerName":"J.Freeman","statId":15,"yards":9},{"sequence":2,"clubcode":"TB","playerName":"J.Freeman","statId":111,"yards":3}]}},"135":{"sp":0,"qtr":1,"down":0,"time":"13:30","yrdln":"","ydstogo":0,"ydsnet":-2,"posteam":"","desc":"Timeout #1 by TB at 13:30.","note":"TIMEOUT","players":{"0":[{"sequence":1,"clubcode":"TB","playerName":"","statId":68,"yards":0}]}},"152":{"sp":0,"qtr":1,"down":3,"time":"13:30","yrdln":"TB 21","ydstogo":12,"ydsnet":3,"posteam":"TB","desc":"(13:30) (Shotgun) J.Freeman pass short right to C.Williams to TB 26 for 5 yards (L.Tatupu).","note":null,"players":{"00-0023480":[{"sequence":7,"clubcode":"SEA","playerName":"L.Tatupu","statId":79,"yards":0}],"0":[{"sequence":1,"clubcode":"TB","playerName":"","statId":7,"yards":0}],"00-0023440":[{"sequence":4,"clubcode":"TB","playerName":"C.Williams","statId":21,"yards":5},{"sequence":5,"clubcode":"TB","playerName":"C.Williams","statId":115,"yards":0},{"sequence":6,"clubcode":"TB","playerName":"C.Williams","statId":113,"yards":4}],"00-0026993":[{"sequence":2,"clubcode":"TB","playerName":"J.Freeman","statId":15,"yards":5},{"sequence":3,"clubcode":"TB","playerName":"J.Freeman","statId":111,"yards":1}]}},"176":{"sp":0,"qtr":1,"down":0,"time":"12:53","yrdln":"","ydstogo":0,"ydsnet":3,"posteam":"","desc":"Timeout #1 by SEA at 12:53.","note":"TIMEOUT","players":{"0":[{"sequence":1,"clubcode":"SEA","playerName":"","statId":68,"yards":0}]}},"193":{"sp":0,"qtr":1,"down":4,"time":"12:53","yrdln":"TB 26","ydstogo":7,"ydsnet":3,"posteam":"TB","desc":"(12:53) (Punt formation) R.Malone punts 37 yards to SEA 37, Center-A.Economos. L.Washington to SEA 35 for -2 yards (A.Benn).","note":"PUNT","players":{"00-0024332":[{"sequence":2,"clubcode":"SEA","playerName":"L.Washington","statId":33,"yards":-2}],"00-0027654":[{"sequence":3,"clubcode":"TB","playerName":"A.Benn","statId":79,"yards":0}],"00-0027509":[{"sequence":1,"clubcode":"TB","playerName":"R.Malone","statId":29,"yards":37}]}}},"fds":0,"result":"Punt","penyds":-10,"ydsgained":13,"numplays":8,"postime":"2:18","start":{"qtr":1,"time":"15:00","yrdln":"TB 23","team":"TB"},"end":{"qtr":1,"time":"12:42","yrdln":"TB 26","team":"TB"}},"2":{"posteam":"SEA","qtr":1,"redzone":true,"plays":{"218":{"sp":0,"qtr":1,"down":1,"time":"12:42","yrdln":"SEA 35","ydstogo":10,"ydsnet":0,"posteam":"SEA","desc":"(12:42) M.Hasselbeck pass incomplete short right to M.Williams.","note":null,"players":{"00-0023452":[{"sequence":2,"clubcode":"SEA","playerName":"M.Williams","statId":115,"yards":0}],"00-0007091":[{"sequence":1,"clubcode":"SEA","playerName":"M.Hasselbeck","statId":14,"yards":0},{"sequence":3,"clubcode":"SEA","playerName":"M.Hasselbeck","statId":112,"yards":12}]}},"240":{"sp":0,"qtr":1,"down":2,"time":"12:36","yrdln":"SEA 35","ydstogo":10,"ydsnet":4,"posteam":"SEA","desc":"(12:36) J.Forsett up the middle to SEA 39 for 4 yards (B.Ruud, S.Jones).","note":null,"players":{"00-0023471":[{"sequence":2,"clubcode":"TB","playerName":"B.Ruud","statId":80,"yards":0}],"00-0022844":[{"sequence":3,"clubcode":"TB","playerName":"S.Jones","statId":82,"yards":0}],"00-0026373":[{"sequence":1,"clubcode":"SEA","playerName":"J.Forsett","statId":10,"yards":4}]}},"261":{"sp":0,"qtr":1,"down":3,"time":"11:56","yrdln":"SEA 39","ydstogo":6,"ydsnet":0,"posteam":"SEA","desc":"(11:56) J.Forsett up the middle to SEA 35 for -4 yards (M.Bennett).","note":null,"players":{"00-0026618":[{"sequence":4,"clubcode":"TB","playerName":"M.Bennett","statId":79,"yards":0},{"sequence":5,"clubcode":"TB","playerName":"M.Bennett","statId":120,"yards":0}],"0":[{"sequence":1,"clubcode":"SEA","playerName":"","statId":7,"yards":0},{"sequence":3,"clubcode":"SEA","playerName":"","statId":95,"yards":-4}],"00-0026373":[{"sequence":2,"clubcode":"SEA","playerName":"J.Forsett","statId":10,"yards":-4}]}},"282":{"sp":0,"qtr":1,"down":4,"time":"11:19","yrdln":"SEA 35","ydstogo":10,"ydsnet":0,"posteam":"SEA","desc":"(11:19) (Punt formation) J.Ryan punts 42 yards to TB 23, Center-C.Gresham, fair catch by M.Spurlock.","note":"PUNT","players":{"00-0023742":[{"sequence":1,"clubcode":"SEA","playerName":"J.Ryan","statId":29,"yards":42}],"00-0023968":[{"sequence":2,"clubcode":"TB","playerName":"M.Spurlock","statId":39,"yards":0}]}}},"fds":0,"result":"Punt","penyds":0,"ydsgained":0,"numplays":4,"postime":"1:33","start":{"qtr":1,"time":"12:42","yrdln":"SEA 35","team":"SEA"},"end":{"qtr":1,"time":"11:09","yrdln":"SEA 35","team":"SEA"}},"3":{"posteam":"TB","qtr":1,"redzone":true,"plays":{"305":{"sp":0,"qtr":1,"down":1,"time":"11:09","yrdln":"TB 23","ydstogo":10,"ydsnet":0,"posteam":"TB","desc":"(11:09) L.Blount right guard to TB 23 for no gain (D.Hawthorne).","note":null,"players":{"00-0025999":[{"sequence":2,"clubcode":"SEA","playerName":"D.Hawthorne","statId":79,"yards":0}],"00-0027325":[{"sequence":1,"clubcode":"TB","playerName":"L.Blount","statId":10,"yards":0}]}},"326":{"sp":0,"qtr":1,"down":2,"time":"10:32","yrdln":"TB 23","ydstogo":10,"ydsnet":-8,"posteam":"TB","desc":"(10:32) J.Freeman sacked at TB 15 for -8 yards (L.Tatupu). FUMBLES (L.Tatupu), and recovers at TB 15. J.Freeman to TB 15 for no gain (L.Tatupu).","note":"FUMBLE","players":{"00-0023480":[{"sequence":1,"clubcode":"SEA","playerName":"L.Tatupu","statId":79,"yards":0},{"sequence":3,"clubcode":"SEA","playerName":"L.Tatupu","statId":91,"yards":0},{"sequence":6,"clubcode":"SEA","playerName":"L.Tatupu","statId":83,"yards":-8},{"sequence":7,"clubcode":"SEA","playerName":"L.Tatupu","statId":79,"yards":0},{"sequence":8,"clubcode":"SEA","playerName":"L.Tatupu","statId":120,"yards":0}],"00-0026993":[{"sequence":2,"clubcode":"TB","playerName":"J.Freeman","statId":52,"yards":0},{"sequence":4,"clubcode":"TB","playerName":"J.Freeman","statId":55,"yards":0},{"sequence":5,"clubcode":"TB","playerName":"J.Freeman","statId":20,"yards":-8}]}},"355":{"sp":0,"qtr":1,"down":3,"time":"09:57","yrdln":"TB 15","ydstogo":18,"ydsnet":-15,"posteam":"TB","desc":"(9:57) (Shotgun) J.Freeman pass short left to C.Williams to TB 30 for 15 yards (R.Brock). PENALTY on TB-J.Zuttah, Offensive Holding, 7 yards, enforced at TB 15 - No Play.","note":"PENALTY","players":{"00-0026223":[{"sequence":1,"clubcode":"TB","playerName":"J.Zuttah","statId":93,"yards":7}]}},"390":{"sp":0,"qtr":1,"down":3,"time":"09:31","yrdln":"TB 8","ydstogo":25,"ydsnet":0,"posteam":"TB","desc":"(9:31) (Shotgun) C.Williams up the middle to TB 23 for 15 yards (R.Brock, L.Tatupu).","note":null,"players":{"00-0023480":[{"sequence":4,"clubcode":"SEA","playerName":"L.Tatupu","statId":82,"yards":0}],"0":[{"sequence":1,"clubcode":"TB","playerName":"","statId":7,"yards":0}],"00-0021340":[{"sequence":3,"clubcode":"SEA","playerName":"R.Brock","statId":80,"yards":0}],"00-0023440":[{"sequence":2,"clubcode":"TB","playerName":"C.Williams","statId":10,"yards":15}]}},"411":{"sp":0,"qtr":1,"down":4,"time":"08:56","yrdln":"TB 23","ydstogo":10,"ydsnet":0,"posteam":"TB","desc":"(8:56) (Punt formation) R.Malone punts 45 yards to SEA 32, Center-A.Economos. L.Washington to SEA 38 for 6 yards (A.Benn, A.Hayward).","note":"PUNT","players":{"00-0025569":[{"sequence":4,"clubcode":"TB","playerName":"A.Hayward","statId":82,"yards":0}],"00-0024332":[{"sequence":2,"clubcode":"SEA","playerName":"L.Washington","statId":33,"yards":6}],"00-0027654":[{"sequence":3,"clubcode":"TB","playerName":"A.Benn","statId":80,"yards":0}],"00-0027509":[{"sequence":1,"clubcode":"TB","playerName":"R.Malone","statId":29,"yards":45}]}}},"fds":0,"result":"Punt","penyds":-7,"ydsgained":7,"numplays":5,"postime":"2:26","start":{"qtr":1,"time":"11:09","yrdln":"TB 23","team":"TB"},"end":{"qtr":1,"time":"08:43","yrdln":"TB 23","team":"TB"}},"4":{"posteam":"SEA","qtr":1,"redzone":true,"plays":{"436":{"sp":0,"qtr":1,"down":1,"time":"08:43","yrdln":"SEA 38","ydstogo":10,"ydsnet":6,"posteam":"SEA","desc":"(8:43) M.Hasselbeck pass short right to M.Williams to SEA 44 for 6 yards (T.Crowder).","note":null,"players":{"00-0023452":[{"sequence":3,"clubcode":"SEA","playerName":"M.Williams","statId":21,"yards":6},{"sequence":4,"clubcode":"SEA","playerName":"M.Williams","statId":115,"yards":0},{"sequence":5,"clubcode":"SEA","playerName":"M.Williams","statId":113,"yards":6}],"00-0025443":[{"sequence":6,"clubcode":"TB","playerName":"T.Crowder","statId":79,"yards":0}],"00-0007091":[{"sequence":1,"clubcode":"SEA","playerName":"M.Hasselbeck","statId":15,"yards":6},{"sequence":2,"clubcode":"SEA","playerName":"M.Hasselbeck","statId":111,"yards":0}]}},"460":{"sp":0,"qtr":1,"down":2,"time":"08:18","yrdln":"SEA 44","ydstogo":4,"ydsnet":35,"posteam":"SEA","desc":"(8:18) M.Lynch right guard to TB 27 for 29 yards (G.Hayes).","note":null,"players":{"00-0025399":[{"sequence":2,"clubcode":"SEA","playerName":"M.Lynch","statId":10,"yards":29}],"0":[{"sequence":1,"clubcode":"SEA","playerName":"","statId":3,"yards":0}],"00-0026315":[{"sequence":3,"clubcode":"TB","playerName":"G.Hayes","statId":79,"yards":0}]}},"481":{"sp":0,"qtr":1,"down":1,"time":"07:40","yrdln":"TB 27","ydstogo":10,"ydsnet":44,"posteam":"SEA","desc":"(7:40) M.Hasselbeck pass short right to C.Morrah to TB 18 for 9 yards (S.Jones).","note":null,"players":{"00-0022844":[{"sequence":6,"clubcode":"TB","playerName":"S.Jones","statId":79,"yards":0}],"00-0026963":[{"sequence":3,"clubcode":"SEA","playerName":"C.Morrah","statId":21,"yards":9},{"sequence":4,"clubcode":"SEA","playerName":"C.Morrah","statId":115,"yards":0},{"sequence":5,"clubcode":"SEA","playerName":"C.Morrah","statId":113,"yards":10}],"00-0007091":[{"sequence":1,"clubcode":"SEA","playerName":"M.Hasselbeck","statId":15,"yards":9},{"sequence":2,"clubcode":"SEA","playerName":"M.Hasselbeck","statId":111,"yards":-1}]}},"505":{"sp":0,"qtr":1,"down":2,"time":"07:10","yrdln":"TB 18","ydstogo":1,"ydsnet":49,"posteam":"SEA","desc":"(7:10) J.Forsett up the middle to TB 13 for 5 yards (F.Okam).","note":null,"players":{"00-0026291":[{"sequence":3,"clubcode":"TB","playerName":"F.Okam","statId":79,"yards":0}],"0":[{"sequence":1,"clubcode":"SEA","playerName":"","statId":3,"yards":0}],"00-0026373":[{"sequence":2,"clubcode":"SEA","playerName":"J.Forsett","statId":10,"yards":5}]}},"526":{"sp":0,"qtr":1,"down":1,"time":"06:37","yrdln":"TB 13","ydstogo":10,"ydsnet":49,"posteam":"SEA","desc":"(6:37) M.Lynch right end to TB 13 for no gain (A.Hayward, T.Crowder).","note":null,"players":{"00-0025569":[{"sequence":2,"clubcode":"TB","playerName":"A.Hayward","statId":80,"yards":0}],"00-0025399":[{"sequence":1,"clubcode":"SEA","playerName":"M.Lynch","statId":10,"yards":0}],"00-0025443":[{"sequence":3,"clubcode":"TB","playerName":"T.Crowder","statId":82,"yards":0}]}},"547":{"sp":0,"qtr":1,"down":2,"time":"05:57","yrdln":"TB 13","ydstogo":10,"ydsnet":58,"posteam":"SEA","desc":"(5:57) (Shotgun) M.Hasselbeck pass short right to M.Williams to TB 4 for 9 yards (E.Biggers).","note":null,"players":{"00-0023452":[{"sequence":3,"clubcode":"SEA","playerName":"M.Williams","statId":21,"yards":9},{"sequence":4,"clubcode":"SEA","playerName":"M.Williams","statId":115,"yards":0},{"sequence":5,"clubcode":"SEA","playerName":"M.Williams","statId":113,"yards":3}],"00-0026945":[{"sequence":6,"clubcode":"TB","playerName":"E.Biggers","statId":79,"yards":0}],"00-0007091":[{"sequence":1,"clubcode":"SEA","playerName":"M.Hasselbeck","statId":15,"yards":9},{"sequence":2,"clubcode":"SEA","playerName":"M.Hasselbeck","statId":111,"yards":6}]}},"571":{"sp":0,"qtr":1,"down":3,"time":"05:19","yrdln":"TB 4","ydstogo":1,"ydsnet":58,"posteam":"SEA","desc":"(5:19) M.Lynch right guard to TB 4 for no gain (S.Jones).","note":null,"players":{"00-0025399":[{"sequence":2,"clubcode":"SEA","playerName":"M.Lynch","statId":10,"yards":0}],"0":[{"sequence":1,"clubcode":"SEA","playerName":"","statId":7,"yards":0}],"00-0022844":[{"sequence":3,"clubcode":"TB","playerName":"S.Jones","statId":79,"yards":0}]}},"592":{"sp":0,"qtr":1,"down":4,"time":"04:54","yrdln":"TB 4","ydstogo":1,"ydsnet":61,"posteam":"SEA","desc":"(4:54) M.Robinson up the middle to TB 1 for 3 yards (E.Biggers).","note":null,"players":{"0":[{"sequence":1,"clubcode":"SEA","playerName":"","statId":3,"yards":0},{"sequence":2,"clubcode":"SEA","playerName":"","statId":8,"yards":0}],"00-0026945":[{"sequence":4,"clubcode":"TB","playerName":"E.Biggers","statId":79,"yards":0}],"00-0024315":[{"sequence":3,"clubcode":"SEA","playerName":"M.Robinson","statId":10,"yards":3}]}},"613":{"sp":0,"qtr":1,"down":1,"time":"04:17","yrdln":"TB 1","ydstogo":1,"ydsnet":61,"posteam":"SEA","desc":"(4:17) M.Lynch up the middle to TB 1 for no gain (S.Jones, A.Woods).","note":null,"players":{"00-0025399":[{"sequence":1,"clubcode":"SEA","playerName":"M.Lynch","statId":10,"yards":0}],"00-0027723":[{"sequence":3,"clubcode":"TB","playerName":"A.Woods","statId":82,"yards":0}],"00-0022844":[{"sequence":2,"clubcode":"TB","playerName":"S.Jones","statId":80,"yards":0}]}},"634":{"sp":0,"qtr":1,"down":2,"time":"03:36","yrdln":"TB 1","ydstogo":1,"ydsnet":61,"posteam":"SEA","desc":"(3:36) M.Lynch up the middle to TB 1 for no gain (G.Hayes, F.Okam).","note":null,"players":{"00-0026291":[{"sequence":3,"clubcode":"TB","playerName":"F.Okam","statId":82,"yards":0}],"00-0025399":[{"sequence":1,"clubcode":"SEA","playerName":"M.Lynch","statId":10,"yards":0}],"00-0026315":[{"sequence":2,"clubcode":"TB","playerName":"G.Hayes","statId":80,"yards":0}]}},"655":{"sp":1,"qtr":1,"down":3,"time":"02:59","yrdln":"TB 1","ydstogo":1,"ydsnet":62,"posteam":"SEA","desc":"(2:59) M.Hasselbeck scrambles right end for 1 yard, TOUCHDOWN.","note":"TD","players":{"0":[{"sequence":1,"clubcode":"SEA","playerName":"","statId":3,"yards":0},{"sequence":2,"clubcode":"SEA","playerName":"","statId":6,"yards":0}],"00-0007091":[{"sequence":3,"clubcode":"SEA","playerName":"M.Hasselbeck","statId":11,"yards":1}]}},"672":{"sp":1,"qtr":1,"down":0,"time":"02:50","yrdln":"TB 2","ydstogo":0,"ydsnet":62,"posteam":"SEA","desc":"O.Mare extra point is GOOD, Center-C.Gresham, Holder-J.Ryan.","note":"XP","players":{"00-0010373":[{"sequence":1,"clubcode":"SEA","playerName":"O.Mare","statId":72,"yards":0}]}}},"fds":4,"result":"Touchdown","penyds":0,"ydsgained":62,"numplays":12,"postime":"5:53","start":{"qtr":1,"time":"08:43","yrdln":"SEA 38","team":"SEA"},"end":{"qtr":1,"time":"02:50","yrdln":"TB 1","team":"SEA"}},"5":{"posteam":"TB","qtr":1,"redzone":true,"plays":{"688":{"sp":0,"qtr":1,"down":0,"time":"02:50","yrdln":"SEA 30","ydstogo":0,"ydsnet":0,"posteam":"SEA","desc":"O.Mare kicks 66 yards from SEA 30 to TB 4. M.Spurlock pushed ob at SEA 17 for 79 yards (O.Mare).","note":"KICKOFF","players":{"00-0023968":[{"sequence":2,"clubcode":"TB","playerName":"M.Spurlock","statId":45,"yards":79}],"00-0010373":[{"sequence":1,"clubcode":"SEA","playerName":"O.Mare","statId":41,"yards":66},{"sequence":3,"clubcode":"SEA","playerName":"O.Mare","statId":79,"yards":0}]}},"710":{"sp":0,"qtr":1,"down":1,"time":"02:31","yrdln":"SEA 17","ydstogo":10,"ydsnet":3,"posteam":"TB","desc":"(2:31) L.Blount left guard to SEA 14 for 3 yards (C.Cole, L.Milloy).","note":null,"players":{"00-0027325":[{"sequence":1,"clubcode":"TB","playerName":"L.Blount","statId":10,"yards":3}],"00-0021684":[{"sequence":2,"clubcode":"SEA","playerName":"C.Cole","statId":80,"yards":0}],"00-0011326":[{"sequence":3,"clubcode":"SEA","playerName":"L.Milloy","statId":82,"yards":0}]}},"731":{"sp":0,"qtr":1,"down":2,"time":"01:48","yrdln":"SEA 14","ydstogo":7,"ydsnet":2,"posteam":"TB","desc":"(1:48) J.Freeman pass short left to K.Winslow to SEA 15 for -1 yards (D.Hawthorne).","note":null,"players":{"00-0025999":[{"sequence":6,"clubcode":"SEA","playerName":"D.Hawthorne","statId":79,"yards":0},{"sequence":7,"clubcode":"SEA","playerName":"D.Hawthorne","statId":120,"yards":0}],"00-0022922":[{"sequence":3,"clubcode":"TB","playerName":"K.Winslow","statId":21,"yards":-1},{"sequence":4,"clubcode":"TB","playerName":"K.Winslow","statId":115,"yards":0},{"sequence":5,"clubcode":"TB","playerName":"K.Winslow","statId":113,"yards":1}],"00-0026993":[{"sequence":1,"clubcode":"TB","playerName":"J.Freeman","statId":15,"yards":-1},{"sequence":2,"clubcode":"TB","playerName":"J.Freeman","statId":111,"yards":-2}]}},"755":{"sp":0,"qtr":1,"down":3,"time":"01:04","yrdln":"SEA 15","ydstogo":8,"ydsnet":-11,"posteam":"TB","desc":"(1:04) (Shotgun) J.Freeman sacked at SEA 28 for -13 yards (sack split by R.Brock and C.Clemons).","note":null,"players":{"0":[{"sequence":1,"clubcode":"TB","playerName":"","statId":7,"yards":0}],"00-0021340":[{"sequence":3,"clubcode":"SEA","playerName":"R.Brock","statId":84,"yards":-13},{"sequence":5,"clubcode":"SEA","playerName":"R.Brock","statId":110,"yards":0},{"sequence":7,"clubcode":"SEA","playerName":"R.Brock","statId":82,"yards":0}],"00-0021577":[{"sequence":4,"clubcode":"SEA","playerName":"C.Clemons","statId":84,"yards":-13},{"sequence":6,"clubcode":"SEA","playerName":"C.Clemons","statId":110,"yards":0},{"sequence":8,"clubcode":"SEA","playerName":"C.Clemons","statId":82,"yards":0}],"00-0026993":[{"sequence":2,"clubcode":"TB","playerName":"J.Freeman","statId":20,"yards":-13}]}},"774":{"sp":0,"qtr":1,"down":0,"time":"00:30","yrdln":"","ydstogo":0,"ydsnet":-11,"posteam":"","desc":"Timeout #2 by TB at 00:30.","note":"TIMEOUT","players":{"0":[{"sequence":1,"clubcode":"TB","playerName":"","statId":68,"yards":0}]}},"791":{"sp":1,"qtr":1,"down":4,"time":"00:30","yrdln":"SEA 28","ydstogo":21,"ydsnet":-11,"posteam":"TB","desc":"(:30) (Field Goal formation) C.Barth 46 yard field goal is GOOD, Center-A.Economos, Holder-R.Malone.","note":"FG","players":{"00-0026138":[{"sequence":1,"clubcode":"TB","playerName":"C.Barth","statId":70,"yards":46}]}}},"fds":0,"result":"Field Goal","penyds":0,"ydsgained":-11,"numplays":6,"postime":"2:25","start":{"qtr":1,"time":"02:50","yrdln":"SEA 17","team":"TB"},"end":{"qtr":1,"time":"00:25","yrdln":"SEA 28","team":"TB"}},"6":{"posteam":"SEA","qtr":2,"redzone":true,"plays":{"810":{"sp":0,"qtr":1,"down":0,"time":"00:25","yrdln":"TB 30","ydstogo":0,"ydsnet":0,"posteam":"TB","desc":"C.Barth kicks 62 yards from TB 30 to SEA 8. L.Washington to SEA 29 for 21 yards (T.McKenzie).","note":"KICKOFF","players":{"00-0027068":[{"sequence":3,"clubcode":"TB","playerName":"T.McKenzie","statId":79,"yards":0}],"00-0024332":[{"sequence":2,"clubcode":"SEA","playerName":"L.Washington","statId":45,"yards":21}],"00-0026138":[{"sequence":1,"clubcode":"TB","playerName":"C.Barth","statId":41,"yards":62}]}},"832":{"sp":0,"qtr":1,"down":1,"time":"00:20","yrdln":"SEA 29","ydstogo":10,"ydsnet":0,"posteam":"SEA","desc":"(:20) C.Whitehurst pass incomplete short left to B.Obomanu.","note":null,"players":{"00-0024463":[{"sequence":2,"clubcode":"SEA","playerName":"B.Obomanu","statId":115,"yards":0}],"00-0024296":[{"sequence":1,"clubcode":"SEA","playerName":"C.Whitehurst","statId":14,"yards":0},{"sequence":3,"clubcode":"SEA","playerName":"C.Whitehurst","statId":112,"yards":-2}]}},"854":{"sp":0,"qtr":1,"down":2,"time":"00:16","yrdln":"SEA 29","ydstogo":10,"ydsnet":6,"posteam":"SEA","desc":"(:16) M.Lynch up the middle to SEA 35 for 6 yards (A.Woods).","note":null,"players":{"00-0025399":[{"sequence":1,"clubcode":"SEA","playerName":"M.Lynch","statId":10,"yards":6}],"00-0027723":[{"sequence":2,"clubcode":"TB","playerName":"A.Woods","statId":79,"yards":0}]}},"875":{"sp":0,"qtr":1,"down":0,"time":"","yrdln":"","ydstogo":0,"ydsnet":6,"posteam":"","desc":"END QUARTER 1","note":null,"players":{}},"891":{"sp":0,"qtr":2,"down":3,"time":"15:00","yrdln":"SEA 35","ydstogo":4,"ydsnet":6,"posteam":"SEA","desc":"(15:00) (Shotgun) C.Whitehurst pass incomplete short left to B.Obomanu.","note":null,"players":{"00-0024463":[{"sequence":3,"clubcode":"SEA","playerName":"B.Obomanu","statId":115,"yards":0}],"00-0024296":[{"sequence":2,"clubcode":"SEA","playerName":"C.Whitehurst","statId":14,"yards":0},{"sequence":4,"clubcode":"SEA","playerName":"C.Whitehurst","statId":112,"yards":3}],"0":[{"sequence":1,"clubcode":"SEA","playerName":"","statId":7,"yards":0}]}},"913":{"sp":0,"qtr":2,"down":4,"time":"14:55","yrdln":"SEA 35","ydstogo":4,"ydsnet":6,"posteam":"SEA","desc":"(14:55) (Punt formation) J.Ryan punts 17 yards to TB 48, Center-C.Gresham, out of bounds.","note":"PUNT","players":{"00-0023742":[{"sequence":1,"clubcode":"SEA","playerName":"J.Ryan","statId":29,"yards":17}],"0":[{"sequence":2,"clubcode":"TB","playerName":"","statId":37,"yards":0}]}}},"fds":0,"result":"Punt","penyds":0,"ydsgained":6,"numplays":6,"postime":"0:35","start":{"qtr":1,"time":"00:25","yrdln":"SEA 29","team":"SEA"},"end":{"qtr":1,"time":"14:50","yrdln":"SEA 35","team":"SEA"}},"7":{"posteam":"TB","qtr":2,"redzone":true,"plays":{"935":{"sp":0,"qtr":2,"down":1,"time":"14:50","yrdln":"TB 48","ydstogo":10,"ydsnet":16,"posteam":"TB","desc":"(14:50) J.Freeman pass short right to A.Benn to SEA 36 for 16 yards (M.Trufant).","note":null,"players":{"00-0027654":[{"sequence":4,"clubcode":"TB","playerName":"A.Benn","statId":21,"yards":16},{"sequence":5,"clubcode":"TB","playerName":"A.Benn","statId":115,"yards":0},{"sequence":6,"clubcode":"TB","playerName":"A.Benn","statId":113,"yards":14}],"0":[{"sequence":1,"clubcode":"TB","playerName":"","statId":4,"yards":0}],"00-0022046":[{"sequence":7,"clubcode":"SEA","playerName":"M.Trufant","statId":79,"yards":0}],"00-0026993":[{"sequence":2,"clubcode":"TB","playerName":"J.Freeman","statId":15,"yards":16},{"sequence":3,"clubcode":"TB","playerName":"J.Freeman","statId":111,"yards":2}]}},"959":{"sp":0,"qtr":2,"down":1,"time":"14:31","yrdln":"SEA 36","ydstogo":10,"ydsnet":33,"posteam":"TB","desc":"(14:31) J.Freeman pass deep middle to M.Williams to SEA 19 for 17 yards (E.Thomas).","note":null,"players":{"0":[{"sequence":1,"clubcode":"TB","playerName":"","statId":4,"yards":0}],"00-0027702":[{"sequence":4,"clubcode":"TB","playerName":"M.Williams","statId":21,"yards":17},{"sequence":5,"clubcode":"TB","playerName":"M.Williams","statId":115,"yards":0},{"sequence":6,"clubcode":"TB","playerName":"M.Williams","statId":113,"yards":1}],"00-0027866":[{"sequence":7,"clubcode":"SEA","playerName":"E.Thomas","statId":79,"yards":0}],"00-0026993":[{"sequence":2,"clubcode":"TB","playerName":"J.Freeman","statId":15,"yards":17},{"sequence":3,"clubcode":"TB","playerName":"J.Freeman","statId":111,"yards":16}]}},"983":{"sp":0,"qtr":2,"down":1,"time":"13:52","yrdln":"SEA 19","ydstogo":10,"ydsnet":52,"posteam":"TB","desc":"(13:52) L.Blount right end to SEA 8 for 11 yards (E.Thomas). FUMBLES (E.Thomas), recovered by TB-J.Zuttah at SEA 8. J.Zuttah to SEA 8 for no gain (A.Gordon).","note":"FUMBLE","players":{"00-0027325":[{"sequence":2,"clubcode":"TB","playerName":"L.Blount","statId":10,"yards":11},{"sequence":4,"clubcode":"TB","playerName":"L.Blount","statId":52,"yards":0}],"00-0022878":[{"sequence":7,"clubcode":"SEA","playerName":"A.Gordon","statId":79,"yards":0}],"00-0026223":[{"sequence":6,"clubcode":"TB","playerName":"J.Zuttah","statId":55,"yards":0}],"0":[{"sequence":1,"clubcode":"TB","playerName":"","statId":3,"yards":0}],"00-0027866":[{"sequence":3,"clubcode":"SEA","playerName":"E.Thomas","statId":79,"yards":0},{"sequence":5,"clubcode":"SEA","playerName":"E.Thomas","statId":91,"yards":0}]}},"1015":{"sp":0,"qtr":2,"down":1,"time":"13:19","yrdln":"SEA 8","ydstogo":8,"ydsnet":44,"posteam":"TB","desc":"(13:19) J.Freeman pass incomplete short middle to M.Williams.","note":null,"players":{"00-0027702":[{"sequence":2,"clubcode":"TB","playerName":"M.Williams","statId":115,"yards":0}],"00-0026993":[{"sequence":1,"clubcode":"TB","playerName":"J.Freeman","statId":14,"yards":0},{"sequence":3,"clubcode":"TB","playerName":"J.Freeman","statId":112,"yards":8}]}},"1037":{"sp":0,"qtr":2,"down":2,"time":"13:12","yrdln":"SEA 8","ydstogo":8,"ydsnet":42,"posteam":"TB","desc":"(13:12) (Shotgun) C.Williams up the middle to SEA 10 for -2 yards (K.Balmer).","note":null,"players":{"0":[{"sequence":2,"clubcode":"TB","playerName":"","statId":95,"yards":-2}],"00-0026169":[{"sequence":3,"clubcode":"SEA","playerName":"K.Balmer","statId":79,"yards":0},{"sequence":4,"clubcode":"SEA","playerName":"K.Balmer","statId":120,"yards":0}],"00-0023440":[{"sequence":1,"clubcode":"TB","playerName":"C.Williams","statId":10,"yards":-2}]}},"1058":{"sp":1,"qtr":2,"down":3,"time":"12:32","yrdln":"SEA 10","ydstogo":10,"ydsnet":52,"posteam":"TB","desc":"(12:32) (Shotgun) J.Freeman pass short right to K.Winslow for 10 yards, TOUCHDOWN.","note":"TD","players":{"00-0022922":[{"sequence":5,"clubcode":"TB","playerName":"K.Winslow","statId":22,"yards":10},{"sequence":6,"clubcode":"TB","playerName":"K.Winslow","statId":115,"yards":0},{"sequence":7,"clubcode":"TB","playerName":"K.Winslow","statId":113,"yards":0}],"0":[{"sequence":1,"clubcode":"TB","playerName":"","statId":4,"yards":0},{"sequence":2,"clubcode":"TB","playerName":"","statId":6,"yards":0}],"00-0026993":[{"sequence":3,"clubcode":"TB","playerName":"J.Freeman","statId":16,"yards":10},{"sequence":4,"clubcode":"TB","playerName":"J.Freeman","statId":111,"yards":10}]}},"1078":{"sp":1,"qtr":2,"down":0,"time":"12:23","yrdln":"SEA 2","ydstogo":0,"ydsnet":52,"posteam":"TB","desc":"C.Barth extra point is GOOD, Center-A.Economos, Holder-R.Malone.","note":"XP","players":{"00-0026138":[{"sequence":1,"clubcode":"TB","playerName":"C.Barth","statId":72,"yards":0}]}}},"fds":4,"result":"Touchdown","penyds":0,"ydsgained":52,"numplays":7,"postime":"2:27","start":{"qtr":2,"time":"14:50","yrdln":"TB 48","team":"TB"},"end":{"qtr":2,"time":"12:23","yrdln":"SEA 10","team":"TB"}},"8":{"posteam":"SEA","qtr":2,"redzone":true,"plays":{"1094":{"sp":0,"qtr":2,"down":0,"time":"12:23","yrdln":"TB 30","ydstogo":0,"ydsnet":0,"posteam":"TB","desc":"C.Barth kicks 61 yards from TB 30 to SEA 9. L.Washington to SEA 23 for 14 yards (E.Mack).","note":"KICKOFF","players":{"00-0024332":[{"sequence":2,"clubcode":"SEA","playerName":"L.Washington","statId":45,"yards":14}],"00-0026138":[{"sequence":1,"clubcode":"TB","playerName":"C.Barth","statId":41,"yards":61}],"00-0025902":[{"sequence":3,"clubcode":"TB","playerName":"E.Mack","statId":79,"yards":0}]}},"1116":{"sp":0,"qtr":2,"down":1,"time":"12:16","yrdln":"SEA 23","ydstogo":10,"ydsnet":6,"posteam":"SEA","desc":"(12:16) M.Lynch left tackle to SEA 29 for 6 yards (D.Watson).","note":null,"players":{"00-0025399":[{"sequence":1,"clubcode":"SEA","playerName":"M.Lynch","statId":10,"yards":6}],"00-0027812":[{"sequence":2,"clubcode":"TB","playerName":"D.Watson","statId":79,"yards":0}]}},"1137":{"sp":0,"qtr":2,"down":2,"time":"11:34","yrdln":"SEA 29","ydstogo":4,"ydsnet":2,"posteam":"SEA","desc":"(11:34) M.Lynch up the middle to SEA 25 for -4 yards (F.Okam).","note":null,"players":{"00-0026291":[{"sequence":3,"clubcode":"TB","playerName":"F.Okam","statId":79,"yards":0},{"sequence":4,"clubcode":"TB","playerName":"F.Okam","statId":120,"yards":0}],"00-0025399":[{"sequence":1,"clubcode":"SEA","playerName":"M.Lynch","statId":10,"yards":-4}],"0":[{"sequence":2,"clubcode":"SEA","playerName":"","statId":95,"yards":-4}]}},"1158":{"sp":0,"qtr":2,"down":3,"time":"10:49","yrdln":"SEA 25","ydstogo":8,"ydsnet":2,"posteam":"SEA","desc":"(10:49) (Shotgun) C.Whitehurst pass incomplete short middle to C.Morrah.","note":null,"players":{"00-0024296":[{"sequence":2,"clubcode":"SEA","playerName":"C.Whitehurst","statId":14,"yards":0},{"sequence":4,"clubcode":"SEA","playerName":"C.Whitehurst","statId":112,"yards":9}],"0":[{"sequence":1,"clubcode":"SEA","playerName":"","statId":7,"yards":0}],"00-0026963":[{"sequence":3,"clubcode":"SEA","playerName":"C.Morrah","statId":115,"yards":0}]}},"1180":{"sp":0,"qtr":2,"down":4,"time":"10:44","yrdln":"SEA 25","ydstogo":8,"ydsnet":2,"posteam":"SEA","desc":"(10:44) (Punt formation) J.Ryan punts 34 yards to TB 41, Center-C.Gresham, downed by SEA-K.Jennings.","note":"PUNT","players":{"00-0023742":[{"sequence":1,"clubcode":"SEA","playerName":"J.Ryan","statId":29,"yards":34}],"0":[{"sequence":2,"clubcode":"TB","playerName":"","statId":38,"yards":0}]}}},"fds":0,"result":"Punt","penyds":0,"ydsgained":2,"numplays":5,"postime":"1:52","start":{"qtr":2,"time":"12:23","yrdln":"SEA 23","team":"SEA"},"end":{"qtr":2,"time":"10:31","yrdln":"SEA 25","team":"SEA"}},"9":{"posteam":"TB","qtr":2,"redzone":true,"plays":{"1199":{"sp":0,"qtr":2,"down":1,"time":"10:31","yrdln":"TB 41","ydstogo":10,"ydsnet":5,"posteam":"TB","desc":"(10:31) L.Blount left guard to TB 46 for 5 yards (C.Cole, K.Balmer).","note":null,"players":{"00-0027325":[{"sequence":1,"clubcode":"TB","playerName":"L.Blount","statId":10,"yards":5}],"00-0021684":[{"sequence":2,"clubcode":"SEA","playerName":"C.Cole","statId":80,"yards":0}],"00-0026169":[{"sequence":3,"clubcode":"SEA","playerName":"K.Balmer","statId":82,"yards":0}]}},"1220":{"sp":0,"qtr":2,"down":2,"time":"09:51","yrdln":"TB 46","ydstogo":5,"ydsnet":9,"posteam":"TB","desc":"(9:51) L.Blount up the middle to 50 for 4 yards (K.Balmer, L.Milloy).","note":null,"players":{"00-0027325":[{"sequence":1,"clubcode":"TB","playerName":"L.Blount","statId":10,"yards":4}],"00-0026169":[{"sequence":2,"clubcode":"SEA","playerName":"K.Balmer","statId":80,"yards":0}],"00-0011326":[{"sequence":3,"clubcode":"SEA","playerName":"L.Milloy","statId":82,"yards":0}]}},"1241":{"sp":0,"qtr":2,"down":3,"time":"09:12","yrdln":"50","ydstogo":1,"ydsnet":12,"posteam":"TB","desc":"(9:12) J.Freeman left guard to SEA 47 for 3 yards (D.Hawthorne).","note":null,"players":{"00-0025999":[{"sequence":4,"clubcode":"SEA","playerName":"D.Hawthorne","statId":79,"yards":0}],"0":[{"sequence":1,"clubcode":"TB","playerName":"","statId":3,"yards":0},{"sequence":2,"clubcode":"TB","playerName":"","statId":6,"yards":0}],"00-0026993":[{"sequence":3,"clubcode":"TB","playerName":"J.Freeman","statId":10,"yards":3}]}},"1262":{"sp":0,"qtr":2,"down":1,"time":"08:35","yrdln":"SEA 47","ydstogo":10,"ydsnet":16,"posteam":"TB","desc":"(8:35) J.Freeman pass short middle to E.Graham to SEA 43 for 4 yards (L.Tatupu).","note":null,"players":{"00-0023480":[{"sequence":6,"clubcode":"SEA","playerName":"L.Tatupu","statId":79,"yards":0}],"00-0021755":[{"sequence":3,"clubcode":"TB","playerName":"E.Graham","statId":21,"yards":4},{"sequence":4,"clubcode":"TB","playerName":"E.Graham","statId":115,"yards":0},{"sequence":5,"clubcode":"TB","playerName":"E.Graham","statId":113,"yards":0}],"00-0026993":[{"sequence":1,"clubcode":"TB","playerName":"J.Freeman","statId":15,"yards":4},{"sequence":2,"clubcode":"TB","playerName":"J.Freeman","statId":111,"yards":4}]}},"1286":{"sp":0,"qtr":2,"down":2,"time":"08:00","yrdln":"SEA 43","ydstogo":6,"ydsnet":18,"posteam":"TB","desc":"(8:00) C.Williams right guard to SEA 41 for 2 yards (C.Cole).","note":null,"players":{"00-0021684":[{"sequence":2,"clubcode":"SEA","playerName":"C.Cole","statId":79,"yards":0}],"00-0023440":[{"sequence":1,"clubcode":"TB","playerName":"C.Williams","statId":10,"yards":2}]}},"1307":{"sp":0,"qtr":2,"down":3,"time":"07:16","yrdln":"SEA 41","ydstogo":4,"ydsnet":39,"posteam":"TB","desc":"(7:16) (Shotgun) J.Freeman pass deep middle to K.Winslow to SEA 20 for 21 yards (K.Chancellor).","note":null,"players":{"00-0027733":[{"sequence":8,"clubcode":"SEA","playerName":"K.Chancellor","statId":79,"yards":0}],"00-0022922":[{"sequence":5,"clubcode":"TB","playerName":"K.Winslow","statId":21,"yards":21},{"sequence":6,"clubcode":"TB","playerName":"K.Winslow","statId":115,"yards":0},{"sequence":7,"clubcode":"TB","playerName":"K.Winslow","statId":113,"yards":3}],"0":[{"sequence":1,"clubcode":"TB","playerName":"","statId":4,"yards":0},{"sequence":2,"clubcode":"TB","playerName":"","statId":6,"yards":0}],"00-0026993":[{"sequence":3,"clubcode":"TB","playerName":"J.Freeman","statId":15,"yards":21},{"sequence":4,"clubcode":"TB","playerName":"J.Freeman","statId":111,"yards":18}]}},"1331":{"sp":0,"qtr":2,"down":1,"time":"06:40","yrdln":"SEA 20","ydstogo":10,"ydsnet":39,"posteam":"TB","desc":"(6:40) (Shotgun) J.Freeman pass incomplete deep right to M.Williams.","note":null,"players":{"00-0027702":[{"sequence":2,"clubcode":"TB","playerName":"M.Williams","statId":115,"yards":0}],"00-0026993":[{"sequence":1,"clubcode":"TB","playerName":"J.Freeman","statId":14,"yards":0},{"sequence":3,"clubcode":"TB","playerName":"J.Freeman","statId":112,"yards":20}]}},"1353":{"sp":0,"qtr":2,"down":2,"time":"06:32","yrdln":"SEA 20","ydstogo":10,"ydsnet":39,"posteam":"TB","desc":"(6:32) (Shotgun) J.Freeman pass incomplete short right to M.Williams [A.Curry].","note":null,"players":{"00-0026981":[{"sequence":3,"clubcode":"SEA","playerName":"A.Curry","statId":110,"yards":0}],"00-0027702":[{"sequence":2,"clubcode":"TB","playerName":"M.Williams","statId":115,"yards":0}],"00-0026993":[{"sequence":1,"clubcode":"TB","playerName":"J.Freeman","statId":14,"yards":0},{"sequence":4,"clubcode":"TB","playerName":"J.Freeman","statId":112,"yards":3}]}},"1375":{"sp":1,"qtr":2,"down":3,"time":"06:27","yrdln":"SEA 20","ydstogo":10,"ydsnet":59,"posteam":"TB","desc":"(6:27) (Shotgun) J.Freeman pass deep middle to M.Williams for 20 yards, TOUCHDOWN [W.Thurmond].","note":"TD","players":{"0":[{"sequence":1,"clubcode":"TB","playerName":"","statId":4,"yards":0},{"sequence":2,"clubcode":"TB","playerName":"","statId":6,"yards":0}],"00-0027711":[{"sequence":8,"clubcode":"SEA","playerName":"W.Thurmond","statId":110,"yards":0}],"00-0027702":[{"sequence":5,"clubcode":"TB","playerName":"M.Williams","statId":22,"yards":20},{"sequence":6,"clubcode":"TB","playerName":"M.Williams","statId":115,"yards":0},{"sequence":7,"clubcode":"TB","playerName":"M.Williams","statId":113,"yards":3}],"00-0026993":[{"sequence":3,"clubcode":"TB","playerName":"J.Freeman","statId":16,"yards":20},{"sequence":4,"clubcode":"TB","playerName":"J.Freeman","statId":111,"yards":17}]}},"1395":{"sp":1,"qtr":2,"down":0,"time":"06:17","yrdln":"SEA 2","ydstogo":0,"ydsnet":59,"posteam":"TB","desc":"C.Barth extra point is GOOD, Center-A.Economos, Holder-R.Malone.","note":"XP","players":{"00-0026138":[{"sequence":1,"clubcode":"TB","playerName":"C.Barth","statId":72,"yards":0}]}}},"fds":3,"result":"Touchdown","penyds":0,"ydsgained":59,"numplays":10,"postime":"4:14","start":{"qtr":2,"time":"10:31","yrdln":"TB 41","team":"TB"},"end":{"qtr":2,"time":"06:17","yrdln":"SEA 20","team":"TB"}},"10":{"posteam":"SEA","qtr":2,"redzone":true,"plays":{"1411":{"sp":0,"qtr":2,"down":0,"time":"06:17","yrdln":"TB 30","ydstogo":0,"ydsnet":0,"posteam":"TB","desc":"C.Barth kicks 53 yards from TB 30 to SEA 17. L.Washington pushed ob at SEA 42 for 25 yards (E.Lorig).","note":"KICKOFF","players":{"00-0024332":[{"sequence":2,"clubcode":"SEA","playerName":"L.Washington","statId":45,"yards":25}],"00-0026138":[{"sequence":1,"clubcode":"TB","playerName":"C.Barth","statId":41,"yards":53}],"00-0027844":[{"sequence":3,"clubcode":"TB","playerName":"E.Lorig","statId":79,"yards":0}]}},"1438":{"sp":0,"qtr":2,"down":1,"time":"06:10","yrdln":"SEA 42","ydstogo":10,"ydsnet":0,"posteam":"SEA","desc":"(6:10) C.Whitehurst pass incomplete short left to M.Lynch (T.Crowder).","note":null,"players":{"00-0024296":[{"sequence":1,"clubcode":"SEA","playerName":"C.Whitehurst","statId":14,"yards":0},{"sequence":4,"clubcode":"SEA","playerName":"C.Whitehurst","statId":112,"yards":0}],"00-0025399":[{"sequence":2,"clubcode":"SEA","playerName":"M.Lynch","statId":115,"yards":0}],"00-0025443":[{"sequence":3,"clubcode":"TB","playerName":"T.Crowder","statId":85,"yards":0}]}},"1460":{"sp":0,"qtr":2,"down":2,"time":"06:04","yrdln":"SEA 42","ydstogo":10,"ydsnet":4,"posteam":"SEA","desc":"(6:04) C.Whitehurst pass short right to J.Carlson to SEA 46 for 4 yards (A.Hayward).","note":null,"players":{"00-0025569":[{"sequence":6,"clubcode":"TB","playerName":"A.Hayward","statId":79,"yards":0}],"00-0024296":[{"sequence":1,"clubcode":"SEA","playerName":"C.Whitehurst","statId":15,"yards":4},{"sequence":2,"clubcode":"SEA","playerName":"C.Whitehurst","statId":111,"yards":4}],"00-0026178":[{"sequence":3,"clubcode":"SEA","playerName":"J.Carlson","statId":21,"yards":4},{"sequence":4,"clubcode":"SEA","playerName":"J.Carlson","statId":115,"yards":0},{"sequence":5,"clubcode":"SEA","playerName":"J.Carlson","statId":113,"yards":0}]}},"1484":{"sp":0,"qtr":2,"down":3,"time":"05:28","yrdln":"SEA 46","ydstogo":6,"ydsnet":13,"posteam":"SEA","desc":"(5:28) (Shotgun) C.Whitehurst pass short left to J.Forsett to TB 45 for 9 yards (S.Jones, M.Bennett).","note":null,"players":{"00-0024296":[{"sequence":3,"clubcode":"SEA","playerName":"C.Whitehurst","statId":15,"yards":9},{"sequence":4,"clubcode":"SEA","playerName":"C.Whitehurst","statId":111,"yards":-2}],"00-0026618":[{"sequence":9,"clubcode":"TB","playerName":"M.Bennett","statId":82,"yards":0}],"0":[{"sequence":1,"clubcode":"SEA","playerName":"","statId":4,"yards":0},{"sequence":2,"clubcode":"SEA","playerName":"","statId":6,"yards":0}],"00-0022844":[{"sequence":8,"clubcode":"TB","playerName":"S.Jones","statId":80,"yards":0}],"00-0026373":[{"sequence":5,"clubcode":"SEA","playerName":"J.Forsett","statId":21,"yards":9},{"sequence":6,"clubcode":"SEA","playerName":"J.Forsett","statId":115,"yards":0},{"sequence":7,"clubcode":"SEA","playerName":"J.Forsett","statId":113,"yards":11}]}},"1508":{"sp":0,"qtr":2,"down":1,"time":"04:49","yrdln":"TB 45","ydstogo":10,"ydsnet":17,"posteam":"SEA","desc":"(4:49) M.Lynch right guard to TB 41 for 4 yards (F.Okam).","note":null,"players":{"00-0026291":[{"sequence":2,"clubcode":"TB","playerName":"F.Okam","statId":79,"yards":0}],"00-0025399":[{"sequence":1,"clubcode":"SEA","playerName":"M.Lynch","statId":10,"yards":4}]}},"1529":{"sp":0,"qtr":2,"down":2,"time":"04:12","yrdln":"TB 41","ydstogo":6,"ydsnet":21,"posteam":"SEA","desc":"(4:12) M.Lynch up the middle to TB 37 for 4 yards (R.Barber, R.Miller).","note":null,"players":{"00-0025399":[{"sequence":1,"clubcode":"SEA","playerName":"M.Lynch","statId":10,"yards":4}],"00-0027055":[{"sequence":3,"clubcode":"TB","playerName":"R.Miller","statId":82,"yards":0}],"00-0000741":[{"sequence":2,"clubcode":"TB","playerName":"R.Barber","statId":80,"yards":0}]}},"1550":{"sp":0,"qtr":2,"down":3,"time":"03:32","yrdln":"TB 37","ydstogo":2,"ydsnet":21,"posteam":"SEA","desc":"(3:32) C.Whitehurst sacked at TB 37 for 0 yards (B.Ruud).","note":null,"players":{"00-0024296":[{"sequence":2,"clubcode":"SEA","playerName":"C.Whitehurst","statId":20,"yards":0}],"00-0023471":[{"sequence":3,"clubcode":"TB","playerName":"B.Ruud","statId":83,"yards":0},{"sequence":4,"clubcode":"TB","playerName":"B.Ruud","statId":110,"yards":0},{"sequence":5,"clubcode":"TB","playerName":"B.Ruud","statId":79,"yards":0}],"0":[{"sequence":1,"clubcode":"SEA","playerName":"","statId":7,"yards":0}]}},"1571":{"sp":0,"qtr":2,"down":4,"time":"02:47","yrdln":"TB 37","ydstogo":2,"ydsnet":21,"posteam":"SEA","desc":"(2:47) (Punt formation) J.Ryan punts 28 yards to TB 9, Center-C.Gresham, fair catch by M.Spurlock.","note":"PUNT","players":{"00-0023742":[{"sequence":1,"clubcode":"SEA","playerName":"J.Ryan","statId":29,"yards":28},{"sequence":2,"clubcode":"SEA","playerName":"J.Ryan","statId":30,"yards":0}],"00-0023968":[{"sequence":3,"clubcode":"TB","playerName":"M.Spurlock","statId":39,"yards":0}]}}},"fds":1,"result":"Punt","penyds":0,"ydsgained":21,"numplays":8,"postime":"3:38","start":{"qtr":2,"time":"06:17","yrdln":"SEA 42","team":"SEA"},"end":{"qtr":2,"time":"02:39","yrdln":"TB 37","team":"SEA"}},"11":{"posteam":"TB","qtr":2,"redzone":true,"plays":{"1597":{"sp":0,"qtr":2,"down":1,"time":"02:39","yrdln":"TB 9","ydstogo":10,"ydsnet":6,"posteam":"TB","desc":"(2:39) C.Williams right guard to TB 15 for 6 yards (M.Trufant, B.Mebane).","note":null,"players":{"00-0025472":[{"sequence":3,"clubcode":"SEA","playerName":"B.Mebane","statId":82,"yards":0}],"00-0022046":[{"sequence":2,"clubcode":"SEA","playerName":"M.Trufant","statId":80,"yards":0}],"00-0023440":[{"sequence":1,"clubcode":"TB","playerName":"C.Williams","statId":10,"yards":6}]}},"1619":{"sp":0,"qtr":2,"down":0,"time":"02:00","yrdln":"","ydstogo":0,"ydsnet":6,"posteam":"","desc":"Two-Minute Warning","note":null,"players":{}},"1636":{"sp":0,"qtr":2,"down":2,"time":"02:00","yrdln":"TB 15","ydstogo":4,"ydsnet":14,"posteam":"TB","desc":"(2:00) (Shotgun) J.Freeman pass short middle to C.Williams to TB 23 for 8 yards (B.Mebane).","note":null,"players":{"00-0025472":[{"sequence":7,"clubcode":"SEA","playerName":"B.Mebane","statId":79,"yards":0}],"0":[{"sequence":1,"clubcode":"TB","playerName":"","statId":4,"yards":0}],"00-0023440":[{"sequence":4,"clubcode":"TB","playerName":"C.Williams","statId":21,"yards":8},{"sequence":5,"clubcode":"TB","playerName":"C.Williams","statId":115,"yards":0},{"sequence":6,"clubcode":"TB","playerName":"C.Williams","statId":113,"yards":3}],"00-0026993":[{"sequence":2,"clubcode":"TB","playerName":"J.Freeman","statId":15,"yards":8},{"sequence":3,"clubcode":"TB","playerName":"J.Freeman","statId":111,"yards":5}]}},"1660":{"sp":0,"qtr":2,"down":1,"time":"01:39","yrdln":"TB 23","ydstogo":10,"ydsnet":27,"posteam":"TB","desc":"(1:39) (Shotgun) J.Freeman pass short left to D.Briscoe to TB 36 for 13 yards (M.Trufant).","note":null,"players":{"0":[{"sequence":1,"clubcode":"TB","playerName":"","statId":4,"yards":0}],"00-0027789":[{"sequence":4,"clubcode":"TB","playerName":"D.Briscoe","statId":21,"yards":13},{"sequence":5,"clubcode":"TB","playerName":"D.Briscoe","statId":115,"yards":0},{"sequence":6,"clubcode":"TB","playerName":"D.Briscoe","statId":113,"yards":6}],"00-0022046":[{"sequence":7,"clubcode":"SEA","playerName":"M.Trufant","statId":79,"yards":0}],"00-0026993":[{"sequence":2,"clubcode":"TB","playerName":"J.Freeman","statId":15,"yards":13},{"sequence":3,"clubcode":"TB","playerName":"J.Freeman","statId":111,"yards":7}]}},"1684":{"sp":0,"qtr":2,"down":1,"time":"01:15","yrdln":"TB 36","ydstogo":10,"ydsnet":38,"posteam":"TB","desc":"(1:15) (Shotgun) J.Freeman scrambles right end ran ob at TB 47 for 11 yards (L.Tatupu).","note":null,"players":{"00-0023480":[{"sequence":3,"clubcode":"SEA","playerName":"L.Tatupu","statId":79,"yards":0}],"0":[{"sequence":1,"clubcode":"TB","playerName":"","statId":3,"yards":0}],"00-0026993":[{"sequence":2,"clubcode":"TB","playerName":"J.Freeman","statId":10,"yards":11}]}},"1705":{"sp":0,"qtr":2,"down":1,"time":"01:05","yrdln":"TB 47","ydstogo":10,"ydsnet":58,"posteam":"TB","desc":"(1:05) (Shotgun) J.Freeman pass deep left to M.Spurlock to SEA 33 for 20 yards (J.Babineaux). The Replay Assistant challenged the pass completion ruling, and the play was Upheld.","note":null,"players":{"00-0022409":[{"sequence":7,"clubcode":"SEA","playerName":"J.Babineaux","statId":79,"yards":0}],"00-0023968":[{"sequence":4,"clubcode":"TB","playerName":"M.Spurlock","statId":21,"yards":20},{"sequence":5,"clubcode":"TB","playerName":"M.Spurlock","statId":115,"yards":0},{"sequence":6,"clubcode":"TB","playerName":"M.Spurlock","statId":113,"yards":3}],"0":[{"sequence":1,"clubcode":"TB","playerName":"","statId":4,"yards":0}],"00-0026993":[{"sequence":2,"clubcode":"TB","playerName":"J.Freeman","statId":15,"yards":20},{"sequence":3,"clubcode":"TB","playerName":"J.Freeman","statId":111,"yards":17}]}},"1729":{"sp":0,"qtr":2,"down":1,"time":"00:32","yrdln":"SEA 33","ydstogo":10,"ydsnet":67,"posteam":"TB","desc":"(:32) (Shotgun) J.Freeman scrambles left end ran ob at SEA 24 for 9 yards (A.Curry).","note":null,"players":{"00-0026981":[{"sequence":2,"clubcode":"SEA","playerName":"A.Curry","statId":79,"yards":0}],"00-0026993":[{"sequence":1,"clubcode":"TB","playerName":"J.Freeman","statId":10,"yards":9}]}},"1788":{"sp":0,"qtr":2,"down":2,"time":"00:23","yrdln":"SEA 24","ydstogo":1,"ydsnet":65,"posteam":"TB","desc":"(:23) (Shotgun) J.Freeman Aborted. J.Zuttah FUMBLES at SEA 26, recovered by TB-J.Freeman at SEA 26. J.Freeman to SEA 26 for no gain (B.Mebane).","note":"FUMBLE","players":{"00-0025472":[{"sequence":5,"clubcode":"SEA","playerName":"B.Mebane","statId":79,"yards":0},{"sequence":6,"clubcode":"SEA","playerName":"B.Mebane","statId":120,"yards":0}],"00-0026223":[{"sequence":2,"clubcode":"TB","playerName":"J.Zuttah","statId":57,"yards":-2},{"sequence":3,"clubcode":"TB","playerName":"J.Zuttah","statId":53,"yards":0}],"00-0026993":[{"sequence":1,"clubcode":"TB","playerName":"J.Freeman","statId":10,"yards":0},{"sequence":4,"clubcode":"TB","playerName":"J.Freeman","statId":55,"yards":0}]}},"1814":{"sp":0,"qtr":2,"down":3,"time":"00:18","yrdln":"SEA 26","ydstogo":3,"ydsnet":65,"posteam":"TB","desc":"(:18) (Shotgun) J.Freeman pass incomplete deep left to P.Parker (K.Jennings).","note":null,"players":{"00-0027450":[{"sequence":3,"clubcode":"TB","playerName":"P.Parker","statId":115,"yards":0}],"0":[{"sequence":1,"clubcode":"TB","playerName":"","statId":7,"yards":0}],"00-0024246":[{"sequence":4,"clubcode":"SEA","playerName":"K.Jennings","statId":85,"yards":0}],"00-0026993":[{"sequence":2,"clubcode":"TB","playerName":"J.Freeman","statId":14,"yards":0},{"sequence":5,"clubcode":"TB","playerName":"J.Freeman","statId":112,"yards":26}]}},"1836":{"sp":0,"qtr":2,"down":4,"time":"00:11","yrdln":"SEA 26","ydstogo":3,"ydsnet":65,"posteam":"TB","desc":"(:11) (Field Goal formation) C.Barth 40 yard field goal is BLOCKED (C.Terrill), Center-A.Economos, Holder-R.Malone.","note":"FGB","players":{"00-0022692":[{"sequence":1,"clubcode":"SEA","playerName":"C.Terrill","statId":88,"yards":0}],"00-0026138":[{"sequence":2,"clubcode":"TB","playerName":"C.Barth","statId":71,"yards":40}]}}},"fds":4,"result":"Missed FG","penyds":0,"ydsgained":65,"numplays":10,"postime":"2:36","start":{"qtr":2,"time":"02:39","yrdln":"TB 9","team":"TB"},"end":{"qtr":2,"time":"00:03","yrdln":"SEA 26","team":"TB"}},"12":{"posteam":"SEA","qtr":2,"redzone":true,"plays":{"1856":{"sp":0,"qtr":2,"down":1,"time":"00:03","yrdln":"SEA 30","ydstogo":10,"ydsnet":-1,"posteam":"SEA","desc":"(:03) C.Whitehurst kneels to SEA 29 for -1 yards.","note":null,"players":{"00-0024296":[{"sequence":1,"clubcode":"SEA","playerName":"C.Whitehurst","statId":10,"yards":-1}]}},"1877":{"sp":0,"qtr":2,"down":0,"time":"","yrdln":"","ydstogo":0,"ydsnet":-1,"posteam":"","desc":"END QUARTER 2","note":null,"players":{}}},"fds":0,"result":"End of Half","penyds":0,"ydsgained":-1,"numplays":2,"postime":"0:03","start":{"qtr":2,"time":"00:03","yrdln":"SEA 30","team":"SEA"},"end":{"qtr":2,"time":"00:00","yrdln":"SEA 30","team":"SEA"}},"13":{"posteam":"SEA","qtr":3,"redzone":true,"plays":{"1893":{"sp":0,"qtr":3,"down":0,"time":"15:00","yrdln":"TB 30","ydstogo":0,"ydsnet":0,"posteam":"TB","desc":"C.Barth kicks 50 yards from TB 30 to SEA 20. L.Washington to SEA 38 for 18 yards (E.Lorig).","note":"KICKOFF","players":{"00-0024332":[{"sequence":2,"clubcode":"SEA","playerName":"L.Washington","statId":45,"yards":18}],"00-0026138":[{"sequence":1,"clubcode":"TB","playerName":"C.Barth","statId":41,"yards":50}],"00-0027844":[{"sequence":3,"clubcode":"TB","playerName":"E.Lorig","statId":79,"yards":0}]}},"1915":{"sp":0,"qtr":3,"down":1,"time":"14:55","yrdln":"SEA 38","ydstogo":10,"ydsnet":1,"posteam":"SEA","desc":"(14:55) M.Lynch left guard to SEA 39 for 1 yard (R.Miller).","note":null,"players":{"00-0025399":[{"sequence":1,"clubcode":"SEA","playerName":"M.Lynch","statId":10,"yards":1}],"00-0027055":[{"sequence":2,"clubcode":"TB","playerName":"R.Miller","statId":79,"yards":0}]}},"1936":{"sp":0,"qtr":3,"down":2,"time":"14:26","yrdln":"SEA 39","ydstogo":9,"ydsnet":1,"posteam":"SEA","desc":"(14:26) C.Whitehurst pass incomplete short right to C.Morrah.","note":null,"players":{"00-0024296":[{"sequence":1,"clubcode":"SEA","playerName":"C.Whitehurst","statId":14,"yards":0},{"sequence":3,"clubcode":"SEA","playerName":"C.Whitehurst","statId":112,"yards":1}],"00-0026963":[{"sequence":2,"clubcode":"SEA","playerName":"C.Morrah","statId":115,"yards":0}]}},"1958":{"sp":0,"qtr":3,"down":3,"time":"14:21","yrdln":"SEA 39","ydstogo":9,"ydsnet":2,"posteam":"SEA","desc":"(14:21) (Shotgun) C.Whitehurst scrambles left end to SEA 40 for 1 yard (G.Hayes).","note":null,"players":{"00-0024296":[{"sequence":2,"clubcode":"SEA","playerName":"C.Whitehurst","statId":10,"yards":1}],"0":[{"sequence":1,"clubcode":"SEA","playerName":"","statId":7,"yards":0}],"00-0026315":[{"sequence":3,"clubcode":"TB","playerName":"G.Hayes","statId":79,"yards":0}]}},"1979":{"sp":0,"qtr":3,"down":4,"time":"13:42","yrdln":"SEA 40","ydstogo":8,"ydsnet":2,"posteam":"SEA","desc":"(13:42) (Punt formation) J.Ryan punts 58 yards to TB 2, Center-C.Gresham, downed by SEA-K.Cox.","note":"PUNT","players":{"00-0023742":[{"sequence":1,"clubcode":"SEA","playerName":"J.Ryan","statId":29,"yards":58},{"sequence":2,"clubcode":"SEA","playerName":"J.Ryan","statId":30,"yards":0}],"0":[{"sequence":3,"clubcode":"TB","playerName":"","statId":38,"yards":0}]}}},"fds":0,"result":"Punt","penyds":0,"ydsgained":2,"numplays":5,"postime":"1:32","start":{"qtr":3,"time":"15:00","yrdln":"SEA 38","team":"SEA"},"end":{"qtr":3,"time":"13:28","yrdln":"SEA 40","team":"SEA"}},"14":{"posteam":"TB","qtr":3,"redzone":true,"plays":{"1998":{"sp":0,"qtr":3,"down":1,"time":"13:28","yrdln":"TB 2","ydstogo":10,"ydsnet":1,"posteam":"TB","desc":"(13:28) L.Blount right guard to TB 3 for 1 yard (K.Balmer).","note":null,"players":{"00-0027325":[{"sequence":1,"clubcode":"TB","playerName":"L.Blount","statId":10,"yards":1}],"00-0026169":[{"sequence":2,"clubcode":"SEA","playerName":"K.Balmer","statId":79,"yards":0}]}},"2019":{"sp":0,"qtr":3,"down":2,"time":"12:45","yrdln":"TB 3","ydstogo":9,"ydsnet":30,"posteam":"TB","desc":"(12:45) J.Freeman pass short right to K.Winslow to TB 32 for 29 yards (L.Milloy, M.Trufant).","note":null,"players":{"00-0022922":[{"sequence":4,"clubcode":"TB","playerName":"K.Winslow","statId":21,"yards":29},{"sequence":5,"clubcode":"TB","playerName":"K.Winslow","statId":115,"yards":0},{"sequence":6,"clubcode":"TB","playerName":"K.Winslow","statId":113,"yards":17}],"0":[{"sequence":1,"clubcode":"TB","playerName":"","statId":4,"yards":0}],"00-0022046":[{"sequence":8,"clubcode":"SEA","playerName":"M.Trufant","statId":82,"yards":0}],"00-0011326":[{"sequence":7,"clubcode":"SEA","playerName":"L.Milloy","statId":80,"yards":0}],"00-0026993":[{"sequence":2,"clubcode":"TB","playerName":"J.Freeman","statId":15,"yards":29},{"sequence":3,"clubcode":"TB","playerName":"J.Freeman","statId":111,"yards":12}]}},"2043":{"sp":0,"qtr":3,"down":1,"time":"11:58","yrdln":"TB 32","ydstogo":10,"ydsnet":33,"posteam":"TB","desc":"(11:58) L.Blount right end to TB 35 for 3 yards (L.Tatupu, D.Hawthorne).","note":null,"players":{"00-0023480":[{"sequence":2,"clubcode":"SEA","playerName":"L.Tatupu","statId":80,"yards":0}],"00-0025999":[{"sequence":3,"clubcode":"SEA","playerName":"D.Hawthorne","statId":82,"yards":0}],"00-0027325":[{"sequence":1,"clubcode":"TB","playerName":"L.Blount","statId":10,"yards":3}]}},"2064":{"sp":0,"qtr":3,"down":2,"time":"11:13","yrdln":"TB 35","ydstogo":7,"ydsnet":38,"posteam":"TB","desc":"(11:13) J.Freeman pass short left to K.Winslow to TB 40 for 5 yards (L.Tatupu).","note":null,"players":{"00-0023480":[{"sequence":6,"clubcode":"SEA","playerName":"L.Tatupu","statId":79,"yards":0}],"00-0022922":[{"sequence":3,"clubcode":"TB","playerName":"K.Winslow","statId":21,"yards":5},{"sequence":4,"clubcode":"TB","playerName":"K.Winslow","statId":115,"yards":0},{"sequence":5,"clubcode":"TB","playerName":"K.Winslow","statId":113,"yards":2}],"00-0026993":[{"sequence":1,"clubcode":"TB","playerName":"J.Freeman","statId":15,"yards":5},{"sequence":2,"clubcode":"TB","playerName":"J.Freeman","statId":111,"yards":3}]}},"2088":{"sp":0,"qtr":3,"down":3,"time":"10:26","yrdln":"TB 40","ydstogo":2,"ydsnet":43,"posteam":"TB","desc":"(10:26) (Shotgun) J.Freeman pass short left to P.Parker to TB 45 for 5 yards (D.Hawthorne).","note":null,"players":{"00-0027450":[{"sequence":5,"clubcode":"TB","playerName":"P.Parker","statId":21,"yards":5},{"sequence":6,"clubcode":"TB","playerName":"P.Parker","statId":115,"yards":0},{"sequence":7,"clubcode":"TB","playerName":"P.Parker","statId":113,"yards":0}],"00-0025999":[{"sequence":8,"clubcode":"SEA","playerName":"D.Hawthorne","statId":79,"yards":0}],"0":[{"sequence":1,"clubcode":"TB","playerName":"","statId":4,"yards":0},{"sequence":2,"clubcode":"TB","playerName":"","statId":6,"yards":0}],"00-0026993":[{"sequence":3,"clubcode":"TB","playerName":"J.Freeman","statId":15,"yards":5},{"sequence":4,"clubcode":"TB","playerName":"J.Freeman","statId":111,"yards":5}]}},"2112":{"sp":0,"qtr":3,"down":1,"time":"09:43","yrdln":"TB 45","ydstogo":10,"ydsnet":44,"posteam":"TB","desc":"(9:43) L.Blount right guard to TB 46 for 1 yard (A.Curry, J.Richardson).","note":null,"players":{"00-0027325":[{"sequence":1,"clubcode":"TB","playerName":"L.Blount","statId":10,"yards":1}],"00-0025525":[{"sequence":3,"clubcode":"SEA","playerName":"J.Richardson","statId":82,"yards":0}],"00-0026981":[{"sequence":2,"clubcode":"SEA","playerName":"A.Curry","statId":80,"yards":0}]}},"2133":{"sp":0,"qtr":3,"down":2,"time":"09:03","yrdln":"TB 46","ydstogo":9,"ydsnet":64,"posteam":"TB","desc":"(9:03) L.Blount right end to SEA 34 for 20 yards (M.Trufant, E.Thomas).","note":null,"players":{"00-0027325":[{"sequence":2,"clubcode":"TB","playerName":"L.Blount","statId":10,"yards":20}],"0":[{"sequence":1,"clubcode":"TB","playerName":"","statId":3,"yards":0}],"00-0022046":[{"sequence":3,"clubcode":"SEA","playerName":"M.Trufant","statId":80,"yards":0}],"00-0027866":[{"sequence":4,"clubcode":"SEA","playerName":"E.Thomas","statId":82,"yards":0}]}},"2154":{"sp":0,"qtr":3,"down":1,"time":"08:15","yrdln":"SEA 34","ydstogo":10,"ydsnet":67,"posteam":"TB","desc":"(8:15) J.Freeman pass short left to L.Blount to SEA 31 for 3 yards (A.Curry).","note":null,"players":{"00-0027325":[{"sequence":3,"clubcode":"TB","playerName":"L.Blount","statId":21,"yards":3},{"sequence":4,"clubcode":"TB","playerName":"L.Blount","statId":115,"yards":0},{"sequence":5,"clubcode":"TB","playerName":"L.Blount","statId":113,"yards":0}],"00-0026981":[{"sequence":6,"clubcode":"SEA","playerName":"A.Curry","statId":79,"yards":0}],"00-0026993":[{"sequence":1,"clubcode":"TB","playerName":"J.Freeman","statId":15,"yards":3},{"sequence":2,"clubcode":"TB","playerName":"J.Freeman","statId":111,"yards":3}]}},"2182":{"sp":0,"qtr":3,"down":2,"time":"07:31","yrdln":"SEA 31","ydstogo":7,"ydsnet":77,"posteam":"TB","desc":"(7:31) J.Freeman pass short right to M.Stovall to SEA 21 for 10 yards (M.Trufant, D.Hawthorne).","note":null,"players":{"00-0025999":[{"sequence":8,"clubcode":"SEA","playerName":"D.Hawthorne","statId":82,"yards":0}],"00-0024305":[{"sequence":4,"clubcode":"TB","playerName":"M.Stovall","statId":21,"yards":10},{"sequence":5,"clubcode":"TB","playerName":"M.Stovall","statId":115,"yards":0},{"sequence":6,"clubcode":"TB","playerName":"M.Stovall","statId":113,"yards":10}],"0":[{"sequence":1,"clubcode":"TB","playerName":"","statId":4,"yards":0}],"00-0022046":[{"sequence":7,"clubcode":"SEA","playerName":"M.Trufant","statId":80,"yards":0}],"00-0026993":[{"sequence":2,"clubcode":"TB","playerName":"J.Freeman","statId":15,"yards":10},{"sequence":3,"clubcode":"TB","playerName":"J.Freeman","statId":111,"yards":0}]}},"2206":{"sp":1,"qtr":3,"down":1,"time":"06:51","yrdln":"SEA 21","ydstogo":10,"ydsnet":98,"posteam":"TB","desc":"(6:51) J.Freeman pass deep left to K.Winslow for 21 yards, TOUCHDOWN. Seattle challenged the pass completion ruling, and the play was Upheld. (Timeout #1 at 06:38.)","note":"TD","players":{"00-0022922":[{"sequence":5,"clubcode":"TB","playerName":"K.Winslow","statId":22,"yards":21},{"sequence":6,"clubcode":"TB","playerName":"K.Winslow","statId":115,"yards":0},{"sequence":7,"clubcode":"TB","playerName":"K.Winslow","statId":113,"yards":3}],"0":[{"sequence":1,"clubcode":"SEA","playerName":"","statId":68,"yards":0},{"sequence":2,"clubcode":"TB","playerName":"","statId":4,"yards":0}],"00-0026993":[{"sequence":3,"clubcode":"TB","playerName":"J.Freeman","statId":16,"yards":21},{"sequence":4,"clubcode":"TB","playerName":"J.Freeman","statId":111,"yards":18}]}},"2226":{"sp":1,"qtr":3,"down":0,"time":"06:38","yrdln":"SEA 2","ydstogo":0,"ydsnet":98,"posteam":"TB","desc":"C.Barth extra point is GOOD, Center-A.Economos, Holder-R.Malone.","note":"XP","players":{"00-0026138":[{"sequence":1,"clubcode":"TB","playerName":"C.Barth","statId":72,"yards":0}]}}},"fds":5,"result":"Touchdown","penyds":0,"ydsgained":98,"numplays":11,"postime":"6:50","start":{"qtr":3,"time":"13:28","yrdln":"TB 2","team":"TB"},"end":{"qtr":3,"time":"06:38","yrdln":"SEA 21","team":"TB"}},"15":{"posteam":"SEA","qtr":3,"redzone":true,"plays":{"2276":{"sp":0,"qtr":3,"down":0,"time":"06:38","yrdln":"TB 30","ydstogo":0,"ydsnet":0,"posteam":"TB","desc":"C.Barth kicks 54 yards from TB 30 to SEA 16. L.Washington ran ob at SEA 16 for no gain.","note":"KICKOFF","players":{"00-0024332":[{"sequence":2,"clubcode":"SEA","playerName":"L.Washington","statId":45,"yards":0}],"00-0026138":[{"sequence":1,"clubcode":"TB","playerName":"C.Barth","statId":41,"yards":54},{"sequence":3,"clubcode":"TB","playerName":"C.Barth","statId":42,"yards":0}]}},"2315":{"sp":0,"qtr":3,"down":1,"time":"06:38","yrdln":"SEA 16","ydstogo":10,"ydsnet":4,"posteam":"SEA","desc":"(6:38) M.Lynch right guard to SEA 20 for 4 yards (B.Ruud).","note":null,"players":{"00-0023471":[{"sequence":2,"clubcode":"TB","playerName":"B.Ruud","statId":79,"yards":0}],"00-0025399":[{"sequence":1,"clubcode":"SEA","playerName":"M.Lynch","statId":10,"yards":4}]}},"2336":{"sp":0,"qtr":3,"down":2,"time":"06:06","yrdln":"SEA 20","ydstogo":6,"ydsnet":5,"posteam":"SEA","desc":"(6:06) M.Lynch left guard to SEA 21 for 1 yard (S.Jones, R.Miller).","note":null,"players":{"00-0025399":[{"sequence":1,"clubcode":"SEA","playerName":"M.Lynch","statId":10,"yards":1}],"00-0027055":[{"sequence":3,"clubcode":"TB","playerName":"R.Miller","statId":82,"yards":0}],"00-0022844":[{"sequence":2,"clubcode":"TB","playerName":"S.Jones","statId":80,"yards":0}]}},"2357":{"sp":0,"qtr":3,"down":3,"time":"05:27","yrdln":"SEA 21","ydstogo":5,"ydsnet":11,"posteam":"SEA","desc":"(5:27) (Shotgun) C.Whitehurst pass short middle to B.Stokley to SEA 27 for 6 yards (G.Hayes).","note":null,"players":{"00-0024296":[{"sequence":3,"clubcode":"SEA","playerName":"C.Whitehurst","statId":15,"yards":6},{"sequence":4,"clubcode":"SEA","playerName":"C.Whitehurst","statId":111,"yards":6}],"0":[{"sequence":1,"clubcode":"SEA","playerName":"","statId":4,"yards":0},{"sequence":2,"clubcode":"SEA","playerName":"","statId":6,"yards":0}],"00-0015754":[{"sequence":5,"clubcode":"SEA","playerName":"B.Stokley","statId":21,"yards":6},{"sequence":6,"clubcode":"SEA","playerName":"B.Stokley","statId":115,"yards":0},{"sequence":7,"clubcode":"SEA","playerName":"B.Stokley","statId":113,"yards":0}],"00-0026315":[{"sequence":8,"clubcode":"TB","playerName":"G.Hayes","statId":79,"yards":0}]}},"2381":{"sp":0,"qtr":3,"down":1,"time":"05:13","yrdln":"SEA 27","ydstogo":10,"ydsnet":10,"posteam":"SEA","desc":"(5:13) C.Whitehurst sacked at SEA 26 for -1 yards (G.Hayes).","note":null,"players":{"00-0024296":[{"sequence":1,"clubcode":"SEA","playerName":"C.Whitehurst","statId":20,"yards":-1}],"00-0026315":[{"sequence":2,"clubcode":"TB","playerName":"G.Hayes","statId":83,"yards":-1},{"sequence":3,"clubcode":"TB","playerName":"G.Hayes","statId":110,"yards":0},{"sequence":4,"clubcode":"TB","playerName":"G.Hayes","statId":79,"yards":0},{"sequence":5,"clubcode":"TB","playerName":"G.Hayes","statId":120,"yards":0}]}},"2400":{"sp":0,"qtr":3,"down":2,"time":"04:32","yrdln":"SEA 26","ydstogo":11,"ydsnet":12,"posteam":"SEA","desc":"(4:32) M.Lynch left guard to SEA 28 for 2 yards (A.Woods, B.Ruud).","note":null,"players":{"00-0023471":[{"sequence":3,"clubcode":"TB","playerName":"B.Ruud","statId":82,"yards":0}],"00-0025399":[{"sequence":1,"clubcode":"SEA","playerName":"M.Lynch","statId":10,"yards":2}],"00-0027723":[{"sequence":2,"clubcode":"TB","playerName":"A.Woods","statId":80,"yards":0}]}},"2421":{"sp":0,"qtr":3,"down":3,"time":"03:52","yrdln":"SEA 28","ydstogo":9,"ydsnet":7,"posteam":"SEA","desc":"(3:52) (Shotgun) C.Whitehurst sacked at SEA 23 for -5 yards (G.Hayes).","note":null,"players":{"00-0024296":[{"sequence":2,"clubcode":"SEA","playerName":"C.Whitehurst","statId":20,"yards":-5}],"0":[{"sequence":1,"clubcode":"SEA","playerName":"","statId":7,"yards":0}],"00-0026315":[{"sequence":3,"clubcode":"TB","playerName":"G.Hayes","statId":83,"yards":-5},{"sequence":4,"clubcode":"TB","playerName":"G.Hayes","statId":110,"yards":0},{"sequence":5,"clubcode":"TB","playerName":"G.Hayes","statId":79,"yards":0},{"sequence":6,"clubcode":"TB","playerName":"G.Hayes","statId":120,"yards":0}]}},"2440":{"sp":0,"qtr":3,"down":4,"time":"03:23","yrdln":"SEA 23","ydstogo":14,"ydsnet":7,"posteam":"SEA","desc":"(3:23) (Punt formation) J.Ryan punts 39 yards to TB 38, Center-C.Gresham. M.Spurlock MUFFS catch, and recovers at TB 38. M.Spurlock to TB 44 for 6 yards (D.Hawthorne).","note":"FUMBLE","players":{"00-0023742":[{"sequence":1,"clubcode":"SEA","playerName":"J.Ryan","statId":29,"yards":39}],"00-0025999":[{"sequence":5,"clubcode":"SEA","playerName":"D.Hawthorne","statId":79,"yards":0}],"00-0023968":[{"sequence":2,"clubcode":"TB","playerName":"M.Spurlock","statId":53,"yards":0},{"sequence":3,"clubcode":"TB","playerName":"M.Spurlock","statId":55,"yards":0},{"sequence":4,"clubcode":"TB","playerName":"M.Spurlock","statId":33,"yards":6}]}}},"fds":1,"result":"Punt","penyds":0,"ydsgained":7,"numplays":8,"postime":"3:26","start":{"qtr":3,"time":"06:38","yrdln":"SEA 16","team":"SEA"},"end":{"qtr":3,"time":"03:12","yrdln":"SEA 23","team":"SEA"}},"16":{"posteam":"TB","qtr":3,"redzone":true,"plays":{"2465":{"sp":0,"qtr":3,"down":1,"time":"03:12","yrdln":"TB 44","ydstogo":10,"ydsnet":48,"posteam":"TB","desc":"(3:12) L.Blount right guard to SEA 8 for 48 yards (K.Jennings).","note":null,"players":{"00-0027325":[{"sequence":2,"clubcode":"TB","playerName":"L.Blount","statId":10,"yards":48}],"0":[{"sequence":1,"clubcode":"TB","playerName":"","statId":3,"yards":0}],"00-0024246":[{"sequence":3,"clubcode":"SEA","playerName":"K.Jennings","statId":79,"yards":0}]}},"2486":{"sp":0,"qtr":3,"down":1,"time":"02:17","yrdln":"SEA 8","ydstogo":8,"ydsnet":49,"posteam":"TB","desc":"(2:17) L.Blount left end to SEA 7 for 1 yard (D.Hawthorne).","note":null,"players":{"00-0025999":[{"sequence":2,"clubcode":"SEA","playerName":"D.Hawthorne","statId":79,"yards":0}],"00-0027325":[{"sequence":1,"clubcode":"TB","playerName":"L.Blount","statId":10,"yards":1}]}},"2507":{"sp":1,"qtr":3,"down":2,"time":"01:38","yrdln":"SEA 7","ydstogo":7,"ydsnet":56,"posteam":"TB","desc":"(1:38) J.Freeman pass short right to M.Williams for 7 yards, TOUCHDOWN.","note":"TD","players":{"0":[{"sequence":1,"clubcode":"TB","playerName":"","statId":4,"yards":0}],"00-0027702":[{"sequence":4,"clubcode":"TB","playerName":"M.Williams","statId":22,"yards":7},{"sequence":5,"clubcode":"TB","playerName":"M.Williams","statId":115,"yards":0},{"sequence":6,"clubcode":"TB","playerName":"M.Williams","statId":113,"yards":0}],"00-0026993":[{"sequence":2,"clubcode":"TB","playerName":"J.Freeman","statId":16,"yards":7},{"sequence":3,"clubcode":"TB","playerName":"J.Freeman","statId":111,"yards":7}]}},"2527":{"sp":1,"qtr":3,"down":0,"time":"01:28","yrdln":"SEA 2","ydstogo":0,"ydsnet":56,"posteam":"TB","desc":"C.Barth extra point is GOOD, Center-A.Economos, Holder-R.Malone.","note":"XP","players":{"00-0026138":[{"sequence":1,"clubcode":"TB","playerName":"C.Barth","statId":72,"yards":0}]}}},"fds":2,"result":"Touchdown","penyds":0,"ydsgained":56,"numplays":4,"postime":"1:44","start":{"qtr":3,"time":"03:12","yrdln":"TB 44","team":"TB"},"end":{"qtr":3,"time":"01:28","yrdln":"SEA 7","team":"TB"}},"17":{"posteam":"SEA","qtr":4,"redzone":true,"plays":{"2543":{"sp":0,"qtr":3,"down":0,"time":"01:28","yrdln":"TB 30","ydstogo":0,"ydsnet":0,"posteam":"TB","desc":"C.Barth kicks 56 yards from TB 30 to SEA 14. L.Washington to SEA 46 for 32 yards (C.Lynch).","note":"KICKOFF","players":{"00-0026317":[{"sequence":3,"clubcode":"TB","playerName":"C.Lynch","statId":79,"yards":0}],"00-0024332":[{"sequence":2,"clubcode":"SEA","playerName":"L.Washington","statId":45,"yards":32}],"00-0026138":[{"sequence":1,"clubcode":"TB","playerName":"C.Barth","statId":41,"yards":56}]}},"2565":{"sp":0,"qtr":3,"down":1,"time":"01:21","yrdln":"SEA 46","ydstogo":10,"ydsnet":2,"posteam":"SEA","desc":"(1:21) J.Forsett right end to SEA 48 for 2 yards (B.Ruud).","note":null,"players":{"00-0023471":[{"sequence":2,"clubcode":"TB","playerName":"B.Ruud","statId":79,"yards":0}],"00-0026373":[{"sequence":1,"clubcode":"SEA","playerName":"J.Forsett","statId":10,"yards":2}]}},"2590":{"sp":0,"qtr":3,"down":2,"time":"00:40","yrdln":"SEA 48","ydstogo":8,"ydsnet":7,"posteam":"SEA","desc":"(:40) C.Whitehurst scrambles left guard to TB 47 for 5 yards (A.Hayward).","note":null,"players":{"00-0025569":[{"sequence":2,"clubcode":"TB","playerName":"A.Hayward","statId":79,"yards":0}],"00-0024296":[{"sequence":1,"clubcode":"SEA","playerName":"C.Whitehurst","statId":10,"yards":5}]}},"2611":{"sp":0,"qtr":3,"down":0,"time":"","yrdln":"","ydstogo":0,"ydsnet":7,"posteam":"","desc":"END QUARTER 3","note":null,"players":{}},"2636":{"sp":0,"qtr":4,"down":3,"time":"15:00","yrdln":"TB 47","ydstogo":3,"ydsnet":10,"posteam":"SEA","desc":"(15:00) (Shotgun) C.Whitehurst pass short right to G.Tate pushed ob at TB 44 for 3 yards (E.Biggers).","note":null,"players":{"00-0024296":[{"sequence":3,"clubcode":"SEA","playerName":"C.Whitehurst","statId":15,"yards":3},{"sequence":4,"clubcode":"SEA","playerName":"C.Whitehurst","statId":111,"yards":1}],"00-0027891":[{"sequence":5,"clubcode":"SEA","playerName":"G.Tate","statId":21,"yards":3},{"sequence":6,"clubcode":"SEA","playerName":"G.Tate","statId":115,"yards":0},{"sequence":7,"clubcode":"SEA","playerName":"G.Tate","statId":113,"yards":2}],"0":[{"sequence":1,"clubcode":"SEA","playerName":"","statId":4,"yards":0},{"sequence":2,"clubcode":"SEA","playerName":"","statId":6,"yards":0}],"00-0026945":[{"sequence":8,"clubcode":"TB","playerName":"E.Biggers","statId":79,"yards":0}]}},"2666":{"sp":0,"qtr":4,"down":1,"time":"14:42","yrdln":"TB 44","ydstogo":10,"ydsnet":10,"posteam":"SEA","desc":"(14:42) J.Forsett right end to TB 44 for no gain (F.Okam, G.Hayes).","note":null,"players":{"00-0026291":[{"sequence":2,"clubcode":"TB","playerName":"F.Okam","statId":80,"yards":0}],"00-0026315":[{"sequence":3,"clubcode":"TB","playerName":"G.Hayes","statId":82,"yards":0}],"00-0026373":[{"sequence":1,"clubcode":"SEA","playerName":"J.Forsett","statId":10,"yards":0}]}},"2687":{"sp":0,"qtr":4,"down":2,"time":"13:59","yrdln":"TB 44","ydstogo":10,"ydsnet":10,"posteam":"SEA","desc":"(13:59) (Shotgun) C.Whitehurst pass incomplete short left to J.Carlson.","note":null,"players":{"00-0024296":[{"sequence":1,"clubcode":"SEA","playerName":"C.Whitehurst","statId":14,"yards":0},{"sequence":3,"clubcode":"SEA","playerName":"C.Whitehurst","statId":112,"yards":4}],"00-0026178":[{"sequence":2,"clubcode":"SEA","playerName":"J.Carlson","statId":115,"yards":0}]}},"2709":{"sp":0,"qtr":4,"down":3,"time":"13:53","yrdln":"TB 44","ydstogo":10,"ydsnet":38,"posteam":"SEA","desc":"(13:53) (Shotgun) C.Whitehurst pass short left to G.Tate pushed ob at TB 42 for 2 yards (E.Biggers).","note":null,"players":{"00-0024296":[{"sequence":2,"clubcode":"SEA","playerName":"C.Whitehurst","statId":15,"yards":2},{"sequence":3,"clubcode":"SEA","playerName":"C.Whitehurst","statId":111,"yards":3}],"00-0027891":[{"sequence":4,"clubcode":"SEA","playerName":"G.Tate","statId":21,"yards":2},{"sequence":5,"clubcode":"SEA","playerName":"G.Tate","statId":115,"yards":0},{"sequence":6,"clubcode":"SEA","playerName":"G.Tate","statId":113,"yards":-1}],"0":[{"sequence":1,"clubcode":"SEA","playerName":"","statId":7,"yards":0}],"00-0026945":[{"sequence":7,"clubcode":"TB","playerName":"E.Biggers","statId":79,"yards":0}]}},"2733":{"sp":0,"qtr":4,"down":4,"time":"13:06","yrdln":"TB 42","ydstogo":8,"ydsnet":24,"posteam":"SEA","desc":"(13:06) (Shotgun) C.Whitehurst pass short middle to J.Carlson to TB 30 for 12 yards (G.Hayes, D.Watson).","note":null,"players":{"00-0024296":[{"sequence":3,"clubcode":"SEA","playerName":"C.Whitehurst","statId":15,"yards":12},{"sequence":4,"clubcode":"SEA","playerName":"C.Whitehurst","statId":111,"yards":10}],"00-0026178":[{"sequence":5,"clubcode":"SEA","playerName":"J.Carlson","statId":21,"yards":12},{"sequence":6,"clubcode":"SEA","playerName":"J.Carlson","statId":115,"yards":0},{"sequence":7,"clubcode":"SEA","playerName":"J.Carlson","statId":113,"yards":2}],"0":[{"sequence":1,"clubcode":"SEA","playerName":"","statId":4,"yards":0},{"sequence":2,"clubcode":"SEA","playerName":"","statId":8,"yards":0}],"00-0026315":[{"sequence":8,"clubcode":"TB","playerName":"G.Hayes","statId":80,"yards":0}],"00-0027812":[{"sequence":9,"clubcode":"TB","playerName":"D.Watson","statId":82,"yards":0}]}},"2757":{"sp":0,"qtr":4,"down":1,"time":"12:22","yrdln":"TB 30","ydstogo":10,"ydsnet":38,"posteam":"SEA","desc":"(12:22) (Shotgun) C.Whitehurst pass short left to B.Obomanu to TB 16 for 14 yards (F.Okam).","note":null,"players":{"00-0024463":[{"sequence":4,"clubcode":"SEA","playerName":"B.Obomanu","statId":21,"yards":14},{"sequence":5,"clubcode":"SEA","playerName":"B.Obomanu","statId":115,"yards":0},{"sequence":6,"clubcode":"SEA","playerName":"B.Obomanu","statId":113,"yards":14}],"00-0024296":[{"sequence":2,"clubcode":"SEA","playerName":"C.Whitehurst","statId":15,"yards":14},{"sequence":3,"clubcode":"SEA","playerName":"C.Whitehurst","statId":111,"yards":0}],"00-0026291":[{"sequence":7,"clubcode":"TB","playerName":"F.Okam","statId":79,"yards":0}],"0":[{"sequence":1,"clubcode":"SEA","playerName":"","statId":4,"yards":0}]}},"2781":{"sp":0,"qtr":4,"down":1,"time":"11:48","yrdln":"TB 16","ydstogo":10,"ydsnet":34,"posteam":"SEA","desc":"(11:48) (Shotgun) C.Whitehurst pass short right to J.Forsett to TB 20 for -4 yards (T.Crowder).","note":null,"players":{"00-0024296":[{"sequence":1,"clubcode":"SEA","playerName":"C.Whitehurst","statId":15,"yards":-4},{"sequence":2,"clubcode":"SEA","playerName":"C.Whitehurst","statId":111,"yards":-4}],"00-0025443":[{"sequence":6,"clubcode":"TB","playerName":"T.Crowder","statId":79,"yards":0},{"sequence":7,"clubcode":"TB","playerName":"T.Crowder","statId":120,"yards":0}],"00-0026373":[{"sequence":3,"clubcode":"SEA","playerName":"J.Forsett","statId":21,"yards":-4},{"sequence":4,"clubcode":"SEA","playerName":"J.Forsett","statId":115,"yards":0},{"sequence":5,"clubcode":"SEA","playerName":"J.Forsett","statId":113,"yards":0}]}},"2805":{"sp":0,"qtr":4,"down":2,"time":"11:09","yrdln":"TB 20","ydstogo":14,"ydsnet":38,"posteam":"SEA","desc":"(11:09) (Shotgun) C.Whitehurst pass short left to B.Obomanu to TB 16 for 4 yards (G.Hayes).","note":null,"players":{"00-0024463":[{"sequence":3,"clubcode":"SEA","playerName":"B.Obomanu","statId":21,"yards":4},{"sequence":4,"clubcode":"SEA","playerName":"B.Obomanu","statId":115,"yards":0},{"sequence":5,"clubcode":"SEA","playerName":"B.Obomanu","statId":113,"yards":0}],"00-0024296":[{"sequence":1,"clubcode":"SEA","playerName":"C.Whitehurst","statId":15,"yards":4},{"sequence":2,"clubcode":"SEA","playerName":"C.Whitehurst","statId":111,"yards":4}],"00-0026315":[{"sequence":6,"clubcode":"TB","playerName":"G.Hayes","statId":79,"yards":0}]}},"2829":{"sp":0,"qtr":4,"down":0,"time":"10:22","yrdln":"","ydstogo":0,"ydsnet":38,"posteam":"","desc":"Timeout #2 by SEA at 10:22.","note":"TIMEOUT","players":{"0":[{"sequence":1,"clubcode":"SEA","playerName":"","statId":68,"yards":0}]}},"2852":{"sp":1,"qtr":4,"down":3,"time":"10:22","yrdln":"TB 16","ydstogo":10,"ydsnet":54,"posteam":"SEA","desc":"(10:22) (Shotgun) L.Washington right guard for 16 yards, TOUCHDOWN.","note":"TD","players":{"00-0024332":[{"sequence":3,"clubcode":"SEA","playerName":"L.Washington","statId":11,"yards":16}],"0":[{"sequence":1,"clubcode":"SEA","playerName":"","statId":3,"yards":0},{"sequence":2,"clubcode":"SEA","playerName":"","statId":6,"yards":0}]}},"2869":{"sp":1,"qtr":4,"down":0,"time":"10:14","yrdln":"TB 2","ydstogo":0,"ydsnet":54,"posteam":"SEA","desc":"TWO-POINT CONVERSION ATTEMPT. C.Whitehurst pass to B.Obomanu is complete. ATTEMPT SUCCEEDS.","note":"2PS","players":{"00-0024463":[{"sequence":2,"clubcode":"SEA","playerName":"B.Obomanu","statId":104,"yards":0}],"00-0024296":[{"sequence":1,"clubcode":"SEA","playerName":"C.Whitehurst","statId":77,"yards":0}]}}},"fds":4,"result":"Touchdown","penyds":0,"ydsgained":54,"numplays":15,"postime":"6:14","start":{"qtr":3,"time":"01:28","yrdln":"SEA 46","team":"SEA"},"end":{"qtr":3,"time":"10:14","yrdln":"TB 16","team":"SEA"}},"18":{"posteam":"TB","qtr":4,"redzone":true,"plays":{"2883":{"sp":0,"qtr":4,"down":0,"time":"10:14","yrdln":"SEA 30","ydstogo":0,"ydsnet":0,"posteam":"SEA","desc":"O.Mare kicks 42 yards from SEA 30 to TB 28. M.Spurlock (didn't try to advance) to TB 28 for no gain (M.McCoy).","note":"KICKOFF","players":{"00-0023968":[{"sequence":2,"clubcode":"TB","playerName":"M.Spurlock","statId":45,"yards":0}],"00-0010373":[{"sequence":1,"clubcode":"SEA","playerName":"O.Mare","statId":41,"yards":42}],"00-0023498":[{"sequence":3,"clubcode":"SEA","playerName":"M.McCoy","statId":79,"yards":0}]}},"2905":{"sp":0,"qtr":4,"down":1,"time":"10:13","yrdln":"TB 28","ydstogo":10,"ydsnet":53,"posteam":"TB","desc":"(10:13) L.Blount right guard pushed ob at SEA 19 for 53 yards (C.Clemons).","note":null,"players":{"00-0027325":[{"sequence":2,"clubcode":"TB","playerName":"L.Blount","statId":10,"yards":53}],"0":[{"sequence":1,"clubcode":"TB","playerName":"","statId":3,"yards":0}],"00-0021577":[{"sequence":3,"clubcode":"SEA","playerName":"C.Clemons","statId":79,"yards":0}]}},"2926":{"sp":0,"qtr":4,"down":1,"time":"09:35","yrdln":"SEA 19","ydstogo":10,"ydsnet":66,"posteam":"TB","desc":"(9:35) J.Freeman pass short right to K.Winslow to SEA 6 for 13 yards (L.Milloy).","note":null,"players":{"00-0022922":[{"sequence":4,"clubcode":"TB","playerName":"K.Winslow","statId":21,"yards":13},{"sequence":5,"clubcode":"TB","playerName":"K.Winslow","statId":115,"yards":0},{"sequence":6,"clubcode":"TB","playerName":"K.Winslow","statId":113,"yards":9}],"0":[{"sequence":1,"clubcode":"TB","playerName":"","statId":4,"yards":0}],"00-0011326":[{"sequence":7,"clubcode":"SEA","playerName":"L.Milloy","statId":79,"yards":0}],"00-0026993":[{"sequence":2,"clubcode":"TB","playerName":"J.Freeman","statId":15,"yards":13},{"sequence":3,"clubcode":"TB","playerName":"J.Freeman","statId":111,"yards":4}]}},"2950":{"sp":0,"qtr":4,"down":1,"time":"08:45","yrdln":"SEA 6","ydstogo":6,"ydsnet":70,"posteam":"TB","desc":"(8:45) L.Blount up the middle to SEA 2 for 4 yards (C.Cole, A.Curry).","note":null,"players":{"00-0027325":[{"sequence":1,"clubcode":"TB","playerName":"L.Blount","statId":10,"yards":4}],"00-0021684":[{"sequence":2,"clubcode":"SEA","playerName":"C.Cole","statId":80,"yards":0}],"00-0026981":[{"sequence":3,"clubcode":"SEA","playerName":"A.Curry","statId":82,"yards":0}]}},"2971":{"sp":1,"qtr":4,"down":2,"time":"08:02","yrdln":"SEA 2","ydstogo":2,"ydsnet":72,"posteam":"TB","desc":"(8:02) J.Freeman pass short left to M.Stovall for 2 yards, TOUCHDOWN.","note":"TD","players":{"00-0024305":[{"sequence":4,"clubcode":"TB","playerName":"M.Stovall","statId":22,"yards":2},{"sequence":5,"clubcode":"TB","playerName":"M.Stovall","statId":115,"yards":0},{"sequence":6,"clubcode":"TB","playerName":"M.Stovall","statId":113,"yards":0}],"0":[{"sequence":1,"clubcode":"TB","playerName":"","statId":4,"yards":0}],"00-0026993":[{"sequence":2,"clubcode":"TB","playerName":"J.Freeman","statId":16,"yards":2},{"sequence":3,"clubcode":"TB","playerName":"J.Freeman","statId":111,"yards":2}]}},"2996":{"sp":1,"qtr":4,"down":0,"time":"07:56","yrdln":"SEA 2","ydstogo":0,"ydsnet":72,"posteam":"TB","desc":"C.Barth extra point is GOOD, Center-A.Economos, Holder-R.Malone.","note":"XP","players":{"00-0026138":[{"sequence":1,"clubcode":"TB","playerName":"C.Barth","statId":72,"yards":0}]}}},"fds":3,"result":"Touchdown","penyds":0,"ydsgained":72,"numplays":6,"postime":"2:18","start":{"qtr":4,"time":"10:14","yrdln":"TB 28","team":"TB"},"end":{"qtr":4,"time":"07:56","yrdln":"SEA 2","team":"TB"}},"19":{"posteam":"SEA","qtr":4,"redzone":true,"plays":{"3012":{"sp":0,"qtr":4,"down":0,"time":"07:56","yrdln":"TB 30","ydstogo":0,"ydsnet":0,"posteam":"TB","desc":"C.Barth kicks 62 yards from TB 30 to SEA 8. L.Washington to SEA 26 for 18 yards (T.McKenzie).","note":"KICKOFF","players":{"00-0027068":[{"sequence":3,"clubcode":"TB","playerName":"T.McKenzie","statId":79,"yards":0}],"00-0024332":[{"sequence":2,"clubcode":"SEA","playerName":"L.Washington","statId":45,"yards":18}],"00-0026138":[{"sequence":1,"clubcode":"TB","playerName":"C.Barth","statId":41,"yards":62}]}},"3034":{"sp":0,"qtr":4,"down":1,"time":"07:46","yrdln":"SEA 26","ydstogo":10,"ydsnet":0,"posteam":"SEA","desc":"(7:46) C.Whitehurst pass incomplete deep right to M.Williams (E.Biggers).","note":null,"players":{"00-0024296":[{"sequence":1,"clubcode":"SEA","playerName":"C.Whitehurst","statId":14,"yards":0},{"sequence":4,"clubcode":"SEA","playerName":"C.Whitehurst","statId":112,"yards":28}],"00-0023452":[{"sequence":2,"clubcode":"SEA","playerName":"M.Williams","statId":115,"yards":0}],"00-0026945":[{"sequence":3,"clubcode":"TB","playerName":"E.Biggers","statId":85,"yards":0}]}},"3056":{"sp":0,"qtr":4,"down":2,"time":"07:39","yrdln":"SEA 26","ydstogo":10,"ydsnet":-10,"posteam":"SEA","desc":"(7:39) (Shotgun) J.Forsett right end to SEA 38 for 12 yards (S.Jones). PENALTY on SEA-C.Pitts, Offensive Holding, 10 yards, enforced at SEA 26 - No Play.","note":"PENALTY","players":{"00-0021178":[{"sequence":1,"clubcode":"SEA","playerName":"C.Pitts","statId":93,"yards":10}]}},"3088":{"sp":0,"qtr":4,"down":2,"time":"07:15","yrdln":"SEA 16","ydstogo":20,"ydsnet":-5,"posteam":"SEA","desc":"(7:15) (Shotgun) C.Whitehurst pass short left to G.Tate pushed ob at SEA 21 for 5 yards (L.Asante).","note":null,"players":{"00-0024296":[{"sequence":1,"clubcode":"SEA","playerName":"C.Whitehurst","statId":15,"yards":5},{"sequence":2,"clubcode":"SEA","playerName":"C.Whitehurst","statId":111,"yards":2}],"00-0027891":[{"sequence":3,"clubcode":"SEA","playerName":"G.Tate","statId":21,"yards":5},{"sequence":4,"clubcode":"SEA","playerName":"G.Tate","statId":115,"yards":0},{"sequence":5,"clubcode":"SEA","playerName":"G.Tate","statId":113,"yards":3}],"00-0027759":[{"sequence":6,"clubcode":"TB","playerName":"L.Asante","statId":79,"yards":0}]}},"3112":{"sp":0,"qtr":4,"down":3,"time":"06:51","yrdln":"SEA 21","ydstogo":15,"ydsnet":6,"posteam":"SEA","desc":"(6:51) (Shotgun) C.Whitehurst pass short right to J.Carlson to SEA 32 for 11 yards (B.Ruud).","note":null,"players":{"00-0024296":[{"sequence":2,"clubcode":"SEA","playerName":"C.Whitehurst","statId":15,"yards":11},{"sequence":3,"clubcode":"SEA","playerName":"C.Whitehurst","statId":111,"yards":9}],"00-0023471":[{"sequence":7,"clubcode":"TB","playerName":"B.Ruud","statId":79,"yards":0}],"00-0026178":[{"sequence":4,"clubcode":"SEA","playerName":"J.Carlson","statId":21,"yards":11},{"sequence":5,"clubcode":"SEA","playerName":"J.Carlson","statId":115,"yards":0},{"sequence":6,"clubcode":"SEA","playerName":"J.Carlson","statId":113,"yards":2}],"0":[{"sequence":1,"clubcode":"SEA","playerName":"","statId":7,"yards":0}]}},"3136":{"sp":0,"qtr":4,"down":4,"time":"06:12","yrdln":"SEA 32","ydstogo":4,"ydsnet":6,"posteam":"SEA","desc":"(6:12) (Punt formation) J.Ryan punts 42 yards to TB 26, Center-C.Gresham, fair catch by M.Spurlock.","note":"PUNT","players":{"00-0023742":[{"sequence":1,"clubcode":"SEA","playerName":"J.Ryan","statId":29,"yards":42}],"00-0023968":[{"sequence":2,"clubcode":"TB","playerName":"M.Spurlock","statId":39,"yards":0}]}}},"fds":0,"result":"Punt","penyds":-10,"ydsgained":16,"numplays":6,"postime":"1:54","start":{"qtr":4,"time":"07:56","yrdln":"SEA 26","team":"SEA"},"end":{"qtr":4,"time":"06:02","yrdln":"SEA 32","team":"SEA"}},"20":{"posteam":"TB","qtr":4,"redzone":true,"plays":{"3155":{"sp":0,"qtr":4,"down":1,"time":"06:02","yrdln":"TB 26","ydstogo":10,"ydsnet":0,"posteam":"TB","desc":"(6:02) L.Blount right end to TB 26 for no gain (J.Richardson).","note":null,"players":{"00-0027325":[{"sequence":1,"clubcode":"TB","playerName":"L.Blount","statId":10,"yards":0}],"00-0025525":[{"sequence":2,"clubcode":"SEA","playerName":"J.Richardson","statId":79,"yards":0}]}},"3176":{"sp":0,"qtr":4,"down":2,"time":"05:19","yrdln":"TB 26","ydstogo":10,"ydsnet":6,"posteam":"TB","desc":"(5:19) L.Blount left tackle to TB 32 for 6 yards (L.Tatupu, D.Hawthorne).","note":null,"players":{"00-0023480":[{"sequence":2,"clubcode":"SEA","playerName":"L.Tatupu","statId":80,"yards":0}],"00-0025999":[{"sequence":3,"clubcode":"SEA","playerName":"D.Hawthorne","statId":82,"yards":0}],"00-0027325":[{"sequence":1,"clubcode":"TB","playerName":"L.Blount","statId":10,"yards":6}]}},"3197":{"sp":0,"qtr":4,"down":3,"time":"04:34","yrdln":"TB 32","ydstogo":4,"ydsnet":21,"posteam":"TB","desc":"(4:34) (Shotgun) J.Johnson pass short left to D.Briscoe to TB 47 for 15 yards (W.Thurmond).","note":null,"players":{"00-0026300":[{"sequence":3,"clubcode":"TB","playerName":"J.Johnson","statId":15,"yards":15},{"sequence":4,"clubcode":"TB","playerName":"J.Johnson","statId":111,"yards":8}],"0":[{"sequence":1,"clubcode":"TB","playerName":"","statId":4,"yards":0},{"sequence":2,"clubcode":"TB","playerName":"","statId":6,"yards":0}],"00-0027789":[{"sequence":5,"clubcode":"TB","playerName":"D.Briscoe","statId":21,"yards":15},{"sequence":6,"clubcode":"TB","playerName":"D.Briscoe","statId":115,"yards":0},{"sequence":7,"clubcode":"TB","playerName":"D.Briscoe","statId":113,"yards":7}],"00-0027711":[{"sequence":8,"clubcode":"SEA","playerName":"W.Thurmond","statId":79,"yards":0}]}},"3221":{"sp":0,"qtr":4,"down":1,"time":"03:53","yrdln":"TB 47","ydstogo":10,"ydsnet":24,"posteam":"TB","desc":"(3:53) L.Blount right guard to 50 for 3 yards (R.Brock).","note":null,"players":{"00-0027325":[{"sequence":1,"clubcode":"TB","playerName":"L.Blount","statId":10,"yards":3}],"00-0021340":[{"sequence":2,"clubcode":"SEA","playerName":"R.Brock","statId":79,"yards":0}]}},"3242":{"sp":0,"qtr":4,"down":2,"time":"03:06","yrdln":"50","ydstogo":7,"ydsnet":26,"posteam":"TB","desc":"(3:06) L.Blount left guard to SEA 48 for 2 yards (A.Gordon).","note":null,"players":{"00-0027325":[{"sequence":1,"clubcode":"TB","playerName":"L.Blount","statId":10,"yards":2}],"00-0022878":[{"sequence":2,"clubcode":"SEA","playerName":"A.Gordon","statId":79,"yards":0}]}},"3263":{"sp":0,"qtr":4,"down":3,"time":"02:25","yrdln":"SEA 48","ydstogo":5,"ydsnet":26,"posteam":"TB","desc":"(2:25) (Shotgun) J.Johnson pass short left to M.Stovall to SEA 48 for no gain (W.Thurmond).","note":null,"players":{"00-0026300":[{"sequence":2,"clubcode":"TB","playerName":"J.Johnson","statId":15,"yards":0},{"sequence":3,"clubcode":"TB","playerName":"J.Johnson","statId":111,"yards":-2}],"00-0024305":[{"sequence":4,"clubcode":"TB","playerName":"M.Stovall","statId":21,"yards":0},{"sequence":5,"clubcode":"TB","playerName":"M.Stovall","statId":115,"yards":0},{"sequence":6,"clubcode":"TB","playerName":"M.Stovall","statId":113,"yards":2}],"0":[{"sequence":1,"clubcode":"TB","playerName":"","statId":7,"yards":0}],"00-0027711":[{"sequence":7,"clubcode":"SEA","playerName":"W.Thurmond","statId":79,"yards":0}]}},"3287":{"sp":0,"qtr":4,"down":0,"time":"02:00","yrdln":"","ydstogo":0,"ydsnet":26,"posteam":"","desc":"Two-Minute Warning","note":null,"players":{}},"3304":{"sp":0,"qtr":4,"down":4,"time":"02:00","yrdln":"SEA 48","ydstogo":5,"ydsnet":21,"posteam":"TB","desc":"(2:00) (Punt formation) PENALTY on TB-N.Koutouvides, False Start, 5 yards, enforced at SEA 48 - No Play.","note":"PENALTY","players":{"00-0022710":[{"sequence":1,"clubcode":"TB","playerName":"N.Koutouvides","statId":93,"yards":5}]}},"3327":{"sp":0,"qtr":4,"down":4,"time":"02:00","yrdln":"TB 47","ydstogo":10,"ydsnet":21,"posteam":"TB","desc":"(2:00) (Punt formation) R.Malone punts 53 yards to end zone, Center-A.Economos, Touchback.","note":"PUNT","players":{"0":[{"sequence":2,"clubcode":"SEA","playerName":"","statId":40,"yards":0}],"00-0027509":[{"sequence":1,"clubcode":"TB","playerName":"R.Malone","statId":32,"yards":53}]}}},"fds":1,"result":"Punt","penyds":-5,"ydsgained":26,"numplays":9,"postime":"4:10","start":{"qtr":4,"time":"06:02","yrdln":"TB 26","team":"TB"},"end":{"qtr":4,"time":"01:52","yrdln":"TB 47","team":"TB"}},"21":{"posteam":"SEA","qtr":4,"redzone":true,"plays":{"3355":{"sp":0,"qtr":4,"down":1,"time":"01:52","yrdln":"SEA 20","ydstogo":10,"ydsnet":4,"posteam":"SEA","desc":"(1:52) J.Forsett right end to SEA 24 for 4 yards (A.Hayward).","note":null,"players":{"00-0025569":[{"sequence":2,"clubcode":"TB","playerName":"A.Hayward","statId":79,"yards":0}],"00-0026373":[{"sequence":1,"clubcode":"SEA","playerName":"J.Forsett","statId":10,"yards":4}]}},"3376":{"sp":0,"qtr":4,"down":2,"time":"01:11","yrdln":"SEA 24","ydstogo":6,"ydsnet":7,"posteam":"SEA","desc":"(1:11) J.Forsett left tackle to SEA 27 for 3 yards (A.Magee).","note":null,"players":{"00-0027042":[{"sequence":2,"clubcode":"TB","playerName":"A.Magee","statId":79,"yards":0}],"00-0026373":[{"sequence":1,"clubcode":"SEA","playerName":"J.Forsett","statId":10,"yards":3}]}},"3397":{"sp":0,"qtr":4,"down":3,"time":"00:35","yrdln":"SEA 27","ydstogo":3,"ydsnet":5,"posteam":"SEA","desc":"(:35) J.Forsett right end to SEA 25 for -2 yards (F.Okam, A.Magee).","note":null,"players":{"00-0027042":[{"sequence":5,"clubcode":"TB","playerName":"A.Magee","statId":82,"yards":0}],"00-0026291":[{"sequence":4,"clubcode":"TB","playerName":"F.Okam","statId":80,"yards":0},{"sequence":6,"clubcode":"TB","playerName":"F.Okam","statId":120,"yards":0}],"0":[{"sequence":1,"clubcode":"SEA","playerName":"","statId":7,"yards":0},{"sequence":3,"clubcode":"SEA","playerName":"","statId":95,"yards":-2}],"00-0026373":[{"sequence":2,"clubcode":"SEA","playerName":"J.Forsett","statId":10,"yards":-2}]}},"3418":{"sp":0,"qtr":4,"down":0,"time":"00:00","yrdln":"","ydstogo":0,"ydsnet":5,"posteam":"","desc":"END GAME","note":null,"players":{}}},"fds":0,"result":"End of Game","penyds":0,"ydsgained":5,"numplays":4,"postime":"1:52","start":{"qtr":4,"time":"01:52","yrdln":"SEA 20","team":"SEA"},"end":{"qtr":4,"time":"00:00","yrdln":"","team":"SEA"}},"crntdrv":21},"scrsummary":{"655":{"type":"TD","desc":"M.Hasselbeck 1 yd. run (O.Mare kick is good) Drive: 11 plays, 62 yards in 5:53","qtr":1,"team":"SEA","players":{"":"0","M.Hasselbeck":"00-0007091","O.Mare":"00-0010373"}},"791":{"type":"FG","desc":"C.Barth 46 yd. Field Goal Drive: 4 plays, -11 yards in 2:25","qtr":1,"team":"TB","players":{"C.Barth":"00-0026138"}},"1058":{"type":"TD","desc":"K.Winslow 10 yd. pass from J.Freeman (C.Barth kick is good) Drive: 6 plays, 52 yards in 2:27","qtr":2,"team":"TB","players":{"":"0","J.Freeman":"00-0026993","K.Winslow":"00-0022922","C.Barth":"00-0026138"}},"1375":{"type":"TD","desc":"M.Williams 20 yd. pass from J.Freeman (C.Barth kick is good) Drive: 9 plays, 59 yards in 4:14","qtr":2,"team":"TB","players":{"":"0","J.Freeman":"00-0026993","M.Williams":"00-0027702","W.Thurmond":"00-0027711","C.Barth":"00-0026138"}},"2206":{"type":"TD","desc":"K.Winslow 21 yd. pass from J.Freeman (C.Barth kick is good) Drive: 10 plays, 98 yards in 6:50","qtr":3,"team":"TB","players":{"":"0","J.Freeman":"00-0026993","K.Winslow":"00-0022922","C.Barth":"00-0026138"}},"2507":{"type":"TD","desc":"M.Williams 7 yd. pass from J.Freeman (C.Barth kick is good) Drive: 3 plays, 56 yards in 1:44","qtr":3,"team":"TB","players":{"":"0","J.Freeman":"00-0026993","M.Williams":"00-0027702","C.Barth":"00-0026138"}},"2852":{"type":"TD","desc":"L.Washington 16 yd. run (C.Whitehurst-B.Obomanu pass) Drive: 11 plays, 54 yards in 6:14","qtr":4,"team":"SEA","players":{"":"0","L.Washington":"00-0024332","C.Whitehurst":"00-0024296","B.Obomanu":"00-0024463"}},"2971":{"type":"TD","desc":"M.Stovall 2 yd. pass from J.Freeman (C.Barth kick is good) Drive: 4 plays, 72 yards in 2:18","qtr":4,"team":"TB","players":{"":"0","J.Freeman":"00-0026993","M.Stovall":"00-0024305","C.Barth":"00-0026138"}}},"weather":null,"media":null,"yl":"","qtr":"Final","note":null,"down":0,"togo":0,"redzone":true,"clock":"00:35","posteam":"SEA","stadium":null},"nextupdate":206}