{"2010122602":{"home":{"score":{"1":7,"2":3,"3":0,"4":0,"5":0,"T":10},"abbr":"CLE","to":0,"stats":{"passing":{"00-0027688":{"name":"C.McCoy","att":29,"cmp":15,"yds":149,"tds":0,"ints":3,"twopta":0,"twoptm":0},"00-0027026":{"name":"M.Massaquoi","att":1,"cmp":1,"yds":29,"tds":1,"ints":0,"twopta":0,"twoptm":0}},"rushing":{"00-0026367":{"name":"P.Hillis","att":12,"yds":35,"tds":0,"lng":7,"lngtd":0,"twopta":0,"twoptm":0},"00-0027688":{"name":"C.McCoy","att":4,"yds":30,"tds":0,"lng":15,"lngtd":0,"twopta":0,"twoptm":0},"00-0024011":{"name":"M.Bell","att":7,"yds":27,"tds":0,"lng":9,"lngtd":0,"twopta":0,"twoptm":0},"00-0023176":{"name":"J.Cribbs","att":2,"yds":8,"tds":0,"lng":5,"lngtd":0,"twopta":0,"twoptm":0},"00-0024394":{"name":"L.Vickers","att":1,"yds":2,"tds":0,"lng":2,"lngtd":0,"twopta":0,"twoptm":0}},"receiving":{"00-0025622":{"name":"C.Stuckey","rec":4,"yds":39,"tds":0,"lng":16,"lngtd":0,"twopta":0,"twoptm":0},"00-0022943":{"name":"B.Watson","rec":3,"yds":22,"tds":0,"lng":10,"lngtd":0,"twopta":0,"twoptm":0},"00-0024011":{"name":"M.Bell","rec":2,"yds":48,"tds":0,"lng":28,"lngtd":0,"twopta":0,"twoptm":0},"00-0027012":{"name":"B.Robiskie","rec":2,"yds":35,"tds":1,"lng":29,"lngtd":29,"twopta":0,"twoptm":0},"00-0027026":{"name":"M.Massaquoi","rec":2,"yds":14,"tds":0,"lng":11,"lngtd":0,"twopta":0,"twoptm":0},"00-0023176":{"name":"J.Cribbs","rec":1,"yds":9,"tds":0,"lng":9,"lngtd":0,"twopta":0,"twoptm":0},"00-0023506":{"name":"A.Smith","rec":1,"yds":6,"tds":0,"lng":6,"lngtd":0,"twopta":0,"twoptm":0},"00-0026367":{"name":"P.Hillis","rec":1,"yds":5,"tds":0,"lng":5,"lngtd":0,"twopta":0,"twoptm":0}},"fumbles":{"00-0027026":{"name":"M.Massaquoi","tot":1,"rcv":0,"trcv":0,"yds":0,"lost":1}},"kicking":{"00-0004091":{"name":"P.Dawson","fgm":1,"fga":1,"fgyds":30,"totpfg":3,"xpmade":1,"xpmissed":0,"xpa":1,"xpb":0,"xptot":1}},"punting":{"00-0023642":{"name":"R.Hodges","pts":3,"yds":116,"avg":38,"i20":2,"lng":53}},"kickret":{"00-0023176":{"name":"J.Cribbs","ret":5,"avg":25,"tds":0,"lng":37,"lngtd":0}},"puntret":{"00-0023176":{"name":"J.Cribbs","ret":2,"avg":8,"tds":0,"lng":17,"lngtd":0}},"defense":{"00-0021262":{"name":"K.Coleman","tkl":7,"ast":0,"sk":0,"int":0,"ffum":0},"00-0024286":{"name":"C.Gocong","tkl":5,"ast":2,"sk":0,"int":0,"ffum":0},"00-0023481":{"name":"M.Roth","tkl":5,"ast":2,"sk":0,"int":0,"ffum":0},"00-0001563":{"name":"D.Bowens","tkl":5,"ast":1,"sk":0,"int":0,"ffum":0},"00-0027860":{"name":"J.Haden","tkl":5,"ast":0,"sk":1,"int":1,"ffum":1},"00-0000846":{"name":"E.Barton","tkl":5,"ast":0,"sk":0,"int":0,"ffum":0},"00-0023090":{"name":"D.Robinson","tkl":3,"ast":2,"sk":0,"int":0,"ffum":0},"00-0026330":{"name":"A.Rubin","tkl":3,"ast":2,"sk":0,"int":0,"ffum":0},"00-0021186":{"name":"S.Brown","tkl":4,"ast":0,"sk":0,"int":0,"ffum":0},"00-0023405":{"name":"A.Elam","tkl":2,"ast":1,"sk":0,"int":0,"ffum":0},"00-0027653":{"name":"T.Ward","tkl":1,"ast":1,"sk":0,"int":0,"ffum":0},"00-0026084":{"name":"B.Schaefering","tkl":1,"ast":0,"sk":0,"int":0,"ffum":0},"00-0023316":{"name":"R.Ventrone","tkl":1,"ast":0,"sk":0,"int":0,"ffum":0},"00-0027360":{"name":"T.Ivey","tkl":1,"ast":0,"sk":0,"int":0,"ffum":0},"00-0026742":{"name":"M.Benard","tkl":0,"ast":1,"sk":0,"int":0,"ffum":0}},"team":{"totfd":17,"totyds":280,"pyds":178,"ryds":102,"pen":2,"penyds":20,"trnovr":4,"pt":3,"ptyds":116,"ptavg":38,"top":"28:14"}},"players":null},"away":{"score":{"1":0,"2":13,"3":7,"4":0,"5":0,"T":20},"abbr":"BAL","to":2,"stats":{"passing":{"00-0026158":{"name":"J.Flacco","att":19,"cmp":12,"yds":102,"tds":2,"ints":1,"twopta":0,"twoptm":0}},"rushing":{"00-0026195":{"name":"R.Rice","att":25,"yds":92,"tds":0,"lng":11,"lngtd":0,"twopta":0,"twoptm":0},"00-0022178":{"name":"W.McGahee","att":8,"yds":34,"tds":0,"lng":9,"lngtd":0,"twopta":0,"twoptm":0},"00-0025524":{"name":"L.McClain","att":2,"yds":19,"tds":0,"lng":16,"lngtd":0,"twopta":0,"twoptm":0},"00-0026158":{"name":"J.Flacco","att":3,"yds":16,"tds":0,"lng":13,"lngtd":0,"twopta":0,"twoptm":0}},"receiving":{"00-0010500":{"name":"D.Mason","rec":4,"yds":50,"tds":1,"lng":22,"lngtd":22,"twopta":0,"twoptm":0},"00-0020438":{"name":"T.Houshmandzadeh","rec":4,"yds":32,"tds":1,"lng":15,"lngtd":15,"twopta":0,"twoptm":0},"00-0022084":{"name":"A.Boldin","rec":2,"yds":15,"tds":0,"lng":9,"lngtd":0,"twopta":0,"twoptm":0},"00-0025524":{"name":"L.McClain","rec":1,"yds":5,"tds":0,"lng":5,"lngtd":0,"twopta":0,"twoptm":0},"00-0026195":{"name":"R.Rice","rec":1,"yds":0,"tds":0,"lng":0,"lngtd":0,"twopta":0,"twoptm":0}},"fumbles":{"00-0026158":{"name":"J.Flacco","tot":1,"rcv":0,"trcv":0,"yds":0,"lost":0},"00-0026407":{"name":"J.McClain","tot":0,"rcv":0,"trcv":1,"yds":9,"lost":0}},"kicking":{"00-0020972":{"name":"B.Cundiff","fgm":2,"fga":2,"fgyds":40,"totpfg":6,"xpmade":2,"xpmissed":0,"xpa":2,"xpb":0,"xptot":2}},"punting":{"00-0024417":{"name":"S.Koch","pts":3,"yds":137,"avg":40,"i20":1,"lng":50}},"kickret":{"00-0026316":{"name":"J.Parmele","ret":1,"avg":15,"tds":0,"lng":15,"lngtd":0}},"puntret":{"00-0027060":{"name":"L.Webb","ret":1,"avg":1,"tds":0,"lng":1,"lngtd":0}},"defense":{"00-0026407":{"name":"J.McClain","tkl":5,"ast":2,"sk":0,"int":0,"ffum":0},"00-0024360":{"name":"D.Landry","tkl":6,"ast":0,"sk":0,"int":0,"ffum":0},"00-0021998":{"name":"C.Redding","tkl":5,"ast":0,"sk":0,"int":0,"ffum":0},"00-0022139":{"name":"J.Johnson","tkl":2,"ast":3,"sk":0,"int":0,"ffum":0},"00-0026857":{"name":"D.Ellerbe","tkl":4,"ast":0,"sk":0,"int":0,"ffum":0},"00-0009889":{"name":"R.Lewis","tkl":3,"ast":1,"sk":0,"int":0,"ffum":0},"00-0027060":{"name":"L.Webb","tkl":3,"ast":0,"sk":0,"int":1,"ffum":0},"00-0023008":{"name":"C.Carr","tkl":3,"ast":0,"sk":0,"int":0,"ffum":1},"00-0021377":{"name":"E.Reed","tkl":2,"ast":1,"sk":0,"int":2,"ffum":0},"00-0025442":{"name":"J.Wilson","tkl":2,"ast":0,"sk":0,"int":0,"ffum":0},"00-0024227":{"name":"H.Ngata","tkl":2,"ast":0,"sk":0,"int":0,"ffum":0},"00-0022161":{"name":"T.Suggs","tkl":1,"ast":1,"sk":0,"int":0,"ffum":0},"00-0006398":{"name":"K.Gregg","tkl":1,"ast":0,"sk":0,"int":0,"ffum":0}},"team":{"totfd":15,"totyds":258,"pyds":97,"ryds":161,"pen":1,"penyds":5,"trnovr":1,"pt":3,"ptyds":137,"ptavg":40,"top":"31:46"}},"players":null},"drives":{"1":{"posteam":"CLE","qtr":1,"redzone":true,"plays":{"36":{"sp":0,"qtr":1,"down":0,"time":"15:00","yrdln":"BAL 30","ydstogo":0,"ydsnet":0,"posteam":"BAL","desc":"B.Cundiff kicks 72 yards from BLT 30 to CLE -2. J.Cribbs to CLE 35 for 37 yards (D.Pitta).","note":"KICKOFF","players":{"00-0020972":[{"sequence":1,"clubcode":"BAL","playerName":"B.Cundiff","statId":43,"yards":72}],"00-0023176":[{"sequence":2,"clubcode":"CLE","playerName":"J.Cribbs","statId":45,"yards":37}],"00-0027714":[{"sequence":3,"clubcode":"BAL","playerName":"D.Pitta","statId":79,"yards":0}]}},"58":{"sp":0,"qtr":1,"down":1,"time":"14:54","yrdln":"CLE 35","ydstogo":10,"ydsnet":1,"posteam":"CLE","desc":"(14:54) P.Hillis left guard to CLE 36 for 1 yard (R.Lewis, J.McClain).","note":null,"players":{"00-0026367":[{"sequence":1,"clubcode":"CLE","playerName":"P.Hillis","statId":10,"yards":1}],"00-0009889":[{"sequence":2,"clubcode":"BAL","playerName":"R.Lewis","statId":80,"yards":0}],"00-0026407":[{"sequence":3,"clubcode":"BAL","playerName":"J.McClain","statId":82,"yards":0}]}},"79":{"sp":0,"qtr":1,"down":2,"time":"14:22","yrdln":"CLE 36","ydstogo":9,"ydsnet":3,"posteam":"CLE","desc":"(14:22) P.Hillis right guard to CLE 38 for 2 yards (J.McClain, E.Reed).","note":null,"players":{"00-0026367":[{"sequence":1,"clubcode":"CLE","playerName":"P.Hillis","statId":10,"yards":2}],"00-0021377":[{"sequence":3,"clubcode":"BAL","playerName":"E.Reed","statId":82,"yards":0}],"00-0026407":[{"sequence":2,"clubcode":"BAL","playerName":"J.McClain","statId":80,"yards":0}]}},"100":{"sp":0,"qtr":1,"down":3,"time":"13:39","yrdln":"CLE 38","ydstogo":7,"ydsnet":14,"posteam":"CLE","desc":"(13:39) (Shotgun) C.McCoy pass short right to M.Massaquoi to CLE 49 for 11 yards (L.Webb).","note":null,"players":{"00-0027026":[{"sequence":5,"clubcode":"CLE","playerName":"M.Massaquoi","statId":21,"yards":11},{"sequence":6,"clubcode":"CLE","playerName":"M.Massaquoi","statId":115,"yards":0},{"sequence":7,"clubcode":"CLE","playerName":"M.Massaquoi","statId":113,"yards":0}],"00-0027060":[{"sequence":8,"clubcode":"BAL","playerName":"L.Webb","statId":79,"yards":0}],"00-0027688":[{"sequence":3,"clubcode":"CLE","playerName":"C.McCoy","statId":15,"yards":11},{"sequence":4,"clubcode":"CLE","playerName":"C.McCoy","statId":111,"yards":11}],"0":[{"sequence":1,"clubcode":"CLE","playerName":"","statId":4,"yards":0},{"sequence":2,"clubcode":"CLE","playerName":"","statId":6,"yards":0}]}},"124":{"sp":0,"qtr":1,"down":1,"time":"12:58","yrdln":"CLE 49","ydstogo":10,"ydsnet":32,"posteam":"CLE","desc":"(12:58) (Shotgun) C.McCoy pass short right to J.Cribbs to BAL 42 for 9 yards (J.Johnson).","note":null,"players":{"00-0022139":[{"sequence":6,"clubcode":"BAL","playerName":"J.Johnson","statId":79,"yards":0}],"00-0027688":[{"sequence":1,"clubcode":"CLE","playerName":"C.McCoy","statId":15,"yards":9},{"sequence":2,"clubcode":"CLE","playerName":"C.McCoy","statId":111,"yards":6}],"00-0023176":[{"sequence":3,"clubcode":"CLE","playerName":"J.Cribbs","statId":21,"yards":9},{"sequence":4,"clubcode":"CLE","playerName":"J.Cribbs","statId":115,"yards":0},{"sequence":5,"clubcode":"CLE","playerName":"J.Cribbs","statId":113,"yards":3}]}},"148":{"sp":0,"qtr":1,"down":2,"time":"12:23","yrdln":"BAL 42","ydstogo":1,"ydsnet":26,"posteam":"CLE","desc":"(12:23) M.Bell left guard to BAL 39 for 3 yards (D.Landry, J.Johnson).","note":null,"players":{"00-0022139":[{"sequence":4,"clubcode":"BAL","playerName":"J.Johnson","statId":82,"yards":0}],"00-0024360":[{"sequence":3,"clubcode":"BAL","playerName":"D.Landry","statId":80,"yards":0}],"00-0024011":[{"sequence":2,"clubcode":"CLE","playerName":"M.Bell","statId":10,"yards":3}],"0":[{"sequence":1,"clubcode":"CLE","playerName":"","statId":3,"yards":0}]}},"169":{"sp":0,"qtr":1,"down":1,"time":"11:42","yrdln":"BAL 39","ydstogo":10,"ydsnet":32,"posteam":"CLE","desc":"(11:42) (Shotgun) C.McCoy pass short left to B.Robiskie to BAL 33 for 6 yards (J.Wilson, T.Suggs).","note":null,"players":{"00-0022161":[{"sequence":7,"clubcode":"BAL","playerName":"T.Suggs","statId":82,"yards":0}],"00-0027012":[{"sequence":3,"clubcode":"CLE","playerName":"B.Robiskie","statId":21,"yards":6},{"sequence":4,"clubcode":"CLE","playerName":"B.Robiskie","statId":115,"yards":0},{"sequence":5,"clubcode":"CLE","playerName":"B.Robiskie","statId":113,"yards":0}],"00-0027688":[{"sequence":1,"clubcode":"CLE","playerName":"C.McCoy","statId":15,"yards":6},{"sequence":2,"clubcode":"CLE","playerName":"C.McCoy","statId":111,"yards":6}],"00-0025442":[{"sequence":6,"clubcode":"BAL","playerName":"J.Wilson","statId":80,"yards":0}]}},"193":{"sp":0,"qtr":1,"down":2,"time":"10:59","yrdln":"BAL 33","ydstogo":4,"ydsnet":32,"posteam":"CLE","desc":"(10:59) (Shotgun) C.McCoy pass deep right intended for M.Massaquoi INTERCEPTED by L.Webb at BAL 4. L.Webb to BAL 4 for no gain (M.Massaquoi).","note":"INT","players":{"00-0027026":[{"sequence":2,"clubcode":"CLE","playerName":"M.Massaquoi","statId":115,"yards":0},{"sequence":6,"clubcode":"CLE","playerName":"M.Massaquoi","statId":79,"yards":0}],"00-0027060":[{"sequence":4,"clubcode":"BAL","playerName":"L.Webb","statId":25,"yards":0},{"sequence":5,"clubcode":"BAL","playerName":"L.Webb","statId":85,"yards":0}],"00-0027688":[{"sequence":1,"clubcode":"CLE","playerName":"C.McCoy","statId":19,"yards":0},{"sequence":3,"clubcode":"CLE","playerName":"C.McCoy","statId":112,"yards":29}]}}},"fds":2,"result":"Interception","penyds":0,"ydsgained":32,"numplays":8,"postime":"4:09","start":{"qtr":1,"time":"15:00","yrdln":"CLE 35","team":"CLE"},"end":{"qtr":1,"time":"10:51","yrdln":"BAL 33","team":"CLE"}},"2":{"posteam":"BAL","qtr":1,"redzone":true,"plays":{"219":{"sp":0,"qtr":1,"down":1,"time":"10:51","yrdln":"BAL 4","ydstogo":10,"ydsnet":3,"posteam":"BAL","desc":"(10:51) R.Rice left end to BAL 7 for 3 yards (T.Ward).","note":null,"players":{"00-0027653":[{"sequence":2,"clubcode":"CLE","playerName":"T.Ward","statId":79,"yards":0}],"00-0026195":[{"sequence":1,"clubcode":"BAL","playerName":"R.Rice","statId":10,"yards":3}]}},"240":{"sp":0,"qtr":1,"down":2,"time":"10:12","yrdln":"BAL 7","ydstogo":7,"ydsnet":6,"posteam":"BAL","desc":"(10:12) R.Rice left guard to BAL 10 for 3 yards (D.Bowens).","note":null,"players":{"00-0001563":[{"sequence":2,"clubcode":"CLE","playerName":"D.Bowens","statId":79,"yards":0}],"00-0026195":[{"sequence":1,"clubcode":"BAL","playerName":"R.Rice","statId":10,"yards":3}]}},"261":{"sp":0,"qtr":1,"down":3,"time":"09:29","yrdln":"BAL 10","ydstogo":4,"ydsnet":6,"posteam":"BAL","desc":"(9:29) (Shotgun) J.Flacco pass incomplete short left to R.Rice.","note":null,"players":{"0":[{"sequence":1,"clubcode":"BAL","playerName":"","statId":7,"yards":0}],"00-0026158":[{"sequence":2,"clubcode":"BAL","playerName":"J.Flacco","statId":14,"yards":0},{"sequence":4,"clubcode":"BAL","playerName":"J.Flacco","statId":112,"yards":-1}],"00-0026195":[{"sequence":3,"clubcode":"BAL","playerName":"R.Rice","statId":115,"yards":0}]}},"283":{"sp":0,"qtr":1,"down":4,"time":"09:24","yrdln":"BAL 10","ydstogo":4,"ydsnet":6,"posteam":"BAL","desc":"(9:24) S.Koch punts 47 yards to CLE 43, Center-M.Cox. J.Cribbs to BLT 40 for 17 yards (J.McClain).","note":"PUNT","players":{"00-0024417":[{"sequence":1,"clubcode":"BAL","playerName":"S.Koch","statId":29,"yards":47}],"00-0026407":[{"sequence":3,"clubcode":"BAL","playerName":"J.McClain","statId":79,"yards":0}],"00-0023176":[{"sequence":2,"clubcode":"CLE","playerName":"J.Cribbs","statId":33,"yards":17}]}}},"fds":0,"result":"Punt","penyds":0,"ydsgained":6,"numplays":4,"postime":"1:38","start":{"qtr":1,"time":"10:51","yrdln":"BAL 4","team":"BAL"},"end":{"qtr":1,"time":"09:13","yrdln":"BAL 10","team":"BAL"}},"3":{"posteam":"CLE","qtr":1,"redzone":true,"plays":{"308":{"sp":0,"qtr":1,"down":1,"time":"09:13","yrdln":"BAL 40","ydstogo":10,"ydsnet":2,"posteam":"CLE","desc":"(9:13) P.Hillis left guard to BAL 38 for 2 yards (R.Lewis).","note":null,"players":{"00-0026367":[{"sequence":1,"clubcode":"CLE","playerName":"P.Hillis","statId":10,"yards":2}],"00-0009889":[{"sequence":2,"clubcode":"BAL","playerName":"R.Lewis","statId":79,"yards":0}]}},"329":{"sp":0,"qtr":1,"down":2,"time":"08:34","yrdln":"BAL 38","ydstogo":8,"ydsnet":6,"posteam":"CLE","desc":"(8:34) P.Hillis right tackle to BAL 34 for 4 yards (C.Carr, J.Johnson).","note":null,"players":{"00-0022139":[{"sequence":3,"clubcode":"BAL","playerName":"J.Johnson","statId":82,"yards":0}],"00-0026367":[{"sequence":1,"clubcode":"CLE","playerName":"P.Hillis","statId":10,"yards":4}],"00-0023008":[{"sequence":2,"clubcode":"BAL","playerName":"C.Carr","statId":80,"yards":0}]}},"350":{"sp":0,"qtr":1,"down":3,"time":"07:49","yrdln":"BAL 34","ydstogo":4,"ydsnet":11,"posteam":"CLE","desc":"(7:49) (Shotgun) C.McCoy pass short left to B.Watson to BAL 29 for 5 yards (D.Landry).","note":null,"players":{"00-0024360":[{"sequence":8,"clubcode":"BAL","playerName":"D.Landry","statId":79,"yards":0}],"00-0027688":[{"sequence":3,"clubcode":"CLE","playerName":"C.McCoy","statId":15,"yards":5},{"sequence":4,"clubcode":"CLE","playerName":"C.McCoy","statId":111,"yards":4}],"0":[{"sequence":1,"clubcode":"CLE","playerName":"","statId":4,"yards":0},{"sequence":2,"clubcode":"CLE","playerName":"","statId":6,"yards":0}],"00-0022943":[{"sequence":5,"clubcode":"CLE","playerName":"B.Watson","statId":21,"yards":5},{"sequence":6,"clubcode":"CLE","playerName":"B.Watson","statId":115,"yards":0},{"sequence":7,"clubcode":"CLE","playerName":"B.Watson","statId":113,"yards":1}]}},"374":{"sp":1,"qtr":1,"down":1,"time":"07:11","yrdln":"BAL 29","ydstogo":10,"ydsnet":40,"posteam":"CLE","desc":"(7:11) (Shotgun) M.Massaquoi pass short right to B.Robiskie for 29 yards, TOUCHDOWN. 6 Wallace handoff to 40 Hillis pitch 11 Massaquoi pass to 80 Robiskie Baltimore challenged the pass completion ruling, and the play was Upheld. (Timeout #1 at 07:01.)","note":"TD","players":{"00-0027026":[{"sequence":3,"clubcode":"CLE","playerName":"M.Massaquoi","statId":16,"yards":29},{"sequence":4,"clubcode":"CLE","playerName":"M.Massaquoi","statId":111,"yards":0}],"00-0027012":[{"sequence":5,"clubcode":"CLE","playerName":"B.Robiskie","statId":22,"yards":29},{"sequence":6,"clubcode":"CLE","playerName":"B.Robiskie","statId":115,"yards":0},{"sequence":7,"clubcode":"CLE","playerName":"B.Robiskie","statId":113,"yards":29}],"0":[{"sequence":1,"clubcode":"BAL","playerName":"","statId":68,"yards":0},{"sequence":2,"clubcode":"CLE","playerName":"","statId":4,"yards":0}]}},"398":{"sp":0,"qtr":1,"down":0,"time":"07:01","yrdln":"BAL 2","ydstogo":0,"ydsnet":40,"posteam":"CLE","desc":"PENALTY on BAL-D.Landry, Encroachment, 5 yards, enforced between downs.","note":"PENALTY","players":{"00-0024360":[{"sequence":1,"clubcode":"BAL","playerName":"D.Landry","statId":93,"yards":5}]}},"425":{"sp":1,"qtr":1,"down":0,"time":"07:01","yrdln":"BAL 2","ydstogo":0,"ydsnet":40,"posteam":"CLE","desc":"P.Dawson extra point is GOOD, Center-R.Pontbriand, Holder-R.Hodges.","note":"XP","players":{"00-0004091":[{"sequence":1,"clubcode":"CLE","playerName":"P.Dawson","statId":72,"yards":0}]}}},"fds":2,"result":"Touchdown","penyds":0,"ydsgained":40,"numplays":6,"postime":"2:12","start":{"qtr":1,"time":"09:13","yrdln":"BAL 40","team":"CLE"},"end":{"qtr":1,"time":"07:01","yrdln":"BAL 29","team":"CLE"}},"4":{"posteam":"BAL","qtr":2,"redzone":true,"plays":{"470":{"sp":0,"qtr":1,"down":0,"time":"07:01","yrdln":"CLE 35","ydstogo":0,"ydsnet":0,"posteam":"CLE","desc":"P.Dawson kicks 69 yards from CLE 35 to BLT -4. J.Parmele to BLT 11 for 15 yards (S.Piscitelli, M.Adams).","note":"KICKOFF","players":{"00-0025451":[{"sequence":4,"clubcode":"CLE","playerName":"S.Piscitelli","statId":80,"yards":0}],"00-0004091":[{"sequence":1,"clubcode":"CLE","playerName":"P.Dawson","statId":43,"yards":69},{"sequence":3,"clubcode":"CLE","playerName":"P.Dawson","statId":42,"yards":0}],"00-0026316":[{"sequence":2,"clubcode":"BAL","playerName":"J.Parmele","statId":45,"yards":15}],"00-0022247":[{"sequence":5,"clubcode":"CLE","playerName":"M.Adams","statId":82,"yards":0}]}},"492":{"sp":0,"qtr":1,"down":1,"time":"06:57","yrdln":"BAL 11","ydstogo":10,"ydsnet":9,"posteam":"BAL","desc":"(6:57) J.Flacco pass short right to A.Boldin to BAL 20 for 9 yards (J.Haden).","note":null,"players":{"00-0027860":[{"sequence":6,"clubcode":"CLE","playerName":"J.Haden","statId":79,"yards":0}],"00-0022084":[{"sequence":3,"clubcode":"BAL","playerName":"A.Boldin","statId":21,"yards":9},{"sequence":4,"clubcode":"BAL","playerName":"A.Boldin","statId":115,"yards":0},{"sequence":5,"clubcode":"BAL","playerName":"A.Boldin","statId":113,"yards":2}],"00-0026158":[{"sequence":1,"clubcode":"BAL","playerName":"J.Flacco","statId":15,"yards":9},{"sequence":2,"clubcode":"BAL","playerName":"J.Flacco","statId":111,"yards":7}]}},"516":{"sp":0,"qtr":1,"down":2,"time":"06:25","yrdln":"BAL 20","ydstogo":1,"ydsnet":25,"posteam":"BAL","desc":"(6:25) L.McClain right guard to BAL 36 for 16 yards (D.Bowens).","note":null,"players":{"00-0025524":[{"sequence":2,"clubcode":"BAL","playerName":"L.McClain","statId":10,"yards":16}],"0":[{"sequence":1,"clubcode":"BAL","playerName":"","statId":3,"yards":0}],"00-0001563":[{"sequence":3,"clubcode":"CLE","playerName":"D.Bowens","statId":79,"yards":0}]}},"537":{"sp":0,"qtr":1,"down":1,"time":"05:45","yrdln":"BAL 36","ydstogo":10,"ydsnet":34,"posteam":"BAL","desc":"(5:45) J.Flacco pass short right to T.Houshmandzadeh to BAL 34 for -2 yards (D.Bowens).","note":null,"players":{"00-0020438":[{"sequence":3,"clubcode":"BAL","playerName":"T.Houshmandzadeh","statId":21,"yards":-2},{"sequence":4,"clubcode":"BAL","playerName":"T.Houshmandzadeh","statId":115,"yards":0},{"sequence":5,"clubcode":"BAL","playerName":"T.Houshmandzadeh","statId":113,"yards":-1}],"00-0026158":[{"sequence":1,"clubcode":"BAL","playerName":"J.Flacco","statId":15,"yards":-2},{"sequence":2,"clubcode":"BAL","playerName":"J.Flacco","statId":111,"yards":-1}],"00-0001563":[{"sequence":6,"clubcode":"CLE","playerName":"D.Bowens","statId":79,"yards":0},{"sequence":7,"clubcode":"CLE","playerName":"D.Bowens","statId":120,"yards":0}]}},"561":{"sp":0,"qtr":1,"down":2,"time":"04:59","yrdln":"BAL 34","ydstogo":12,"ydsnet":34,"posteam":"BAL","desc":"(4:59) R.Rice right guard to BAL 45 for 11 yards (E.Barton).","note":null,"players":{"00-0000846":[{"sequence":2,"clubcode":"CLE","playerName":"E.Barton","statId":79,"yards":0}],"00-0026195":[{"sequence":1,"clubcode":"BAL","playerName":"R.Rice","statId":10,"yards":11}]}},"582":{"sp":0,"qtr":1,"down":3,"time":"04:17","yrdln":"BAL 45","ydstogo":1,"ydsnet":39,"posteam":"BAL","desc":"(4:17) R.Rice right guard to 50 for 5 yards (C.Gocong).","note":null,"players":{"00-0024286":[{"sequence":4,"clubcode":"CLE","playerName":"C.Gocong","statId":79,"yards":0}],"0":[{"sequence":1,"clubcode":"BAL","playerName":"","statId":3,"yards":0},{"sequence":2,"clubcode":"BAL","playerName":"","statId":6,"yards":0}],"00-0026195":[{"sequence":3,"clubcode":"BAL","playerName":"R.Rice","statId":10,"yards":5}]}},"603":{"sp":0,"qtr":1,"down":1,"time":"03:40","yrdln":"50","ydstogo":10,"ydsnet":39,"posteam":"BAL","desc":"(3:40) J.Flacco pass short left to R.Rice to 50 for no gain (C.Gocong).","note":null,"players":{"00-0024286":[{"sequence":6,"clubcode":"CLE","playerName":"C.Gocong","statId":79,"yards":0}],"00-0026158":[{"sequence":1,"clubcode":"BAL","playerName":"J.Flacco","statId":15,"yards":0},{"sequence":2,"clubcode":"BAL","playerName":"J.Flacco","statId":111,"yards":-1}],"00-0026195":[{"sequence":3,"clubcode":"BAL","playerName":"R.Rice","statId":21,"yards":0},{"sequence":4,"clubcode":"BAL","playerName":"R.Rice","statId":115,"yards":0},{"sequence":5,"clubcode":"BAL","playerName":"R.Rice","statId":113,"yards":1}]}},"627":{"sp":0,"qtr":1,"down":2,"time":"02:56","yrdln":"50","ydstogo":10,"ydsnet":43,"posteam":"BAL","desc":"(2:56) R.Rice right guard to CLE 46 for 4 yards (D.Robinson).","note":null,"players":{"00-0023090":[{"sequence":2,"clubcode":"CLE","playerName":"D.Robinson","statId":79,"yards":0}],"00-0026195":[{"sequence":1,"clubcode":"BAL","playerName":"R.Rice","statId":10,"yards":4}]}},"648":{"sp":0,"qtr":1,"down":3,"time":"02:14","yrdln":"CLE 46","ydstogo":6,"ydsnet":73,"posteam":"BAL","desc":"(2:14) (Shotgun) J.Flacco pass short left to D.Mason to CLE 37 for 9 yards (S.Brown).","note":null,"players":{"00-0010500":[{"sequence":5,"clubcode":"BAL","playerName":"D.Mason","statId":21,"yards":9},{"sequence":6,"clubcode":"BAL","playerName":"D.Mason","statId":115,"yards":0},{"sequence":7,"clubcode":"BAL","playerName":"D.Mason","statId":113,"yards":2}],"00-0021186":[{"sequence":8,"clubcode":"CLE","playerName":"S.Brown","statId":79,"yards":0}],"0":[{"sequence":1,"clubcode":"BAL","playerName":"","statId":4,"yards":0},{"sequence":2,"clubcode":"BAL","playerName":"","statId":6,"yards":0}],"00-0026158":[{"sequence":3,"clubcode":"BAL","playerName":"J.Flacco","statId":15,"yards":9},{"sequence":4,"clubcode":"BAL","playerName":"J.Flacco","statId":111,"yards":7}]}},"672":{"sp":0,"qtr":1,"down":1,"time":"01:58","yrdln":"CLE 37","ydstogo":10,"ydsnet":73,"posteam":"BAL","desc":"(1:58) W.McGahee left guard to CLE 35 for 2 yards (K.Coleman, C.Gocong).","note":null,"players":{"00-0024286":[{"sequence":3,"clubcode":"CLE","playerName":"C.Gocong","statId":82,"yards":0}],"00-0021262":[{"sequence":2,"clubcode":"CLE","playerName":"K.Coleman","statId":80,"yards":0}],"00-0022178":[{"sequence":1,"clubcode":"BAL","playerName":"W.McGahee","statId":10,"yards":2}]}},"693":{"sp":0,"qtr":1,"down":2,"time":"00:56","yrdln":"CLE 35","ydstogo":8,"ydsnet":73,"posteam":"BAL","desc":"(:56) J.Flacco pass short left to D.Mason to CLE 25 for 10 yards (S.Brown).","note":null,"players":{"00-0010500":[{"sequence":4,"clubcode":"BAL","playerName":"D.Mason","statId":21,"yards":10},{"sequence":5,"clubcode":"BAL","playerName":"D.Mason","statId":115,"yards":0},{"sequence":6,"clubcode":"BAL","playerName":"D.Mason","statId":113,"yards":0}],"00-0021186":[{"sequence":7,"clubcode":"CLE","playerName":"S.Brown","statId":79,"yards":0}],"0":[{"sequence":1,"clubcode":"BAL","playerName":"","statId":4,"yards":0}],"00-0026158":[{"sequence":2,"clubcode":"BAL","playerName":"J.Flacco","statId":15,"yards":10},{"sequence":3,"clubcode":"BAL","playerName":"J.Flacco","statId":111,"yards":10}]}},"721":{"sp":0,"qtr":1,"down":1,"time":"00:12","yrdln":"CLE 25","ydstogo":10,"ydsnet":73,"posteam":"BAL","desc":"(:12) W.McGahee right guard to CLE 16 for 9 yards (C.Gocong).","note":null,"players":{"00-0024286":[{"sequence":2,"clubcode":"CLE","playerName":"C.Gocong","statId":79,"yards":0}],"00-0022178":[{"sequence":1,"clubcode":"BAL","playerName":"W.McGahee","statId":10,"yards":9}]}},"742":{"sp":0,"qtr":1,"down":0,"time":"","yrdln":"","ydstogo":0,"ydsnet":73,"posteam":"","desc":"END QUARTER 1","note":null,"players":{}},"758":{"sp":0,"qtr":2,"down":2,"time":"15:00","yrdln":"CLE 16","ydstogo":1,"ydsnet":76,"posteam":"BAL","desc":"(15:00) R.Rice right guard to CLE 13 for 3 yards (B.Schaefering).","note":null,"players":{"00-0026084":[{"sequence":3,"clubcode":"CLE","playerName":"B.Schaefering","statId":79,"yards":0}],"0":[{"sequence":1,"clubcode":"BAL","playerName":"","statId":3,"yards":0}],"00-0026195":[{"sequence":2,"clubcode":"BAL","playerName":"R.Rice","statId":10,"yards":3}]}},"779":{"sp":0,"qtr":2,"down":1,"time":"14:26","yrdln":"CLE 13","ydstogo":10,"ydsnet":80,"posteam":"BAL","desc":"(14:26) R.Rice right guard to CLE 9 for 4 yards (A.Rubin).","note":null,"players":{"00-0026330":[{"sequence":2,"clubcode":"CLE","playerName":"A.Rubin","statId":79,"yards":0}],"00-0026195":[{"sequence":1,"clubcode":"BAL","playerName":"R.Rice","statId":10,"yards":4}]}},"800":{"sp":0,"qtr":2,"down":2,"time":"13:51","yrdln":"CLE 9","ydstogo":6,"ydsnet":80,"posteam":"BAL","desc":"(13:51) J.Flacco pass incomplete short right to E.Dickson. Thrown out of the End Zone","note":null,"players":{"00-0026158":[{"sequence":1,"clubcode":"BAL","playerName":"J.Flacco","statId":14,"yards":0},{"sequence":3,"clubcode":"BAL","playerName":"J.Flacco","statId":112,"yards":9}],"00-0027675":[{"sequence":2,"clubcode":"BAL","playerName":"E.Dickson","statId":115,"yards":0}]}},"822":{"sp":0,"qtr":2,"down":3,"time":"13:43","yrdln":"CLE 9","ydstogo":6,"ydsnet":80,"posteam":"BAL","desc":"(13:43) (Shotgun) J.Flacco pass incomplete short middle to A.Boldin.","note":null,"players":{"00-0022084":[{"sequence":3,"clubcode":"BAL","playerName":"A.Boldin","statId":115,"yards":0}],"0":[{"sequence":1,"clubcode":"BAL","playerName":"","statId":7,"yards":0}],"00-0026158":[{"sequence":2,"clubcode":"BAL","playerName":"J.Flacco","statId":14,"yards":0},{"sequence":4,"clubcode":"BAL","playerName":"J.Flacco","statId":112,"yards":9}]}},"848":{"sp":1,"qtr":2,"down":4,"time":"13:37","yrdln":"CLE 9","ydstogo":6,"ydsnet":80,"posteam":"BAL","desc":"(13:37) (Field Goal formation) B.Cundiff 27 yard field goal is GOOD, Center-M.Cox, Holder-S.Koch.","note":"FG","players":{"00-0020972":[{"sequence":1,"clubcode":"BAL","playerName":"B.Cundiff","statId":70,"yards":27}]}}},"fds":5,"result":"Field Goal","penyds":0,"ydsgained":80,"numplays":18,"postime":"8:26","start":{"qtr":1,"time":"07:01","yrdln":"BAL 11","team":"BAL"},"end":{"qtr":1,"time":"13:35","yrdln":"CLE 9","team":"BAL"}},"5":{"posteam":"CLE","qtr":2,"redzone":true,"plays":{"867":{"sp":0,"qtr":2,"down":0,"time":"13:35","yrdln":"BAL 30","ydstogo":0,"ydsnet":0,"posteam":"BAL","desc":"B.Cundiff kicks 69 yards from BLT 30 to CLE 1. J.Cribbs to CLE 26 for 25 yards (P.Burgess).","note":"KICKOFF","players":{"00-0025594":[{"sequence":3,"clubcode":"BAL","playerName":"P.Burgess","statId":79,"yards":0}],"00-0020972":[{"sequence":1,"clubcode":"BAL","playerName":"B.Cundiff","statId":41,"yards":69}],"00-0023176":[{"sequence":2,"clubcode":"CLE","playerName":"J.Cribbs","statId":45,"yards":25}]}},"889":{"sp":0,"qtr":2,"down":1,"time":"13:27","yrdln":"CLE 26","ydstogo":10,"ydsnet":3,"posteam":"CLE","desc":"(13:27) C.McCoy pass short right to M.Massaquoi to CLE 34 for 8 yards (C.Carr). FUMBLES (C.Carr), RECOVERED by BLT-J.McClain at CLE 29. J.McClain to CLE 20 for 9 yards (J.St. Clair).","note":"FUMBLE","players":{"00-0027026":[{"sequence":3,"clubcode":"CLE","playerName":"M.Massaquoi","statId":21,"yards":3},{"sequence":4,"clubcode":"CLE","playerName":"M.Massaquoi","statId":115,"yards":0},{"sequence":5,"clubcode":"CLE","playerName":"M.Massaquoi","statId":113,"yards":-4},{"sequence":7,"clubcode":"CLE","playerName":"M.Massaquoi","statId":52,"yards":0},{"sequence":8,"clubcode":"CLE","playerName":"M.Massaquoi","statId":106,"yards":0}],"00-0027688":[{"sequence":1,"clubcode":"CLE","playerName":"C.McCoy","statId":15,"yards":3},{"sequence":2,"clubcode":"CLE","playerName":"C.McCoy","statId":111,"yards":7}],"00-0019666":[{"sequence":11,"clubcode":"CLE","playerName":"J.St. Clair","statId":79,"yards":0}],"00-0026407":[{"sequence":10,"clubcode":"BAL","playerName":"J.McClain","statId":59,"yards":9}],"00-0023008":[{"sequence":6,"clubcode":"BAL","playerName":"C.Carr","statId":79,"yards":0},{"sequence":9,"clubcode":"BAL","playerName":"C.Carr","statId":91,"yards":0}]}}},"fds":0,"result":"Fumble","penyds":0,"ydsgained":3,"numplays":2,"postime":"0:18","start":{"qtr":2,"time":"13:35","yrdln":"CLE 26","team":"CLE"},"end":{"qtr":2,"time":"13:17","yrdln":"CLE 26","team":"CLE"}},"6":{"posteam":"BAL","qtr":2,"redzone":true,"plays":{"924":{"sp":0,"qtr":2,"down":1,"time":"13:17","yrdln":"CLE 20","ydstogo":10,"ydsnet":20,"posteam":"BAL","desc":"(13:17) R.Rice right guard to CLE 17 for 3 yards (K.Coleman).","note":null,"players":{"00-0021262":[{"sequence":2,"clubcode":"CLE","playerName":"K.Coleman","statId":79,"yards":0}],"00-0026195":[{"sequence":1,"clubcode":"BAL","playerName":"R.Rice","statId":10,"yards":3}]}},"945":{"sp":0,"qtr":2,"down":2,"time":"13:01","yrdln":"CLE 17","ydstogo":7,"ydsnet":20,"posteam":"BAL","desc":"(13:01) R.Rice right guard to CLE 15 for 2 yards (M.Roth).","note":null,"players":{"00-0023481":[{"sequence":2,"clubcode":"CLE","playerName":"M.Roth","statId":79,"yards":0}],"00-0026195":[{"sequence":1,"clubcode":"BAL","playerName":"R.Rice","statId":10,"yards":2}]}},"966":{"sp":1,"qtr":2,"down":3,"time":"11:54","yrdln":"CLE 15","ydstogo":5,"ydsnet":20,"posteam":"BAL","desc":"(11:54) (Shotgun) J.Flacco pass short middle to T.Houshmandzadeh for 15 yards, TOUCHDOWN.","note":"TD","players":{"00-0020438":[{"sequence":5,"clubcode":"BAL","playerName":"T.Houshmandzadeh","statId":22,"yards":15},{"sequence":6,"clubcode":"BAL","playerName":"T.Houshmandzadeh","statId":115,"yards":0},{"sequence":7,"clubcode":"BAL","playerName":"T.Houshmandzadeh","statId":113,"yards":0}],"0":[{"sequence":1,"clubcode":"BAL","playerName":"","statId":4,"yards":0},{"sequence":2,"clubcode":"BAL","playerName":"","statId":6,"yards":0}],"00-0026158":[{"sequence":3,"clubcode":"BAL","playerName":"J.Flacco","statId":16,"yards":15},{"sequence":4,"clubcode":"BAL","playerName":"J.Flacco","statId":111,"yards":15}]}},"986":{"sp":1,"qtr":2,"down":0,"time":"11:47","yrdln":"CLE 2","ydstogo":0,"ydsnet":20,"posteam":"BAL","desc":"B.Cundiff extra point is GOOD, Center-M.Cox, Holder-S.Koch.","note":"XP","players":{"00-0020972":[{"sequence":1,"clubcode":"BAL","playerName":"B.Cundiff","statId":72,"yards":0}]}}},"fds":1,"result":"Touchdown","penyds":0,"ydsgained":20,"numplays":4,"postime":"1:30","start":{"qtr":2,"time":"13:17","yrdln":"CLE 20","team":"BAL"},"end":{"qtr":2,"time":"11:47","yrdln":"CLE 15","team":"BAL"}},"7":{"posteam":"CLE","qtr":2,"redzone":true,"plays":{"1002":{"sp":0,"qtr":2,"down":0,"time":"11:47","yrdln":"BAL 30","ydstogo":0,"ydsnet":0,"posteam":"BAL","desc":"B.Cundiff kicks 59 yards from BLT 30 to CLE 11. J.Cribbs to CLE 32 for 21 yards (P.Burgess).","note":"KICKOFF","players":{"00-0025594":[{"sequence":3,"clubcode":"BAL","playerName":"P.Burgess","statId":79,"yards":0}],"00-0020972":[{"sequence":1,"clubcode":"BAL","playerName":"B.Cundiff","statId":41,"yards":59}],"00-0023176":[{"sequence":2,"clubcode":"CLE","playerName":"J.Cribbs","statId":45,"yards":21}]}},"1024":{"sp":0,"qtr":2,"down":1,"time":"11:41","yrdln":"CLE 32","ydstogo":10,"ydsnet":4,"posteam":"CLE","desc":"(11:41) P.Hillis right tackle to CLE 36 for 4 yards (K.Gregg, R.Lewis).","note":null,"players":{"00-0026367":[{"sequence":1,"clubcode":"CLE","playerName":"P.Hillis","statId":10,"yards":4}],"00-0009889":[{"sequence":3,"clubcode":"BAL","playerName":"R.Lewis","statId":82,"yards":0}],"00-0006398":[{"sequence":2,"clubcode":"BAL","playerName":"K.Gregg","statId":80,"yards":0}]}},"1045":{"sp":0,"qtr":2,"down":2,"time":"11:02","yrdln":"CLE 36","ydstogo":6,"ydsnet":7,"posteam":"CLE","desc":"(11:02) P.Hillis left tackle pushed ob at CLE 39 for 3 yards (D.Landry).","note":null,"players":{"00-0026367":[{"sequence":1,"clubcode":"CLE","playerName":"P.Hillis","statId":10,"yards":3}],"00-0024360":[{"sequence":2,"clubcode":"BAL","playerName":"D.Landry","statId":79,"yards":0}]}},"1071":{"sp":0,"qtr":2,"down":3,"time":"10:33","yrdln":"CLE 39","ydstogo":3,"ydsnet":17,"posteam":"CLE","desc":"(10:33) (Shotgun) C.McCoy pass short middle to P.Hillis to CLE 44 for 5 yards (J.Johnson). Shovle Pass","note":null,"players":{"00-0022139":[{"sequence":8,"clubcode":"BAL","playerName":"J.Johnson","statId":79,"yards":0}],"00-0026367":[{"sequence":5,"clubcode":"CLE","playerName":"P.Hillis","statId":21,"yards":5},{"sequence":6,"clubcode":"CLE","playerName":"P.Hillis","statId":115,"yards":0},{"sequence":7,"clubcode":"CLE","playerName":"P.Hillis","statId":113,"yards":7}],"00-0027688":[{"sequence":3,"clubcode":"CLE","playerName":"C.McCoy","statId":15,"yards":5},{"sequence":4,"clubcode":"CLE","playerName":"C.McCoy","statId":111,"yards":-2}],"0":[{"sequence":1,"clubcode":"CLE","playerName":"","statId":4,"yards":0},{"sequence":2,"clubcode":"CLE","playerName":"","statId":6,"yards":0}]}},"1099":{"sp":0,"qtr":2,"down":1,"time":"09:47","yrdln":"CLE 44","ydstogo":10,"ydsnet":17,"posteam":"CLE","desc":"(9:47) (Shotgun) C.McCoy pass short right to C.Stuckey pushed ob at CLE 47 for 3 yards.","note":null,"players":{"00-0025622":[{"sequence":3,"clubcode":"CLE","playerName":"C.Stuckey","statId":21,"yards":3},{"sequence":4,"clubcode":"CLE","playerName":"C.Stuckey","statId":115,"yards":0},{"sequence":5,"clubcode":"CLE","playerName":"C.Stuckey","statId":113,"yards":3}],"00-0027688":[{"sequence":1,"clubcode":"CLE","playerName":"C.McCoy","statId":15,"yards":3},{"sequence":2,"clubcode":"CLE","playerName":"C.McCoy","statId":111,"yards":0}]}},"1127":{"sp":0,"qtr":2,"down":2,"time":"09:04","yrdln":"CLE 47","ydstogo":7,"ydsnet":17,"posteam":"CLE","desc":"(9:04) P.Hillis left guard to CLE 49 for 2 yards (H.Ngata).","note":null,"players":{"00-0024227":[{"sequence":2,"clubcode":"BAL","playerName":"H.Ngata","statId":79,"yards":0}],"00-0026367":[{"sequence":1,"clubcode":"CLE","playerName":"P.Hillis","statId":10,"yards":2}]}},"1148":{"sp":0,"qtr":2,"down":3,"time":"08:16","yrdln":"CLE 49","ydstogo":5,"ydsnet":17,"posteam":"CLE","desc":"(8:16) C.McCoy pass deep right intended for M.Massaquoi INTERCEPTED by E.Reed at BAL 30. E.Reed to 50 for 20 yards (A.Smith).","note":"INT","players":{"00-0027026":[{"sequence":3,"clubcode":"CLE","playerName":"M.Massaquoi","statId":115,"yards":0}],"00-0023506":[{"sequence":7,"clubcode":"CLE","playerName":"A.Smith","statId":79,"yards":0}],"00-0027688":[{"sequence":2,"clubcode":"CLE","playerName":"C.McCoy","statId":19,"yards":0},{"sequence":4,"clubcode":"CLE","playerName":"C.McCoy","statId":112,"yards":21}],"0":[{"sequence":1,"clubcode":"CLE","playerName":"","statId":7,"yards":0}],"00-0021377":[{"sequence":5,"clubcode":"BAL","playerName":"E.Reed","statId":25,"yards":20},{"sequence":6,"clubcode":"BAL","playerName":"E.Reed","statId":85,"yards":0}]}}},"fds":1,"result":"Interception","penyds":0,"ydsgained":17,"numplays":7,"postime":"3:45","start":{"qtr":2,"time":"11:47","yrdln":"CLE 32","team":"CLE"},"end":{"qtr":2,"time":"08:02","yrdln":"CLE 49","team":"CLE"}},"8":{"posteam":"BAL","qtr":2,"redzone":true,"plays":{"1174":{"sp":0,"qtr":2,"down":1,"time":"08:02","yrdln":"50","ydstogo":10,"ydsnet":10,"posteam":"BAL","desc":"(8:02) J.Flacco pass incomplete deep left to D.Stallworth (T.Ward) [M.Benard]. BAL 5 (J. Flacco) hand off to BAL 23 (W. McGahee), lateral back to BAL 5 (J. Flacco)","note":null,"players":{"00-0026742":[{"sequence":4,"clubcode":"CLE","playerName":"M.Benard","statId":110,"yards":0}],"00-0021147":[{"sequence":2,"clubcode":"BAL","playerName":"D.Stallworth","statId":115,"yards":0}],"00-0027653":[{"sequence":3,"clubcode":"CLE","playerName":"T.Ward","statId":85,"yards":0}],"00-0026158":[{"sequence":1,"clubcode":"BAL","playerName":"J.Flacco","statId":14,"yards":0},{"sequence":5,"clubcode":"BAL","playerName":"J.Flacco","statId":112,"yards":48}]}},"1196":{"sp":0,"qtr":2,"down":2,"time":"07:52","yrdln":"50","ydstogo":10,"ydsnet":6,"posteam":"BAL","desc":"(7:52) W.McGahee right guard to CLE 44 for 6 yards (A.Rubin, M.Benard).","note":null,"players":{"00-0026742":[{"sequence":3,"clubcode":"CLE","playerName":"M.Benard","statId":82,"yards":0}],"00-0026330":[{"sequence":2,"clubcode":"CLE","playerName":"A.Rubin","statId":80,"yards":0}],"00-0022178":[{"sequence":1,"clubcode":"BAL","playerName":"W.McGahee","statId":10,"yards":6}]}},"1221":{"sp":0,"qtr":2,"down":3,"time":"07:10","yrdln":"CLE 44","ydstogo":4,"ydsnet":10,"posteam":"BAL","desc":"(7:10) (Shotgun) J.Flacco scrambles right tackle to CLE 40 for 4 yards (R.Ventrone).","note":null,"players":{"00-0023316":[{"sequence":4,"clubcode":"CLE","playerName":"R.Ventrone","statId":79,"yards":0}],"0":[{"sequence":1,"clubcode":"BAL","playerName":"","statId":3,"yards":0},{"sequence":2,"clubcode":"BAL","playerName":"","statId":6,"yards":0}],"00-0026158":[{"sequence":3,"clubcode":"BAL","playerName":"J.Flacco","statId":10,"yards":4}]}},"1242":{"sp":0,"qtr":2,"down":1,"time":"06:29","yrdln":"CLE 40","ydstogo":10,"ydsnet":19,"posteam":"BAL","desc":"(6:29) J.Flacco pass short left to D.Mason to CLE 31 for 9 yards (S.Brown).","note":null,"players":{"00-0010500":[{"sequence":3,"clubcode":"BAL","playerName":"D.Mason","statId":21,"yards":9},{"sequence":4,"clubcode":"BAL","playerName":"D.Mason","statId":115,"yards":0},{"sequence":5,"clubcode":"BAL","playerName":"D.Mason","statId":113,"yards":-1}],"00-0021186":[{"sequence":6,"clubcode":"CLE","playerName":"S.Brown","statId":79,"yards":0}],"00-0026158":[{"sequence":1,"clubcode":"BAL","playerName":"J.Flacco","statId":15,"yards":9},{"sequence":2,"clubcode":"BAL","playerName":"J.Flacco","statId":111,"yards":10}]}},"1266":{"sp":0,"qtr":2,"down":2,"time":"05:48","yrdln":"CLE 31","ydstogo":1,"ydsnet":22,"posteam":"BAL","desc":"(5:48) L.McClain left guard to CLE 28 for 3 yards (A.Rubin, M.Roth).","note":null,"players":{"00-0026330":[{"sequence":3,"clubcode":"CLE","playerName":"A.Rubin","statId":80,"yards":0}],"00-0025524":[{"sequence":2,"clubcode":"BAL","playerName":"L.McClain","statId":10,"yards":3}],"0":[{"sequence":1,"clubcode":"BAL","playerName":"","statId":3,"yards":0}],"00-0023481":[{"sequence":4,"clubcode":"CLE","playerName":"M.Roth","statId":82,"yards":0}]}},"1287":{"sp":0,"qtr":2,"down":1,"time":"05:05","yrdln":"CLE 28","ydstogo":10,"ydsnet":22,"posteam":"BAL","desc":"(5:05) J.Flacco pass incomplete deep left to D.Mason.","note":null,"players":{"00-0010500":[{"sequence":2,"clubcode":"BAL","playerName":"D.Mason","statId":115,"yards":0}],"00-0026158":[{"sequence":1,"clubcode":"BAL","playerName":"J.Flacco","statId":14,"yards":0},{"sequence":3,"clubcode":"BAL","playerName":"J.Flacco","statId":112,"yards":16}]}},"1309":{"sp":0,"qtr":2,"down":2,"time":"04:59","yrdln":"CLE 28","ydstogo":10,"ydsnet":28,"posteam":"BAL","desc":"(4:59) J.Flacco pass short right to T.Houshmandzadeh to CLE 22 for 6 yards (J.Haden).","note":null,"players":{"00-0027860":[{"sequence":6,"clubcode":"CLE","playerName":"J.Haden","statId":79,"yards":0}],"00-0020438":[{"sequence":3,"clubcode":"BAL","playerName":"T.Houshmandzadeh","statId":21,"yards":6},{"sequence":4,"clubcode":"BAL","playerName":"T.Houshmandzadeh","statId":115,"yards":0},{"sequence":5,"clubcode":"BAL","playerName":"T.Houshmandzadeh","statId":113,"yards":0}],"00-0026158":[{"sequence":1,"clubcode":"BAL","playerName":"J.Flacco","statId":15,"yards":6},{"sequence":2,"clubcode":"BAL","playerName":"J.Flacco","statId":111,"yards":6}]}},"1333":{"sp":0,"qtr":2,"down":3,"time":"04:14","yrdln":"CLE 22","ydstogo":4,"ydsnet":28,"posteam":"BAL","desc":"(4:14) J.Flacco pass incomplete deep right to D.Mason.","note":null,"players":{"00-0010500":[{"sequence":3,"clubcode":"BAL","playerName":"D.Mason","statId":115,"yards":0}],"0":[{"sequence":1,"clubcode":"BAL","playerName":"","statId":7,"yards":0}],"00-0026158":[{"sequence":2,"clubcode":"BAL","playerName":"J.Flacco","statId":14,"yards":0},{"sequence":4,"clubcode":"BAL","playerName":"J.Flacco","statId":112,"yards":22}]}},"1355":{"sp":1,"qtr":2,"down":4,"time":"04:09","yrdln":"CLE 22","ydstogo":4,"ydsnet":28,"posteam":"BAL","desc":"(4:09) (Field Goal formation) B.Cundiff 40 yard field goal is GOOD, Center-M.Cox, Holder-S.Koch.","note":"FG","players":{"00-0020972":[{"sequence":1,"clubcode":"BAL","playerName":"B.Cundiff","statId":70,"yards":40}]}}},"fds":2,"result":"Field Goal","penyds":0,"ydsgained":28,"numplays":9,"postime":"3:56","start":{"qtr":2,"time":"08:02","yrdln":"50","team":"BAL"},"end":{"qtr":2,"time":"04:06","yrdln":"CLE 22","team":"BAL"}},"9":{"posteam":"CLE","qtr":2,"redzone":true,"plays":{"1374":{"sp":0,"qtr":2,"down":0,"time":"04:06","yrdln":"BAL 30","ydstogo":0,"ydsnet":0,"posteam":"BAL","desc":"B.Cundiff kicks 52 yards from BLT 30 to CLE 18. J.Cribbs to CLE 37 for 19 yards (P.Burgess).","note":"KICKOFF","players":{"00-0025594":[{"sequence":3,"clubcode":"BAL","playerName":"P.Burgess","statId":79,"yards":0}],"00-0020972":[{"sequence":1,"clubcode":"BAL","playerName":"B.Cundiff","statId":41,"yards":52}],"00-0023176":[{"sequence":2,"clubcode":"CLE","playerName":"J.Cribbs","statId":45,"yards":19}]}},"1396":{"sp":0,"qtr":2,"down":1,"time":"03:59","yrdln":"CLE 37","ydstogo":10,"ydsnet":5,"posteam":"CLE","desc":"(3:59) M.Bell left tackle to CLE 42 for 5 yards (C.Redding).","note":null,"players":{"00-0021998":[{"sequence":2,"clubcode":"BAL","playerName":"C.Redding","statId":79,"yards":0}],"00-0024011":[{"sequence":1,"clubcode":"CLE","playerName":"M.Bell","statId":10,"yards":5}]}},"1417":{"sp":0,"qtr":2,"down":2,"time":"03:17","yrdln":"CLE 42","ydstogo":5,"ydsnet":6,"posteam":"CLE","desc":"(3:17) M.Bell right guard to CLE 43 for 1 yard (C.Redding).","note":null,"players":{"00-0021998":[{"sequence":2,"clubcode":"BAL","playerName":"C.Redding","statId":79,"yards":0}],"00-0024011":[{"sequence":1,"clubcode":"CLE","playerName":"M.Bell","statId":10,"yards":1}]}},"1438":{"sp":0,"qtr":2,"down":3,"time":"02:41","yrdln":"CLE 43","ydstogo":4,"ydsnet":11,"posteam":"CLE","desc":"(2:41) (Shotgun) J.Cribbs left tackle to CLE 48 for 5 yards (E.Reed). 16 Cribbs at qb","note":null,"players":{"0":[{"sequence":1,"clubcode":"CLE","playerName":"","statId":3,"yards":0},{"sequence":2,"clubcode":"CLE","playerName":"","statId":6,"yards":0}],"00-0021377":[{"sequence":4,"clubcode":"BAL","playerName":"E.Reed","statId":79,"yards":0}],"00-0023176":[{"sequence":3,"clubcode":"CLE","playerName":"J.Cribbs","statId":10,"yards":5}]}},"1463":{"sp":0,"qtr":2,"down":0,"time":"02:00","yrdln":"","ydstogo":0,"ydsnet":11,"posteam":"","desc":"Two-Minute Warning","note":null,"players":{}},"1480":{"sp":0,"qtr":2,"down":1,"time":"02:00","yrdln":"CLE 48","ydstogo":10,"ydsnet":39,"posteam":"CLE","desc":"(2:00) C.McCoy pass short right to M.Bell to BAL 24 for 28 yards (R.Lewis).","note":null,"players":{"00-0009889":[{"sequence":7,"clubcode":"BAL","playerName":"R.Lewis","statId":79,"yards":0}],"00-0024011":[{"sequence":4,"clubcode":"CLE","playerName":"M.Bell","statId":21,"yards":28},{"sequence":5,"clubcode":"CLE","playerName":"M.Bell","statId":115,"yards":0},{"sequence":6,"clubcode":"CLE","playerName":"M.Bell","statId":113,"yards":23}],"00-0027688":[{"sequence":2,"clubcode":"CLE","playerName":"C.McCoy","statId":15,"yards":28},{"sequence":3,"clubcode":"CLE","playerName":"C.McCoy","statId":111,"yards":5}],"0":[{"sequence":1,"clubcode":"CLE","playerName":"","statId":4,"yards":0}]}},"1504":{"sp":0,"qtr":2,"down":1,"time":"01:16","yrdln":"BAL 24","ydstogo":10,"ydsnet":40,"posteam":"CLE","desc":"(1:16) M.Bell left guard to BAL 23 for 1 yard (C.Redding).","note":null,"players":{"00-0021998":[{"sequence":2,"clubcode":"BAL","playerName":"C.Redding","statId":79,"yards":0}],"00-0024011":[{"sequence":1,"clubcode":"CLE","playerName":"M.Bell","statId":10,"yards":1}]}},"1525":{"sp":0,"qtr":2,"down":2,"time":"00:31","yrdln":"BAL 23","ydstogo":9,"ydsnet":47,"posteam":"CLE","desc":"(:31) (Shotgun) C.McCoy scrambles right end ran ob at BAL 16 for 7 yards.","note":null,"players":{"00-0027688":[{"sequence":1,"clubcode":"CLE","playerName":"C.McCoy","statId":10,"yards":7}]}},"1546":{"sp":0,"qtr":2,"down":0,"time":"00:23","yrdln":"","ydstogo":0,"ydsnet":47,"posteam":"","desc":"Timeout #2 by BAL at 00:23.","note":"TIMEOUT","players":{"0":[{"sequence":1,"clubcode":"BAL","playerName":"","statId":68,"yards":0}]}},"1563":{"sp":0,"qtr":2,"down":3,"time":"00:23","yrdln":"BAL 16","ydstogo":2,"ydsnet":50,"posteam":"CLE","desc":"(:23) (Shotgun) J.Cribbs right tackle to BAL 13 for 3 yards (C.Redding). 16 Cribbs at qb","note":null,"players":{"00-0021998":[{"sequence":4,"clubcode":"BAL","playerName":"C.Redding","statId":79,"yards":0}],"0":[{"sequence":1,"clubcode":"CLE","playerName":"","statId":3,"yards":0},{"sequence":2,"clubcode":"CLE","playerName":"","statId":6,"yards":0}],"00-0023176":[{"sequence":3,"clubcode":"CLE","playerName":"J.Cribbs","statId":10,"yards":3}]}},"1588":{"sp":0,"qtr":2,"down":0,"time":"00:17","yrdln":"","ydstogo":0,"ydsnet":50,"posteam":"","desc":"Timeout #1 by CLE at 00:17.","note":"TIMEOUT","players":{"0":[{"sequence":1,"clubcode":"CLE","playerName":"","statId":68,"yards":0}]}},"1605":{"sp":0,"qtr":2,"down":1,"time":"00:17","yrdln":"BAL 13","ydstogo":10,"ydsnet":50,"posteam":"CLE","desc":"(:17) (Shotgun) C.McCoy pass incomplete short middle to B.Robiskie.","note":null,"players":{"00-0027012":[{"sequence":2,"clubcode":"CLE","playerName":"B.Robiskie","statId":115,"yards":0}],"00-0027688":[{"sequence":1,"clubcode":"CLE","playerName":"C.McCoy","statId":14,"yards":0},{"sequence":3,"clubcode":"CLE","playerName":"C.McCoy","statId":112,"yards":13}]}},"1627":{"sp":0,"qtr":2,"down":2,"time":"00:12","yrdln":"BAL 13","ydstogo":10,"ydsnet":50,"posteam":"CLE","desc":"(:12) (Shotgun) C.McCoy pass incomplete short right to B.Robiskie.","note":null,"players":{"00-0027012":[{"sequence":2,"clubcode":"CLE","playerName":"B.Robiskie","statId":115,"yards":0}],"00-0027688":[{"sequence":1,"clubcode":"CLE","playerName":"C.McCoy","statId":14,"yards":0},{"sequence":3,"clubcode":"CLE","playerName":"C.McCoy","statId":112,"yards":13}]}},"1649":{"sp":1,"qtr":2,"down":3,"time":"00:06","yrdln":"BAL 13","ydstogo":10,"ydsnet":50,"posteam":"CLE","desc":"(:06) (Field Goal formation) P.Dawson 30 yard field goal is GOOD, Center-R.Pontbriand, Holder-R.Hodges.","note":"FG","players":{"00-0004091":[{"sequence":1,"clubcode":"CLE","playerName":"P.Dawson","statId":70,"yards":30}]}}},"fds":3,"result":"Field Goal","penyds":0,"ydsgained":50,"numplays":14,"postime":"4:03","start":{"qtr":2,"time":"04:06","yrdln":"CLE 37","team":"CLE"},"end":{"qtr":2,"time":"00:03","yrdln":"BAL 13","team":"CLE"}},"10":{"posteam":"BAL","qtr":2,"redzone":true,"plays":{"1668":{"sp":0,"qtr":2,"down":0,"time":"00:03","yrdln":"CLE 30","ydstogo":0,"ydsnet":0,"posteam":"CLE","desc":"P.Dawson kicks 50 yards from CLE 30 to BLT 20, fair catch by H.Nakamura.","note":"KICKOFF","players":{"00-0026346":[{"sequence":2,"clubcode":"BAL","playerName":"H.Nakamura","statId":50,"yards":0}],"00-0004091":[{"sequence":1,"clubcode":"CLE","playerName":"P.Dawson","statId":41,"yards":50}]}},"1684":{"sp":0,"qtr":2,"down":1,"time":"00:00","yrdln":"BAL 20","ydstogo":10,"ydsnet":-1,"posteam":"BAL","desc":"(:00) J.Flacco kneels to BAL 19 for -1 yards.","note":null,"players":{"00-0026158":[{"sequence":1,"clubcode":"BAL","playerName":"J.Flacco","statId":10,"yards":-1}]}},"1705":{"sp":0,"qtr":2,"down":0,"time":"","yrdln":"","ydstogo":0,"ydsnet":-1,"posteam":"","desc":"END QUARTER 2","note":null,"players":{}}},"fds":0,"result":"End of Half","penyds":0,"ydsgained":-1,"numplays":3,"postime":"0:03","start":{"qtr":2,"time":"00:03","yrdln":"BAL 20","team":"BAL"},"end":{"qtr":2,"time":"00:00","yrdln":"BAL 20","team":"BAL"}},"11":{"posteam":"BAL","qtr":3,"redzone":true,"plays":{"1721":{"sp":0,"qtr":3,"down":0,"time":"15:00","yrdln":"CLE 30","ydstogo":0,"ydsnet":27,"posteam":"CLE","desc":"P.Dawson kicks onside 8 yards from CLE 30 to CLE 38, out of bounds.","note":"KICKOFF","players":{"0":[{"sequence":2,"clubcode":"BAL","playerName":"","statId":49,"yards":0}],"00-0004091":[{"sequence":1,"clubcode":"CLE","playerName":"P.Dawson","statId":41,"yards":8}]}},"1740":{"sp":0,"qtr":3,"down":1,"time":"15:00","yrdln":"CLE 38","ydstogo":10,"ydsnet":3,"posteam":"BAL","desc":"(15:00) R.Rice right guard to CLE 35 for 3 yards (K.Coleman).","note":null,"players":{"00-0021262":[{"sequence":2,"clubcode":"CLE","playerName":"K.Coleman","statId":79,"yards":0}],"00-0026195":[{"sequence":1,"clubcode":"BAL","playerName":"R.Rice","statId":10,"yards":3}]}},"1761":{"sp":0,"qtr":3,"down":2,"time":"14:30","yrdln":"CLE 35","ydstogo":7,"ydsnet":16,"posteam":"BAL","desc":"(14:30) (Shotgun) J.Flacco scrambles right tackle to CLE 22 for 13 yards (J.Haden).","note":null,"players":{"00-0027860":[{"sequence":3,"clubcode":"CLE","playerName":"J.Haden","statId":79,"yards":0}],"0":[{"sequence":1,"clubcode":"BAL","playerName":"","statId":3,"yards":0}],"00-0026158":[{"sequence":2,"clubcode":"BAL","playerName":"J.Flacco","statId":10,"yards":13}]}},"1782":{"sp":1,"qtr":3,"down":1,"time":"13:37","yrdln":"CLE 22","ydstogo":10,"ydsnet":38,"posteam":"BAL","desc":"(13:37) J.Flacco pass deep left to D.Mason for 22 yards, TOUCHDOWN. Penalty on CLE-S.Brown, Defensive Pass Interference, declined. Penalty on CLE-T.Ivey, Illegal Use of Hands, declined.","note":"TD","players":{"00-0010500":[{"sequence":4,"clubcode":"BAL","playerName":"D.Mason","statId":22,"yards":22},{"sequence":5,"clubcode":"BAL","playerName":"D.Mason","statId":115,"yards":0},{"sequence":6,"clubcode":"BAL","playerName":"D.Mason","statId":113,"yards":0}],"0":[{"sequence":1,"clubcode":"BAL","playerName":"","statId":4,"yards":0}],"00-0026158":[{"sequence":2,"clubcode":"BAL","playerName":"J.Flacco","statId":16,"yards":22},{"sequence":3,"clubcode":"BAL","playerName":"J.Flacco","statId":111,"yards":22}]}},"1813":{"sp":1,"qtr":3,"down":0,"time":"13:30","yrdln":"CLE 2","ydstogo":0,"ydsnet":38,"posteam":"BAL","desc":"B.Cundiff extra point is GOOD, Center-M.Cox, Holder-S.Koch.","note":"XP","players":{"00-0020972":[{"sequence":1,"clubcode":"BAL","playerName":"B.Cundiff","statId":72,"yards":0}]}}},"fds":2,"result":"Touchdown","penyds":0,"ydsgained":38,"numplays":5,"postime":"1:30","start":{"qtr":3,"time":"15:00","yrdln":"CLE 38","team":"BAL"},"end":{"qtr":3,"time":"13:30","yrdln":"CLE 22","team":"BAL"}},"12":{"posteam":"CLE","qtr":3,"redzone":true,"plays":{"1829":{"sp":0,"qtr":3,"down":0,"time":"13:30","yrdln":"BAL 30","ydstogo":0,"ydsnet":0,"posteam":"BAL","desc":"B.Cundiff kicks 61 yards from BLT 30 to CLE 9. J.Cribbs to CLE 33 for 24 yards (D.Landry).","note":"KICKOFF","players":{"00-0024360":[{"sequence":3,"clubcode":"BAL","playerName":"D.Landry","statId":79,"yards":0}],"00-0020972":[{"sequence":1,"clubcode":"BAL","playerName":"B.Cundiff","statId":41,"yards":61}],"00-0023176":[{"sequence":2,"clubcode":"CLE","playerName":"J.Cribbs","statId":45,"yards":24}]}},"1851":{"sp":0,"qtr":3,"down":1,"time":"13:22","yrdln":"CLE 33","ydstogo":10,"ydsnet":0,"posteam":"CLE","desc":"(13:22) C.McCoy pass incomplete short right to J.Cribbs (J.Johnson).","note":null,"players":{"00-0022139":[{"sequence":3,"clubcode":"BAL","playerName":"J.Johnson","statId":85,"yards":0}],"00-0027688":[{"sequence":1,"clubcode":"CLE","playerName":"C.McCoy","statId":14,"yards":0},{"sequence":4,"clubcode":"CLE","playerName":"C.McCoy","statId":112,"yards":7}],"00-0023176":[{"sequence":2,"clubcode":"CLE","playerName":"J.Cribbs","statId":115,"yards":0}]}},"1880":{"sp":0,"qtr":3,"down":2,"time":"13:19","yrdln":"CLE 33","ydstogo":10,"ydsnet":11,"posteam":"CLE","desc":"(13:19) (Shotgun) C.McCoy pass short left to C.Stuckey to CLE 44 for 11 yards (J.Wilson).","note":null,"players":{"00-0025622":[{"sequence":4,"clubcode":"CLE","playerName":"C.Stuckey","statId":21,"yards":11},{"sequence":5,"clubcode":"CLE","playerName":"C.Stuckey","statId":115,"yards":0},{"sequence":6,"clubcode":"CLE","playerName":"C.Stuckey","statId":113,"yards":13}],"00-0027688":[{"sequence":2,"clubcode":"CLE","playerName":"C.McCoy","statId":15,"yards":11},{"sequence":3,"clubcode":"CLE","playerName":"C.McCoy","statId":111,"yards":-2}],"0":[{"sequence":1,"clubcode":"CLE","playerName":"","statId":4,"yards":0}],"00-0025442":[{"sequence":7,"clubcode":"BAL","playerName":"J.Wilson","statId":79,"yards":0}]}},"1908":{"sp":0,"qtr":3,"down":1,"time":"12:40","yrdln":"CLE 44","ydstogo":10,"ydsnet":15,"posteam":"CLE","desc":"(12:40) P.Hillis right guard to CLE 48 for 4 yards (H.Ngata).","note":null,"players":{"00-0024227":[{"sequence":2,"clubcode":"BAL","playerName":"H.Ngata","statId":79,"yards":0}],"00-0026367":[{"sequence":1,"clubcode":"CLE","playerName":"P.Hillis","statId":10,"yards":4}]}},"1929":{"sp":0,"qtr":3,"down":2,"time":"11:57","yrdln":"CLE 48","ydstogo":6,"ydsnet":15,"posteam":"CLE","desc":"(11:57) C.McCoy pass incomplete short left to D.Williams (J.Wilson).","note":null,"players":{"00-0027688":[{"sequence":1,"clubcode":"CLE","playerName":"C.McCoy","statId":14,"yards":0},{"sequence":4,"clubcode":"CLE","playerName":"C.McCoy","statId":112,"yards":7}],"00-0024326":[{"sequence":2,"clubcode":"CLE","playerName":"D.Williams","statId":115,"yards":0}],"00-0025442":[{"sequence":3,"clubcode":"BAL","playerName":"J.Wilson","statId":85,"yards":0}]}},"1951":{"sp":0,"qtr":3,"down":3,"time":"11:52","yrdln":"CLE 48","ydstogo":6,"ydsnet":15,"posteam":"CLE","desc":"(11:52) (Shotgun) C.McCoy pass incomplete short left to B.Watson (J.Johnson).","note":null,"players":{"00-0022139":[{"sequence":4,"clubcode":"BAL","playerName":"J.Johnson","statId":85,"yards":0}],"00-0027688":[{"sequence":2,"clubcode":"CLE","playerName":"C.McCoy","statId":14,"yards":0},{"sequence":5,"clubcode":"CLE","playerName":"C.McCoy","statId":112,"yards":0}],"0":[{"sequence":1,"clubcode":"CLE","playerName":"","statId":7,"yards":0}],"00-0022943":[{"sequence":3,"clubcode":"CLE","playerName":"B.Watson","statId":115,"yards":0}]}},"1973":{"sp":0,"qtr":3,"down":4,"time":"11:48","yrdln":"CLE 48","ydstogo":6,"ydsnet":15,"posteam":"CLE","desc":"(11:48) (Punt formation) R.Hodges punts 36 yards to BAL 16, Center-R.Pontbriand, fair catch by L.Webb.","note":"PUNT","players":{"00-0027060":[{"sequence":3,"clubcode":"BAL","playerName":"L.Webb","statId":39,"yards":0}],"00-0023642":[{"sequence":1,"clubcode":"CLE","playerName":"R.Hodges","statId":29,"yards":36},{"sequence":2,"clubcode":"CLE","playerName":"R.Hodges","statId":30,"yards":0}]}}},"fds":1,"result":"Punt","penyds":0,"ydsgained":15,"numplays":7,"postime":"1:51","start":{"qtr":3,"time":"13:30","yrdln":"CLE 33","team":"CLE"},"end":{"qtr":3,"time":"11:39","yrdln":"CLE 48","team":"CLE"}},"13":{"posteam":"BAL","qtr":3,"redzone":true,"plays":{"1996":{"sp":0,"qtr":3,"down":1,"time":"11:39","yrdln":"BAL 16","ydstogo":10,"ydsnet":4,"posteam":"BAL","desc":"(11:39) R.Rice right guard to BAL 20 for 4 yards (M.Roth).","note":null,"players":{"00-0023481":[{"sequence":2,"clubcode":"CLE","playerName":"M.Roth","statId":79,"yards":0}],"00-0026195":[{"sequence":1,"clubcode":"BAL","playerName":"R.Rice","statId":10,"yards":4}]}},"2021":{"sp":0,"qtr":3,"down":2,"time":"11:05","yrdln":"BAL 20","ydstogo":6,"ydsnet":9,"posteam":"BAL","desc":"(11:05) J.Flacco pass short right to L.McClain to BAL 25 for 5 yards (T.Ivey).","note":null,"players":{"00-0027360":[{"sequence":6,"clubcode":"CLE","playerName":"T.Ivey","statId":79,"yards":0}],"00-0025524":[{"sequence":3,"clubcode":"BAL","playerName":"L.McClain","statId":21,"yards":5},{"sequence":4,"clubcode":"BAL","playerName":"L.McClain","statId":115,"yards":0},{"sequence":5,"clubcode":"BAL","playerName":"L.McClain","statId":113,"yards":12}],"00-0026158":[{"sequence":1,"clubcode":"BAL","playerName":"J.Flacco","statId":15,"yards":5},{"sequence":2,"clubcode":"BAL","playerName":"J.Flacco","statId":111,"yards":-7}]}},"2045":{"sp":0,"qtr":3,"down":3,"time":"10:26","yrdln":"BAL 25","ydstogo":1,"ydsnet":9,"posteam":"BAL","desc":"(10:26) R.Rice right guard to BAL 25 for no gain (D.Bowens, T.Ward).","note":null,"players":{"0":[{"sequence":1,"clubcode":"BAL","playerName":"","statId":7,"yards":0}],"00-0027653":[{"sequence":4,"clubcode":"CLE","playerName":"T.Ward","statId":82,"yards":0}],"00-0001563":[{"sequence":3,"clubcode":"CLE","playerName":"D.Bowens","statId":80,"yards":0}],"00-0026195":[{"sequence":2,"clubcode":"BAL","playerName":"R.Rice","statId":10,"yards":0}]}},"2066":{"sp":0,"qtr":3,"down":4,"time":"09:41","yrdln":"BAL 25","ydstogo":1,"ydsnet":9,"posteam":"BAL","desc":"(9:41) (Punt formation) S.Koch punts 50 yards to CLE 25, Center-M.Cox. J.Cribbs to CLE 25 for no gain (C.Williams).","note":"PUNT","players":{"00-0026369":[{"sequence":3,"clubcode":"BAL","playerName":"C.Williams","statId":79,"yards":0}],"00-0024417":[{"sequence":1,"clubcode":"BAL","playerName":"S.Koch","statId":29,"yards":50}],"00-0023176":[{"sequence":2,"clubcode":"CLE","playerName":"J.Cribbs","statId":33,"yards":0}]}}},"fds":0,"result":"Punt","penyds":0,"ydsgained":9,"numplays":4,"postime":"2:07","start":{"qtr":3,"time":"11:39","yrdln":"BAL 16","team":"BAL"},"end":{"qtr":3,"time":"09:32","yrdln":"BAL 25","team":"BAL"}},"14":{"posteam":"CLE","qtr":3,"redzone":true,"plays":{"2091":{"sp":0,"qtr":3,"down":1,"time":"09:32","yrdln":"CLE 25","ydstogo":10,"ydsnet":7,"posteam":"CLE","desc":"(9:32) P.Hillis right guard to CLE 32 for 7 yards (J.McClain).","note":null,"players":{"00-0026367":[{"sequence":1,"clubcode":"CLE","playerName":"P.Hillis","statId":10,"yards":7}],"00-0026407":[{"sequence":2,"clubcode":"BAL","playerName":"J.McClain","statId":79,"yards":0}]}},"2112":{"sp":0,"qtr":3,"down":2,"time":"08:51","yrdln":"CLE 32","ydstogo":3,"ydsnet":9,"posteam":"CLE","desc":"(8:51) P.Hillis right guard to CLE 34 for 2 yards (J.McClain).","note":null,"players":{"00-0026367":[{"sequence":1,"clubcode":"CLE","playerName":"P.Hillis","statId":10,"yards":2}],"00-0026407":[{"sequence":2,"clubcode":"BAL","playerName":"J.McClain","statId":79,"yards":0}]}},"2133":{"sp":0,"qtr":3,"down":3,"time":"08:10","yrdln":"CLE 34","ydstogo":1,"ydsnet":11,"posteam":"CLE","desc":"(8:10) L.Vickers right guard to CLE 36 for 2 yards (J.McClain).","note":null,"players":{"0":[{"sequence":1,"clubcode":"CLE","playerName":"","statId":3,"yards":0},{"sequence":2,"clubcode":"CLE","playerName":"","statId":6,"yards":0}],"00-0026407":[{"sequence":4,"clubcode":"BAL","playerName":"J.McClain","statId":79,"yards":0}],"00-0024394":[{"sequence":3,"clubcode":"CLE","playerName":"L.Vickers","statId":10,"yards":2}]}},"2154":{"sp":0,"qtr":3,"down":1,"time":"07:27","yrdln":"CLE 36","ydstogo":10,"ydsnet":11,"posteam":"CLE","desc":"(7:27) C.McCoy pass incomplete short right to M.Massaquoi.","note":null,"players":{"00-0027026":[{"sequence":2,"clubcode":"CLE","playerName":"M.Massaquoi","statId":115,"yards":0}],"00-0027688":[{"sequence":1,"clubcode":"CLE","playerName":"C.McCoy","statId":14,"yards":0},{"sequence":3,"clubcode":"CLE","playerName":"C.McCoy","statId":112,"yards":0}]}},"2176":{"sp":0,"qtr":3,"down":2,"time":"07:19","yrdln":"CLE 36","ydstogo":10,"ydsnet":14,"posteam":"CLE","desc":"(7:19) (Shotgun) C.McCoy scrambles left tackle to CLE 39 for 3 yards (D.Landry).","note":null,"players":{"00-0024360":[{"sequence":2,"clubcode":"BAL","playerName":"D.Landry","statId":79,"yards":0}],"00-0027688":[{"sequence":1,"clubcode":"CLE","playerName":"C.McCoy","statId":10,"yards":3}]}},"2197":{"sp":0,"qtr":3,"down":3,"time":"06:42","yrdln":"CLE 39","ydstogo":7,"ydsnet":4,"posteam":"CLE","desc":"(6:42) (Shotgun) C.McCoy pass deep right to B.Robiskie to BLT 19 for 42 yards (L.Webb). PENALTY on CLE-B.Robiskie, Offensive Pass Interference, 10 yards, enforced at CLE 39 - No Play.","note":"PENALTY","players":{"00-0027012":[{"sequence":1,"clubcode":"CLE","playerName":"B.Robiskie","statId":93,"yards":10}]}},"2232":{"sp":0,"qtr":3,"down":3,"time":"06:10","yrdln":"CLE 29","ydstogo":17,"ydsnet":-6,"posteam":"CLE","desc":"(6:10) (Shotgun) C.McCoy pass short middle to C.Stuckey to CLE 29 for no gain (D.Landry). PENALTY on CLE-J.St. Clair, Offensive Holding, 10 yards, enforced at CLE 29 - No Play. Penalty on CLE-B.Watson, Offensive Pass Interference, declined.","note":"PENALTY","players":{"00-0019666":[{"sequence":1,"clubcode":"CLE","playerName":"J.St. Clair","statId":93,"yards":10}]}},"2267":{"sp":0,"qtr":3,"down":3,"time":"05:58","yrdln":"CLE 19","ydstogo":27,"ydsnet":-1,"posteam":"CLE","desc":"(5:58) (Shotgun) C.McCoy scrambles right tackle to CLE 24 for 5 yards (D.Ellerbe).","note":null,"players":{"00-0026857":[{"sequence":3,"clubcode":"BAL","playerName":"D.Ellerbe","statId":79,"yards":0}],"00-0027688":[{"sequence":2,"clubcode":"CLE","playerName":"C.McCoy","statId":10,"yards":5}],"0":[{"sequence":1,"clubcode":"CLE","playerName":"","statId":7,"yards":0}]}},"2288":{"sp":0,"qtr":3,"down":4,"time":"05:21","yrdln":"CLE 24","ydstogo":22,"ydsnet":-1,"posteam":"CLE","desc":"(5:21) (Punt formation) R.Hodges punts 53 yards to BAL 23, Center-R.Pontbriand. L.Webb to BAL 24 for 1 yard (T.Brown).","note":"PUNT","players":{"00-0026001":[{"sequence":3,"clubcode":"CLE","playerName":"T.Brown","statId":79,"yards":0}],"00-0027060":[{"sequence":2,"clubcode":"BAL","playerName":"L.Webb","statId":33,"yards":1}],"00-0023642":[{"sequence":1,"clubcode":"CLE","playerName":"R.Hodges","statId":29,"yards":53}]}}},"fds":1,"result":"Punt","penyds":-20,"ydsgained":19,"numplays":9,"postime":"4:21","start":{"qtr":3,"time":"09:32","yrdln":"CLE 25","team":"CLE"},"end":{"qtr":3,"time":"05:11","yrdln":"CLE 24","team":"CLE"}},"15":{"posteam":"BAL","qtr":3,"redzone":true,"plays":{"2313":{"sp":0,"qtr":3,"down":1,"time":"05:11","yrdln":"BAL 24","ydstogo":10,"ydsnet":4,"posteam":"BAL","desc":"(5:11) R.Rice right tackle to BAL 28 for 4 yards (K.Coleman).","note":null,"players":{"00-0021262":[{"sequence":2,"clubcode":"CLE","playerName":"K.Coleman","statId":79,"yards":0}],"00-0026195":[{"sequence":1,"clubcode":"BAL","playerName":"R.Rice","statId":10,"yards":4}]}},"2334":{"sp":0,"qtr":3,"down":2,"time":"04:34","yrdln":"BAL 28","ydstogo":6,"ydsnet":4,"posteam":"BAL","desc":"(4:34) J.Flacco pass deep right intended for A.Boldin INTERCEPTED by J.Haden [S.Brown] at CLE 41. J.Haden to CLE 41 for no gain (A.Boldin).","note":"INT","players":{"00-0027860":[{"sequence":5,"clubcode":"CLE","playerName":"J.Haden","statId":25,"yards":0},{"sequence":6,"clubcode":"CLE","playerName":"J.Haden","statId":85,"yards":0}],"00-0021186":[{"sequence":3,"clubcode":"CLE","playerName":"S.Brown","statId":110,"yards":0}],"00-0022084":[{"sequence":2,"clubcode":"BAL","playerName":"A.Boldin","statId":115,"yards":0},{"sequence":7,"clubcode":"BAL","playerName":"A.Boldin","statId":79,"yards":0}],"00-0026158":[{"sequence":1,"clubcode":"BAL","playerName":"J.Flacco","statId":19,"yards":0},{"sequence":4,"clubcode":"BAL","playerName":"J.Flacco","statId":112,"yards":31}]}}},"fds":0,"result":"Interception","penyds":0,"ydsgained":4,"numplays":2,"postime":"0:47","start":{"qtr":3,"time":"05:11","yrdln":"BAL 24","team":"BAL"},"end":{"qtr":3,"time":"04:24","yrdln":"BAL 28","team":"BAL"}},"16":{"posteam":"CLE","qtr":3,"redzone":true,"plays":{"2360":{"sp":0,"qtr":3,"down":1,"time":"04:24","yrdln":"CLE 41","ydstogo":10,"ydsnet":14,"posteam":"CLE","desc":"(4:24) M.Bell left tackle to CLE 46 for 5 yards (D.Ellerbe).","note":null,"players":{"00-0026857":[{"sequence":2,"clubcode":"BAL","playerName":"D.Ellerbe","statId":79,"yards":0}],"00-0024011":[{"sequence":1,"clubcode":"CLE","playerName":"M.Bell","statId":10,"yards":5}]}},"2381":{"sp":0,"qtr":3,"down":2,"time":"03:44","yrdln":"CLE 46","ydstogo":5,"ydsnet":-4,"posteam":"CLE","desc":"(3:44) M.Bell right tackle to BAL 45 for 9 yards (D.Ellerbe).","note":null,"players":{"00-0026857":[{"sequence":3,"clubcode":"BAL","playerName":"D.Ellerbe","statId":79,"yards":0}],"00-0024011":[{"sequence":2,"clubcode":"CLE","playerName":"M.Bell","statId":10,"yards":9}],"0":[{"sequence":1,"clubcode":"CLE","playerName":"","statId":3,"yards":0}]}},"2402":{"sp":0,"qtr":3,"down":1,"time":"03:06","yrdln":"BAL 45","ydstogo":10,"ydsnet":17,"posteam":"CLE","desc":"(3:06) M.Bell left tackle to BAL 42 for 3 yards (C.Redding, J.McClain).","note":null,"players":{"00-0021998":[{"sequence":2,"clubcode":"BAL","playerName":"C.Redding","statId":80,"yards":0}],"00-0024011":[{"sequence":1,"clubcode":"CLE","playerName":"M.Bell","statId":10,"yards":3}],"00-0026407":[{"sequence":3,"clubcode":"BAL","playerName":"J.McClain","statId":82,"yards":0}]}},"2423":{"sp":0,"qtr":3,"down":2,"time":"02:26","yrdln":"BAL 42","ydstogo":7,"ydsnet":17,"posteam":"CLE","desc":"(2:26) C.McCoy pass incomplete deep right to D.Williams.","note":null,"players":{"00-0027688":[{"sequence":1,"clubcode":"CLE","playerName":"C.McCoy","statId":14,"yards":0},{"sequence":3,"clubcode":"CLE","playerName":"C.McCoy","statId":112,"yards":41}],"00-0024326":[{"sequence":2,"clubcode":"CLE","playerName":"D.Williams","statId":115,"yards":0}]}},"2445":{"sp":0,"qtr":3,"down":0,"time":"02:16","yrdln":"","ydstogo":0,"ydsnet":17,"posteam":"","desc":"Timeout #1 by CLE at 02:16.","note":"TIMEOUT","players":{"0":[{"sequence":1,"clubcode":"CLE","playerName":"","statId":68,"yards":0}]}},"2462":{"sp":0,"qtr":3,"down":3,"time":"02:16","yrdln":"BAL 42","ydstogo":7,"ydsnet":17,"posteam":"CLE","desc":"(2:16) (Shotgun) C.McCoy pass incomplete short right to C.Stuckey.","note":null,"players":{"00-0025622":[{"sequence":3,"clubcode":"CLE","playerName":"C.Stuckey","statId":115,"yards":0}],"00-0027688":[{"sequence":2,"clubcode":"CLE","playerName":"C.McCoy","statId":14,"yards":0},{"sequence":4,"clubcode":"CLE","playerName":"C.McCoy","statId":112,"yards":12}],"0":[{"sequence":1,"clubcode":"CLE","playerName":"","statId":7,"yards":0}]}},"2484":{"sp":0,"qtr":3,"down":4,"time":"02:12","yrdln":"BAL 42","ydstogo":7,"ydsnet":17,"posteam":"CLE","desc":"(2:12) (Punt formation) R.Hodges punts 27 yards to BAL 15, Center-R.Pontbriand, fair catch by E.Reed.","note":"PUNT","players":{"00-0021377":[{"sequence":3,"clubcode":"BAL","playerName":"E.Reed","statId":39,"yards":0}],"00-0023642":[{"sequence":1,"clubcode":"CLE","playerName":"R.Hodges","statId":29,"yards":27},{"sequence":2,"clubcode":"CLE","playerName":"R.Hodges","statId":30,"yards":0}]}}},"fds":1,"result":"Punt","penyds":0,"ydsgained":17,"numplays":7,"postime":"2:20","start":{"qtr":3,"time":"04:24","yrdln":"CLE 41","team":"CLE"},"end":{"qtr":3,"time":"02:04","yrdln":"BAL 42","team":"CLE"}},"17":{"posteam":"BAL","qtr":4,"redzone":true,"plays":{"2503":{"sp":0,"qtr":3,"down":1,"time":"02:04","yrdln":"BAL 15","ydstogo":10,"ydsnet":5,"posteam":"BAL","desc":"(2:04) W.McGahee left tackle to BAL 20 for 5 yards (M.Roth, C.Gocong).","note":null,"players":{"00-0024286":[{"sequence":3,"clubcode":"CLE","playerName":"C.Gocong","statId":82,"yards":0}],"00-0023481":[{"sequence":2,"clubcode":"CLE","playerName":"M.Roth","statId":80,"yards":0}],"00-0022178":[{"sequence":1,"clubcode":"BAL","playerName":"W.McGahee","statId":10,"yards":5}]}},"2524":{"sp":0,"qtr":3,"down":2,"time":"01:26","yrdln":"BAL 20","ydstogo":5,"ydsnet":9,"posteam":"BAL","desc":"(1:26) W.McGahee left guard to BAL 24 for 4 yards (C.Gocong).","note":null,"players":{"00-0024286":[{"sequence":2,"clubcode":"CLE","playerName":"C.Gocong","statId":79,"yards":0}],"00-0022178":[{"sequence":1,"clubcode":"BAL","playerName":"W.McGahee","statId":10,"yards":4}]}},"2545":{"sp":0,"qtr":3,"down":3,"time":"00:41","yrdln":"BAL 24","ydstogo":1,"ydsnet":13,"posteam":"BAL","desc":"(:41) (Shotgun) R.Rice left guard to BAL 28 for 4 yards (S.Brown, A.Elam).","note":null,"players":{"00-0023405":[{"sequence":5,"clubcode":"CLE","playerName":"A.Elam","statId":82,"yards":0}],"00-0021186":[{"sequence":4,"clubcode":"CLE","playerName":"S.Brown","statId":80,"yards":0}],"0":[{"sequence":1,"clubcode":"BAL","playerName":"","statId":3,"yards":0},{"sequence":2,"clubcode":"BAL","playerName":"","statId":6,"yards":0}],"00-0026195":[{"sequence":3,"clubcode":"BAL","playerName":"R.Rice","statId":10,"yards":4}]}},"2566":{"sp":0,"qtr":3,"down":0,"time":"","yrdln":"","ydstogo":0,"ydsnet":13,"posteam":"","desc":"END QUARTER 3","note":null,"players":{}},"2582":{"sp":0,"qtr":4,"down":1,"time":"15:00","yrdln":"BAL 28","ydstogo":10,"ydsnet":17,"posteam":"BAL","desc":"(15:00) W.McGahee right guard to BAL 32 for 4 yards (E.Barton, D.Robinson).","note":null,"players":{"00-0023090":[{"sequence":3,"clubcode":"CLE","playerName":"D.Robinson","statId":82,"yards":0}],"00-0000846":[{"sequence":2,"clubcode":"CLE","playerName":"E.Barton","statId":80,"yards":0}],"00-0022178":[{"sequence":1,"clubcode":"BAL","playerName":"W.McGahee","statId":10,"yards":4}]}},"2603":{"sp":0,"qtr":4,"down":2,"time":"14:23","yrdln":"BAL 32","ydstogo":6,"ydsnet":30,"posteam":"BAL","desc":"(14:23) J.Flacco pass short right to T.Houshmandzadeh to BAL 45 for 13 yards (J.Haden).","note":null,"players":{"00-0027860":[{"sequence":7,"clubcode":"CLE","playerName":"J.Haden","statId":79,"yards":0}],"00-0020438":[{"sequence":4,"clubcode":"BAL","playerName":"T.Houshmandzadeh","statId":21,"yards":13},{"sequence":5,"clubcode":"BAL","playerName":"T.Houshmandzadeh","statId":115,"yards":0},{"sequence":6,"clubcode":"BAL","playerName":"T.Houshmandzadeh","statId":113,"yards":2}],"0":[{"sequence":1,"clubcode":"BAL","playerName":"","statId":4,"yards":0}],"00-0026158":[{"sequence":2,"clubcode":"BAL","playerName":"J.Flacco","statId":15,"yards":13},{"sequence":3,"clubcode":"BAL","playerName":"J.Flacco","statId":111,"yards":11}]}},"2627":{"sp":0,"qtr":4,"down":1,"time":"13:40","yrdln":"BAL 45","ydstogo":10,"ydsnet":35,"posteam":"BAL","desc":"(13:40) R.Rice right guard to 50 for 5 yards (D.Robinson, M.Roth).","note":null,"players":{"00-0023090":[{"sequence":2,"clubcode":"CLE","playerName":"D.Robinson","statId":80,"yards":0}],"00-0023481":[{"sequence":3,"clubcode":"CLE","playerName":"M.Roth","statId":82,"yards":0}],"00-0026195":[{"sequence":1,"clubcode":"BAL","playerName":"R.Rice","statId":10,"yards":5}]}},"2648":{"sp":0,"qtr":4,"down":2,"time":"12:59","yrdln":"50","ydstogo":5,"ydsnet":38,"posteam":"BAL","desc":"(12:59) R.Rice left guard to CLE 47 for 3 yards (K.Coleman).","note":null,"players":{"00-0021262":[{"sequence":2,"clubcode":"CLE","playerName":"K.Coleman","statId":79,"yards":0}],"00-0026195":[{"sequence":1,"clubcode":"BAL","playerName":"R.Rice","statId":10,"yards":3}]}},"2669":{"sp":0,"qtr":4,"down":3,"time":"12:14","yrdln":"CLE 47","ydstogo":2,"ydsnet":40,"posteam":"BAL","desc":"(12:14) R.Rice right guard to CLE 45 for 2 yards (M.Roth).","note":null,"players":{"0":[{"sequence":1,"clubcode":"BAL","playerName":"","statId":3,"yards":0},{"sequence":2,"clubcode":"BAL","playerName":"","statId":6,"yards":0}],"00-0023481":[{"sequence":4,"clubcode":"CLE","playerName":"M.Roth","statId":79,"yards":0}],"00-0026195":[{"sequence":3,"clubcode":"BAL","playerName":"R.Rice","statId":10,"yards":2}]}},"2690":{"sp":0,"qtr":4,"down":1,"time":"11:29","yrdln":"CLE 45","ydstogo":10,"ydsnet":41,"posteam":"BAL","desc":"(11:29) W.McGahee right guard to CLE 44 for 1 yard (A.Elam, D.Bowens).","note":null,"players":{"00-0023405":[{"sequence":2,"clubcode":"CLE","playerName":"A.Elam","statId":80,"yards":0}],"00-0001563":[{"sequence":3,"clubcode":"CLE","playerName":"D.Bowens","statId":82,"yards":0}],"00-0022178":[{"sequence":1,"clubcode":"BAL","playerName":"W.McGahee","statId":10,"yards":1}]}},"2711":{"sp":0,"qtr":4,"down":2,"time":"10:54","yrdln":"CLE 44","ydstogo":9,"ydsnet":44,"posteam":"BAL","desc":"(10:54) W.McGahee right tackle to CLE 41 for 3 yards (E.Barton, D.Robinson).","note":null,"players":{"00-0023090":[{"sequence":3,"clubcode":"CLE","playerName":"D.Robinson","statId":82,"yards":0}],"00-0000846":[{"sequence":2,"clubcode":"CLE","playerName":"E.Barton","statId":80,"yards":0}],"00-0022178":[{"sequence":1,"clubcode":"BAL","playerName":"W.McGahee","statId":10,"yards":3}]}},"2732":{"sp":0,"qtr":4,"down":3,"time":"10:13","yrdln":"CLE 41","ydstogo":6,"ydsnet":39,"posteam":"BAL","desc":"(10:13) (Shotgun) J.Flacco sacked at CLE 46 for -5 yards (J.Haden). FUMBLES (J.Haden), ball out of bounds at CLE 46.","note":"FUMBLE","players":{"00-0027860":[{"sequence":3,"clubcode":"CLE","playerName":"J.Haden","statId":83,"yards":-5},{"sequence":4,"clubcode":"CLE","playerName":"J.Haden","statId":79,"yards":0},{"sequence":7,"clubcode":"CLE","playerName":"J.Haden","statId":91,"yards":0}],"0":[{"sequence":1,"clubcode":"BAL","playerName":"","statId":7,"yards":0}],"00-0026158":[{"sequence":2,"clubcode":"BAL","playerName":"J.Flacco","statId":20,"yards":-5},{"sequence":5,"clubcode":"BAL","playerName":"J.Flacco","statId":52,"yards":0},{"sequence":6,"clubcode":"BAL","playerName":"J.Flacco","statId":54,"yards":0}]}},"2761":{"sp":0,"qtr":4,"down":4,"time":"09:45","yrdln":"CLE 46","ydstogo":11,"ydsnet":39,"posteam":"BAL","desc":"(9:45) S.Koch punts 40 yards to CLE 6, Center-M.Cox, downed by BLT-M.Smith.","note":"PUNT","players":{"0":[{"sequence":3,"clubcode":"CLE","playerName":"","statId":38,"yards":0}],"00-0024417":[{"sequence":1,"clubcode":"BAL","playerName":"S.Koch","statId":29,"yards":40},{"sequence":2,"clubcode":"BAL","playerName":"S.Koch","statId":30,"yards":0}]}}},"fds":3,"result":"Punt","penyds":0,"ydsgained":39,"numplays":13,"postime":"7:28","start":{"qtr":3,"time":"02:04","yrdln":"BAL 15","team":"BAL"},"end":{"qtr":3,"time":"09:36","yrdln":"CLE 46","team":"BAL"}},"18":{"posteam":"CLE","qtr":4,"redzone":true,"plays":{"2784":{"sp":0,"qtr":4,"down":1,"time":"09:36","yrdln":"CLE 6","ydstogo":10,"ydsnet":6,"posteam":"CLE","desc":"(9:36) C.McCoy pass short middle to A.Smith to CLE 12 for 6 yards (J.McClain).","note":null,"players":{"00-0023506":[{"sequence":3,"clubcode":"CLE","playerName":"A.Smith","statId":21,"yards":6},{"sequence":4,"clubcode":"CLE","playerName":"A.Smith","statId":115,"yards":0},{"sequence":5,"clubcode":"CLE","playerName":"A.Smith","statId":113,"yards":3}],"00-0027688":[{"sequence":1,"clubcode":"CLE","playerName":"C.McCoy","statId":15,"yards":6},{"sequence":2,"clubcode":"CLE","playerName":"C.McCoy","statId":111,"yards":3}],"00-0026407":[{"sequence":6,"clubcode":"BAL","playerName":"J.McClain","statId":79,"yards":0}]}},"2808":{"sp":0,"qtr":4,"down":2,"time":"09:00","yrdln":"CLE 12","ydstogo":4,"ydsnet":13,"posteam":"CLE","desc":"(9:00) (Shotgun) C.McCoy pass short middle to B.Watson to CLE 19 for 7 yards (D.Landry). CLE-B.Watson was injured during the play. His return is Questionable.","note":null,"players":{"00-0024360":[{"sequence":7,"clubcode":"BAL","playerName":"D.Landry","statId":79,"yards":0}],"00-0027688":[{"sequence":2,"clubcode":"CLE","playerName":"C.McCoy","statId":15,"yards":7},{"sequence":3,"clubcode":"CLE","playerName":"C.McCoy","statId":111,"yards":0}],"0":[{"sequence":1,"clubcode":"CLE","playerName":"","statId":4,"yards":0}],"00-0022943":[{"sequence":4,"clubcode":"CLE","playerName":"B.Watson","statId":21,"yards":7},{"sequence":5,"clubcode":"CLE","playerName":"B.Watson","statId":115,"yards":0},{"sequence":6,"clubcode":"CLE","playerName":"B.Watson","statId":113,"yards":7}]}},"2832":{"sp":0,"qtr":4,"down":1,"time":"08:45","yrdln":"CLE 19","ydstogo":10,"ydsnet":31,"posteam":"CLE","desc":"(8:45) (Shotgun) C.McCoy scrambles right guard to CLE 34 for 15 yards (E.Reed).","note":null,"players":{"00-0027688":[{"sequence":2,"clubcode":"CLE","playerName":"C.McCoy","statId":10,"yards":15}],"0":[{"sequence":1,"clubcode":"CLE","playerName":"","statId":3,"yards":0}],"00-0021377":[{"sequence":3,"clubcode":"BAL","playerName":"E.Reed","statId":79,"yards":0}]}},"2861":{"sp":0,"qtr":4,"down":1,"time":"07:45","yrdln":"CLE 34","ydstogo":10,"ydsnet":40,"posteam":"CLE","desc":"(7:45) P.Hillis up the middle to CLE 37 for 3 yards (T.Suggs, J.Johnson).","note":null,"players":{"00-0022139":[{"sequence":3,"clubcode":"BAL","playerName":"J.Johnson","statId":82,"yards":0}],"00-0026367":[{"sequence":1,"clubcode":"CLE","playerName":"P.Hillis","statId":10,"yards":3}],"00-0022161":[{"sequence":2,"clubcode":"BAL","playerName":"T.Suggs","statId":80,"yards":0}]}},"2882":{"sp":0,"qtr":4,"down":2,"time":"07:20","yrdln":"CLE 37","ydstogo":7,"ydsnet":31,"posteam":"CLE","desc":"(7:20) (No Huddle, Shotgun) C.McCoy pass incomplete short left to B.Robiskie.","note":null,"players":{"00-0027012":[{"sequence":2,"clubcode":"CLE","playerName":"B.Robiskie","statId":115,"yards":0}],"00-0027688":[{"sequence":1,"clubcode":"CLE","playerName":"C.McCoy","statId":14,"yards":0},{"sequence":3,"clubcode":"CLE","playerName":"C.McCoy","statId":112,"yards":-3}]}},"2908":{"sp":0,"qtr":4,"down":3,"time":"07:13","yrdln":"CLE 37","ydstogo":7,"ydsnet":40,"posteam":"CLE","desc":"(7:13) (Shotgun) C.McCoy pass short left to C.Stuckey pushed ob at CLE 46 for 9 yards (C.Carr).","note":null,"players":{"00-0025622":[{"sequence":5,"clubcode":"CLE","playerName":"C.Stuckey","statId":21,"yards":9},{"sequence":6,"clubcode":"CLE","playerName":"C.Stuckey","statId":115,"yards":0},{"sequence":7,"clubcode":"CLE","playerName":"C.Stuckey","statId":113,"yards":0}],"00-0027688":[{"sequence":3,"clubcode":"CLE","playerName":"C.McCoy","statId":15,"yards":9},{"sequence":4,"clubcode":"CLE","playerName":"C.McCoy","statId":111,"yards":9}],"0":[{"sequence":1,"clubcode":"CLE","playerName":"","statId":4,"yards":0},{"sequence":2,"clubcode":"CLE","playerName":"","statId":6,"yards":0}],"00-0023008":[{"sequence":8,"clubcode":"BAL","playerName":"C.Carr","statId":79,"yards":0}]}},"2937":{"sp":0,"qtr":4,"down":1,"time":"06:45","yrdln":"CLE 46","ydstogo":10,"ydsnet":56,"posteam":"CLE","desc":"(6:45) (Shotgun) C.McCoy pass short middle to C.Stuckey to BAL 38 for 16 yards (D.Ellerbe).","note":null,"players":{"00-0025622":[{"sequence":4,"clubcode":"CLE","playerName":"C.Stuckey","statId":21,"yards":16},{"sequence":5,"clubcode":"CLE","playerName":"C.Stuckey","statId":115,"yards":0},{"sequence":6,"clubcode":"CLE","playerName":"C.Stuckey","statId":113,"yards":7}],"00-0026857":[{"sequence":7,"clubcode":"BAL","playerName":"D.Ellerbe","statId":79,"yards":0}],"00-0027688":[{"sequence":2,"clubcode":"CLE","playerName":"C.McCoy","statId":15,"yards":16},{"sequence":3,"clubcode":"CLE","playerName":"C.McCoy","statId":111,"yards":9}],"0":[{"sequence":1,"clubcode":"CLE","playerName":"","statId":4,"yards":0}]}},"2961":{"sp":0,"qtr":4,"down":1,"time":"06:07","yrdln":"BAL 38","ydstogo":10,"ydsnet":57,"posteam":"CLE","desc":"(6:07) (No Huddle, Shotgun) P.Hillis right guard to BAL 37 for 1 yard (L.Webb).","note":null,"players":{"00-0026367":[{"sequence":1,"clubcode":"CLE","playerName":"P.Hillis","statId":10,"yards":1}],"00-0027060":[{"sequence":2,"clubcode":"BAL","playerName":"L.Webb","statId":79,"yards":0}]}},"2982":{"sp":0,"qtr":4,"down":2,"time":"05:30","yrdln":"BAL 37","ydstogo":9,"ydsnet":67,"posteam":"CLE","desc":"(5:30) (No Huddle, Shotgun) C.McCoy pass short right to B.Watson to BAL 27 for 10 yards (L.Webb).","note":null,"players":{"00-0027060":[{"sequence":7,"clubcode":"BAL","playerName":"L.Webb","statId":79,"yards":0}],"00-0027688":[{"sequence":2,"clubcode":"CLE","playerName":"C.McCoy","statId":15,"yards":10},{"sequence":3,"clubcode":"CLE","playerName":"C.McCoy","statId":111,"yards":-5}],"0":[{"sequence":1,"clubcode":"CLE","playerName":"","statId":4,"yards":0}],"00-0022943":[{"sequence":4,"clubcode":"CLE","playerName":"B.Watson","statId":21,"yards":10},{"sequence":5,"clubcode":"CLE","playerName":"B.Watson","statId":115,"yards":0},{"sequence":6,"clubcode":"CLE","playerName":"B.Watson","statId":113,"yards":15}]}},"3006":{"sp":0,"qtr":4,"down":0,"time":"04:55","yrdln":"","ydstogo":0,"ydsnet":61,"posteam":"","desc":"Timeout #1 by BAL at 04:55.","note":"TIMEOUT","players":{"0":[{"sequence":1,"clubcode":"BAL","playerName":"","statId":68,"yards":0}]}},"3023":{"sp":0,"qtr":4,"down":1,"time":"04:55","yrdln":"BAL 27","ydstogo":10,"ydsnet":67,"posteam":"CLE","desc":"(4:55) (Shotgun) C.McCoy pass incomplete short left to C.Stuckey.","note":null,"players":{"00-0025622":[{"sequence":2,"clubcode":"CLE","playerName":"C.Stuckey","statId":115,"yards":0}],"00-0027688":[{"sequence":1,"clubcode":"CLE","playerName":"C.McCoy","statId":14,"yards":0},{"sequence":3,"clubcode":"CLE","playerName":"C.McCoy","statId":112,"yards":5}]}},"3052":{"sp":0,"qtr":4,"down":2,"time":"04:51","yrdln":"BAL 27","ydstogo":10,"ydsnet":67,"posteam":"CLE","desc":"(4:51) (No Huddle, Shotgun) C.McCoy pass deep right intended for M.Massaquoi INTERCEPTED by E.Reed at BAL -3. E.Reed to BAL 29 for 32 yards. Lateral to L.Webb to BAL 29 for no gain (J.Thomas). laterated from Baltimore 32 yard line","note":"INT","players":{"00-0027026":[{"sequence":2,"clubcode":"CLE","playerName":"M.Massaquoi","statId":115,"yards":0}],"00-0027060":[{"sequence":6,"clubcode":"BAL","playerName":"L.Webb","statId":27,"yards":0}],"00-0025390":[{"sequence":7,"clubcode":"CLE","playerName":"J.Thomas","statId":79,"yards":0}],"00-0027688":[{"sequence":1,"clubcode":"CLE","playerName":"C.McCoy","statId":19,"yards":0},{"sequence":3,"clubcode":"CLE","playerName":"C.McCoy","statId":112,"yards":27}],"00-0021377":[{"sequence":4,"clubcode":"BAL","playerName":"E.Reed","statId":25,"yards":32},{"sequence":5,"clubcode":"BAL","playerName":"E.Reed","statId":85,"yards":0}]}}},"fds":5,"result":"Interception","penyds":0,"ydsgained":67,"numplays":12,"postime":"5:01","start":{"qtr":4,"time":"09:36","yrdln":"CLE 6","team":"CLE"},"end":{"qtr":4,"time":"04:35","yrdln":"BAL 27","team":"CLE"}},"19":{"posteam":"BAL","qtr":4,"redzone":true,"plays":{"3086":{"sp":0,"qtr":4,"down":1,"time":"04:35","yrdln":"BAL 29","ydstogo":10,"ydsnet":4,"posteam":"BAL","desc":"(4:35) R.Rice left tackle to BAL 33 for 4 yards (K.Coleman).","note":null,"players":{"00-0021262":[{"sequence":2,"clubcode":"CLE","playerName":"K.Coleman","statId":79,"yards":0}],"00-0026195":[{"sequence":1,"clubcode":"BAL","playerName":"R.Rice","statId":10,"yards":4}]}},"3107":{"sp":0,"qtr":4,"down":2,"time":"03:52","yrdln":"BAL 33","ydstogo":6,"ydsnet":6,"posteam":"BAL","desc":"(3:52) R.Rice right guard to BAL 35 for 2 yards (D.Robinson, A.Rubin).","note":null,"players":{"00-0026330":[{"sequence":3,"clubcode":"CLE","playerName":"A.Rubin","statId":82,"yards":0}],"00-0023090":[{"sequence":2,"clubcode":"CLE","playerName":"D.Robinson","statId":80,"yards":0}],"00-0026195":[{"sequence":1,"clubcode":"BAL","playerName":"R.Rice","statId":10,"yards":2}]}},"3133":{"sp":0,"qtr":4,"down":3,"time":"03:10","yrdln":"BAL 35","ydstogo":4,"ydsnet":12,"posteam":"BAL","desc":"(3:10) (Shotgun) J.Flacco pass short middle to A.Boldin to BAL 41 for 6 yards (E.Barton).","note":null,"players":{"00-0022084":[{"sequence":5,"clubcode":"BAL","playerName":"A.Boldin","statId":21,"yards":6},{"sequence":6,"clubcode":"BAL","playerName":"A.Boldin","statId":115,"yards":0},{"sequence":7,"clubcode":"BAL","playerName":"A.Boldin","statId":113,"yards":0}],"0":[{"sequence":1,"clubcode":"BAL","playerName":"","statId":4,"yards":0},{"sequence":2,"clubcode":"BAL","playerName":"","statId":6,"yards":0}],"00-0000846":[{"sequence":8,"clubcode":"CLE","playerName":"E.Barton","statId":79,"yards":0}],"00-0026158":[{"sequence":3,"clubcode":"BAL","playerName":"J.Flacco","statId":15,"yards":6},{"sequence":4,"clubcode":"BAL","playerName":"J.Flacco","statId":111,"yards":6}]}},"3157":{"sp":0,"qtr":4,"down":1,"time":"02:28","yrdln":"BAL 41","ydstogo":10,"ydsnet":15,"posteam":"BAL","desc":"(2:28) R.Rice left guard to BAL 44 for 3 yards (A.Elam).","note":null,"players":{"00-0023405":[{"sequence":2,"clubcode":"CLE","playerName":"A.Elam","statId":79,"yards":0}],"00-0026195":[{"sequence":1,"clubcode":"BAL","playerName":"R.Rice","statId":10,"yards":3}]}},"3178":{"sp":0,"qtr":4,"down":0,"time":"02:00","yrdln":"","ydstogo":0,"ydsnet":15,"posteam":"","desc":"Two-Minute Warning","note":null,"players":{}},"3195":{"sp":0,"qtr":4,"down":2,"time":"02:00","yrdln":"BAL 44","ydstogo":7,"ydsnet":26,"posteam":"BAL","desc":"(2:00) R.Rice right guard to CLE 45 for 11 yards (C.Gocong).","note":null,"players":{"00-0024286":[{"sequence":3,"clubcode":"CLE","playerName":"C.Gocong","statId":79,"yards":0}],"0":[{"sequence":1,"clubcode":"BAL","playerName":"","statId":3,"yards":0}],"00-0026195":[{"sequence":2,"clubcode":"BAL","playerName":"R.Rice","statId":10,"yards":11}]}},"3217":{"sp":0,"qtr":4,"down":0,"time":"01:53","yrdln":"","ydstogo":0,"ydsnet":26,"posteam":"","desc":"Timeout #2 by CLE at 01:53.","note":"TIMEOUT","players":{"0":[{"sequence":1,"clubcode":"CLE","playerName":"","statId":68,"yards":0}]}},"3234":{"sp":0,"qtr":4,"down":1,"time":"01:53","yrdln":"CLE 45","ydstogo":10,"ydsnet":32,"posteam":"BAL","desc":"(1:53) R.Rice left tackle to CLE 39 for 6 yards (E.Barton).","note":null,"players":{"00-0000846":[{"sequence":2,"clubcode":"CLE","playerName":"E.Barton","statId":79,"yards":0}],"00-0026195":[{"sequence":1,"clubcode":"BAL","playerName":"R.Rice","statId":10,"yards":6}]}},"3255":{"sp":0,"qtr":4,"down":0,"time":"01:47","yrdln":"","ydstogo":0,"ydsnet":32,"posteam":"","desc":"Timeout #3 by CLE at 01:47.","note":"TIMEOUT","players":{"0":[{"sequence":1,"clubcode":"CLE","playerName":"","statId":68,"yards":0}]}},"3272":{"sp":0,"qtr":4,"down":2,"time":"01:47","yrdln":"CLE 39","ydstogo":4,"ydsnet":32,"posteam":"BAL","desc":"(1:47) R.Rice left guard to CLE 39 for no gain (M.Roth).","note":null,"players":{"00-0023481":[{"sequence":2,"clubcode":"CLE","playerName":"M.Roth","statId":79,"yards":0}],"00-0026195":[{"sequence":1,"clubcode":"BAL","playerName":"R.Rice","statId":10,"yards":0}]}},"3293":{"sp":0,"qtr":4,"down":3,"time":"01:05","yrdln":"CLE 39","ydstogo":4,"ydsnet":34,"posteam":"BAL","desc":"(1:05) R.Rice left guard to CLE 37 for 2 yards (K.Coleman, A.Rubin).","note":null,"players":{"00-0026330":[{"sequence":4,"clubcode":"CLE","playerName":"A.Rubin","statId":82,"yards":0}],"00-0021262":[{"sequence":3,"clubcode":"CLE","playerName":"K.Coleman","statId":80,"yards":0}],"0":[{"sequence":1,"clubcode":"BAL","playerName":"","statId":7,"yards":0}],"00-0026195":[{"sequence":2,"clubcode":"BAL","playerName":"R.Rice","statId":10,"yards":2}]}},"3314":{"sp":0,"qtr":4,"down":4,"time":"00:22","yrdln":"CLE 37","ydstogo":2,"ydsnet":35,"posteam":"BAL","desc":"(:22) R.Rice right guard to CLE 36 for 1 yard (D.Bowens).","note":null,"players":{"0":[{"sequence":1,"clubcode":"BAL","playerName":"","statId":9,"yards":0}],"00-0001563":[{"sequence":3,"clubcode":"CLE","playerName":"D.Bowens","statId":79,"yards":0}],"00-0026195":[{"sequence":2,"clubcode":"BAL","playerName":"R.Rice","statId":10,"yards":1}]}}},"fds":2,"result":"Downs","penyds":0,"ydsgained":35,"numplays":12,"postime":"4:21","start":{"qtr":4,"time":"04:35","yrdln":"BAL 29","team":"BAL"},"end":{"qtr":4,"time":"00:14","yrdln":"CLE 37","team":"BAL"}},"20":{"posteam":"CLE","qtr":4,"redzone":true,"plays":{"3335":{"sp":0,"qtr":4,"down":1,"time":"00:14","yrdln":"CLE 36","ydstogo":10,"ydsnet":0,"posteam":"CLE","desc":"(:14) (Shotgun) C.McCoy pass incomplete deep right to B.Watson.","note":null,"players":{"00-0027688":[{"sequence":1,"clubcode":"CLE","playerName":"C.McCoy","statId":14,"yards":0},{"sequence":3,"clubcode":"CLE","playerName":"C.McCoy","statId":112,"yards":19}],"00-0022943":[{"sequence":2,"clubcode":"CLE","playerName":"B.Watson","statId":115,"yards":0}]}},"3357":{"sp":0,"qtr":4,"down":2,"time":"00:09","yrdln":"CLE 36","ydstogo":10,"ydsnet":20,"posteam":"CLE","desc":"(:09) (Shotgun) C.McCoy pass short middle to M.Bell to BAL 44 for 20 yards (D.Landry).","note":null,"players":{"00-0024360":[{"sequence":7,"clubcode":"BAL","playerName":"D.Landry","statId":79,"yards":0}],"00-0024011":[{"sequence":4,"clubcode":"CLE","playerName":"M.Bell","statId":21,"yards":20},{"sequence":5,"clubcode":"CLE","playerName":"M.Bell","statId":115,"yards":0},{"sequence":6,"clubcode":"CLE","playerName":"M.Bell","statId":113,"yards":15}],"00-0027688":[{"sequence":2,"clubcode":"CLE","playerName":"C.McCoy","statId":15,"yards":20},{"sequence":3,"clubcode":"CLE","playerName":"C.McCoy","statId":111,"yards":5}],"0":[{"sequence":1,"clubcode":"CLE","playerName":"","statId":4,"yards":0}]}},"3381":{"sp":0,"qtr":4,"down":0,"time":"00:00","yrdln":"","ydstogo":0,"ydsnet":20,"posteam":"","desc":"END GAME","note":null,"players":{}}},"fds":1,"result":"End of Game","penyds":0,"ydsgained":20,"numplays":3,"postime":"0:14","start":{"qtr":4,"time":"00:14","yrdln":"CLE 36","team":"CLE"},"end":{"qtr":4,"time":"00:00","yrdln":"","team":"CLE"}},"crntdrv":20},"scrsummary":{"374":{"type":"TD","desc":"B.Robiskie 29 yd. pass from M.Massaquoi (P.Dawson kick is good) Drive: 4 plays, 40 yards in 2:12","qtr":1,"team":"CLE","players":{"":"0","M.Massaquoi":"00-0027026","B.Robiskie":"00-0027012","P.Dawson":"00-0004091"}},"848":{"type":"FG","desc":"B.Cundiff 27 yd. Field Goal Drive: 16 plays, 80 yards in 8:26","qtr":2,"team":"BAL","players":{"B.Cundiff":"00-0020972"}},"966":{"type":"TD","desc":"T.Houshmandzadeh 15 yd. pass from J.Flacco (B.Cundiff kick is good) Drive: 3 plays, 20 yards in 1:30","qtr":2,"team":"BAL","players":{"":"0","J.Flacco":"00-0026158","T.Houshmandzadeh":"00-0020438","B.Cundiff":"00-0020972"}},"1355":{"type":"FG","desc":"B.Cundiff 40 yd. Field Goal Drive: 9 plays, 28 yards in 3:56","qtr":2,"team":"BAL","players":{"B.Cundiff":"00-0020972"}},"1649":{"type":"FG","desc":"P.Dawson 30 yd. Field Goal Drive: 10 plays, 50 yards in 4:03","qtr":2,"team":"CLE","players":{"P.Dawson":"00-0004091"}},"1782":{"type":"TD","desc":"D.Mason 22 yd. pass from J.Flacco (B.Cundiff kick is good) Drive: 3 plays, 38 yards in 1:30","qtr":3,"team":"BAL","players":{"":"0","J.Flacco":"00-0026158","D.Mason":"00-0010500","B.Cundiff":"00-0020972"}}},"weather":null,"media":null,"yl":"","qtr":"Final","note":null,"down":0,"togo":0,"redzone":true,"clock":"00:09","posteam":"CLE","stadium":null},"nextupdate":260}