{"2010120505":{"home":{"score":{"1":7,"2":10,"3":3,"4":0,"5":0,"T":20},"abbr":"DET","to":0,"stats":{"passing":{"00-0025430":{"name":"D.Stanton","att":24,"cmp":16,"yds":178,"tds":1,"ints":0,"twopta":0,"twoptm":0}},"rushing":{"00-0027880":{"name":"J.Best","att":9,"yds":65,"tds":0,"lng":45,"lngtd":0,"twopta":0,"twoptm":0},"00-0021182":{"name":"M.Morris","att":10,"yds":37,"tds":0,"lng":8,"lngtd":0,"twopta":0,"twoptm":0},"00-0026491":{"name":"S.Logan","att":2,"yds":18,"tds":0,"lng":17,"lngtd":0,"twopta":0,"twoptm":0},"00-0025430":{"name":"D.Stanton","att":5,"yds":12,"tds":1,"lng":6,"lngtd":3,"twopta":0,"twoptm":0},"00-0026286":{"name":"J.Felton","att":1,"yds":2,"tds":0,"lng":2,"lngtd":0,"twopta":0,"twoptm":0}},"receiving":{"00-0026996":{"name":"B.Pettigrew","rec":5,"yds":36,"tds":0,"lng":14,"lngtd":0,"twopta":0,"twoptm":0},"00-0025389":{"name":"C.Johnson","rec":3,"yds":66,"tds":1,"lng":46,"lngtd":46,"twopta":0,"twoptm":0},"00-0021999":{"name":"N.Burleson","rec":3,"yds":27,"tds":0,"lng":15,"lngtd":0,"twopta":0,"twoptm":0},"00-0024276":{"name":"T.Scheffler","rec":2,"yds":9,"tds":0,"lng":6,"lngtd":0,"twopta":0,"twoptm":0},"00-0027880":{"name":"J.Best","rec":1,"yds":32,"tds":0,"lng":32,"lngtd":0,"twopta":0,"twoptm":0},"00-0021756":{"name":"W.Heller","rec":1,"yds":5,"tds":0,"lng":5,"lngtd":0,"twopta":0,"twoptm":0},"00-0021182":{"name":"M.Morris","rec":1,"yds":3,"tds":0,"lng":3,"lngtd":0,"twopta":0,"twoptm":0}},"fumbles":{"00-0021182":{"name":"M.Morris","tot":1,"rcv":1,"trcv":1,"yds":0,"lost":0},"00-0025441":{"name":"T.McBride","tot":0,"rcv":0,"trcv":1,"yds":0,"lost":0}},"kicking":{"00-0023635":{"name":"D.Rayner","fgm":2,"fga":2,"fgyds":50,"totpfg":6,"xpmade":2,"xpmissed":0,"xpa":2,"xpb":0,"xptot":2}},"punting":{"00-0020267":{"name":"N.Harris","pts":4,"yds":173,"avg":29,"i20":2,"lng":54}},"kickret":{"00-0026491":{"name":"S.Logan","ret":3,"avg":38,"tds":0,"lng":60,"lngtd":0}},"puntret":{"00-0026491":{"name":"S.Logan","ret":1,"avg":19,"tds":0,"lng":19,"lngtd":0}},"defense":{"00-0027671":{"name":"A.Spievey","tkl":3,"ast":5,"sk":0,"int":0,"ffum":0},"00-0027009":{"name":"L.Delmas","tkl":5,"ast":2,"sk":0,"int":0,"ffum":0},"00-0025428":{"name":"C.Houston","tkl":6,"ast":0,"sk":0,"int":0,"ffum":0},"00-0027050":{"name":"D.Levy","tkl":2,"ast":4,"sk":0,"int":0,"ffum":0},"00-0022860":{"name":"L.Johnson","tkl":2,"ast":3,"sk":0,"int":0,"ffum":0},"00-0025441":{"name":"T.McBride","tkl":1,"ast":4,"sk":1,"int":0,"ffum":1},"00-0026232":{"name":"C.Avril","tkl":4,"ast":0,"sk":3,"int":0,"ffum":0},"00-0027855":{"name":"N.Suh","tkl":3,"ast":1,"sk":0,"int":0,"ffum":0},"00-0025527":{"name":"B.McDonald","tkl":2,"ast":2,"sk":0,"int":0,"ffum":0},"00-0019695":{"name":"J.Peterson","tkl":2,"ast":2,"sk":0,"int":0,"ffum":0},"00-0022906":{"name":"C.Williams","tkl":3,"ast":0,"sk":0,"int":0,"ffum":0},"00-0026168":{"name":"L.Jackson","tkl":1,"ast":2,"sk":0,"int":0,"ffum":0},"00-0027084":{"name":"Sa.Hill","tkl":1,"ast":1,"sk":0,"int":0,"ffum":0},"00-0027013":{"name":"A.Smith","tkl":1,"ast":1,"sk":0,"int":0,"ffum":0}},"team":{"totfd":14,"totyds":302,"pyds":168,"ryds":134,"pen":6,"penyds":42,"trnovr":0,"pt":4,"ptyds":173,"ptavg":29,"top":"26:41"}},"players":null},"away":{"score":{"1":7,"2":7,"3":3,"4":7,"5":0,"T":24},"abbr":"CHI","to":3,"stats":{"passing":{"00-0024226":{"name":"J.Cutler","att":26,"cmp":21,"yds":234,"tds":1,"ints":0,"twopta":0,"twoptm":0}},"rushing":{"00-0026184":{"name":"M.Forte","att":13,"yds":64,"tds":1,"lng":17,"lngtd":14,"twopta":0,"twoptm":0},"00-0021314":{"name":"C.Taylor","att":9,"yds":33,"tds":1,"lng":9,"lngtd":1,"twopta":0,"twoptm":0},"00-0024226":{"name":"J.Cutler","att":5,"yds":12,"tds":0,"lng":8,"lngtd":0,"twopta":0,"twoptm":0},"00-0024272":{"name":"D.Hester","att":1,"yds":5,"tds":0,"lng":5,"lngtd":0,"twopta":0,"twoptm":0}},"receiving":{"00-0026210":{"name":"E.Bennett","rec":7,"yds":104,"tds":0,"lng":33,"lngtd":0,"twopta":0,"twoptm":0},"00-0021314":{"name":"C.Taylor","rec":5,"yds":31,"tds":0,"lng":9,"lngtd":0,"twopta":0,"twoptm":0},"00-0026913":{"name":"J.Knox","rec":3,"yds":34,"tds":0,"lng":20,"lngtd":0,"twopta":0,"twoptm":0},"00-0026184":{"name":"M.Forte","rec":2,"yds":36,"tds":0,"lng":20,"lngtd":0,"twopta":0,"twoptm":0},"00-0020342":{"name":"B.Manumaleuna","rec":2,"yds":23,"tds":1,"lng":16,"lngtd":7,"twopta":0,"twoptm":0},"00-0025418":{"name":"G.Olsen","rec":1,"yds":5,"tds":0,"lng":5,"lngtd":0,"twopta":0,"twoptm":0},"00-0024272":{"name":"D.Hester","rec":1,"yds":1,"tds":0,"lng":1,"lngtd":0,"twopta":0,"twoptm":0}},"fumbles":{"00-0024226":{"name":"J.Cutler","tot":1,"rcv":0,"trcv":0,"yds":0,"lost":1}},"kicking":{"00-0023252":{"name":"R.Gould","fgm":1,"fga":1,"fgyds":54,"totpfg":3,"xpmade":3,"xpmissed":0,"xpa":3,"xpb":0,"xptot":3}},"punting":{"00-0010609":{"name":"B.Maynard","pts":3,"yds":135,"avg":39,"i20":2,"lng":50}},"kickret":{"00-0024272":{"name":"D.Hester","ret":3,"avg":18,"tds":0,"lng":21,"lngtd":0},"00-0024257":{"name":"D.Manning","ret":2,"avg":22,"tds":0,"lng":26,"lngtd":0}},"puntret":{"00-0024272":{"name":"D.Hester","ret":2,"avg":18,"tds":0,"lng":30,"lngtd":0}},"defense":{"00-0019456":{"name":"B.Urlacher","tkl":9,"ast":8,"sk":0.5,"int":0,"ffum":0},"00-0022128":{"name":"L.Briggs","tkl":4,"ast":3,"sk":0,"int":0,"ffum":0},"00-0026907":{"name":"D.Moore","tkl":3,"ast":3,"sk":0.5,"int":0,"ffum":0},"00-0021604":{"name":"I.Idonije","tkl":4,"ast":1,"sk":0,"int":0,"ffum":1},"00-0022123":{"name":"C.Tillman","tkl":3,"ast":1,"sk":0,"int":0,"ffum":0},"00-0021140":{"name":"J.Peppers","tkl":2,"ast":2,"sk":1,"int":0,"ffum":0},"00-0024257":{"name":"D.Manning","tkl":2,"ast":1,"sk":0,"int":0,"ffum":0},"00-0023652":{"name":"R.Wilson","tkl":2,"ast":1,"sk":0,"int":0,"ffum":0},"00-0027680":{"name":"M.Wright","tkl":2,"ast":0,"sk":0,"int":0,"ffum":0},"00-0025574":{"name":"M.Toeaina","tkl":1,"ast":1,"sk":0,"int":0,"ffum":0},"00-0022085":{"name":"A.Adams","tkl":1,"ast":0,"sk":0,"int":0,"ffum":0},"00-0024750":{"name":"N.Roach","tkl":0,"ast":1,"sk":0,"int":0,"ffum":0},"00-0023614":{"name":"C.Harris","tkl":0,"ast":1,"sk":0,"int":0,"ffum":0}},"team":{"totfd":23,"totyds":311,"pyds":197,"ryds":114,"pen":4,"penyds":25,"trnovr":1,"pt":3,"ptyds":135,"ptavg":39,"top":"33:19"}},"players":null},"drives":{"1":{"posteam":"DET","qtr":1,"redzone":true,"plays":{"44":{"sp":0,"qtr":1,"down":0,"time":"15:00","yrdln":"CHI 30","ydstogo":0,"ydsnet":0,"posteam":"CHI","desc":"R.Gould kicks 70 yards from CHI 30 to end zone, Touchback.","note":"KICKOFF","players":{"00-0023252":[{"sequence":1,"clubcode":"CHI","playerName":"R.Gould","statId":44,"yards":70}],"0":[{"sequence":2,"clubcode":"DET","playerName":"","statId":51,"yards":0}]}},"62":{"sp":0,"qtr":1,"down":1,"time":"15:00","yrdln":"DET 20","ydstogo":10,"ydsnet":-5,"posteam":"DET","desc":"(15:00) PENALTY on DET-R.Sims, False Start, 5 yards, enforced at DET 20 - No Play.","note":"PENALTY","players":{"00-0024343":[{"sequence":1,"clubcode":"DET","playerName":"R.Sims","statId":93,"yards":5}]}},"85":{"sp":0,"qtr":1,"down":1,"time":"15:00","yrdln":"DET 15","ydstogo":15,"ydsnet":-4,"posteam":"DET","desc":"(15:00) J.Best up the middle to DET 16 for 1 yard (J.Peppers).","note":null,"players":{"00-0027880":[{"sequence":1,"clubcode":"DET","playerName":"J.Best","statId":10,"yards":1}],"00-0021140":[{"sequence":2,"clubcode":"CHI","playerName":"J.Peppers","statId":79,"yards":0}]}},"106":{"sp":0,"qtr":1,"down":2,"time":"14:30","yrdln":"DET 16","ydstogo":14,"ydsnet":10,"posteam":"DET","desc":"(14:30) D.Stanton pass short right to B.Pettigrew to DET 30 for 14 yards (M.Toeaina).","note":null,"players":{"00-0025430":[{"sequence":2,"clubcode":"DET","playerName":"D.Stanton","statId":15,"yards":14},{"sequence":3,"clubcode":"DET","playerName":"D.Stanton","statId":111,"yards":-3}],"0":[{"sequence":1,"clubcode":"DET","playerName":"","statId":4,"yards":0}],"00-0025574":[{"sequence":7,"clubcode":"CHI","playerName":"M.Toeaina","statId":79,"yards":0}],"00-0026996":[{"sequence":4,"clubcode":"DET","playerName":"B.Pettigrew","statId":21,"yards":14},{"sequence":5,"clubcode":"DET","playerName":"B.Pettigrew","statId":115,"yards":0},{"sequence":6,"clubcode":"DET","playerName":"B.Pettigrew","statId":113,"yards":17}]}},"134":{"sp":0,"qtr":1,"down":1,"time":"13:53","yrdln":"DET 30","ydstogo":10,"ydsnet":12,"posteam":"DET","desc":"(13:53) J.Felton right tackle to DET 32 for 2 yards (B.Urlacher).","note":null,"players":{"00-0019456":[{"sequence":2,"clubcode":"CHI","playerName":"B.Urlacher","statId":79,"yards":0}],"00-0026286":[{"sequence":1,"clubcode":"DET","playerName":"J.Felton","statId":10,"yards":2}]}},"155":{"sp":0,"qtr":1,"down":2,"time":"13:18","yrdln":"DET 32","ydstogo":8,"ydsnet":15,"posteam":"DET","desc":"(13:18) (Shotgun) M.Morris right tackle to DET 35 for 3 yards (A.Adams).","note":null,"players":{"00-0021182":[{"sequence":1,"clubcode":"DET","playerName":"M.Morris","statId":10,"yards":3}],"00-0022085":[{"sequence":2,"clubcode":"CHI","playerName":"A.Adams","statId":79,"yards":0}]}},"176":{"sp":0,"qtr":1,"down":3,"time":"12:44","yrdln":"DET 35","ydstogo":5,"ydsnet":23,"posteam":"DET","desc":"(12:44) (Shotgun) D.Stanton pass short middle to N.Burleson to DET 43 for 8 yards (L.Briggs; B.Urlacher).","note":null,"players":{"00-0025430":[{"sequence":3,"clubcode":"DET","playerName":"D.Stanton","statId":15,"yards":8},{"sequence":4,"clubcode":"DET","playerName":"D.Stanton","statId":111,"yards":7}],"00-0019456":[{"sequence":9,"clubcode":"CHI","playerName":"B.Urlacher","statId":82,"yards":0}],"0":[{"sequence":1,"clubcode":"DET","playerName":"","statId":4,"yards":0},{"sequence":2,"clubcode":"DET","playerName":"","statId":6,"yards":0}],"00-0021999":[{"sequence":5,"clubcode":"DET","playerName":"N.Burleson","statId":21,"yards":8},{"sequence":6,"clubcode":"DET","playerName":"N.Burleson","statId":115,"yards":0},{"sequence":7,"clubcode":"DET","playerName":"N.Burleson","statId":113,"yards":1}],"00-0022128":[{"sequence":8,"clubcode":"CHI","playerName":"L.Briggs","statId":82,"yards":0}]}},"200":{"sp":0,"qtr":1,"down":1,"time":"12:08","yrdln":"DET 43","ydstogo":10,"ydsnet":13,"posteam":"DET","desc":"(12:08) (Shotgun) D.Stanton pass short left to N.Burleson to DET 48 for 5 yards (L.Briggs). PENALTY on DET-B.Pettigrew, Offensive Holding, 10 yards, enforced at DET 43 - No Play.","note":"PENALTY","players":{"00-0026996":[{"sequence":1,"clubcode":"DET","playerName":"B.Pettigrew","statId":93,"yards":10}]}},"235":{"sp":0,"qtr":1,"down":1,"time":"11:45","yrdln":"DET 33","ydstogo":20,"ydsnet":21,"posteam":"DET","desc":"(11:45) (Shotgun) M.Morris left tackle to DET 41 for 8 yards (B.Urlacher).","note":null,"players":{"00-0019456":[{"sequence":2,"clubcode":"CHI","playerName":"B.Urlacher","statId":79,"yards":0}],"00-0021182":[{"sequence":1,"clubcode":"DET","playerName":"M.Morris","statId":10,"yards":8}]}},"256":{"sp":0,"qtr":1,"down":2,"time":"11:10","yrdln":"DET 41","ydstogo":12,"ydsnet":21,"posteam":"DET","desc":"(11:10) (Shotgun) D.Stanton pass incomplete short left to C.Johnson (C.Tillman).","note":null,"players":{"00-0022123":[{"sequence":3,"clubcode":"CHI","playerName":"C.Tillman","statId":85,"yards":0}],"00-0025430":[{"sequence":1,"clubcode":"DET","playerName":"D.Stanton","statId":14,"yards":0},{"sequence":4,"clubcode":"DET","playerName":"D.Stanton","statId":112,"yards":6}],"00-0025389":[{"sequence":2,"clubcode":"DET","playerName":"C.Johnson","statId":115,"yards":0}]}},"278":{"sp":0,"qtr":1,"down":3,"time":"11:05","yrdln":"DET 41","ydstogo":12,"ydsnet":26,"posteam":"DET","desc":"(11:05) (Shotgun) PENALTY on CHI-H.Melton, Neutral Zone Infraction, 5 yards, enforced at DET 41 - No Play.","note":"PENALTY","players":{"00-0026905":[{"sequence":1,"clubcode":"CHI","playerName":"H.Melton","statId":93,"yards":5}]}},"301":{"sp":0,"qtr":1,"down":3,"time":"11:05","yrdln":"DET 46","ydstogo":7,"ydsnet":26,"posteam":"DET","desc":"(11:05) (Shotgun) D.Stanton pass incomplete deep middle to C.Johnson.","note":null,"players":{"00-0025430":[{"sequence":2,"clubcode":"DET","playerName":"D.Stanton","statId":14,"yards":0},{"sequence":4,"clubcode":"DET","playerName":"D.Stanton","statId":112,"yards":32}],"0":[{"sequence":1,"clubcode":"DET","playerName":"","statId":7,"yards":0}],"00-0025389":[{"sequence":3,"clubcode":"DET","playerName":"C.Johnson","statId":115,"yards":0}]}},"323":{"sp":0,"qtr":1,"down":4,"time":"10:59","yrdln":"DET 46","ydstogo":7,"ydsnet":26,"posteam":"DET","desc":"(10:59) N.Harris punts 49 yards to CHI 5, Center-D.Muhlbach. D.Hester pushed ob at CHI 12 for 7 yards (B.McDonald).","note":"PUNT","players":{"00-0024272":[{"sequence":2,"clubcode":"CHI","playerName":"D.Hester","statId":33,"yards":7}],"00-0025527":[{"sequence":4,"clubcode":"DET","playerName":"B.McDonald","statId":79,"yards":0}],"00-0020267":[{"sequence":1,"clubcode":"DET","playerName":"N.Harris","statId":29,"yards":49},{"sequence":3,"clubcode":"DET","playerName":"N.Harris","statId":30,"yards":0}]}}},"fds":2,"result":"Punt","penyds":-10,"ydsgained":36,"numplays":13,"postime":"4:11","start":{"qtr":1,"time":"15:00","yrdln":"DET 20","team":"DET"},"end":{"qtr":1,"time":"10:49","yrdln":"DET 46","team":"DET"}},"2":{"posteam":"CHI","qtr":1,"redzone":true,"plays":{"348":{"sp":0,"qtr":1,"down":1,"time":"10:49","yrdln":"CHI 12","ydstogo":10,"ydsnet":3,"posteam":"CHI","desc":"(10:49) M.Forte up the middle to CHI 15 for 3 yards (D.Levy; T.McBride).","note":null,"players":{"00-0027050":[{"sequence":2,"clubcode":"DET","playerName":"D.Levy","statId":82,"yards":0}],"00-0025441":[{"sequence":3,"clubcode":"DET","playerName":"T.McBride","statId":82,"yards":0}],"00-0026184":[{"sequence":1,"clubcode":"CHI","playerName":"M.Forte","statId":10,"yards":3}]}},"369":{"sp":0,"qtr":1,"down":2,"time":"10:09","yrdln":"CHI 15","ydstogo":7,"ydsnet":3,"posteam":"CHI","desc":"(10:09) M.Forte right tackle to CHI 15 for no gain (N.Suh).","note":null,"players":{"00-0026184":[{"sequence":1,"clubcode":"CHI","playerName":"M.Forte","statId":10,"yards":0}],"00-0027855":[{"sequence":2,"clubcode":"DET","playerName":"N.Suh","statId":79,"yards":0}]}},"390":{"sp":0,"qtr":1,"down":0,"time":"09:31","yrdln":"","ydstogo":0,"ydsnet":3,"posteam":"","desc":"Timeout #1 by CHI at 09:31.","note":"TIMEOUT","players":{"0":[{"sequence":1,"clubcode":"CHI","playerName":"","statId":68,"yards":0}]}},"407":{"sp":0,"qtr":1,"down":3,"time":"09:31","yrdln":"CHI 15","ydstogo":7,"ydsnet":-5,"posteam":"CHI","desc":"(9:31) J.Cutler sacked at CHI 7 for -8 yards (C.Avril).","note":null,"players":{"00-0024226":[{"sequence":2,"clubcode":"CHI","playerName":"J.Cutler","statId":20,"yards":-8}],"00-0026232":[{"sequence":3,"clubcode":"DET","playerName":"C.Avril","statId":83,"yards":-8},{"sequence":4,"clubcode":"DET","playerName":"C.Avril","statId":110,"yards":0},{"sequence":5,"clubcode":"DET","playerName":"C.Avril","statId":79,"yards":0},{"sequence":6,"clubcode":"DET","playerName":"C.Avril","statId":120,"yards":0}],"0":[{"sequence":1,"clubcode":"CHI","playerName":"","statId":7,"yards":0}]}},"426":{"sp":0,"qtr":1,"down":4,"time":"09:13","yrdln":"CHI 7","ydstogo":15,"ydsnet":-5,"posteam":"CHI","desc":"(9:13) B.Maynard punts 50 yards to DET 43, Center-P.Mannelly. S.Logan to CHI 38 for 19 yards (M.Wright).","note":"PUNT","players":{"00-0027680":[{"sequence":3,"clubcode":"CHI","playerName":"M.Wright","statId":79,"yards":0}],"00-0026491":[{"sequence":2,"clubcode":"DET","playerName":"S.Logan","statId":33,"yards":19}],"00-0010609":[{"sequence":1,"clubcode":"CHI","playerName":"B.Maynard","statId":29,"yards":50}]}}},"fds":0,"result":"Punt","penyds":0,"ydsgained":-5,"numplays":5,"postime":"1:48","start":{"qtr":1,"time":"10:49","yrdln":"CHI 12","team":"CHI"},"end":{"qtr":1,"time":"09:01","yrdln":"CHI 7","team":"CHI"}},"3":{"posteam":"DET","qtr":1,"redzone":true,"plays":{"451":{"sp":0,"qtr":1,"down":1,"time":"09:01","yrdln":"CHI 38","ydstogo":10,"ydsnet":8,"posteam":"DET","desc":"(9:01) J.Best left end to CHI 30 for 8 yards (B.Urlacher).","note":null,"players":{"00-0027880":[{"sequence":1,"clubcode":"DET","playerName":"J.Best","statId":10,"yards":8}],"00-0019456":[{"sequence":2,"clubcode":"CHI","playerName":"B.Urlacher","statId":79,"yards":0}]}},"472":{"sp":0,"qtr":1,"down":2,"time":"08:26","yrdln":"CHI 30","ydstogo":2,"ydsnet":8,"posteam":"DET","desc":"(8:26) D.Stanton pass incomplete short right to N.Burleson.","note":null,"players":{"00-0025430":[{"sequence":1,"clubcode":"DET","playerName":"D.Stanton","statId":14,"yards":0},{"sequence":3,"clubcode":"DET","playerName":"D.Stanton","statId":112,"yards":-1}],"00-0021999":[{"sequence":2,"clubcode":"DET","playerName":"N.Burleson","statId":115,"yards":0}]}},"494":{"sp":0,"qtr":1,"down":3,"time":"08:22","yrdln":"CHI 30","ydstogo":2,"ydsnet":14,"posteam":"DET","desc":"(8:22) (Shotgun) D.Stanton scrambles left end to CHI 24 for 6 yards (N.Roach; B.Urlacher).","note":null,"players":{"00-0024750":[{"sequence":4,"clubcode":"CHI","playerName":"N.Roach","statId":82,"yards":0}],"00-0025430":[{"sequence":3,"clubcode":"DET","playerName":"D.Stanton","statId":10,"yards":6}],"00-0019456":[{"sequence":5,"clubcode":"CHI","playerName":"B.Urlacher","statId":82,"yards":0}],"0":[{"sequence":1,"clubcode":"DET","playerName":"","statId":3,"yards":0},{"sequence":2,"clubcode":"DET","playerName":"","statId":6,"yards":0}]}},"515":{"sp":0,"qtr":1,"down":0,"time":"07:36","yrdln":"","ydstogo":0,"ydsnet":14,"posteam":"","desc":"Timeout #1 by DET at 07:36.","note":"TIMEOUT","players":{"0":[{"sequence":1,"clubcode":"DET","playerName":"","statId":68,"yards":0}]}},"532":{"sp":0,"qtr":1,"down":1,"time":"07:36","yrdln":"CHI 24","ydstogo":10,"ydsnet":29,"posteam":"DET","desc":"(7:36) (Shotgun) D.Stanton pass short left to N.Burleson pushed ob at CHI 9 for 15 yards (M.Wright).","note":null,"players":{"00-0027680":[{"sequence":7,"clubcode":"CHI","playerName":"M.Wright","statId":79,"yards":0}],"00-0025430":[{"sequence":2,"clubcode":"DET","playerName":"D.Stanton","statId":15,"yards":15},{"sequence":3,"clubcode":"DET","playerName":"D.Stanton","statId":111,"yards":6}],"0":[{"sequence":1,"clubcode":"DET","playerName":"","statId":4,"yards":0}],"00-0021999":[{"sequence":4,"clubcode":"DET","playerName":"N.Burleson","statId":21,"yards":15},{"sequence":5,"clubcode":"DET","playerName":"N.Burleson","statId":115,"yards":0},{"sequence":6,"clubcode":"DET","playerName":"N.Burleson","statId":113,"yards":9}]}},"556":{"sp":0,"qtr":1,"down":1,"time":"07:16","yrdln":"CHI 9","ydstogo":9,"ydsnet":35,"posteam":"DET","desc":"(7:16) (Shotgun) M.Morris up the middle to CHI 3 for 6 yards (B.Urlacher; D.Moore).","note":null,"players":{"00-0026907":[{"sequence":3,"clubcode":"CHI","playerName":"D.Moore","statId":82,"yards":0}],"00-0019456":[{"sequence":2,"clubcode":"CHI","playerName":"B.Urlacher","statId":82,"yards":0}],"00-0021182":[{"sequence":1,"clubcode":"DET","playerName":"M.Morris","statId":10,"yards":6}]}},"577":{"sp":0,"qtr":1,"down":2,"time":"06:48","yrdln":"CHI 3","ydstogo":3,"ydsnet":35,"posteam":"DET","desc":"(6:48) D.Stanton pass incomplete short right to B.Pettigrew [I.Idonije].","note":null,"players":{"00-0025430":[{"sequence":1,"clubcode":"DET","playerName":"D.Stanton","statId":14,"yards":0},{"sequence":4,"clubcode":"DET","playerName":"D.Stanton","statId":112,"yards":3}],"00-0021604":[{"sequence":3,"clubcode":"CHI","playerName":"I.Idonije","statId":110,"yards":0}],"00-0026996":[{"sequence":2,"clubcode":"DET","playerName":"B.Pettigrew","statId":115,"yards":0}]}},"599":{"sp":1,"qtr":1,"down":3,"time":"06:40","yrdln":"CHI 3","ydstogo":3,"ydsnet":38,"posteam":"DET","desc":"(6:40) (Shotgun) D.Stanton left end for 3 yards, TOUCHDOWN.","note":"TD","players":{"00-0025430":[{"sequence":3,"clubcode":"DET","playerName":"D.Stanton","statId":11,"yards":3}],"0":[{"sequence":1,"clubcode":"DET","playerName":"","statId":3,"yards":0},{"sequence":2,"clubcode":"DET","playerName":"","statId":6,"yards":0}]}},"616":{"sp":1,"qtr":1,"down":0,"time":"06:36","yrdln":"CHI 2","ydstogo":0,"ydsnet":38,"posteam":"DET","desc":"D.Rayner extra point is GOOD, Center-D.Muhlbach, Holder-N.Harris.","note":"XP","players":{"00-0023635":[{"sequence":1,"clubcode":"DET","playerName":"D.Rayner","statId":72,"yards":0}]}}},"fds":3,"result":"Touchdown","penyds":0,"ydsgained":38,"numplays":9,"postime":"2:25","start":{"qtr":1,"time":"09:01","yrdln":"CHI 38","team":"DET"},"end":{"qtr":1,"time":"06:36","yrdln":"CHI 3","team":"DET"}},"4":{"posteam":"CHI","qtr":1,"redzone":true,"plays":{"632":{"sp":0,"qtr":1,"down":0,"time":"06:36","yrdln":"DET 30","ydstogo":0,"ydsnet":0,"posteam":"DET","desc":"D.Rayner kicks 65 yards from DET 30 to CHI 5. D.Manning to CHI 24 for 19 yards (C.Brown; I.Ekejiuba).","note":"KICKOFF","players":{"00-0024257":[{"sequence":2,"clubcode":"CHI","playerName":"D.Manning","statId":45,"yards":19}],"00-0023313":[{"sequence":4,"clubcode":"DET","playerName":"I.Ekejiuba","statId":82,"yards":0}],"00-0023621":[{"sequence":3,"clubcode":"DET","playerName":"C.Brown","statId":82,"yards":0}],"00-0023635":[{"sequence":1,"clubcode":"DET","playerName":"D.Rayner","statId":41,"yards":65}]}},"654":{"sp":0,"qtr":1,"down":1,"time":"06:28","yrdln":"CHI 24","ydstogo":10,"ydsnet":1,"posteam":"CHI","desc":"(6:28) J.Cutler pass short left to D.Hester to CHI 25 for 1 yard (L.Delmas).","note":null,"players":{"00-0024272":[{"sequence":3,"clubcode":"CHI","playerName":"D.Hester","statId":21,"yards":1},{"sequence":4,"clubcode":"CHI","playerName":"D.Hester","statId":115,"yards":0},{"sequence":5,"clubcode":"CHI","playerName":"D.Hester","statId":113,"yards":2}],"00-0024226":[{"sequence":1,"clubcode":"CHI","playerName":"J.Cutler","statId":15,"yards":1},{"sequence":2,"clubcode":"CHI","playerName":"J.Cutler","statId":111,"yards":-1}],"00-0027009":[{"sequence":6,"clubcode":"DET","playerName":"L.Delmas","statId":79,"yards":0}]}},"678":{"sp":0,"qtr":1,"down":2,"time":"05:52","yrdln":"CHI 25","ydstogo":9,"ydsnet":1,"posteam":"CHI","desc":"(5:52) J.Cutler pass incomplete short left to M.Forte.","note":null,"players":{"00-0024226":[{"sequence":1,"clubcode":"CHI","playerName":"J.Cutler","statId":14,"yards":0},{"sequence":3,"clubcode":"CHI","playerName":"J.Cutler","statId":112,"yards":-1}],"00-0026184":[{"sequence":2,"clubcode":"CHI","playerName":"M.Forte","statId":115,"yards":0}]}},"700":{"sp":0,"qtr":1,"down":3,"time":"05:46","yrdln":"CHI 25","ydstogo":9,"ydsnet":10,"posteam":"CHI","desc":"(5:46) J.Cutler pass short right to E.Bennett to CHI 34 for 9 yards (B.McDonald; D.Levy).","note":null,"players":{"00-0027050":[{"sequence":9,"clubcode":"DET","playerName":"D.Levy","statId":82,"yards":0}],"00-0024226":[{"sequence":3,"clubcode":"CHI","playerName":"J.Cutler","statId":15,"yards":9},{"sequence":4,"clubcode":"CHI","playerName":"J.Cutler","statId":111,"yards":6}],"00-0026210":[{"sequence":5,"clubcode":"CHI","playerName":"E.Bennett","statId":21,"yards":9},{"sequence":6,"clubcode":"CHI","playerName":"E.Bennett","statId":115,"yards":0},{"sequence":7,"clubcode":"CHI","playerName":"E.Bennett","statId":113,"yards":3}],"00-0025527":[{"sequence":8,"clubcode":"DET","playerName":"B.McDonald","statId":82,"yards":0}],"0":[{"sequence":1,"clubcode":"CHI","playerName":"","statId":4,"yards":0},{"sequence":2,"clubcode":"CHI","playerName":"","statId":6,"yards":0}]}},"724":{"sp":0,"qtr":1,"down":1,"time":"05:11","yrdln":"CHI 34","ydstogo":10,"ydsnet":27,"posteam":"CHI","desc":"(5:11) M.Forte right tackle to DET 49 for 17 yards (C.Houston, J.Peterson).","note":null,"players":{"00-0025428":[{"sequence":3,"clubcode":"DET","playerName":"C.Houston","statId":80,"yards":0}],"00-0026184":[{"sequence":2,"clubcode":"CHI","playerName":"M.Forte","statId":10,"yards":17}],"0":[{"sequence":1,"clubcode":"CHI","playerName":"","statId":3,"yards":0}],"00-0019695":[{"sequence":4,"clubcode":"DET","playerName":"J.Peterson","statId":82,"yards":0}]}},"745":{"sp":0,"qtr":1,"down":1,"time":"04:37","yrdln":"DET 49","ydstogo":10,"ydsnet":38,"posteam":"CHI","desc":"(4:37) (Shotgun) Direct snap to E.Bennett.  M.Forte right end pushed ob at DET 44 for 5 yards (C.Houston). Jay Cutler was lined up at wide out.","note":null,"players":{"00-0025428":[{"sequence":2,"clubcode":"DET","playerName":"C.Houston","statId":79,"yards":0}],"00-0026184":[{"sequence":1,"clubcode":"CHI","playerName":"M.Forte","statId":10,"yards":5}]}},"766":{"sp":0,"qtr":1,"down":0,"time":"04:12","yrdln":"","ydstogo":0,"ydsnet":32,"posteam":"","desc":"Timeout #2 by CHI at 04:12.","note":"TIMEOUT","players":{"0":[{"sequence":1,"clubcode":"CHI","playerName":"","statId":68,"yards":0}]}},"786":{"sp":0,"qtr":1,"down":2,"time":"04:12","yrdln":"DET 44","ydstogo":5,"ydsnet":38,"posteam":"CHI","desc":"(4:12) C.Taylor right end to DET 38 for 6 yards (L.Johnson).","note":null,"players":{"00-0021314":[{"sequence":2,"clubcode":"CHI","playerName":"C.Taylor","statId":10,"yards":6}],"00-0022860":[{"sequence":3,"clubcode":"DET","playerName":"L.Johnson","statId":79,"yards":0}],"0":[{"sequence":1,"clubcode":"CHI","playerName":"","statId":3,"yards":0}]}},"811":{"sp":0,"qtr":1,"down":1,"time":"03:34","yrdln":"DET 38","ydstogo":10,"ydsnet":40,"posteam":"CHI","desc":"(3:34) C.Taylor up the middle to DET 36 for 2 yards (Sa.Hill; L.Jackson).","note":null,"players":{"00-0021314":[{"sequence":1,"clubcode":"CHI","playerName":"C.Taylor","statId":10,"yards":2}],"00-0027084":[{"sequence":2,"clubcode":"DET","playerName":"Sa.Hill","statId":82,"yards":0}],"00-0026168":[{"sequence":3,"clubcode":"DET","playerName":"L.Jackson","statId":82,"yards":0}]}},"832":{"sp":0,"qtr":1,"down":2,"time":"02:59","yrdln":"DET 36","ydstogo":8,"ydsnet":40,"posteam":"CHI","desc":"(2:59) J.Cutler pass incomplete deep right to D.Hester (L.Delmas, C.Houston).","note":null,"players":{"00-0024272":[{"sequence":2,"clubcode":"CHI","playerName":"D.Hester","statId":115,"yards":0}],"00-0024226":[{"sequence":1,"clubcode":"CHI","playerName":"J.Cutler","statId":14,"yards":0},{"sequence":5,"clubcode":"CHI","playerName":"J.Cutler","statId":112,"yards":36}],"00-0025428":[{"sequence":4,"clubcode":"DET","playerName":"C.Houston","statId":85,"yards":0}],"00-0027009":[{"sequence":3,"clubcode":"DET","playerName":"L.Delmas","statId":85,"yards":0}]}},"854":{"sp":0,"qtr":1,"down":3,"time":"02:52","yrdln":"DET 36","ydstogo":8,"ydsnet":54,"posteam":"CHI","desc":"(2:52) J.Cutler pass short right to E.Bennett to DET 22 for 14 yards (C.Houston, D.Levy).","note":null,"players":{"00-0027050":[{"sequence":9,"clubcode":"DET","playerName":"D.Levy","statId":82,"yards":0}],"00-0024226":[{"sequence":3,"clubcode":"CHI","playerName":"J.Cutler","statId":15,"yards":14},{"sequence":4,"clubcode":"CHI","playerName":"J.Cutler","statId":111,"yards":14}],"00-0026210":[{"sequence":5,"clubcode":"CHI","playerName":"E.Bennett","statId":21,"yards":14},{"sequence":6,"clubcode":"CHI","playerName":"E.Bennett","statId":115,"yards":0},{"sequence":7,"clubcode":"CHI","playerName":"E.Bennett","statId":113,"yards":0}],"00-0025428":[{"sequence":8,"clubcode":"DET","playerName":"C.Houston","statId":80,"yards":0}],"0":[{"sequence":1,"clubcode":"CHI","playerName":"","statId":4,"yards":0},{"sequence":2,"clubcode":"CHI","playerName":"","statId":6,"yards":0}]}},"878":{"sp":0,"qtr":1,"down":1,"time":"02:09","yrdln":"DET 22","ydstogo":10,"ydsnet":56,"posteam":"CHI","desc":"(2:09) M.Forte right tackle to DET 20 for 2 yards (B.McDonald; T.McBride).","note":null,"players":{"00-0025441":[{"sequence":3,"clubcode":"DET","playerName":"T.McBride","statId":82,"yards":0}],"00-0025527":[{"sequence":2,"clubcode":"DET","playerName":"B.McDonald","statId":82,"yards":0}],"00-0026184":[{"sequence":1,"clubcode":"CHI","playerName":"M.Forte","statId":10,"yards":2}]}},"899":{"sp":0,"qtr":1,"down":2,"time":"01:25","yrdln":"DET 20","ydstogo":8,"ydsnet":69,"posteam":"CHI","desc":"(1:25) J.Cutler pass short left to E.Bennett to DET 7 for 13 yards (L.Delmas).","note":null,"players":{"00-0024226":[{"sequence":2,"clubcode":"CHI","playerName":"J.Cutler","statId":15,"yards":13},{"sequence":3,"clubcode":"CHI","playerName":"J.Cutler","statId":111,"yards":5}],"00-0026210":[{"sequence":4,"clubcode":"CHI","playerName":"E.Bennett","statId":21,"yards":13},{"sequence":5,"clubcode":"CHI","playerName":"E.Bennett","statId":115,"yards":0},{"sequence":6,"clubcode":"CHI","playerName":"E.Bennett","statId":113,"yards":8}],"00-0027009":[{"sequence":7,"clubcode":"DET","playerName":"L.Delmas","statId":79,"yards":0}],"0":[{"sequence":1,"clubcode":"CHI","playerName":"","statId":4,"yards":0}]}},"923":{"sp":0,"qtr":1,"down":1,"time":"00:51","yrdln":"DET 7","ydstogo":7,"ydsnet":70,"posteam":"CHI","desc":"(:51) M.Forte up the middle to DET 6 for 1 yard (C.Williams).","note":null,"players":{"00-0026184":[{"sequence":1,"clubcode":"CHI","playerName":"M.Forte","statId":10,"yards":1}],"00-0022906":[{"sequence":2,"clubcode":"DET","playerName":"C.Williams","statId":79,"yards":0}]}},"944":{"sp":0,"qtr":1,"down":2,"time":"00:13","yrdln":"DET 6","ydstogo":6,"ydsnet":75,"posteam":"CHI","desc":"(:13) J.Cutler pass incomplete short right to J.Knox (C.Houston). PENALTY on DET-C.Houston, Defensive Pass Interference, 5 yards, enforced at DET 6 - No Play.","note":"PENALTY","players":{"00-0025428":[{"sequence":2,"clubcode":"DET","playerName":"C.Houston","statId":93,"yards":5}],"0":[{"sequence":1,"clubcode":"CHI","playerName":"","statId":5,"yards":0}]}},"977":{"sp":1,"qtr":1,"down":1,"time":"00:07","yrdln":"DET 1","ydstogo":1,"ydsnet":76,"posteam":"CHI","desc":"(:07) C.Taylor left end for 1 yard, TOUCHDOWN.","note":"TD","players":{"00-0021314":[{"sequence":2,"clubcode":"CHI","playerName":"C.Taylor","statId":11,"yards":1}],"0":[{"sequence":1,"clubcode":"CHI","playerName":"","statId":3,"yards":0}]}},"994":{"sp":1,"qtr":1,"down":0,"time":"00:03","yrdln":"DET 2","ydstogo":0,"ydsnet":76,"posteam":"CHI","desc":"R.Gould extra point is GOOD, Center-P.Mannelly, Holder-B.Maynard.","note":"XP","players":{"00-0023252":[{"sequence":1,"clubcode":"CHI","playerName":"R.Gould","statId":72,"yards":0}]}}},"fds":7,"result":"Touchdown","penyds":5,"ydsgained":71,"numplays":17,"postime":"6:33","start":{"qtr":1,"time":"06:36","yrdln":"CHI 24","team":"CHI"},"end":{"qtr":1,"time":"00:03","yrdln":"DET 1","team":"CHI"}},"5":{"posteam":"DET","qtr":2,"redzone":true,"plays":{"1010":{"sp":0,"qtr":1,"down":0,"time":"00:03","yrdln":"CHI 30","ydstogo":0,"ydsnet":0,"posteam":"CHI","desc":"R.Gould kicks 74 yards from CHI 30 to DET -4. S.Logan to DET 29 for 33 yards (C.Steltz).","note":"KICKOFF","players":{"00-0026260":[{"sequence":3,"clubcode":"CHI","playerName":"C.Steltz","statId":79,"yards":0}],"00-0026491":[{"sequence":2,"clubcode":"DET","playerName":"S.Logan","statId":45,"yards":33}],"00-0023252":[{"sequence":1,"clubcode":"CHI","playerName":"R.Gould","statId":43,"yards":74}]}},"1032":{"sp":0,"qtr":1,"down":0,"time":"","yrdln":"","ydstogo":0,"ydsnet":0,"posteam":"","desc":"END QUARTER 1","note":null,"players":{}},"1048":{"sp":0,"qtr":2,"down":1,"time":"15:00","yrdln":"DET 29","ydstogo":10,"ydsnet":8,"posteam":"DET","desc":"(15:00) (Shotgun) D.Stanton pass short right to B.Pettigrew to DET 37 for 8 yards (L.Briggs).","note":null,"players":{"00-0025430":[{"sequence":1,"clubcode":"DET","playerName":"D.Stanton","statId":15,"yards":8},{"sequence":2,"clubcode":"DET","playerName":"D.Stanton","statId":111,"yards":6}],"00-0026996":[{"sequence":3,"clubcode":"DET","playerName":"B.Pettigrew","statId":21,"yards":8},{"sequence":4,"clubcode":"DET","playerName":"B.Pettigrew","statId":115,"yards":0},{"sequence":5,"clubcode":"DET","playerName":"B.Pettigrew","statId":113,"yards":2}],"00-0022128":[{"sequence":6,"clubcode":"CHI","playerName":"L.Briggs","statId":79,"yards":0}]}},"1072":{"sp":0,"qtr":2,"down":2,"time":"14:26","yrdln":"DET 37","ydstogo":2,"ydsnet":34,"posteam":"DET","desc":"(14:26) (Shotgun) M.Morris right tackle to DET 43 for 6 yards (M.Wright). CHI-J.Peppers was injured during the play. His return is Probable.","note":null,"players":{"00-0027680":[{"sequence":3,"clubcode":"CHI","playerName":"M.Wright","statId":79,"yards":0}],"00-0021182":[{"sequence":2,"clubcode":"DET","playerName":"M.Morris","statId":10,"yards":6}],"0":[{"sequence":1,"clubcode":"DET","playerName":"","statId":3,"yards":0}]}},"1093":{"sp":0,"qtr":2,"down":1,"time":"13:51","yrdln":"DET 43","ydstogo":10,"ydsnet":31,"posteam":"DET","desc":"(13:51) S.Logan left end to CHI 40 for 17 yards (C.Tillman).","note":null,"players":{"00-0026491":[{"sequence":2,"clubcode":"DET","playerName":"S.Logan","statId":10,"yards":17}],"00-0022123":[{"sequence":3,"clubcode":"CHI","playerName":"C.Tillman","statId":79,"yards":0}],"0":[{"sequence":1,"clubcode":"DET","playerName":"","statId":3,"yards":0}]}},"1115":{"sp":0,"qtr":2,"down":1,"time":"13:17","yrdln":"CHI 40","ydstogo":10,"ydsnet":34,"posteam":"DET","desc":"(13:17) (Shotgun) M.Morris left tackle to CHI 37 for 3 yards (L.Briggs; B.Urlacher).","note":null,"players":{"00-0019456":[{"sequence":3,"clubcode":"CHI","playerName":"B.Urlacher","statId":82,"yards":0}],"00-0021182":[{"sequence":1,"clubcode":"DET","playerName":"M.Morris","statId":10,"yards":3}],"00-0022128":[{"sequence":2,"clubcode":"CHI","playerName":"L.Briggs","statId":82,"yards":0}]}},"1140":{"sp":0,"qtr":2,"down":2,"time":"12:49","yrdln":"CHI 37","ydstogo":7,"ydsnet":35,"posteam":"DET","desc":"(12:49) (No Huddle, Shotgun) M.Morris up the middle to CHI 36 for 1 yard (I.Idonije).","note":null,"players":{"00-0021182":[{"sequence":1,"clubcode":"DET","playerName":"M.Morris","statId":10,"yards":1}],"00-0021604":[{"sequence":2,"clubcode":"CHI","playerName":"I.Idonije","statId":79,"yards":0}]}},"1161":{"sp":0,"qtr":2,"down":3,"time":"12:22","yrdln":"CHI 36","ydstogo":6,"ydsnet":43,"posteam":"DET","desc":"(12:22) (Shotgun) D.Stanton pass short left to C.Johnson to CHI 28 for 8 yards (C.Tillman).","note":null,"players":{"00-0022123":[{"sequence":8,"clubcode":"CHI","playerName":"C.Tillman","statId":79,"yards":0}],"00-0025430":[{"sequence":3,"clubcode":"DET","playerName":"D.Stanton","statId":15,"yards":8},{"sequence":4,"clubcode":"DET","playerName":"D.Stanton","statId":111,"yards":6}],"0":[{"sequence":1,"clubcode":"DET","playerName":"","statId":4,"yards":0},{"sequence":2,"clubcode":"DET","playerName":"","statId":6,"yards":0}],"00-0025389":[{"sequence":5,"clubcode":"DET","playerName":"C.Johnson","statId":21,"yards":8},{"sequence":6,"clubcode":"DET","playerName":"C.Johnson","statId":115,"yards":0},{"sequence":7,"clubcode":"DET","playerName":"C.Johnson","statId":113,"yards":2}]}},"1185":{"sp":0,"qtr":2,"down":1,"time":"11:36","yrdln":"CHI 28","ydstogo":10,"ydsnet":44,"posteam":"DET","desc":"(11:36) J.Best right tackle to CHI 27 for 1 yard (R.Wilson).","note":null,"players":{"00-0027880":[{"sequence":1,"clubcode":"DET","playerName":"J.Best","statId":10,"yards":1}],"00-0023652":[{"sequence":2,"clubcode":"CHI","playerName":"R.Wilson","statId":79,"yards":0}]}},"1206":{"sp":0,"qtr":2,"down":2,"time":"11:01","yrdln":"CHI 27","ydstogo":9,"ydsnet":43,"posteam":"DET","desc":"(11:01) (Shotgun) J.Best up the middle to CHI 28 for -1 yards (D.Moore).","note":null,"players":{"00-0026907":[{"sequence":3,"clubcode":"CHI","playerName":"D.Moore","statId":79,"yards":0},{"sequence":4,"clubcode":"CHI","playerName":"D.Moore","statId":120,"yards":0}],"00-0027880":[{"sequence":1,"clubcode":"DET","playerName":"J.Best","statId":10,"yards":-1}],"0":[{"sequence":2,"clubcode":"DET","playerName":"","statId":95,"yards":-1}]}},"1227":{"sp":0,"qtr":2,"down":3,"time":"10:27","yrdln":"CHI 28","ydstogo":10,"ydsnet":33,"posteam":"DET","desc":"(10:27) (Shotgun) D.Stanton pass incomplete short right to N.Burleson. PENALTY on DET-B.Pettigrew, Offensive Pass Interference, 10 yards, enforced at CHI 28 - No Play.","note":"PENALTY","players":{"00-0026996":[{"sequence":1,"clubcode":"DET","playerName":"B.Pettigrew","statId":93,"yards":10}]}},"1260":{"sp":0,"qtr":2,"down":3,"time":"10:12","yrdln":"CHI 38","ydstogo":20,"ydsnet":39,"posteam":"DET","desc":"(10:12) (Shotgun) D.Stanton pass short right to T.Scheffler to CHI 32 for 6 yards (B.Urlacher).","note":null,"players":{"00-0025430":[{"sequence":2,"clubcode":"DET","playerName":"D.Stanton","statId":15,"yards":6},{"sequence":3,"clubcode":"DET","playerName":"D.Stanton","statId":111,"yards":4}],"00-0019456":[{"sequence":7,"clubcode":"CHI","playerName":"B.Urlacher","statId":79,"yards":0}],"0":[{"sequence":1,"clubcode":"DET","playerName":"","statId":7,"yards":0}],"00-0024276":[{"sequence":4,"clubcode":"DET","playerName":"T.Scheffler","statId":21,"yards":6},{"sequence":5,"clubcode":"DET","playerName":"T.Scheffler","statId":115,"yards":0},{"sequence":6,"clubcode":"DET","playerName":"T.Scheffler","statId":113,"yards":2}]}},"1284":{"sp":1,"qtr":2,"down":4,"time":"09:37","yrdln":"CHI 32","ydstogo":14,"ydsnet":39,"posteam":"DET","desc":"(9:37) D.Rayner 50 yard field goal is GOOD, Center-D.Muhlbach, Holder-N.Harris.","note":"FG","players":{"00-0023635":[{"sequence":1,"clubcode":"DET","playerName":"D.Rayner","statId":70,"yards":50}]}}},"fds":3,"result":"Field Goal","penyds":-10,"ydsgained":49,"numplays":13,"postime":"5:32","start":{"qtr":1,"time":"00:03","yrdln":"DET 29","team":"DET"},"end":{"qtr":1,"time":"09:31","yrdln":"CHI 32","team":"DET"}},"6":{"posteam":"CHI","qtr":2,"redzone":true,"plays":{"1303":{"sp":0,"qtr":2,"down":0,"time":"09:31","yrdln":"DET 30","ydstogo":0,"ydsnet":0,"posteam":"DET","desc":"D.Rayner kicks 68 yards from DET 30 to CHI 2. D.Hester to CHI 17 for 15 yards (B.Carpenter).","note":"KICKOFF","players":{"00-0024233":[{"sequence":4,"clubcode":"DET","playerName":"B.Carpenter","statId":79,"yards":0}],"00-0024272":[{"sequence":2,"clubcode":"CHI","playerName":"D.Hester","statId":45,"yards":15}],"00-0023635":[{"sequence":1,"clubcode":"DET","playerName":"D.Rayner","statId":41,"yards":68},{"sequence":3,"clubcode":"DET","playerName":"D.Rayner","statId":42,"yards":0}]}},"1325":{"sp":0,"qtr":2,"down":1,"time":"09:25","yrdln":"CHI 17","ydstogo":10,"ydsnet":6,"posteam":"CHI","desc":"(9:25) C.Taylor right end to CHI 23 for 6 yards (C.Avril).","note":null,"players":{"00-0021314":[{"sequence":1,"clubcode":"CHI","playerName":"C.Taylor","statId":10,"yards":6}],"00-0026232":[{"sequence":2,"clubcode":"DET","playerName":"C.Avril","statId":79,"yards":0}]}},"1346":{"sp":0,"qtr":2,"down":2,"time":"08:51","yrdln":"CHI 23","ydstogo":4,"ydsnet":13,"posteam":"CHI","desc":"(8:51) J.Cutler pass short middle to C.Taylor to CHI 30 for 7 yards (L.Johnson).","note":null,"players":{"00-0021314":[{"sequence":4,"clubcode":"CHI","playerName":"C.Taylor","statId":21,"yards":7},{"sequence":5,"clubcode":"CHI","playerName":"C.Taylor","statId":115,"yards":0},{"sequence":6,"clubcode":"CHI","playerName":"C.Taylor","statId":113,"yards":4}],"00-0024226":[{"sequence":2,"clubcode":"CHI","playerName":"J.Cutler","statId":15,"yards":7},{"sequence":3,"clubcode":"CHI","playerName":"J.Cutler","statId":111,"yards":3}],"00-0022860":[{"sequence":7,"clubcode":"DET","playerName":"L.Johnson","statId":79,"yards":0}],"0":[{"sequence":1,"clubcode":"CHI","playerName":"","statId":4,"yards":0}]}},"1370":{"sp":0,"qtr":2,"down":1,"time":"08:10","yrdln":"CHI 30","ydstogo":10,"ydsnet":13,"posteam":"CHI","desc":"(8:10) J.Cutler pass short left to C.Taylor to CHI 30 for no gain (C.Williams).","note":null,"players":{"00-0021314":[{"sequence":3,"clubcode":"CHI","playerName":"C.Taylor","statId":21,"yards":0},{"sequence":4,"clubcode":"CHI","playerName":"C.Taylor","statId":115,"yards":0},{"sequence":5,"clubcode":"CHI","playerName":"C.Taylor","statId":113,"yards":1}],"00-0024226":[{"sequence":1,"clubcode":"CHI","playerName":"J.Cutler","statId":15,"yards":0},{"sequence":2,"clubcode":"CHI","playerName":"J.Cutler","statId":111,"yards":-1}],"00-0022906":[{"sequence":6,"clubcode":"DET","playerName":"C.Williams","statId":79,"yards":0}]}},"1394":{"sp":0,"qtr":2,"down":2,"time":"07:27","yrdln":"CHI 30","ydstogo":10,"ydsnet":18,"posteam":"CHI","desc":"(7:27) PENALTY on DET-T.McBride, Defensive Offside, 5 yards, enforced at CHI 30 - No Play.","note":"PENALTY","players":{"00-0025441":[{"sequence":1,"clubcode":"DET","playerName":"T.McBride","statId":93,"yards":5}]}},"1417":{"sp":0,"qtr":2,"down":2,"time":"07:05","yrdln":"CHI 35","ydstogo":5,"ydsnet":27,"posteam":"CHI","desc":"(7:05) J.Cutler pass short right to C.Taylor to CHI 44 for 9 yards (C.Houston).","note":null,"players":{"00-0021314":[{"sequence":4,"clubcode":"CHI","playerName":"C.Taylor","statId":21,"yards":9},{"sequence":5,"clubcode":"CHI","playerName":"C.Taylor","statId":115,"yards":0},{"sequence":6,"clubcode":"CHI","playerName":"C.Taylor","statId":113,"yards":13}],"00-0024226":[{"sequence":2,"clubcode":"CHI","playerName":"J.Cutler","statId":15,"yards":9},{"sequence":3,"clubcode":"CHI","playerName":"J.Cutler","statId":111,"yards":-4}],"00-0025428":[{"sequence":7,"clubcode":"DET","playerName":"C.Houston","statId":79,"yards":0}],"0":[{"sequence":1,"clubcode":"CHI","playerName":"","statId":4,"yards":0}]}},"1441":{"sp":0,"qtr":2,"down":1,"time":"06:26","yrdln":"CHI 44","ydstogo":10,"ydsnet":27,"posteam":"CHI","desc":"(6:26) J.Cutler pass incomplete short left to D.Aromashodu (L.Jackson). ball tipped at the line.","note":null,"players":{"00-0024226":[{"sequence":1,"clubcode":"CHI","playerName":"J.Cutler","statId":14,"yards":0},{"sequence":4,"clubcode":"CHI","playerName":"J.Cutler","statId":112,"yards":2}],"00-0024447":[{"sequence":2,"clubcode":"CHI","playerName":"D.Aromashodu","statId":115,"yards":0}],"00-0026168":[{"sequence":3,"clubcode":"DET","playerName":"L.Jackson","statId":85,"yards":0}]}},"1463":{"sp":0,"qtr":2,"down":2,"time":"06:22","yrdln":"CHI 44","ydstogo":10,"ydsnet":36,"posteam":"CHI","desc":"(6:22) C.Taylor up the middle to DET 47 for 9 yards (L.Jackson; L.Johnson).","note":null,"players":{"00-0021314":[{"sequence":1,"clubcode":"CHI","playerName":"C.Taylor","statId":10,"yards":9}],"00-0022860":[{"sequence":3,"clubcode":"DET","playerName":"L.Johnson","statId":82,"yards":0}],"00-0026168":[{"sequence":2,"clubcode":"DET","playerName":"L.Jackson","statId":82,"yards":0}]}},"1488":{"sp":0,"qtr":2,"down":3,"time":"05:36","yrdln":"DET 47","ydstogo":1,"ydsnet":69,"posteam":"CHI","desc":"(5:36) J.Cutler pass short left to E.Bennett to DET 14 for 33 yards (A.Smith; A.Spievey).","note":null,"players":{"00-0024226":[{"sequence":3,"clubcode":"CHI","playerName":"J.Cutler","statId":15,"yards":33},{"sequence":4,"clubcode":"CHI","playerName":"J.Cutler","statId":111,"yards":10}],"00-0026210":[{"sequence":5,"clubcode":"CHI","playerName":"E.Bennett","statId":21,"yards":33},{"sequence":6,"clubcode":"CHI","playerName":"E.Bennett","statId":115,"yards":0},{"sequence":7,"clubcode":"CHI","playerName":"E.Bennett","statId":113,"yards":23}],"0":[{"sequence":1,"clubcode":"CHI","playerName":"","statId":4,"yards":0},{"sequence":2,"clubcode":"CHI","playerName":"","statId":6,"yards":0}],"00-0027671":[{"sequence":9,"clubcode":"DET","playerName":"A.Spievey","statId":82,"yards":0}],"00-0027013":[{"sequence":8,"clubcode":"DET","playerName":"A.Smith","statId":82,"yards":0}]}},"1512":{"sp":1,"qtr":2,"down":1,"time":"04:47","yrdln":"DET 14","ydstogo":10,"ydsnet":83,"posteam":"CHI","desc":"(4:47) M.Forte left end for 14 yards, TOUCHDOWN.","note":"TD","players":{"00-0026184":[{"sequence":2,"clubcode":"CHI","playerName":"M.Forte","statId":11,"yards":14}],"0":[{"sequence":1,"clubcode":"CHI","playerName":"","statId":3,"yards":0}]}},"1529":{"sp":1,"qtr":2,"down":0,"time":"04:40","yrdln":"DET 2","ydstogo":0,"ydsnet":83,"posteam":"CHI","desc":"R.Gould extra point is GOOD, Center-P.Mannelly, Holder-B.Maynard.","note":"XP","players":{"00-0023252":[{"sequence":1,"clubcode":"CHI","playerName":"R.Gould","statId":72,"yards":0}]}}},"fds":4,"result":"Touchdown","penyds":5,"ydsgained":78,"numplays":11,"postime":"4:51","start":{"qtr":2,"time":"09:31","yrdln":"CHI 17","team":"CHI"},"end":{"qtr":2,"time":"04:40","yrdln":"DET 14","team":"CHI"}},"7":{"posteam":"DET","qtr":2,"redzone":true,"plays":{"1545":{"sp":0,"qtr":2,"down":0,"time":"04:40","yrdln":"CHI 30","ydstogo":0,"ydsnet":0,"posteam":"CHI","desc":"R.Gould kicks 74 yards from CHI 30 to DET -4. S.Logan to DET 19 for 23 yards (Z.Bowman).","note":"KICKOFF","players":{"00-0026282":[{"sequence":4,"clubcode":"CHI","playerName":"Z.Bowman","statId":79,"yards":0}],"00-0026491":[{"sequence":2,"clubcode":"DET","playerName":"S.Logan","statId":45,"yards":23}],"00-0023252":[{"sequence":1,"clubcode":"CHI","playerName":"R.Gould","statId":43,"yards":74},{"sequence":3,"clubcode":"CHI","playerName":"R.Gould","statId":42,"yards":0}]}},"1567":{"sp":0,"qtr":2,"down":1,"time":"04:33","yrdln":"DET 19","ydstogo":10,"ydsnet":32,"posteam":"DET","desc":"(4:33) (Shotgun) D.Stanton pass short right to J.Best pushed ob at CHI 49 for 32 yards (D.Manning).","note":null,"players":{"00-0027880":[{"sequence":4,"clubcode":"DET","playerName":"J.Best","statId":21,"yards":32},{"sequence":5,"clubcode":"DET","playerName":"J.Best","statId":115,"yards":0},{"sequence":6,"clubcode":"DET","playerName":"J.Best","statId":113,"yards":37}],"00-0024257":[{"sequence":7,"clubcode":"CHI","playerName":"D.Manning","statId":79,"yards":0}],"00-0025430":[{"sequence":2,"clubcode":"DET","playerName":"D.Stanton","statId":15,"yards":32},{"sequence":3,"clubcode":"DET","playerName":"D.Stanton","statId":111,"yards":-5}],"0":[{"sequence":1,"clubcode":"DET","playerName":"","statId":4,"yards":0}]}},"1596":{"sp":0,"qtr":2,"down":1,"time":"04:07","yrdln":"CHI 49","ydstogo":10,"ydsnet":33,"posteam":"DET","desc":"(4:07) S.Logan right end to CHI 48 for 1 yard (B.Urlacher; J.Peppers).","note":null,"players":{"00-0026491":[{"sequence":1,"clubcode":"DET","playerName":"S.Logan","statId":10,"yards":1}],"00-0019456":[{"sequence":2,"clubcode":"CHI","playerName":"B.Urlacher","statId":82,"yards":0}],"00-0021140":[{"sequence":3,"clubcode":"CHI","playerName":"J.Peppers","statId":82,"yards":0}]}},"1617":{"sp":0,"qtr":2,"down":2,"time":"03:32","yrdln":"CHI 48","ydstogo":9,"ydsnet":39,"posteam":"DET","desc":"(3:32) (Shotgun) D.Stanton pass short right to B.Pettigrew to CHI 42 for 6 yards (L.Briggs).","note":null,"players":{"00-0025430":[{"sequence":1,"clubcode":"DET","playerName":"D.Stanton","statId":15,"yards":6},{"sequence":2,"clubcode":"DET","playerName":"D.Stanton","statId":111,"yards":4}],"00-0026996":[{"sequence":3,"clubcode":"DET","playerName":"B.Pettigrew","statId":21,"yards":6},{"sequence":4,"clubcode":"DET","playerName":"B.Pettigrew","statId":115,"yards":0},{"sequence":5,"clubcode":"DET","playerName":"B.Pettigrew","statId":113,"yards":2}],"00-0022128":[{"sequence":6,"clubcode":"CHI","playerName":"L.Briggs","statId":79,"yards":0}]}},"1641":{"sp":0,"qtr":2,"down":3,"time":"02:50","yrdln":"CHI 42","ydstogo":3,"ydsnet":39,"posteam":"DET","desc":"(2:50) (Shotgun) D.Stanton pass incomplete short middle to B.Pettigrew (D.Manning).","note":null,"players":{"00-0024257":[{"sequence":4,"clubcode":"CHI","playerName":"D.Manning","statId":85,"yards":0}],"00-0025430":[{"sequence":2,"clubcode":"DET","playerName":"D.Stanton","statId":14,"yards":0},{"sequence":5,"clubcode":"DET","playerName":"D.Stanton","statId":112,"yards":3}],"0":[{"sequence":1,"clubcode":"DET","playerName":"","statId":7,"yards":0}],"00-0026996":[{"sequence":3,"clubcode":"DET","playerName":"B.Pettigrew","statId":115,"yards":0}]}},"1663":{"sp":0,"qtr":2,"down":4,"time":"02:45","yrdln":"CHI 42","ydstogo":3,"ydsnet":39,"posteam":"DET","desc":"(2:45) N.Harris punts 30 yards to CHI 12, Center-D.Muhlbach, out of bounds.","note":"PUNT","players":{"0":[{"sequence":3,"clubcode":"CHI","playerName":"","statId":37,"yards":0}],"00-0020267":[{"sequence":1,"clubcode":"DET","playerName":"N.Harris","statId":29,"yards":30},{"sequence":2,"clubcode":"DET","playerName":"N.Harris","statId":30,"yards":0}]}}},"fds":1,"result":"Punt","penyds":0,"ydsgained":39,"numplays":6,"postime":"2:03","start":{"qtr":2,"time":"04:40","yrdln":"DET 19","team":"DET"},"end":{"qtr":2,"time":"02:37","yrdln":"CHI 42","team":"DET"}},"8":{"posteam":"CHI","qtr":2,"redzone":true,"plays":{"1685":{"sp":0,"qtr":2,"down":1,"time":"02:37","yrdln":"CHI 12","ydstogo":10,"ydsnet":20,"posteam":"CHI","desc":"(2:37) J.Cutler pass short left to J.Knox to CHI 32 for 20 yards (A.Spievey).","note":null,"players":{"00-0024226":[{"sequence":2,"clubcode":"CHI","playerName":"J.Cutler","statId":15,"yards":20},{"sequence":3,"clubcode":"CHI","playerName":"J.Cutler","statId":111,"yards":9}],"0":[{"sequence":1,"clubcode":"CHI","playerName":"","statId":4,"yards":0}],"00-0027671":[{"sequence":7,"clubcode":"DET","playerName":"A.Spievey","statId":79,"yards":0}],"00-0026913":[{"sequence":4,"clubcode":"CHI","playerName":"J.Knox","statId":21,"yards":20},{"sequence":5,"clubcode":"CHI","playerName":"J.Knox","statId":115,"yards":0},{"sequence":6,"clubcode":"CHI","playerName":"J.Knox","statId":113,"yards":11}]}},"1709":{"sp":0,"qtr":2,"down":1,"time":"02:01","yrdln":"CHI 32","ydstogo":10,"ydsnet":36,"posteam":"CHI","desc":"(2:01) J.Cutler pass short middle to M.Forte to CHI 48 for 16 yards (L.Delmas).","note":null,"players":{"00-0024226":[{"sequence":2,"clubcode":"CHI","playerName":"J.Cutler","statId":15,"yards":16},{"sequence":3,"clubcode":"CHI","playerName":"J.Cutler","statId":111,"yards":2}],"00-0027009":[{"sequence":7,"clubcode":"DET","playerName":"L.Delmas","statId":79,"yards":0}],"00-0026184":[{"sequence":4,"clubcode":"CHI","playerName":"M.Forte","statId":21,"yards":16},{"sequence":5,"clubcode":"CHI","playerName":"M.Forte","statId":115,"yards":0},{"sequence":6,"clubcode":"CHI","playerName":"M.Forte","statId":113,"yards":14}],"0":[{"sequence":1,"clubcode":"CHI","playerName":"","statId":4,"yards":0}]}},"1733":{"sp":0,"qtr":2,"down":0,"time":"01:52","yrdln":"","ydstogo":0,"ydsnet":36,"posteam":"","desc":"Two-Minute Warning","note":null,"players":{}},"1750":{"sp":0,"qtr":2,"down":1,"time":"01:52","yrdln":"CHI 48","ydstogo":10,"ydsnet":36,"posteam":"CHI","desc":"(1:52) (Shotgun) J.Cutler pass incomplete short right to D.Hester (C.Houston).","note":null,"players":{"00-0024272":[{"sequence":2,"clubcode":"CHI","playerName":"D.Hester","statId":115,"yards":0}],"00-0024226":[{"sequence":1,"clubcode":"CHI","playerName":"J.Cutler","statId":14,"yards":0},{"sequence":4,"clubcode":"CHI","playerName":"J.Cutler","statId":112,"yards":11}],"00-0025428":[{"sequence":3,"clubcode":"DET","playerName":"C.Houston","statId":85,"yards":0}]}},"1772":{"sp":0,"qtr":2,"down":2,"time":"01:46","yrdln":"CHI 48","ydstogo":10,"ydsnet":36,"posteam":"CHI","desc":"(1:46) J.Cutler pass incomplete deep right to D.Hester (C.Houston). Penalty on CHI-O.Kreutz, Offensive Holding, offsetting, enforced at CHI 48 - No Play. Penalty on DET-C.Avril, Roughing the Passer, offsetting.","note":null,"players":{}},"1805":{"sp":0,"qtr":2,"down":2,"time":"01:37","yrdln":"CHI 48","ydstogo":10,"ydsnet":44,"posteam":"CHI","desc":"(1:37) (Shotgun) J.Cutler pass short left to J.Knox to DET 44 for 8 yards (A.Smith, L.Delmas).","note":null,"players":{"00-0024226":[{"sequence":1,"clubcode":"CHI","playerName":"J.Cutler","statId":15,"yards":8},{"sequence":2,"clubcode":"CHI","playerName":"J.Cutler","statId":111,"yards":7}],"00-0027009":[{"sequence":7,"clubcode":"DET","playerName":"L.Delmas","statId":82,"yards":0}],"00-0027013":[{"sequence":6,"clubcode":"DET","playerName":"A.Smith","statId":80,"yards":0}],"00-0026913":[{"sequence":3,"clubcode":"CHI","playerName":"J.Knox","statId":21,"yards":8},{"sequence":4,"clubcode":"CHI","playerName":"J.Knox","statId":115,"yards":0},{"sequence":5,"clubcode":"CHI","playerName":"J.Knox","statId":113,"yards":1}]}},"1829":{"sp":0,"qtr":2,"down":3,"time":"01:09","yrdln":"DET 44","ydstogo":2,"ydsnet":44,"posteam":"CHI","desc":"(1:09) (No Huddle, Shotgun) J.Cutler pass incomplete short left to E.Bennett (N.Suh) [T.McBride].","note":null,"players":{"00-0024226":[{"sequence":2,"clubcode":"CHI","playerName":"J.Cutler","statId":14,"yards":0},{"sequence":6,"clubcode":"CHI","playerName":"J.Cutler","statId":112,"yards":4}],"00-0025441":[{"sequence":5,"clubcode":"DET","playerName":"T.McBride","statId":110,"yards":0}],"00-0026210":[{"sequence":3,"clubcode":"CHI","playerName":"E.Bennett","statId":115,"yards":0}],"00-0027855":[{"sequence":4,"clubcode":"DET","playerName":"N.Suh","statId":85,"yards":0}],"0":[{"sequence":1,"clubcode":"CHI","playerName":"","statId":7,"yards":0}]}},"1851":{"sp":0,"qtr":2,"down":4,"time":"01:04","yrdln":"DET 44","ydstogo":2,"ydsnet":44,"posteam":"CHI","desc":"(1:04) B.Maynard punts 35 yards to DET 9, Center-P.Mannelly, downed by CHI-G.Wolfe.","note":"PUNT","players":{"00-0010609":[{"sequence":1,"clubcode":"CHI","playerName":"B.Maynard","statId":29,"yards":35},{"sequence":2,"clubcode":"CHI","playerName":"B.Maynard","statId":30,"yards":0}],"0":[{"sequence":3,"clubcode":"DET","playerName":"","statId":38,"yards":0}]}}},"fds":2,"result":"Punt","penyds":0,"ydsgained":44,"numplays":8,"postime":"1:44","start":{"qtr":2,"time":"02:37","yrdln":"CHI 12","team":"CHI"},"end":{"qtr":2,"time":"00:53","yrdln":"DET 44","team":"CHI"}},"9":{"posteam":"DET","qtr":2,"redzone":true,"plays":{"1874":{"sp":0,"qtr":2,"down":1,"time":"00:53","yrdln":"DET 9","ydstogo":10,"ydsnet":45,"posteam":"DET","desc":"(:53) J.Best right tackle pushed ob at CHI 46 for 45 yards (D.Manning).","note":null,"players":{"00-0027880":[{"sequence":2,"clubcode":"DET","playerName":"J.Best","statId":10,"yards":45}],"00-0024257":[{"sequence":3,"clubcode":"CHI","playerName":"D.Manning","statId":79,"yards":0}],"0":[{"sequence":1,"clubcode":"DET","playerName":"","statId":3,"yards":0}]}},"1895":{"sp":1,"qtr":2,"down":1,"time":"00:43","yrdln":"CHI 46","ydstogo":10,"ydsnet":91,"posteam":"DET","desc":"(:43) (Shotgun) D.Stanton pass short middle to C.Johnson for 46 yards, TOUCHDOWN.","note":"TD","players":{"00-0025430":[{"sequence":2,"clubcode":"DET","playerName":"D.Stanton","statId":16,"yards":46},{"sequence":3,"clubcode":"DET","playerName":"D.Stanton","statId":111,"yards":10}],"0":[{"sequence":1,"clubcode":"DET","playerName":"","statId":4,"yards":0}],"00-0025389":[{"sequence":4,"clubcode":"DET","playerName":"C.Johnson","statId":22,"yards":46},{"sequence":5,"clubcode":"DET","playerName":"C.Johnson","statId":115,"yards":0},{"sequence":6,"clubcode":"DET","playerName":"C.Johnson","statId":113,"yards":36}]}},"1915":{"sp":1,"qtr":2,"down":0,"time":"00:34","yrdln":"CHI 2","ydstogo":0,"ydsnet":91,"posteam":"DET","desc":"D.Rayner extra point is GOOD, Center-D.Muhlbach, Holder-N.Harris.","note":"XP","players":{"00-0023635":[{"sequence":1,"clubcode":"DET","playerName":"D.Rayner","statId":72,"yards":0}]}}},"fds":2,"result":"Touchdown","penyds":0,"ydsgained":91,"numplays":3,"postime":"0:19","start":{"qtr":2,"time":"00:53","yrdln":"DET 9","team":"DET"},"end":{"qtr":2,"time":"00:34","yrdln":"CHI 46","team":"DET"}},"10":{"posteam":"CHI","qtr":2,"redzone":true,"plays":{"1931":{"sp":0,"qtr":2,"down":0,"time":"00:34","yrdln":"DET 30","ydstogo":0,"ydsnet":0,"posteam":"DET","desc":"D.Rayner kicks 67 yards from DET 30 to CHI 3. D.Hester to CHI 24 for 21 yards (C.Brown).","note":"KICKOFF","players":{"00-0024272":[{"sequence":2,"clubcode":"CHI","playerName":"D.Hester","statId":45,"yards":21}],"00-0023621":[{"sequence":3,"clubcode":"DET","playerName":"C.Brown","statId":79,"yards":0}],"00-0023635":[{"sequence":1,"clubcode":"DET","playerName":"D.Rayner","statId":41,"yards":67}]}},"1953":{"sp":0,"qtr":2,"down":1,"time":"00:29","yrdln":"CHI 24","ydstogo":10,"ydsnet":-1,"posteam":"CHI","desc":"(:29) J.Cutler kneels to CHI 23 for -1 yards.","note":null,"players":{"00-0024226":[{"sequence":1,"clubcode":"CHI","playerName":"J.Cutler","statId":10,"yards":-1}]}},"1974":{"sp":0,"qtr":2,"down":0,"time":"","yrdln":"","ydstogo":0,"ydsnet":-1,"posteam":"","desc":"END QUARTER 2","note":null,"players":{}}},"fds":0,"result":"End of Half","penyds":0,"ydsgained":-1,"numplays":3,"postime":"0:34","start":{"qtr":2,"time":"00:34","yrdln":"CHI 24","team":"CHI"},"end":{"qtr":2,"time":"00:00","yrdln":"CHI 24","team":"CHI"}},"11":{"posteam":"CHI","qtr":3,"redzone":true,"plays":{"1990":{"sp":0,"qtr":3,"down":0,"time":"15:00","yrdln":"DET 30","ydstogo":0,"ydsnet":0,"posteam":"DET","desc":"D.Rayner kicks 69 yards from DET 30 to CHI 1. D.Hester pushed ob at CHI 21 for 20 yards (A.Spievey).","note":"KICKOFF","players":{"00-0024272":[{"sequence":2,"clubcode":"CHI","playerName":"D.Hester","statId":45,"yards":20}],"00-0027671":[{"sequence":3,"clubcode":"DET","playerName":"A.Spievey","statId":79,"yards":0}],"00-0023635":[{"sequence":1,"clubcode":"DET","playerName":"D.Rayner","statId":41,"yards":69}]}},"2017":{"sp":0,"qtr":3,"down":1,"time":"14:54","yrdln":"CHI 21","ydstogo":10,"ydsnet":4,"posteam":"CHI","desc":"(14:54) M.Forte up the middle to CHI 25 for 4 yards (D.Levy).","note":null,"players":{"00-0027050":[{"sequence":2,"clubcode":"DET","playerName":"D.Levy","statId":79,"yards":0}],"00-0026184":[{"sequence":1,"clubcode":"CHI","playerName":"M.Forte","statId":10,"yards":4}]}},"2038":{"sp":0,"qtr":3,"down":2,"time":"14:17","yrdln":"CHI 25","ydstogo":6,"ydsnet":-12,"posteam":"CHI","desc":"(14:17) J.Cutler sacked at CHI 12 for -13 yards (T.McBride). FUMBLES (T.McBride), RECOVERED by DET-T.McBride at CHI 9. T.McBride to CHI 9 for no gain (J.Cutler).","note":"FUMBLE","players":{"00-0024226":[{"sequence":1,"clubcode":"CHI","playerName":"J.Cutler","statId":20,"yards":-16},{"sequence":4,"clubcode":"CHI","playerName":"J.Cutler","statId":52,"yards":0},{"sequence":5,"clubcode":"CHI","playerName":"J.Cutler","statId":106,"yards":0},{"sequence":8,"clubcode":"CHI","playerName":"J.Cutler","statId":79,"yards":0}],"00-0025441":[{"sequence":2,"clubcode":"DET","playerName":"T.McBride","statId":83,"yards":-16},{"sequence":3,"clubcode":"DET","playerName":"T.McBride","statId":79,"yards":0},{"sequence":6,"clubcode":"DET","playerName":"T.McBride","statId":91,"yards":0},{"sequence":7,"clubcode":"DET","playerName":"T.McBride","statId":59,"yards":0}]}}},"fds":0,"result":"Fumble","penyds":0,"ydsgained":-12,"numplays":3,"postime":"0:50","start":{"qtr":3,"time":"15:00","yrdln":"CHI 21","team":"CHI"},"end":{"qtr":3,"time":"14:10","yrdln":"CHI 25","team":"CHI"}},"12":{"posteam":"DET","qtr":3,"redzone":true,"plays":{"2067":{"sp":0,"qtr":3,"down":1,"time":"14:10","yrdln":"CHI 9","ydstogo":9,"ydsnet":1,"posteam":"DET","desc":"(14:10) (Shotgun) M.Morris up the middle to CHI 8 for 1 yard (B.Urlacher).","note":null,"players":{"00-0019456":[{"sequence":2,"clubcode":"CHI","playerName":"B.Urlacher","statId":79,"yards":0}],"00-0021182":[{"sequence":1,"clubcode":"DET","playerName":"M.Morris","statId":10,"yards":1}]}},"2088":{"sp":0,"qtr":3,"down":2,"time":"13:48","yrdln":"CHI 8","ydstogo":8,"ydsnet":0,"posteam":"DET","desc":"(13:48) D.Stanton sacked ob at CHI 9 for -1 yards (J.Peppers).","note":null,"players":{"00-0025430":[{"sequence":1,"clubcode":"DET","playerName":"D.Stanton","statId":20,"yards":-1}],"00-0021140":[{"sequence":2,"clubcode":"CHI","playerName":"J.Peppers","statId":83,"yards":-1},{"sequence":3,"clubcode":"CHI","playerName":"J.Peppers","statId":79,"yards":0},{"sequence":4,"clubcode":"CHI","playerName":"J.Peppers","statId":120,"yards":0}]}},"2107":{"sp":0,"qtr":3,"down":3,"time":"13:16","yrdln":"CHI 9","ydstogo":9,"ydsnet":2,"posteam":"DET","desc":"(13:16) (Shotgun) D.Stanton pass short right to B.Pettigrew to CHI 7 for 2 yards (D.Moore).","note":null,"players":{"00-0026907":[{"sequence":7,"clubcode":"CHI","playerName":"D.Moore","statId":79,"yards":0}],"00-0025430":[{"sequence":2,"clubcode":"DET","playerName":"D.Stanton","statId":15,"yards":2},{"sequence":3,"clubcode":"DET","playerName":"D.Stanton","statId":111,"yards":-1}],"0":[{"sequence":1,"clubcode":"DET","playerName":"","statId":7,"yards":0}],"00-0026996":[{"sequence":4,"clubcode":"DET","playerName":"B.Pettigrew","statId":21,"yards":2},{"sequence":5,"clubcode":"DET","playerName":"B.Pettigrew","statId":115,"yards":0},{"sequence":6,"clubcode":"DET","playerName":"B.Pettigrew","statId":113,"yards":3}]}},"2131":{"sp":1,"qtr":3,"down":4,"time":"12:42","yrdln":"CHI 7","ydstogo":7,"ydsnet":2,"posteam":"DET","desc":"(12:42) D.Rayner 25 yard field goal is GOOD, Center-D.Muhlbach, Holder-N.Harris.","note":"FG","players":{"00-0023635":[{"sequence":1,"clubcode":"DET","playerName":"D.Rayner","statId":70,"yards":25}]}}},"fds":0,"result":"Field Goal","penyds":0,"ydsgained":2,"numplays":4,"postime":"1:32","start":{"qtr":3,"time":"14:10","yrdln":"CHI 9","team":"DET"},"end":{"qtr":3,"time":"12:38","yrdln":"CHI 7","team":"DET"}},"13":{"posteam":"CHI","qtr":3,"redzone":true,"plays":{"2150":{"sp":0,"qtr":3,"down":0,"time":"12:38","yrdln":"DET 30","ydstogo":0,"ydsnet":0,"posteam":"DET","desc":"D.Rayner kicks 68 yards from DET 30 to CHI 2. D.Manning to CHI 28 for 26 yards (J.Wendling).","note":"KICKOFF","players":{"00-0024257":[{"sequence":2,"clubcode":"CHI","playerName":"D.Manning","statId":45,"yards":26}],"00-0025571":[{"sequence":3,"clubcode":"DET","playerName":"J.Wendling","statId":79,"yards":0}],"00-0023635":[{"sequence":1,"clubcode":"DET","playerName":"D.Rayner","statId":41,"yards":68}]}},"2172":{"sp":0,"qtr":3,"down":1,"time":"12:31","yrdln":"CHI 28","ydstogo":10,"ydsnet":3,"posteam":"CHI","desc":"(12:31) M.Forte left tackle to CHI 31 for 3 yards (L.Johnson; J.Peterson).","note":null,"players":{"00-0022860":[{"sequence":2,"clubcode":"DET","playerName":"L.Johnson","statId":82,"yards":0}],"00-0026184":[{"sequence":1,"clubcode":"CHI","playerName":"M.Forte","statId":10,"yards":3}],"00-0019695":[{"sequence":3,"clubcode":"DET","playerName":"J.Peterson","statId":82,"yards":0}]}},"2193":{"sp":0,"qtr":3,"down":2,"time":"11:59","yrdln":"CHI 31","ydstogo":7,"ydsnet":11,"posteam":"CHI","desc":"(11:59) J.Cutler pass short right to E.Bennett to CHI 39 for 8 yards (D.Levy).","note":null,"players":{"00-0027050":[{"sequence":7,"clubcode":"DET","playerName":"D.Levy","statId":79,"yards":0}],"00-0024226":[{"sequence":2,"clubcode":"CHI","playerName":"J.Cutler","statId":15,"yards":8},{"sequence":3,"clubcode":"CHI","playerName":"J.Cutler","statId":111,"yards":4}],"00-0026210":[{"sequence":4,"clubcode":"CHI","playerName":"E.Bennett","statId":21,"yards":8},{"sequence":5,"clubcode":"CHI","playerName":"E.Bennett","statId":115,"yards":0},{"sequence":6,"clubcode":"CHI","playerName":"E.Bennett","statId":113,"yards":4}],"0":[{"sequence":1,"clubcode":"CHI","playerName":"","statId":4,"yards":0}]}},"2217":{"sp":0,"qtr":3,"down":1,"time":"11:25","yrdln":"CHI 39","ydstogo":10,"ydsnet":15,"posteam":"CHI","desc":"(11:25) M.Forte up the middle to CHI 43 for 4 yards (J.Peterson).","note":null,"players":{"00-0026184":[{"sequence":1,"clubcode":"CHI","playerName":"M.Forte","statId":10,"yards":4}],"00-0019695":[{"sequence":2,"clubcode":"DET","playerName":"J.Peterson","statId":79,"yards":0}]}},"2238":{"sp":0,"qtr":3,"down":2,"time":"10:44","yrdln":"CHI 43","ydstogo":6,"ydsnet":17,"posteam":"CHI","desc":"(10:44) M.Forte up the middle to CHI 45 for 2 yards (C.Williams).","note":null,"players":{"00-0026184":[{"sequence":1,"clubcode":"CHI","playerName":"M.Forte","statId":10,"yards":2}],"00-0022906":[{"sequence":2,"clubcode":"DET","playerName":"C.Williams","statId":79,"yards":0}]}},"2259":{"sp":0,"qtr":3,"down":3,"time":"10:00","yrdln":"CHI 45","ydstogo":4,"ydsnet":24,"posteam":"CHI","desc":"(10:00) J.Cutler scrambles right end to DET 48 for 7 yards (L.Delmas).","note":null,"players":{"00-0024226":[{"sequence":3,"clubcode":"CHI","playerName":"J.Cutler","statId":10,"yards":7}],"00-0027009":[{"sequence":4,"clubcode":"DET","playerName":"L.Delmas","statId":79,"yards":0}],"0":[{"sequence":1,"clubcode":"CHI","playerName":"","statId":3,"yards":0},{"sequence":2,"clubcode":"CHI","playerName":"","statId":6,"yards":0}]}},"2280":{"sp":0,"qtr":3,"down":1,"time":"09:12","yrdln":"DET 48","ydstogo":10,"ydsnet":23,"posteam":"CHI","desc":"(9:12) C.Taylor right end to DET 49 for -1 yards (A.Spievey).","note":null,"players":{"00-0021314":[{"sequence":1,"clubcode":"CHI","playerName":"C.Taylor","statId":10,"yards":-1}],"0":[{"sequence":2,"clubcode":"CHI","playerName":"","statId":95,"yards":-1}],"00-0027671":[{"sequence":3,"clubcode":"DET","playerName":"A.Spievey","statId":79,"yards":0},{"sequence":4,"clubcode":"DET","playerName":"A.Spievey","statId":120,"yards":0}]}},"2301":{"sp":0,"qtr":3,"down":2,"time":"08:30","yrdln":"DET 49","ydstogo":11,"ydsnet":26,"posteam":"CHI","desc":"(8:30) C.Taylor up the middle to DET 46 for 3 yards (L.Jackson).","note":null,"players":{"00-0021314":[{"sequence":1,"clubcode":"CHI","playerName":"C.Taylor","statId":10,"yards":3}],"00-0026168":[{"sequence":2,"clubcode":"DET","playerName":"L.Jackson","statId":79,"yards":0}]}},"2322":{"sp":0,"qtr":3,"down":3,"time":"07:45","yrdln":"DET 46","ydstogo":8,"ydsnet":19,"posteam":"CHI","desc":"(7:45) J.Cutler sacked at CHI 47 for -7 yards (C.Avril).","note":null,"players":{"00-0024226":[{"sequence":2,"clubcode":"CHI","playerName":"J.Cutler","statId":20,"yards":-7}],"00-0026232":[{"sequence":3,"clubcode":"DET","playerName":"C.Avril","statId":83,"yards":-7},{"sequence":4,"clubcode":"DET","playerName":"C.Avril","statId":110,"yards":0},{"sequence":5,"clubcode":"DET","playerName":"C.Avril","statId":79,"yards":0},{"sequence":6,"clubcode":"DET","playerName":"C.Avril","statId":120,"yards":0}],"0":[{"sequence":1,"clubcode":"CHI","playerName":"","statId":7,"yards":0}]}},"2341":{"sp":0,"qtr":3,"down":4,"time":"07:14","yrdln":"CHI 47","ydstogo":15,"ydsnet":19,"posteam":"CHI","desc":"(7:14) B.Maynard punts 50 yards to DET 3, Center-P.Mannelly, downed by CHI-K.Davis.","note":"PUNT","players":{"00-0010609":[{"sequence":1,"clubcode":"CHI","playerName":"B.Maynard","statId":29,"yards":50},{"sequence":2,"clubcode":"CHI","playerName":"B.Maynard","statId":30,"yards":0}],"0":[{"sequence":3,"clubcode":"DET","playerName":"","statId":38,"yards":0}]}}},"fds":2,"result":"Punt","penyds":0,"ydsgained":19,"numplays":10,"postime":"5:37","start":{"qtr":3,"time":"12:38","yrdln":"CHI 28","team":"CHI"},"end":{"qtr":3,"time":"07:01","yrdln":"CHI 47","team":"CHI"}},"14":{"posteam":"DET","qtr":3,"redzone":true,"plays":{"2360":{"sp":0,"qtr":3,"down":1,"time":"07:01","yrdln":"DET 3","ydstogo":10,"ydsnet":2,"posteam":"DET","desc":"(7:01) J.Best right tackle to DET 5 for 2 yards (R.Wilson; B.Urlacher).","note":null,"players":{"00-0027880":[{"sequence":1,"clubcode":"DET","playerName":"J.Best","statId":10,"yards":2}],"00-0019456":[{"sequence":3,"clubcode":"CHI","playerName":"B.Urlacher","statId":82,"yards":0}],"00-0023652":[{"sequence":2,"clubcode":"CHI","playerName":"R.Wilson","statId":82,"yards":0}]}},"2381":{"sp":0,"qtr":3,"down":2,"time":"06:27","yrdln":"DET 5","ydstogo":8,"ydsnet":4,"posteam":"DET","desc":"(6:27) J.Best left end to DET 7 for 2 yards (I.Idonije).","note":null,"players":{"00-0027880":[{"sequence":1,"clubcode":"DET","playerName":"J.Best","statId":10,"yards":2}],"00-0021604":[{"sequence":2,"clubcode":"CHI","playerName":"I.Idonije","statId":79,"yards":0}]}},"2402":{"sp":0,"qtr":3,"down":3,"time":"05:48","yrdln":"DET 7","ydstogo":6,"ydsnet":4,"posteam":"DET","desc":"(5:48) (Shotgun) D.Stanton pass incomplete short middle to B.Pettigrew.","note":null,"players":{"00-0025430":[{"sequence":2,"clubcode":"DET","playerName":"D.Stanton","statId":14,"yards":0},{"sequence":4,"clubcode":"DET","playerName":"D.Stanton","statId":112,"yards":3}],"0":[{"sequence":1,"clubcode":"DET","playerName":"","statId":7,"yards":0}],"00-0026996":[{"sequence":3,"clubcode":"DET","playerName":"B.Pettigrew","statId":115,"yards":0}]}},"2424":{"sp":0,"qtr":3,"down":4,"time":"05:43","yrdln":"DET 7","ydstogo":6,"ydsnet":4,"posteam":"DET","desc":"(5:43) N.Harris punts 54 yards to CHI 39, Center-D.Muhlbach. D.Hester to DET 31 for 30 yards (N.Harris).","note":"PUNT","players":{"00-0024272":[{"sequence":2,"clubcode":"CHI","playerName":"D.Hester","statId":33,"yards":30}],"00-0020267":[{"sequence":1,"clubcode":"DET","playerName":"N.Harris","statId":29,"yards":54},{"sequence":3,"clubcode":"DET","playerName":"N.Harris","statId":79,"yards":0}]}}},"fds":0,"result":"Punt","penyds":0,"ydsgained":4,"numplays":4,"postime":"1:32","start":{"qtr":3,"time":"07:01","yrdln":"DET 3","team":"DET"},"end":{"qtr":3,"time":"05:29","yrdln":"DET 7","team":"DET"}},"15":{"posteam":"CHI","qtr":3,"redzone":true,"plays":{"2449":{"sp":0,"qtr":3,"down":1,"time":"05:29","yrdln":"DET 31","ydstogo":10,"ydsnet":-10,"posteam":"CHI","desc":"(5:29) C.Taylor up the middle to DET 30 for 1 yard (L.Delmas). PENALTY on CHI-G.Olsen, Offensive Holding, 10 yards, enforced at DET 31 - No Play.","note":"PENALTY","players":{"00-0025418":[{"sequence":1,"clubcode":"CHI","playerName":"G.Olsen","statId":93,"yards":10}]}},"2481":{"sp":0,"qtr":3,"down":1,"time":"05:04","yrdln":"DET 41","ydstogo":20,"ydsnet":-3,"posteam":"CHI","desc":"(5:04) C.Taylor right tackle to DET 34 for 7 yards (D.Levy; A.Spievey).","note":null,"players":{"00-0027050":[{"sequence":2,"clubcode":"DET","playerName":"D.Levy","statId":82,"yards":0}],"00-0021314":[{"sequence":1,"clubcode":"CHI","playerName":"C.Taylor","statId":10,"yards":7}],"00-0027671":[{"sequence":3,"clubcode":"DET","playerName":"A.Spievey","statId":82,"yards":0}]}},"2502":{"sp":0,"qtr":3,"down":2,"time":"04:20","yrdln":"DET 34","ydstogo":13,"ydsnet":-5,"posteam":"CHI","desc":"(4:20) J.Cutler sacked at DET 40 for -6 yards (C.Avril).","note":null,"players":{"00-0024226":[{"sequence":1,"clubcode":"CHI","playerName":"J.Cutler","statId":20,"yards":-6}],"00-0026232":[{"sequence":2,"clubcode":"DET","playerName":"C.Avril","statId":83,"yards":-6},{"sequence":3,"clubcode":"DET","playerName":"C.Avril","statId":110,"yards":0},{"sequence":4,"clubcode":"DET","playerName":"C.Avril","statId":79,"yards":0},{"sequence":5,"clubcode":"DET","playerName":"C.Avril","statId":120,"yards":0}]}},"2521":{"sp":0,"qtr":3,"down":3,"time":"03:42","yrdln":"DET 40","ydstogo":19,"ydsnet":-14,"posteam":"CHI","desc":"(3:42) (Shotgun) PENALTY on CHI-J.Cutler, Delay of Game, 5 yards, enforced at DET 40 - No Play.","note":"PENALTY","players":{"00-0024226":[{"sequence":1,"clubcode":"CHI","playerName":"J.Cutler","statId":93,"yards":5}]}},"2544":{"sp":0,"qtr":3,"down":3,"time":"03:27","yrdln":"DET 45","ydstogo":24,"ydsnet":-5,"posteam":"CHI","desc":"(3:27) J.Cutler pass short middle to C.Taylor to DET 36 for 9 yards (B.McDonald, T.McBride).","note":null,"players":{"00-0021314":[{"sequence":4,"clubcode":"CHI","playerName":"C.Taylor","statId":21,"yards":9},{"sequence":5,"clubcode":"CHI","playerName":"C.Taylor","statId":115,"yards":0},{"sequence":6,"clubcode":"CHI","playerName":"C.Taylor","statId":113,"yards":4}],"00-0024226":[{"sequence":2,"clubcode":"CHI","playerName":"J.Cutler","statId":15,"yards":9},{"sequence":3,"clubcode":"CHI","playerName":"J.Cutler","statId":111,"yards":5}],"00-0025441":[{"sequence":8,"clubcode":"DET","playerName":"T.McBride","statId":82,"yards":0}],"00-0025527":[{"sequence":7,"clubcode":"DET","playerName":"B.McDonald","statId":80,"yards":0}],"0":[{"sequence":1,"clubcode":"CHI","playerName":"","statId":7,"yards":0}]}},"2568":{"sp":1,"qtr":3,"down":4,"time":"02:46","yrdln":"DET 36","ydstogo":15,"ydsnet":-5,"posteam":"CHI","desc":"(2:46) R.Gould 54 yard field goal is GOOD, Center-P.Mannelly, Holder-B.Maynard.","note":"FG","players":{"00-0023252":[{"sequence":1,"clubcode":"CHI","playerName":"R.Gould","statId":70,"yards":54}]}}},"fds":0,"result":"Field Goal","penyds":-15,"ydsgained":10,"numplays":6,"postime":"2:49","start":{"qtr":3,"time":"05:29","yrdln":"DET 31","team":"CHI"},"end":{"qtr":3,"time":"02:40","yrdln":"DET 36","team":"CHI"}},"16":{"posteam":"DET","qtr":4,"redzone":true,"plays":{"2587":{"sp":0,"qtr":3,"down":0,"time":"02:40","yrdln":"CHI 30","ydstogo":0,"ydsnet":0,"posteam":"CHI","desc":"R.Gould kicks 70 yards from CHI 30 to end zone, Touchback.","note":"KICKOFF","players":{"00-0023252":[{"sequence":1,"clubcode":"CHI","playerName":"R.Gould","statId":44,"yards":70}],"0":[{"sequence":2,"clubcode":"DET","playerName":"","statId":51,"yards":0}]}},"2605":{"sp":0,"qtr":3,"down":1,"time":"02:40","yrdln":"DET 20","ydstogo":10,"ydsnet":6,"posteam":"DET","desc":"(2:40) (Shotgun) D.Stanton pass short right to B.Pettigrew to DET 26 for 6 yards (C.Tillman; D.Moore).","note":null,"players":{"00-0026907":[{"sequence":7,"clubcode":"CHI","playerName":"D.Moore","statId":82,"yards":0}],"00-0022123":[{"sequence":6,"clubcode":"CHI","playerName":"C.Tillman","statId":82,"yards":0}],"00-0025430":[{"sequence":1,"clubcode":"DET","playerName":"D.Stanton","statId":15,"yards":6},{"sequence":2,"clubcode":"DET","playerName":"D.Stanton","statId":111,"yards":1}],"00-0026996":[{"sequence":3,"clubcode":"DET","playerName":"B.Pettigrew","statId":21,"yards":6},{"sequence":4,"clubcode":"DET","playerName":"B.Pettigrew","statId":115,"yards":0},{"sequence":5,"clubcode":"DET","playerName":"B.Pettigrew","statId":113,"yards":5}]}},"2629":{"sp":0,"qtr":3,"down":2,"time":"02:02","yrdln":"DET 26","ydstogo":4,"ydsnet":8,"posteam":"DET","desc":"(2:02) (Shotgun) M.Morris up the middle to DET 28 for 2 yards (I.Idonije). FUMBLES (I.Idonije), and recovers at DET 28. M.Morris to DET 28 for no gain (I.Idonije).","note":"FUMBLE","players":{"00-0021182":[{"sequence":2,"clubcode":"DET","playerName":"M.Morris","statId":52,"yards":0},{"sequence":4,"clubcode":"DET","playerName":"M.Morris","statId":55,"yards":0},{"sequence":5,"clubcode":"DET","playerName":"M.Morris","statId":10,"yards":2}],"00-0021604":[{"sequence":1,"clubcode":"CHI","playerName":"I.Idonije","statId":79,"yards":0},{"sequence":3,"clubcode":"CHI","playerName":"I.Idonije","statId":91,"yards":0},{"sequence":6,"clubcode":"CHI","playerName":"I.Idonije","statId":79,"yards":0}]}},"2666":{"sp":0,"qtr":3,"down":3,"time":"01:31","yrdln":"DET 28","ydstogo":2,"ydsnet":20,"posteam":"DET","desc":"(1:31) (Shotgun) D.Stanton pass short right to C.Johnson to DET 40 for 12 yards (C.Tillman).","note":null,"players":{"00-0022123":[{"sequence":8,"clubcode":"CHI","playerName":"C.Tillman","statId":79,"yards":0}],"00-0025430":[{"sequence":3,"clubcode":"DET","playerName":"D.Stanton","statId":15,"yards":12},{"sequence":4,"clubcode":"DET","playerName":"D.Stanton","statId":111,"yards":10}],"0":[{"sequence":1,"clubcode":"DET","playerName":"","statId":4,"yards":0},{"sequence":2,"clubcode":"DET","playerName":"","statId":6,"yards":0}],"00-0025389":[{"sequence":5,"clubcode":"DET","playerName":"C.Johnson","statId":21,"yards":12},{"sequence":6,"clubcode":"DET","playerName":"C.Johnson","statId":115,"yards":0},{"sequence":7,"clubcode":"DET","playerName":"C.Johnson","statId":113,"yards":2}]}},"2690":{"sp":0,"qtr":3,"down":1,"time":"00:53","yrdln":"DET 40","ydstogo":10,"ydsnet":27,"posteam":"DET","desc":"(:53) (Shotgun) J.Best left tackle to DET 47 for 7 yards (R.Wilson).","note":null,"players":{"00-0027880":[{"sequence":1,"clubcode":"DET","playerName":"J.Best","statId":10,"yards":7}],"00-0023652":[{"sequence":2,"clubcode":"CHI","playerName":"R.Wilson","statId":79,"yards":0}]}},"2711":{"sp":0,"qtr":3,"down":2,"time":"00:16","yrdln":"DET 47","ydstogo":3,"ydsnet":29,"posteam":"DET","desc":"(:16) D.Stanton scrambles left end to DET 49 for 2 yards (B.Urlacher).","note":null,"players":{"00-0025430":[{"sequence":1,"clubcode":"DET","playerName":"D.Stanton","statId":10,"yards":2}],"00-0019456":[{"sequence":2,"clubcode":"CHI","playerName":"B.Urlacher","statId":79,"yards":0}]}},"2732":{"sp":0,"qtr":3,"down":0,"time":"","yrdln":"","ydstogo":0,"ydsnet":29,"posteam":"","desc":"END QUARTER 3","note":null,"players":{}},"2748":{"sp":0,"qtr":4,"down":3,"time":"15:00","yrdln":"DET 49","ydstogo":1,"ydsnet":29,"posteam":"DET","desc":"(15:00) D.Stanton up the middle to DET 49 for no gain (B.Urlacher).","note":null,"players":{"00-0025430":[{"sequence":2,"clubcode":"DET","playerName":"D.Stanton","statId":10,"yards":0}],"00-0019456":[{"sequence":3,"clubcode":"CHI","playerName":"B.Urlacher","statId":79,"yards":0}],"0":[{"sequence":1,"clubcode":"DET","playerName":"","statId":7,"yards":0}]}},"2769":{"sp":0,"qtr":4,"down":4,"time":"14:34","yrdln":"DET 49","ydstogo":1,"ydsnet":30,"posteam":"DET","desc":"(14:34) D.Stanton up the middle to 50 for 1 yard (B.Urlacher).","note":null,"players":{"00-0025430":[{"sequence":3,"clubcode":"DET","playerName":"D.Stanton","statId":10,"yards":1}],"00-0019456":[{"sequence":4,"clubcode":"CHI","playerName":"B.Urlacher","statId":79,"yards":0}],"0":[{"sequence":1,"clubcode":"DET","playerName":"","statId":3,"yards":0},{"sequence":2,"clubcode":"DET","playerName":"","statId":8,"yards":0}]}},"2790":{"sp":0,"qtr":4,"down":1,"time":"13:55","yrdln":"50","ydstogo":10,"ydsnet":35,"posteam":"DET","desc":"(13:55) (Shotgun) M.Morris left end to CHI 45 for 5 yards (L.Briggs).","note":null,"players":{"00-0021182":[{"sequence":1,"clubcode":"DET","playerName":"M.Morris","statId":10,"yards":5}],"00-0022128":[{"sequence":2,"clubcode":"CHI","playerName":"L.Briggs","statId":79,"yards":0}]}},"2811":{"sp":0,"qtr":4,"down":2,"time":"13:18","yrdln":"CHI 45","ydstogo":5,"ydsnet":39,"posteam":"DET","desc":"(13:18) (Shotgun) D.Stanton pass short right to N.Burleson to CHI 41 for 4 yards (L.Briggs, C.Harris).","note":null,"players":{"00-0023614":[{"sequence":7,"clubcode":"CHI","playerName":"C.Harris","statId":82,"yards":0}],"00-0025430":[{"sequence":1,"clubcode":"DET","playerName":"D.Stanton","statId":15,"yards":4},{"sequence":2,"clubcode":"DET","playerName":"D.Stanton","statId":111,"yards":3}],"00-0021999":[{"sequence":3,"clubcode":"DET","playerName":"N.Burleson","statId":21,"yards":4},{"sequence":4,"clubcode":"DET","playerName":"N.Burleson","statId":115,"yards":0},{"sequence":5,"clubcode":"DET","playerName":"N.Burleson","statId":113,"yards":1}],"00-0022128":[{"sequence":6,"clubcode":"CHI","playerName":"L.Briggs","statId":80,"yards":0}]}},"2835":{"sp":0,"qtr":4,"down":3,"time":"12:48","yrdln":"CHI 41","ydstogo":1,"ydsnet":39,"posteam":"DET","desc":"(12:48) J.Best right tackle to CHI 41 for no gain (J.Peppers; B.Urlacher).","note":null,"players":{"00-0027880":[{"sequence":2,"clubcode":"DET","playerName":"J.Best","statId":10,"yards":0}],"00-0019456":[{"sequence":4,"clubcode":"CHI","playerName":"B.Urlacher","statId":82,"yards":0}],"0":[{"sequence":1,"clubcode":"DET","playerName":"","statId":7,"yards":0}],"00-0021140":[{"sequence":3,"clubcode":"CHI","playerName":"J.Peppers","statId":82,"yards":0}]}},"2856":{"sp":0,"qtr":4,"down":0,"time":"12:00","yrdln":"","ydstogo":0,"ydsnet":39,"posteam":"","desc":"Timeout #1 by DET at 12:00.","note":"TIMEOUT","players":{"0":[{"sequence":1,"clubcode":"DET","playerName":"","statId":68,"yards":0}]}},"2884":{"sp":0,"qtr":4,"down":4,"time":"12:00","yrdln":"CHI 41","ydstogo":1,"ydsnet":39,"posteam":"DET","desc":"(12:00) D.Stanton pass incomplete short left to N.Burleson (D.Moore).","note":null,"players":{"00-0026907":[{"sequence":4,"clubcode":"CHI","playerName":"D.Moore","statId":85,"yards":0}],"00-0025430":[{"sequence":2,"clubcode":"DET","playerName":"D.Stanton","statId":14,"yards":0},{"sequence":5,"clubcode":"DET","playerName":"D.Stanton","statId":112,"yards":5}],"0":[{"sequence":1,"clubcode":"DET","playerName":"","statId":9,"yards":0}],"00-0021999":[{"sequence":3,"clubcode":"DET","playerName":"N.Burleson","statId":115,"yards":0}]}}},"fds":2,"result":"Downs","penyds":0,"ydsgained":39,"numplays":14,"postime":"5:45","start":{"qtr":3,"time":"02:40","yrdln":"DET 20","team":"DET"},"end":{"qtr":3,"time":"11:55","yrdln":"CHI 41","team":"DET"}},"17":{"posteam":"CHI","qtr":4,"redzone":true,"plays":{"2906":{"sp":0,"qtr":4,"down":1,"time":"11:55","yrdln":"CHI 40","ydstogo":10,"ydsnet":60,"posteam":"CHI","desc":"(11:55) Ball spotted on the CHI 40 after change of possession. J.Cutler pass deep middle to M.Forte to DET 40 for 20 yards (A.Spievey).","note":null,"players":{"00-0024226":[{"sequence":2,"clubcode":"CHI","playerName":"J.Cutler","statId":15,"yards":20},{"sequence":3,"clubcode":"CHI","playerName":"J.Cutler","statId":111,"yards":19}],"00-0026184":[{"sequence":4,"clubcode":"CHI","playerName":"M.Forte","statId":21,"yards":20},{"sequence":5,"clubcode":"CHI","playerName":"M.Forte","statId":115,"yards":0},{"sequence":6,"clubcode":"CHI","playerName":"M.Forte","statId":113,"yards":1}],"0":[{"sequence":1,"clubcode":"CHI","playerName":"","statId":4,"yards":0}],"00-0027671":[{"sequence":7,"clubcode":"DET","playerName":"A.Spievey","statId":79,"yards":0}]}},"2930":{"sp":0,"qtr":4,"down":1,"time":"11:13","yrdln":"DET 40","ydstogo":10,"ydsnet":37,"posteam":"CHI","desc":"(11:13) C.Taylor up the middle to DET 40 for no gain (N.Suh).","note":null,"players":{"00-0021314":[{"sequence":1,"clubcode":"CHI","playerName":"C.Taylor","statId":10,"yards":0}],"00-0027855":[{"sequence":2,"clubcode":"DET","playerName":"N.Suh","statId":79,"yards":0}]}},"2951":{"sp":0,"qtr":4,"down":2,"time":"10:34","yrdln":"DET 40","ydstogo":10,"ydsnet":60,"posteam":"CHI","desc":"(10:34) (Shotgun) J.Cutler pass short middle to C.Taylor to DET 34 for 6 yards (B.McDonald, N.Suh).","note":null,"players":{"00-0021314":[{"sequence":3,"clubcode":"CHI","playerName":"C.Taylor","statId":21,"yards":6},{"sequence":4,"clubcode":"CHI","playerName":"C.Taylor","statId":115,"yards":0},{"sequence":5,"clubcode":"CHI","playerName":"C.Taylor","statId":113,"yards":0}],"00-0024226":[{"sequence":1,"clubcode":"CHI","playerName":"J.Cutler","statId":15,"yards":6},{"sequence":2,"clubcode":"CHI","playerName":"J.Cutler","statId":111,"yards":6}],"00-0025527":[{"sequence":6,"clubcode":"DET","playerName":"B.McDonald","statId":80,"yards":0}],"00-0027855":[{"sequence":7,"clubcode":"DET","playerName":"N.Suh","statId":82,"yards":0}]}},"2975":{"sp":0,"qtr":4,"down":3,"time":"09:49","yrdln":"DET 34","ydstogo":4,"ydsnet":60,"posteam":"CHI","desc":"(9:49) J.Cutler pass short left to E.Bennett to DET 22 for 12 yards (L.Delmas).","note":null,"players":{"00-0024226":[{"sequence":3,"clubcode":"CHI","playerName":"J.Cutler","statId":15,"yards":12},{"sequence":4,"clubcode":"CHI","playerName":"J.Cutler","statId":111,"yards":9}],"00-0026210":[{"sequence":5,"clubcode":"CHI","playerName":"E.Bennett","statId":21,"yards":12},{"sequence":6,"clubcode":"CHI","playerName":"E.Bennett","statId":115,"yards":0},{"sequence":7,"clubcode":"CHI","playerName":"E.Bennett","statId":113,"yards":3}],"00-0027009":[{"sequence":8,"clubcode":"DET","playerName":"L.Delmas","statId":79,"yards":0}],"0":[{"sequence":1,"clubcode":"CHI","playerName":"","statId":4,"yards":0},{"sequence":2,"clubcode":"CHI","playerName":"","statId":6,"yards":0}]}},"3003":{"sp":0,"qtr":4,"down":1,"time":"09:06","yrdln":"DET 22","ydstogo":10,"ydsnet":52,"posteam":"CHI","desc":"(9:06) J.Cutler scrambles right end to DET 14 for 8 yards (N.Suh). PENALTY on DET-N.Suh, Unnecessary Roughness, 7 yards, enforced at DET 14.","note":"PENALTY","players":{"00-0024226":[{"sequence":2,"clubcode":"CHI","playerName":"J.Cutler","statId":10,"yards":8}],"00-0027855":[{"sequence":3,"clubcode":"DET","playerName":"N.Suh","statId":79,"yards":0},{"sequence":4,"clubcode":"DET","playerName":"N.Suh","statId":93,"yards":7}],"0":[{"sequence":1,"clubcode":"CHI","playerName":"","statId":5,"yards":0}]}},"3035":{"sp":1,"qtr":4,"down":1,"time":"08:46","yrdln":"DET 7","ydstogo":7,"ydsnet":60,"posteam":"CHI","desc":"(8:46) J.Cutler pass short right to B.Manumaleuna for 7 yards, TOUCHDOWN.","note":"TD","players":{"00-0020342":[{"sequence":4,"clubcode":"CHI","playerName":"B.Manumaleuna","statId":22,"yards":7},{"sequence":5,"clubcode":"CHI","playerName":"B.Manumaleuna","statId":115,"yards":0},{"sequence":6,"clubcode":"CHI","playerName":"B.Manumaleuna","statId":113,"yards":4}],"00-0024226":[{"sequence":2,"clubcode":"CHI","playerName":"J.Cutler","statId":16,"yards":7},{"sequence":3,"clubcode":"CHI","playerName":"J.Cutler","statId":111,"yards":3}],"0":[{"sequence":1,"clubcode":"CHI","playerName":"","statId":4,"yards":0}]}},"3055":{"sp":1,"qtr":4,"down":0,"time":"08:39","yrdln":"DET 2","ydstogo":0,"ydsnet":59,"posteam":"CHI","desc":"R.Gould extra point is GOOD, Center-P.Mannelly, Holder-B.Maynard.","note":"XP","players":{"00-0023252":[{"sequence":1,"clubcode":"CHI","playerName":"R.Gould","statId":72,"yards":0}]}}},"fds":4,"result":"Touchdown","penyds":7,"ydsgained":53,"numplays":7,"postime":"3:16","start":{"qtr":4,"time":"11:55","yrdln":"CHI 40","team":"CHI"},"end":{"qtr":4,"time":"08:39","yrdln":"DET 7","team":"CHI"}},"18":{"posteam":"DET","qtr":4,"redzone":true,"plays":{"3071":{"sp":0,"qtr":4,"down":0,"time":"08:39","yrdln":"CHI 30","ydstogo":0,"ydsnet":0,"posteam":"CHI","desc":"R.Gould kicks 74 yards from CHI 30 to DET -4. S.Logan pushed ob at CHI 44 for 60 yards (R.Davis).","note":"KICKOFF","players":{"00-0026491":[{"sequence":2,"clubcode":"DET","playerName":"S.Logan","statId":45,"yards":60}],"00-0023252":[{"sequence":1,"clubcode":"CHI","playerName":"R.Gould","statId":43,"yards":74}],"00-0023429":[{"sequence":3,"clubcode":"CHI","playerName":"R.Davis","statId":79,"yards":0}]}},"3098":{"sp":0,"qtr":4,"down":1,"time":"08:28","yrdln":"CHI 44","ydstogo":10,"ydsnet":5,"posteam":"DET","desc":"(8:28) (Shotgun) D.Stanton pass short right to W.Heller to CHI 39 for 5 yards (D.Manning; L.Briggs).","note":null,"players":{"00-0024257":[{"sequence":6,"clubcode":"CHI","playerName":"D.Manning","statId":82,"yards":0}],"00-0025430":[{"sequence":1,"clubcode":"DET","playerName":"D.Stanton","statId":15,"yards":5},{"sequence":2,"clubcode":"DET","playerName":"D.Stanton","statId":111,"yards":4}],"00-0021756":[{"sequence":3,"clubcode":"DET","playerName":"W.Heller","statId":21,"yards":5},{"sequence":4,"clubcode":"DET","playerName":"W.Heller","statId":115,"yards":0},{"sequence":5,"clubcode":"DET","playerName":"W.Heller","statId":113,"yards":1}],"00-0022128":[{"sequence":7,"clubcode":"CHI","playerName":"L.Briggs","statId":82,"yards":0}]}},"3122":{"sp":0,"qtr":4,"down":2,"time":"07:52","yrdln":"CHI 39","ydstogo":5,"ydsnet":7,"posteam":"DET","desc":"(7:52) M.Morris up the middle to CHI 37 for 2 yards (M.Toeaina; I.Idonije). DET-S.Peterman was injured during the play.","note":null,"players":{"00-0021182":[{"sequence":1,"clubcode":"DET","playerName":"M.Morris","statId":10,"yards":2}],"00-0021604":[{"sequence":3,"clubcode":"CHI","playerName":"I.Idonije","statId":82,"yards":0}],"00-0025574":[{"sequence":2,"clubcode":"CHI","playerName":"M.Toeaina","statId":82,"yards":0}]}},"3143":{"sp":0,"qtr":4,"down":3,"time":"07:15","yrdln":"CHI 37","ydstogo":3,"ydsnet":10,"posteam":"DET","desc":"(7:15) (Shotgun) D.Stanton pass short middle to M.Morris to CHI 34 for 3 yards (B.Urlacher).","note":null,"players":{"00-0025430":[{"sequence":3,"clubcode":"DET","playerName":"D.Stanton","statId":15,"yards":3},{"sequence":4,"clubcode":"DET","playerName":"D.Stanton","statId":111,"yards":3}],"00-0019456":[{"sequence":8,"clubcode":"CHI","playerName":"B.Urlacher","statId":79,"yards":0}],"00-0021182":[{"sequence":5,"clubcode":"DET","playerName":"M.Morris","statId":21,"yards":3},{"sequence":6,"clubcode":"DET","playerName":"M.Morris","statId":115,"yards":0},{"sequence":7,"clubcode":"DET","playerName":"M.Morris","statId":113,"yards":0}],"0":[{"sequence":1,"clubcode":"DET","playerName":"","statId":4,"yards":0},{"sequence":2,"clubcode":"DET","playerName":"","statId":6,"yards":0}]}},"3171":{"sp":0,"qtr":4,"down":1,"time":"06:36","yrdln":"CHI 34","ydstogo":10,"ydsnet":1,"posteam":"DET","desc":"(6:36) (Shotgun) D.Stanton sacked at CHI 43 for -9 yards (sack split by D.Moore and B.Urlacher).","note":null,"players":{"00-0026907":[{"sequence":2,"clubcode":"CHI","playerName":"D.Moore","statId":84,"yards":-9},{"sequence":4,"clubcode":"CHI","playerName":"D.Moore","statId":110,"yards":0},{"sequence":6,"clubcode":"CHI","playerName":"D.Moore","statId":82,"yards":0}],"00-0025430":[{"sequence":1,"clubcode":"DET","playerName":"D.Stanton","statId":20,"yards":-9}],"00-0019456":[{"sequence":3,"clubcode":"CHI","playerName":"B.Urlacher","statId":84,"yards":-9},{"sequence":5,"clubcode":"CHI","playerName":"B.Urlacher","statId":110,"yards":0},{"sequence":7,"clubcode":"CHI","playerName":"B.Urlacher","statId":82,"yards":0}]}},"3194":{"sp":0,"qtr":4,"down":2,"time":"06:07","yrdln":"CHI 43","ydstogo":19,"ydsnet":1,"posteam":"DET","desc":"(6:07) (Shotgun) D.Stanton pass incomplete short right to B.Pettigrew.","note":null,"players":{"00-0025430":[{"sequence":1,"clubcode":"DET","playerName":"D.Stanton","statId":14,"yards":0},{"sequence":3,"clubcode":"DET","playerName":"D.Stanton","statId":112,"yards":7}],"00-0026996":[{"sequence":2,"clubcode":"DET","playerName":"B.Pettigrew","statId":115,"yards":0}]}},"3223":{"sp":0,"qtr":4,"down":3,"time":"06:03","yrdln":"CHI 43","ydstogo":19,"ydsnet":4,"posteam":"DET","desc":"(6:03) (Shotgun) D.Stanton pass short left to T.Scheffler to CHI 40 for 3 yards (D.Moore).","note":null,"players":{"00-0026907":[{"sequence":7,"clubcode":"CHI","playerName":"D.Moore","statId":79,"yards":0}],"00-0025430":[{"sequence":2,"clubcode":"DET","playerName":"D.Stanton","statId":15,"yards":3},{"sequence":3,"clubcode":"DET","playerName":"D.Stanton","statId":111,"yards":3}],"0":[{"sequence":1,"clubcode":"DET","playerName":"","statId":7,"yards":0}],"00-0024276":[{"sequence":4,"clubcode":"DET","playerName":"T.Scheffler","statId":21,"yards":3},{"sequence":5,"clubcode":"DET","playerName":"T.Scheffler","statId":115,"yards":0},{"sequence":6,"clubcode":"DET","playerName":"T.Scheffler","statId":113,"yards":0}]}},"3247":{"sp":0,"qtr":4,"down":4,"time":"05:31","yrdln":"CHI 40","ydstogo":16,"ydsnet":4,"posteam":"DET","desc":"(5:31) N.Harris punts 40 yards to end zone, Center-D.Muhlbach, Touchback.","note":"PUNT","players":{"0":[{"sequence":2,"clubcode":"CHI","playerName":"","statId":40,"yards":0}],"00-0020267":[{"sequence":1,"clubcode":"DET","playerName":"N.Harris","statId":32,"yards":40}]}}},"fds":1,"result":"Punt","penyds":0,"ydsgained":4,"numplays":8,"postime":"3:22","start":{"qtr":4,"time":"08:39","yrdln":"CHI 44","team":"DET"},"end":{"qtr":4,"time":"05:17","yrdln":"CHI 40","team":"DET"}},"19":{"posteam":"CHI","qtr":4,"redzone":true,"plays":{"3268":{"sp":0,"qtr":4,"down":1,"time":"05:17","yrdln":"CHI 20","ydstogo":10,"ydsnet":10,"posteam":"CHI","desc":"(5:17) M.Forte left end to CHI 30 for 10 yards (A.Spievey; L.Delmas).","note":null,"players":{"00-0027009":[{"sequence":4,"clubcode":"DET","playerName":"L.Delmas","statId":82,"yards":0}],"00-0026184":[{"sequence":2,"clubcode":"CHI","playerName":"M.Forte","statId":10,"yards":10}],"0":[{"sequence":1,"clubcode":"CHI","playerName":"","statId":3,"yards":0}],"00-0027671":[{"sequence":3,"clubcode":"DET","playerName":"A.Spievey","statId":82,"yards":0}]}},"3289":{"sp":0,"qtr":4,"down":1,"time":"04:31","yrdln":"CHI 30","ydstogo":10,"ydsnet":5,"posteam":"CHI","desc":"(4:31) PENALTY on CHI-O.Kreutz, False Start, 5 yards, enforced at CHI 30 - No Play.","note":"PENALTY","players":{"00-0009472":[{"sequence":1,"clubcode":"CHI","playerName":"O.Kreutz","statId":93,"yards":5}]}},"3312":{"sp":0,"qtr":4,"down":1,"time":"04:29","yrdln":"CHI 25","ydstogo":15,"ydsnet":10,"posteam":"CHI","desc":"(4:29) J.Cutler pass short right to G.Olsen to CHI 30 for 5 yards (C.Houston).","note":null,"players":{"00-0025418":[{"sequence":3,"clubcode":"CHI","playerName":"G.Olsen","statId":21,"yards":5},{"sequence":4,"clubcode":"CHI","playerName":"G.Olsen","statId":115,"yards":0},{"sequence":5,"clubcode":"CHI","playerName":"G.Olsen","statId":113,"yards":3}],"00-0024226":[{"sequence":1,"clubcode":"CHI","playerName":"J.Cutler","statId":15,"yards":5},{"sequence":2,"clubcode":"CHI","playerName":"J.Cutler","statId":111,"yards":2}],"00-0025428":[{"sequence":6,"clubcode":"DET","playerName":"C.Houston","statId":79,"yards":0}]}},"3336":{"sp":0,"qtr":4,"down":2,"time":"03:43","yrdln":"CHI 30","ydstogo":10,"ydsnet":25,"posteam":"CHI","desc":"(3:43) J.Cutler pass short right to E.Bennett to CHI 45 for 15 yards (A.Spievey; L.Johnson).","note":null,"players":{"00-0024226":[{"sequence":2,"clubcode":"CHI","playerName":"J.Cutler","statId":15,"yards":15},{"sequence":3,"clubcode":"CHI","playerName":"J.Cutler","statId":111,"yards":9}],"00-0026210":[{"sequence":4,"clubcode":"CHI","playerName":"E.Bennett","statId":21,"yards":15},{"sequence":5,"clubcode":"CHI","playerName":"E.Bennett","statId":115,"yards":0},{"sequence":6,"clubcode":"CHI","playerName":"E.Bennett","statId":113,"yards":6}],"00-0022860":[{"sequence":8,"clubcode":"DET","playerName":"L.Johnson","statId":82,"yards":0}],"0":[{"sequence":1,"clubcode":"CHI","playerName":"","statId":4,"yards":0}],"00-0027671":[{"sequence":7,"clubcode":"DET","playerName":"A.Spievey","statId":82,"yards":0}]}},"3360":{"sp":0,"qtr":4,"down":1,"time":"02:56","yrdln":"CHI 45","ydstogo":10,"ydsnet":30,"posteam":"CHI","desc":"(2:56) D.Hester right end to 50 for 5 yards (T.McBride; A.Spievey).","note":null,"players":{"00-0024272":[{"sequence":1,"clubcode":"CHI","playerName":"D.Hester","statId":10,"yards":5}],"00-0025441":[{"sequence":2,"clubcode":"DET","playerName":"T.McBride","statId":82,"yards":0}],"00-0027671":[{"sequence":3,"clubcode":"DET","playerName":"A.Spievey","statId":82,"yards":0}]}},"3381":{"sp":0,"qtr":4,"down":0,"time":"02:48","yrdln":"","ydstogo":0,"ydsnet":30,"posteam":"","desc":"Timeout #2 by DET at 02:48.","note":"TIMEOUT","players":{"0":[{"sequence":1,"clubcode":"DET","playerName":"","statId":68,"yards":0}]}},"3398":{"sp":0,"qtr":4,"down":2,"time":"02:48","yrdln":"50","ydstogo":5,"ydsnet":36,"posteam":"CHI","desc":"(2:48) J.Cutler pass short left to J.Knox to DET 44 for 6 yards (C.Houston).","note":null,"players":{"00-0024226":[{"sequence":2,"clubcode":"CHI","playerName":"J.Cutler","statId":15,"yards":6},{"sequence":3,"clubcode":"CHI","playerName":"J.Cutler","statId":111,"yards":5}],"00-0025428":[{"sequence":7,"clubcode":"DET","playerName":"C.Houston","statId":79,"yards":0}],"0":[{"sequence":1,"clubcode":"CHI","playerName":"","statId":4,"yards":0}],"00-0026913":[{"sequence":4,"clubcode":"CHI","playerName":"J.Knox","statId":21,"yards":6},{"sequence":5,"clubcode":"CHI","playerName":"J.Knox","statId":115,"yards":0},{"sequence":6,"clubcode":"CHI","playerName":"J.Knox","statId":113,"yards":1}]}},"3422":{"sp":0,"qtr":4,"down":0,"time":"02:42","yrdln":"","ydstogo":0,"ydsnet":36,"posteam":"","desc":"Timeout #3 by DET at 02:42.","note":"TIMEOUT","players":{"0":[{"sequence":1,"clubcode":"DET","playerName":"","statId":68,"yards":0}]}},"3439":{"sp":0,"qtr":4,"down":1,"time":"02:42","yrdln":"DET 44","ydstogo":10,"ydsnet":35,"posteam":"CHI","desc":"(2:42) M.Forte up the middle to DET 45 for -1 yards (Sa.Hill).","note":null,"players":{"00-0026184":[{"sequence":1,"clubcode":"CHI","playerName":"M.Forte","statId":10,"yards":-1}],"0":[{"sequence":2,"clubcode":"CHI","playerName":"","statId":95,"yards":-1}],"00-0027084":[{"sequence":3,"clubcode":"DET","playerName":"Sa.Hill","statId":79,"yards":0},{"sequence":4,"clubcode":"DET","playerName":"Sa.Hill","statId":120,"yards":0}]}},"3460":{"sp":0,"qtr":4,"down":0,"time":"02:00","yrdln":"","ydstogo":0,"ydsnet":35,"posteam":"","desc":"Two-Minute Warning","note":null,"players":{}},"3477":{"sp":0,"qtr":4,"down":2,"time":"02:00","yrdln":"DET 45","ydstogo":11,"ydsnet":51,"posteam":"CHI","desc":"(2:00) J.Cutler pass short middle to B.Manumaleuna to DET 29 for 16 yards (J.Peterson).","note":null,"players":{"00-0020342":[{"sequence":4,"clubcode":"CHI","playerName":"B.Manumaleuna","statId":21,"yards":16},{"sequence":5,"clubcode":"CHI","playerName":"B.Manumaleuna","statId":115,"yards":0},{"sequence":6,"clubcode":"CHI","playerName":"B.Manumaleuna","statId":113,"yards":9}],"00-0024226":[{"sequence":2,"clubcode":"CHI","playerName":"J.Cutler","statId":15,"yards":16},{"sequence":3,"clubcode":"CHI","playerName":"J.Cutler","statId":111,"yards":7}],"0":[{"sequence":1,"clubcode":"CHI","playerName":"","statId":4,"yards":0}],"00-0019695":[{"sequence":7,"clubcode":"DET","playerName":"J.Peterson","statId":79,"yards":0}]}},"3501":{"sp":0,"qtr":4,"down":1,"time":"01:34","yrdln":"DET 29","ydstogo":10,"ydsnet":50,"posteam":"CHI","desc":"(1:34) J.Cutler kneels to DET 30 for -1 yards.","note":null,"players":{"00-0024226":[{"sequence":1,"clubcode":"CHI","playerName":"J.Cutler","statId":10,"yards":-1}]}},"3522":{"sp":0,"qtr":4,"down":2,"time":"00:38","yrdln":"DET 30","ydstogo":11,"ydsnet":49,"posteam":"CHI","desc":"(:38) J.Cutler kneels to DET 31 for -1 yards.","note":null,"players":{"00-0024226":[{"sequence":1,"clubcode":"CHI","playerName":"J.Cutler","statId":10,"yards":-1}]}},"3543":{"sp":0,"qtr":4,"down":0,"time":"00:00","yrdln":"","ydstogo":0,"ydsnet":49,"posteam":"","desc":"END GAME","note":null,"players":{}}},"fds":4,"result":"End of Game","penyds":-5,"ydsgained":54,"numplays":14,"postime":"5:17","start":{"qtr":4,"time":"05:17","yrdln":"CHI 20","team":"CHI"},"end":{"qtr":4,"time":"00:00","yrdln":"","team":"CHI"}},"crntdrv":19},"scrsummary":{"599":{"type":"TD","desc":"D.Stanton 3 yd. run (D.Rayner kick is good) Drive: 7 plays, 38 yards in 2:25","qtr":1,"team":"DET","players":{"":"0","D.Stanton":"00-0025430","D.Rayner":"00-0023635"}},"977":{"type":"TD","desc":"C.Taylor 1 yd. run (R.Gould kick is good) Drive: 13 plays, 76 yards in 6:33","qtr":1,"team":"CHI","players":{"":"0","C.Taylor":"00-0021314","R.Gould":"00-0023252"}},"1284":{"type":"FG","desc":"D.Rayner 50 yd. Field Goal Drive: 10 plays, 39 yards in 5:32","qtr":2,"team":"DET","players":{"D.Rayner":"00-0023635"}},"1512":{"type":"TD","desc":"M.Forte 14 yd. run (R.Gould kick is good) Drive: 8 plays, 83 yards in 4:51","qtr":2,"team":"CHI","players":{"":"0","M.Forte":"00-0026184","R.Gould":"00-0023252"}},"1895":{"type":"TD","desc":"C.Johnson 46 yd. pass from D.Stanton (D.Rayner kick is good) Drive: 2 plays, 91 yards in 0:19","qtr":2,"team":"DET","players":{"":"0","D.Stanton":"00-0025430","C.Johnson":"00-0025389","D.Rayner":"00-0023635"}},"2131":{"type":"FG","desc":"D.Rayner 25 yd. Field Goal Drive: 4 plays, 2 yards in 1:32","qtr":3,"team":"DET","players":{"D.Rayner":"00-0023635"}},"2568":{"type":"FG","desc":"R.Gould 54 yd. Field Goal Drive: 4 plays, -5 yards in 2:49","qtr":3,"team":"CHI","players":{"R.Gould":"00-0023252"}},"3035":{"type":"TD","desc":"B.Manumaleuna 7 yd. pass from J.Cutler (R.Gould kick is good) Drive: 6 plays, 60 yards in 3:16","qtr":4,"team":"CHI","players":{"":"0","J.Cutler":"00-0024226","B.Manumaleuna":"00-0020342","R.Gould":"00-0023252"}}},"weather":null,"media":null,"yl":"","qtr":"Final","note":null,"down":0,"togo":0,"redzone":true,"clock":"00:38","posteam":"CHI","stadium":null},"nextupdate":227}