{"2010010308":{"home":{"score":{"1":7,"2":20,"3":3,"4":7,"5":0,"T":37},"abbr":"NYJ","to":3,"stats":{"passing":{"00-0026898":{"name":"M.Sanchez","att":16,"cmp":8,"yds":63,"tds":0,"ints":0,"twopta":0,"twoptm":0}},"rushing":{"00-0024318":{"name":"B.Smith","att":4,"yds":92,"tds":1,"lng":57,"twopta":0,"twoptm":0},"00-0019641":{"name":"T.Jones","att":27,"yds":78,"tds":2,"lng":9,"twopta":0,"twoptm":0},"00-0026899":{"name":"S.Greene","att":13,"yds":62,"tds":0,"lng":15,"twopta":0,"twoptm":0},"00-0026019":{"name":"D.Woodhead","att":6,"yds":20,"tds":0,"lng":6,"twopta":0,"twoptm":0},"00-0022811":{"name":"J.Cotchery","att":1,"yds":6,"tds":1,"lng":6,"twopta":0,"twoptm":0},"00-0026898":{"name":"M.Sanchez","att":2,"yds":2,"tds":0,"lng":1,"twopta":0,"twoptm":0},"00-0013694":{"name":"T.Richardson","att":1,"yds":0,"tds":0,"lng":0,"twopta":0,"twoptm":0},"00-0024264":{"name":"K.Clemens","att":3,"yds":-3,"tds":0,"lng":-1,"twopta":0,"twoptm":0}},"receiving":{"00-0022811":{"name":"J.Cotchery","rec":5,"yds":39,"tds":0,"lng":14,"twopta":0,"twoptm":0},"00-0023438":{"name":"B.Edwards","rec":2,"yds":15,"tds":0,"lng":9,"twopta":0,"twoptm":0},"00-0026170":{"name":"D.Keller","rec":1,"yds":9,"tds":0,"lng":9,"twopta":0,"twoptm":0}},"fumbles":{"00-0023557":{"name":"K.Rhodes","tot":0,"rcv":0,"trcv":1,"yds":44,"lost":0},"00-0026662":{"name":"J.Westerman","tot":0,"rcv":0,"trcv":1,"yds":39,"lost":0}},"kicking":{"00-0019770":{"name":"J.Feely","fgm":3,"fga":3,"fgyds":40,"totpfg":9,"xpmade":4,"xpmissed":0,"xpa":4,"xpb":0,"xptot":4}},"punting":{"00-0024110":{"name":"S.Weatherford","pts":3,"yds":130,"avg":27,"i20":1,"lng":54}},"kickret":{"00-0024318":{"name":"B.Smith","ret":1,"avg":20,"tds":0,"lng":20}},"puntret":{"00-0022811":{"name":"J.Cotchery","ret":3,"avg":17,"tds":0,"lng":31},"00-0024318":{"name":"B.Smith","ret":1,"avg":6,"tds":0,"lng":6}},"defense":{"00-0004472":{"name":"M.Douglas","tkl":3,"ast":1,"sk":0,"int":0,"ffum":0},"00-0023557":{"name":"K.Rhodes","tkl":3,"ast":0,"sk":0,"int":0,"ffum":0},"00-0021081":{"name":"B.Thomas","tkl":3,"ast":0,"sk":0,"int":0,"ffum":0},"00-0023287":{"name":"J.Leonhard","tkl":2,"ast":0,"sk":1,"int":0,"ffum":1},"00-0022120":{"name":"C.Pace","tkl":2,"ast":0,"sk":1,"int":0,"ffum":0},"00-0025689":{"name":"M.Devito","tkl":2,"ast":0,"sk":0,"int":0,"ffum":0},"00-0025753":{"name":"J.Ihedigbo","tkl":1,"ast":1,"sk":1,"int":0,"ffum":1},"00-0020873":{"name":"Ba.Scott","tkl":1,"ast":1,"sk":0,"int":0,"ffum":0},"00-0021099":{"name":"H.Green","tkl":1,"ast":1,"sk":0,"int":0,"ffum":0},"00-0022932":{"name":"R.Fowler","tkl":0,"ast":2,"sk":0,"int":0,"ffum":0},"00-0026253":{"name":"D.Lowery","tkl":1,"ast":0,"sk":0,"int":1,"ffum":0},"00-0026662":{"name":"J.Westerman","tkl":1,"ast":0,"sk":0,"int":0,"ffum":0},"00-0026146":{"name":"V.Gholston","tkl":1,"ast":0,"sk":0,"int":0,"ffum":0},"00-0025434":{"name":"D.Harris","tkl":1,"ast":0,"sk":0,"int":0,"ffum":0},"00-0023523":{"name":"S.Pouha","tkl":1,"ast":0,"sk":0,"int":0,"ffum":0},"00-0019545":{"name":"S.Ellis","tkl":1,"ast":0,"sk":0,"int":0,"ffum":0}},"team":{"totfd":21,"totyds":320,"pyds":63,"ryds":257,"pen":4,"penyds":20,"trnovr":0,"pt":3,"ptyds":130,"ptavg":27,"top":"41:14"}},"players":null},"away":{"score":{"1":0,"2":0,"3":0,"4":0,"5":0,"T":0},"abbr":"CIN","to":2,"stats":{"passing":{"00-0021429":{"name":"C.Palmer","att":11,"cmp":1,"yds":0,"tds":0,"ints":1,"twopta":0,"twoptm":0},"00-0021296":{"name":"J.O'Sullivan","att":8,"cmp":3,"yds":31,"tds":0,"ints":0,"twopta":0,"twoptm":0}},"rushing":{"00-0021976":{"name":"L.Johnson","att":9,"yds":38,"tds":0,"lng":22,"twopta":0,"twoptm":0},"00-0026941":{"name":"B.Scott","att":6,"yds":20,"tds":0,"lng":22,"twopta":0,"twoptm":0},"00-0025439":{"name":"B.Leonard","att":1,"yds":8,"tds":0,"lng":8,"twopta":0,"twoptm":0},"00-0022141":{"name":"J.Johnson","att":1,"yds":3,"tds":0,"lng":3,"twopta":0,"twoptm":0},"00-0021296":{"name":"J.O'Sullivan","att":1,"yds":3,"tds":0,"lng":3,"twopta":0,"twoptm":0}},"receiving":{"00-0018958":{"name":"L.Coles","rec":3,"yds":19,"tds":0,"lng":16,"twopta":0,"twoptm":0},"00-0024607":{"name":"D.Coats","rec":1,"yds":12,"tds":0,"lng":12,"twopta":0,"twoptm":0}},"fumbles":{"00-0021296":{"name":"J.O'Sullivan","tot":2,"rcv":0,"trcv":0,"yds":0,"lost":2}},"punting":{"00-0027103":{"name":"K.Huber","pts":7,"yds":275,"avg":31,"i20":2,"lng":54}},"kickret":{"00-0026941":{"name":"B.Scott","ret":4,"avg":34,"tds":0,"lng":53},"00-0025439":{"name":"B.Leonard","ret":1,"avg":14,"tds":0,"lng":14}},"puntret":{"00-0026716":{"name":"Q.Cosby","ret":2,"avg":25,"tds":0,"lng":40}},"defense":{"00-0026149":{"name":"K.Rivers","tkl":9,"ast":4,"sk":0,"int":0,"ffum":0},"00-0020678":{"name":"K.Hebert","tkl":7,"ast":1,"sk":0,"int":0,"ffum":0},"00-0023729":{"name":"R.Jeanty","tkl":6,"ast":1,"sk":0,"int":0,"ffum":0},"00-0019635":{"name":"Dh.Jones","tkl":6,"ast":1,"sk":0,"int":0,"ffum":0},"00-0021679":{"name":"S.Smith","tkl":3,"ast":4,"sk":0,"int":0,"ffum":0},"00-0026721":{"name":"T.Nelson","tkl":5,"ast":0,"sk":0,"int":0,"ffum":0},"00-0025640":{"name":"C.Ndukwe","tkl":3,"ast":2,"sk":0,"int":0,"ffum":0},"00-0024347":{"name":"O.Harris","tkl":3,"ast":2,"sk":0,"int":0,"ffum":0},"00-0023665":{"name":"J.Fanene","tkl":3,"ast":1,"sk":0,"int":0,"ffum":0},"00-0025405":{"name":"L.Hall","tkl":3,"ast":1,"sk":0,"int":0,"ffum":0},"00-0024282":{"name":"A.Hodge","tkl":2,"ast":2,"sk":0,"int":0,"ffum":0},"00-0024239":{"name":"J.Joseph","tkl":2,"ast":1,"sk":0,"int":0,"ffum":0},"00-0026928":{"name":"M.Trent","tkl":2,"ast":0,"sk":0,"int":0,"ffum":0},"00-0024306":{"name":"F.Rucker","tkl":1,"ast":1,"sk":0,"int":0,"ffum":0},"00-0022696":{"name":"T.Johnson","tkl":1,"ast":0,"sk":0,"int":0,"ffum":0},"00-0026217":{"name":"P.Sims","tkl":1,"ast":0,"sk":0,"int":0,"ffum":0},"00-0026720":{"name":"R.Murray","tkl":1,"ast":0,"sk":0,"int":0,"ffum":0},"00-0025532":{"name":"Da.Jones","tkl":0,"ast":1,"sk":0,"int":0,"ffum":0}},"team":{"totfd":5,"totyds":72,"pyds":0,"ryds":72,"pen":7,"penyds":44,"trnovr":3,"pt":7,"ptyds":275,"ptavg":31,"top":"18:46"}},"players":null},"drives":{"1":{"posteam":"NYJ","qtr":1,"redzone":true,"plays":{"36":{"sp":0,"qtr":1,"down":0,"time":"15:00","yrdln":"CIN 30","ydstogo":0,"ydsnet":0,"posteam":"CIN","desc":"S.Graham kicks 62 yards from CIN 30 to NYJ 8. B.Smith to NYJ 28 for 20 yards (M.Trent, Da.Jones).","note":"KICKOFF","players":{"00-0026928":[{"sequence":3,"clubcode":"CIN","playerName":"M.Trent","statId":80,"yards":0}],"00-0025532":[{"sequence":4,"clubcode":"CIN","playerName":"Da.Jones","statId":82,"yards":0}],"00-0019536":[{"sequence":1,"clubcode":"CIN","playerName":"S.Graham","statId":41,"yards":62}],"00-0024318":[{"sequence":2,"clubcode":"NYJ","playerName":"B.Smith","statId":45,"yards":20}]}},"58":{"sp":0,"qtr":1,"down":1,"time":"14:55","yrdln":"NYJ 28","ydstogo":10,"ydsnet":2,"posteam":"NYJ","desc":"(14:55) T.Jones right guard to NYJ 30 for 2 yards (J.Fanene).","note":null,"players":{"00-0019641":[{"sequence":1,"clubcode":"NYJ","playerName":"T.Jones","statId":10,"yards":2}],"00-0023665":[{"sequence":2,"clubcode":"CIN","playerName":"J.Fanene","statId":79,"yards":0}]}},"79":{"sp":0,"qtr":1,"down":2,"time":"14:18","yrdln":"NYJ 30","ydstogo":8,"ydsnet":8,"posteam":"NYJ","desc":"(14:18) M.Sanchez pass short left to B.Edwards to NYJ 36 for 6 yards (T.Nelson).","note":null,"players":{"00-0026721":[{"sequence":6,"clubcode":"CIN","playerName":"T.Nelson","statId":79,"yards":0}],"00-0026898":[{"sequence":1,"clubcode":"NYJ","playerName":"M.Sanchez","statId":15,"yards":6},{"sequence":2,"clubcode":"NYJ","playerName":"M.Sanchez","statId":111,"yards":0}],"00-0023438":[{"sequence":3,"clubcode":"NYJ","playerName":"B.Edwards","statId":21,"yards":6},{"sequence":4,"clubcode":"NYJ","playerName":"B.Edwards","statId":115,"yards":0},{"sequence":5,"clubcode":"NYJ","playerName":"B.Edwards","statId":113,"yards":6}]}},"103":{"sp":0,"qtr":1,"down":3,"time":"13:36","yrdln":"NYJ 36","ydstogo":2,"ydsnet":11,"posteam":"NYJ","desc":"(13:36) M.Sanchez pass short right to J.Cotchery to NYJ 39 for 3 yards (M.Trent).","note":null,"players":{"00-0026928":[{"sequence":8,"clubcode":"CIN","playerName":"M.Trent","statId":79,"yards":0}],"00-0026898":[{"sequence":3,"clubcode":"NYJ","playerName":"M.Sanchez","statId":15,"yards":3},{"sequence":4,"clubcode":"NYJ","playerName":"M.Sanchez","statId":111,"yards":1}],"0":[{"sequence":1,"clubcode":"NYJ","playerName":"","statId":4,"yards":0},{"sequence":2,"clubcode":"NYJ","playerName":"","statId":6,"yards":0}],"00-0022811":[{"sequence":5,"clubcode":"NYJ","playerName":"J.Cotchery","statId":21,"yards":3},{"sequence":6,"clubcode":"NYJ","playerName":"J.Cotchery","statId":115,"yards":0},{"sequence":7,"clubcode":"NYJ","playerName":"J.Cotchery","statId":113,"yards":2}]}},"127":{"sp":0,"qtr":1,"down":1,"time":"12:58","yrdln":"NYJ 39","ydstogo":10,"ydsnet":13,"posteam":"NYJ","desc":"(12:58) W.Hunter reported in as eligible.  T.Jones right end to NYJ 41 for 2 yards (R.Jeanty).","note":null,"players":{"00-0019641":[{"sequence":1,"clubcode":"NYJ","playerName":"T.Jones","statId":10,"yards":2}],"00-0023729":[{"sequence":2,"clubcode":"CIN","playerName":"R.Jeanty","statId":79,"yards":0}]}},"150":{"sp":0,"qtr":1,"down":2,"time":"12:16","yrdln":"NYJ 41","ydstogo":8,"ydsnet":14,"posteam":"NYJ","desc":"(12:16) T.Jones left tackle to NYJ 42 for 1 yard (C.Ndukwe).","note":null,"players":{"00-0019641":[{"sequence":1,"clubcode":"NYJ","playerName":"T.Jones","statId":10,"yards":1}],"00-0025640":[{"sequence":2,"clubcode":"CIN","playerName":"C.Ndukwe","statId":79,"yards":0}]}},"171":{"sp":0,"qtr":1,"down":3,"time":"12:16","yrdln":"NYJ 42","ydstogo":7,"ydsnet":71,"posteam":"NYJ","desc":"(12:16) Direct Snap to #16 Smith. W.Hunter reported in as eligible.  B.Smith right tackle to CIN 1 for 57 yards (L.Hall, J.Joseph).","note":null,"players":{"00-0025405":[{"sequence":4,"clubcode":"CIN","playerName":"L.Hall","statId":80,"yards":0}],"00-0024239":[{"sequence":5,"clubcode":"CIN","playerName":"J.Joseph","statId":82,"yards":0}],"0":[{"sequence":1,"clubcode":"NYJ","playerName":"","statId":3,"yards":0},{"sequence":2,"clubcode":"NYJ","playerName":"","statId":6,"yards":0}],"00-0024318":[{"sequence":3,"clubcode":"NYJ","playerName":"B.Smith","statId":10,"yards":57}]}},"202":{"sp":1,"qtr":1,"down":1,"time":"10:47","yrdln":"CIN 1","ydstogo":1,"ydsnet":72,"posteam":"NYJ","desc":"(10:47) R.Turner and W.Hunter reported in as eligible.  T.Jones right guard for 1 yard, TOUCHDOWN.","note":"TD","players":{"00-0019641":[{"sequence":2,"clubcode":"NYJ","playerName":"T.Jones","statId":11,"yards":1}],"0":[{"sequence":1,"clubcode":"NYJ","playerName":"","statId":3,"yards":0}]}},"224":{"sp":1,"qtr":1,"down":0,"time":"10:46","yrdln":"CIN 2","ydstogo":0,"ydsnet":72,"posteam":"NYJ","desc":"J.Feely extra point is GOOD, Center-J.Dearth, Holder-K.Clemens.","note":"XP","players":{"00-0019770":[{"sequence":1,"clubcode":"NYJ","playerName":"J.Feely","statId":72,"yards":0}]}}},"fds":3,"result":"Touchdown","penyds":0,"ydsgained":72,"numplays":9,"postime":"4:14","start":{"qtr":1,"time":"15:00","yrdln":"NYJ 28","team":"NYJ"},"end":{"qtr":1,"time":"10:46","yrdln":"CIN 1","team":"NYJ"}},"2":{"posteam":"CIN","qtr":1,"redzone":true,"plays":{"240":{"sp":0,"qtr":1,"down":0,"time":"10:46","yrdln":"NYJ 30","ydstogo":0,"ydsnet":0,"posteam":"NYJ","desc":"J.Feely kicks 38 yards from NYJ 30 to CIN 32, fair catch by D.Coats.","note":"KICKOFF","players":{"00-0019770":[{"sequence":1,"clubcode":"NYJ","playerName":"J.Feely","statId":41,"yards":38}],"00-0024607":[{"sequence":2,"clubcode":"CIN","playerName":"D.Coats","statId":50,"yards":0}]}},"260":{"sp":0,"qtr":1,"down":1,"time":"10:46","yrdln":"CIN 32","ydstogo":10,"ydsnet":0,"posteam":"CIN","desc":"(10:46) C.Palmer pass incomplete short right to B.Scott (K.Rhodes).","note":null,"players":{"00-0021429":[{"sequence":1,"clubcode":"CIN","playerName":"C.Palmer","statId":14,"yards":0},{"sequence":4,"clubcode":"CIN","playerName":"C.Palmer","statId":112,"yards":-8}],"00-0026941":[{"sequence":2,"clubcode":"CIN","playerName":"B.Scott","statId":115,"yards":0}],"00-0023557":[{"sequence":3,"clubcode":"NYJ","playerName":"K.Rhodes","statId":85,"yards":0}]}},"282":{"sp":0,"qtr":1,"down":2,"time":"10:42","yrdln":"CIN 32","ydstogo":10,"ydsnet":1,"posteam":"CIN","desc":"(10:42) B.Scott right tackle to CIN 33 for 1 yard (M.Devito, Ba.Scott).","note":null,"players":{"00-0025689":[{"sequence":2,"clubcode":"NYJ","playerName":"M.Devito","statId":80,"yards":0}],"00-0026941":[{"sequence":1,"clubcode":"CIN","playerName":"B.Scott","statId":10,"yards":1}],"00-0020873":[{"sequence":3,"clubcode":"NYJ","playerName":"Ba.Scott","statId":82,"yards":0}]}},"303":{"sp":0,"qtr":1,"down":3,"time":"10:01","yrdln":"CIN 33","ydstogo":9,"ydsnet":1,"posteam":"CIN","desc":"(10:01) (Shotgun) C.Palmer pass incomplete deep right to C.Ochocinco.","note":null,"players":{"00-0021429":[{"sequence":2,"clubcode":"CIN","playerName":"C.Palmer","statId":14,"yards":0},{"sequence":4,"clubcode":"CIN","playerName":"C.Palmer","statId":112,"yards":47}],"0":[{"sequence":1,"clubcode":"CIN","playerName":"","statId":7,"yards":0}],"00-0020397":[{"sequence":3,"clubcode":"CIN","playerName":"C.Ochocinco","statId":115,"yards":0}]}},"325":{"sp":0,"qtr":1,"down":4,"time":"09:51","yrdln":"CIN 33","ydstogo":9,"ydsnet":1,"posteam":"CIN","desc":"(9:51) K.Huber punts 54 yards to NYJ 13, Center-C.Harris. J.Cotchery to NYJ 24 for 11 yards (R.Jeanty, D.Skuta).","note":"PUNT","players":{"00-0026725":[{"sequence":4,"clubcode":"CIN","playerName":"D.Skuta","statId":82,"yards":0}],"00-0022811":[{"sequence":2,"clubcode":"NYJ","playerName":"J.Cotchery","statId":33,"yards":11}],"00-0027103":[{"sequence":1,"clubcode":"CIN","playerName":"K.Huber","statId":29,"yards":54}],"00-0023729":[{"sequence":3,"clubcode":"CIN","playerName":"R.Jeanty","statId":80,"yards":0}]}}},"fds":0,"result":"Punt","penyds":0,"ydsgained":1,"numplays":5,"postime":"1:06","start":{"qtr":1,"time":"10:46","yrdln":"CIN 32","team":"CIN"},"end":{"qtr":1,"time":"09:40","yrdln":"CIN 33","team":"CIN"}},"3":{"posteam":"NYJ","qtr":2,"redzone":true,"plays":{"351":{"sp":0,"qtr":1,"down":1,"time":"09:40","yrdln":"NYJ 24","ydstogo":10,"ydsnet":0,"posteam":"NYJ","desc":"(9:40) W.Hunter reported in as eligible.  M.Sanchez pass incomplete short right to J.Cotchery.","note":null,"players":{"00-0026898":[{"sequence":1,"clubcode":"NYJ","playerName":"M.Sanchez","statId":14,"yards":0},{"sequence":3,"clubcode":"NYJ","playerName":"M.Sanchez","statId":112,"yards":0}],"00-0022811":[{"sequence":2,"clubcode":"NYJ","playerName":"J.Cotchery","statId":115,"yards":0}]}},"377":{"sp":0,"qtr":1,"down":2,"time":"09:35","yrdln":"NYJ 24","ydstogo":10,"ydsnet":15,"posteam":"NYJ","desc":"(9:35) S.Greene right tackle to NYJ 39 for 15 yards (T.Nelson).","note":null,"players":{"00-0026721":[{"sequence":3,"clubcode":"CIN","playerName":"T.Nelson","statId":79,"yards":0}],"0":[{"sequence":1,"clubcode":"NYJ","playerName":"","statId":3,"yards":0}],"00-0026899":[{"sequence":2,"clubcode":"NYJ","playerName":"S.Greene","statId":10,"yards":15}]}},"398":{"sp":0,"qtr":1,"down":1,"time":"08:52","yrdln":"NYJ 39","ydstogo":10,"ydsnet":18,"posteam":"NYJ","desc":"(8:52) S.Greene right tackle to NYJ 42 for 3 yards (K.Rivers, R.Jeanty).","note":null,"players":{"00-0026149":[{"sequence":2,"clubcode":"CIN","playerName":"K.Rivers","statId":80,"yards":0}],"00-0023729":[{"sequence":3,"clubcode":"CIN","playerName":"R.Jeanty","statId":82,"yards":0}],"00-0026899":[{"sequence":1,"clubcode":"NYJ","playerName":"S.Greene","statId":10,"yards":3}]}},"419":{"sp":0,"qtr":1,"down":2,"time":"08:13","yrdln":"NYJ 42","ydstogo":7,"ydsnet":24,"posteam":"NYJ","desc":"(8:13) W.Hunter reported in as eligible.  M.Sanchez pass short left to J.Cotchery to NYJ 48 for 6 yards (T.Nelson).","note":null,"players":{"00-0026721":[{"sequence":6,"clubcode":"CIN","playerName":"T.Nelson","statId":79,"yards":0}],"00-0026898":[{"sequence":1,"clubcode":"NYJ","playerName":"M.Sanchez","statId":15,"yards":6},{"sequence":2,"clubcode":"NYJ","playerName":"M.Sanchez","statId":111,"yards":4}],"00-0022811":[{"sequence":3,"clubcode":"NYJ","playerName":"J.Cotchery","statId":21,"yards":6},{"sequence":4,"clubcode":"NYJ","playerName":"J.Cotchery","statId":115,"yards":0},{"sequence":5,"clubcode":"NYJ","playerName":"J.Cotchery","statId":113,"yards":2}]}},"445":{"sp":0,"qtr":1,"down":3,"time":"07:40","yrdln":"NYJ 48","ydstogo":1,"ydsnet":25,"posteam":"NYJ","desc":"(7:40) R.Turner and W.Hunter reported in as eligible.  M.Sanchez up the middle to NYJ 49 for 1 yard (P.Sims).","note":null,"players":{"00-0026217":[{"sequence":4,"clubcode":"CIN","playerName":"P.Sims","statId":79,"yards":0}],"00-0026898":[{"sequence":3,"clubcode":"NYJ","playerName":"M.Sanchez","statId":10,"yards":1}],"0":[{"sequence":1,"clubcode":"NYJ","playerName":"","statId":3,"yards":0},{"sequence":2,"clubcode":"NYJ","playerName":"","statId":6,"yards":0}]}},"474":{"sp":0,"qtr":1,"down":1,"time":"07:05","yrdln":"NYJ 49","ydstogo":10,"ydsnet":27,"posteam":"NYJ","desc":"(7:05) Direct Snap to #16 Smith B.Smith right end to CIN 49 for 2 yards (C.Ndukwe).","note":null,"players":{"00-0025640":[{"sequence":2,"clubcode":"CIN","playerName":"C.Ndukwe","statId":79,"yards":0}],"00-0024318":[{"sequence":1,"clubcode":"NYJ","playerName":"B.Smith","statId":10,"yards":2}]}},"499":{"sp":0,"qtr":1,"down":2,"time":"06:33","yrdln":"CIN 49","ydstogo":8,"ydsnet":33,"posteam":"NYJ","desc":"(6:33) M.Sanchez pass short left to J.Cotchery to CIN 43 for 6 yards (T.Nelson, L.Hall).","note":null,"players":{"00-0026721":[{"sequence":6,"clubcode":"CIN","playerName":"T.Nelson","statId":80,"yards":0}],"00-0025405":[{"sequence":7,"clubcode":"CIN","playerName":"L.Hall","statId":82,"yards":0}],"00-0026898":[{"sequence":1,"clubcode":"NYJ","playerName":"M.Sanchez","statId":15,"yards":6},{"sequence":2,"clubcode":"NYJ","playerName":"M.Sanchez","statId":111,"yards":-2}],"00-0022811":[{"sequence":3,"clubcode":"NYJ","playerName":"J.Cotchery","statId":21,"yards":6},{"sequence":4,"clubcode":"NYJ","playerName":"J.Cotchery","statId":115,"yards":0},{"sequence":5,"clubcode":"NYJ","playerName":"J.Cotchery","statId":113,"yards":8}]}},"527":{"sp":0,"qtr":1,"down":3,"time":"05:53","yrdln":"CIN 43","ydstogo":2,"ydsnet":40,"posteam":"NYJ","desc":"(5:53) S.Greene right tackle to CIN 36 for 7 yards (Dh.Jones, K.Rivers).","note":null,"players":{"00-0026149":[{"sequence":5,"clubcode":"CIN","playerName":"K.Rivers","statId":82,"yards":0}],"00-0019635":[{"sequence":4,"clubcode":"CIN","playerName":"Dh.Jones","statId":80,"yards":0}],"0":[{"sequence":1,"clubcode":"NYJ","playerName":"","statId":3,"yards":0},{"sequence":2,"clubcode":"NYJ","playerName":"","statId":6,"yards":0}],"00-0026899":[{"sequence":3,"clubcode":"NYJ","playerName":"S.Greene","statId":10,"yards":7}]}},"548":{"sp":0,"qtr":1,"down":1,"time":"05:14","yrdln":"CIN 36","ydstogo":10,"ydsnet":42,"posteam":"NYJ","desc":"(5:14) W.Hunter reported in as eligible.  S.Greene right guard to CIN 34 for 2 yards (S.Smith, F.Rucker).","note":null,"players":{"00-0021679":[{"sequence":2,"clubcode":"CIN","playerName":"S.Smith","statId":80,"yards":0}],"00-0024306":[{"sequence":3,"clubcode":"CIN","playerName":"F.Rucker","statId":82,"yards":0}],"00-0026899":[{"sequence":1,"clubcode":"NYJ","playerName":"S.Greene","statId":10,"yards":2}]}},"571":{"sp":0,"qtr":1,"down":2,"time":"04:31","yrdln":"CIN 34","ydstogo":8,"ydsnet":46,"posteam":"NYJ","desc":"(4:31) S.Greene left end pushed ob at CIN 30 for 4 yards (K.Rivers, Dh.Jones).","note":null,"players":{"00-0026149":[{"sequence":2,"clubcode":"CIN","playerName":"K.Rivers","statId":80,"yards":0}],"00-0019635":[{"sequence":3,"clubcode":"CIN","playerName":"Dh.Jones","statId":82,"yards":0}],"00-0026899":[{"sequence":1,"clubcode":"NYJ","playerName":"S.Greene","statId":10,"yards":4}]}},"597":{"sp":0,"qtr":1,"down":3,"time":"04:01","yrdln":"CIN 30","ydstogo":4,"ydsnet":51,"posteam":"NYJ","desc":"(4:01) T.Jones right guard to CIN 25 for 5 yards (K.Rivers).","note":null,"players":{"00-0019641":[{"sequence":3,"clubcode":"NYJ","playerName":"T.Jones","statId":10,"yards":5}],"00-0026149":[{"sequence":4,"clubcode":"CIN","playerName":"K.Rivers","statId":79,"yards":0}],"0":[{"sequence":1,"clubcode":"NYJ","playerName":"","statId":3,"yards":0},{"sequence":2,"clubcode":"NYJ","playerName":"","statId":6,"yards":0}]}},"618":{"sp":0,"qtr":1,"down":0,"time":"03:20","yrdln":"","ydstogo":0,"ydsnet":51,"posteam":"","desc":"Timeout #1 by NYJ at 03:20.","note":"TIMEOUT","players":{"0":[{"sequence":1,"clubcode":"NYJ","playerName":"","statId":68,"yards":0}]}},"635":{"sp":0,"qtr":1,"down":1,"time":"03:20","yrdln":"CIN 25","ydstogo":10,"ydsnet":56,"posteam":"NYJ","desc":"(3:20) S.Greene right tackle to CIN 20 for 5 yards (K.Rivers, C.Ndukwe).","note":null,"players":{"00-0026149":[{"sequence":2,"clubcode":"CIN","playerName":"K.Rivers","statId":80,"yards":0}],"00-0025640":[{"sequence":3,"clubcode":"CIN","playerName":"C.Ndukwe","statId":82,"yards":0}],"00-0026899":[{"sequence":1,"clubcode":"NYJ","playerName":"S.Greene","statId":10,"yards":5}]}},"656":{"sp":0,"qtr":1,"down":2,"time":"02:45","yrdln":"CIN 20","ydstogo":5,"ydsnet":56,"posteam":"NYJ","desc":"(2:45) M.Sanchez pass incomplete deep right to B.Edwards.","note":null,"players":{"00-0026898":[{"sequence":1,"clubcode":"NYJ","playerName":"M.Sanchez","statId":14,"yards":0},{"sequence":3,"clubcode":"NYJ","playerName":"M.Sanchez","statId":112,"yards":20}],"00-0023438":[{"sequence":2,"clubcode":"NYJ","playerName":"B.Edwards","statId":115,"yards":0}]}},"678":{"sp":0,"qtr":1,"down":3,"time":"02:36","yrdln":"CIN 20","ydstogo":5,"ydsnet":75,"posteam":"NYJ","desc":"(2:36) #16 Smith in at QB. S.Greene right end pushed ob at CIN 13 for 7 yards (K.Rivers).","note":null,"players":{"00-0026149":[{"sequence":4,"clubcode":"CIN","playerName":"K.Rivers","statId":79,"yards":0}],"0":[{"sequence":1,"clubcode":"NYJ","playerName":"","statId":3,"yards":0},{"sequence":2,"clubcode":"NYJ","playerName":"","statId":6,"yards":0}],"00-0026899":[{"sequence":3,"clubcode":"NYJ","playerName":"S.Greene","statId":10,"yards":7}]}},"708":{"sp":0,"qtr":1,"down":1,"time":"02:03","yrdln":"CIN 13","ydstogo":10,"ydsnet":70,"posteam":"NYJ","desc":"(2:03) S.Greene up the middle to CIN 12 for 1 yard. FUMBLES, RECOVERED by CIN-O.Harris at CIN 12. PENALTY on CIN-O.Harris, Defensive Offside, 5 yards, enforced at CIN 13 - No Play.","note":"PENALTY","players":{"00-0024347":[{"sequence":1,"clubcode":"CIN","playerName":"O.Harris","statId":93,"yards":5}]}},"747":{"sp":0,"qtr":1,"down":1,"time":"01:56","yrdln":"CIN 8","ydstogo":5,"ydsnet":70,"posteam":"NYJ","desc":"(1:56) W.Hunter reported in as eligible.  T.Jones right guard to CIN 6 for 2 yards (J.Fanene).","note":null,"players":{"00-0019641":[{"sequence":1,"clubcode":"NYJ","playerName":"T.Jones","statId":10,"yards":2}],"00-0023665":[{"sequence":2,"clubcode":"CIN","playerName":"J.Fanene","statId":79,"yards":0}]}},"774":{"sp":0,"qtr":1,"down":2,"time":"01:14","yrdln":"CIN 6","ydstogo":3,"ydsnet":71,"posteam":"NYJ","desc":"(1:14) T.Jones right tackle to CIN 5 for 1 yard (S.Smith).","note":null,"players":{"00-0019641":[{"sequence":1,"clubcode":"NYJ","playerName":"T.Jones","statId":10,"yards":1}],"00-0021679":[{"sequence":2,"clubcode":"CIN","playerName":"S.Smith","statId":79,"yards":0}]}},"796":{"sp":0,"qtr":1,"down":0,"time":"00:37","yrdln":"","ydstogo":0,"ydsnet":71,"posteam":"","desc":"Timeout #1 by CIN at 00:37.","note":"TIMEOUT","players":{"0":[{"sequence":1,"clubcode":"CIN","playerName":"","statId":68,"yards":0}]}},"819":{"sp":0,"qtr":1,"down":3,"time":"00:37","yrdln":"CIN 5","ydstogo":2,"ydsnet":75,"posteam":"NYJ","desc":"(:37) #16 Smith in at QB. T.Jones left tackle to CIN 1 for 4 yards (J.Fanene).","note":null,"players":{"00-0019641":[{"sequence":3,"clubcode":"NYJ","playerName":"T.Jones","statId":10,"yards":4}],"00-0023665":[{"sequence":4,"clubcode":"CIN","playerName":"J.Fanene","statId":79,"yards":0}],"0":[{"sequence":1,"clubcode":"NYJ","playerName":"","statId":3,"yards":0},{"sequence":2,"clubcode":"NYJ","playerName":"","statId":6,"yards":0}]}},"848":{"sp":0,"qtr":1,"down":0,"time":"","yrdln":"","ydstogo":0,"ydsnet":75,"posteam":"","desc":"END QUARTER 1","note":null,"players":{}},"864":{"sp":0,"qtr":2,"down":1,"time":"15:00","yrdln":"CIN 1","ydstogo":1,"ydsnet":75,"posteam":"NYJ","desc":"(15:00) R.Turner and W.Hunter reported in as eligible.  T.Jones up the middle to CIN 1 for no gain (K.Hebert, A.Hodge).","note":null,"players":{"00-0019641":[{"sequence":1,"clubcode":"NYJ","playerName":"T.Jones","statId":10,"yards":0}],"00-0020678":[{"sequence":2,"clubcode":"CIN","playerName":"K.Hebert","statId":80,"yards":0}],"00-0024282":[{"sequence":3,"clubcode":"CIN","playerName":"A.Hodge","statId":82,"yards":0}]}},"889":{"sp":0,"qtr":2,"down":2,"time":"14:21","yrdln":"CIN 1","ydstogo":1,"ydsnet":74,"posteam":"NYJ","desc":"(14:21) W.Hunter reported in as eligible.  T.Jones left tackle to CIN 2 for -1 yards (K.Rivers, O.Harris).","note":null,"players":{"00-0019641":[{"sequence":1,"clubcode":"NYJ","playerName":"T.Jones","statId":10,"yards":-1}],"00-0024347":[{"sequence":4,"clubcode":"CIN","playerName":"O.Harris","statId":82,"yards":0}],"00-0026149":[{"sequence":3,"clubcode":"CIN","playerName":"K.Rivers","statId":80,"yards":0},{"sequence":5,"clubcode":"CIN","playerName":"K.Rivers","statId":120,"yards":0}],"0":[{"sequence":2,"clubcode":"NYJ","playerName":"","statId":95,"yards":-1}]}},"913":{"sp":0,"qtr":2,"down":0,"time":"13:38","yrdln":"","ydstogo":0,"ydsnet":74,"posteam":"","desc":"Timeout #2 by NYJ at 13:38.","note":"TIMEOUT","players":{"0":[{"sequence":1,"clubcode":"NYJ","playerName":"","statId":68,"yards":0}]}},"930":{"sp":0,"qtr":2,"down":3,"time":"13:38","yrdln":"CIN 2","ydstogo":2,"ydsnet":74,"posteam":"NYJ","desc":"(13:38) (Shotgun) M.Sanchez pass incomplete short left to B.Edwards.","note":null,"players":{"00-0026898":[{"sequence":2,"clubcode":"NYJ","playerName":"M.Sanchez","statId":14,"yards":0},{"sequence":4,"clubcode":"NYJ","playerName":"M.Sanchez","statId":112,"yards":2}],"0":[{"sequence":1,"clubcode":"NYJ","playerName":"","statId":7,"yards":0}],"00-0023438":[{"sequence":3,"clubcode":"NYJ","playerName":"B.Edwards","statId":115,"yards":0}]}},"958":{"sp":1,"qtr":2,"down":4,"time":"13:33","yrdln":"CIN 2","ydstogo":2,"ydsnet":74,"posteam":"NYJ","desc":"(13:33) J.Feely 20 yard field goal is GOOD, Center-J.Dearth, Holder-K.Clemens.","note":"FG","players":{"00-0019770":[{"sequence":1,"clubcode":"NYJ","playerName":"J.Feely","statId":70,"yards":20}]}}},"fds":6,"result":"Field Goal","penyds":5,"ydsgained":69,"numplays":26,"postime":"11:11","start":{"qtr":1,"time":"09:40","yrdln":"NYJ 24","team":"NYJ"},"end":{"qtr":1,"time":"13:29","yrdln":"CIN 2","team":"NYJ"}},"4":{"posteam":"CIN","qtr":2,"redzone":true,"plays":{"978":{"sp":0,"qtr":2,"down":0,"time":"13:29","yrdln":"NYJ 30","ydstogo":0,"ydsnet":0,"posteam":"NYJ","desc":"J.Feely kicks 68 yards from NYJ 30 to CIN 2. B.Scott to CIN 30 for 28 yards (J.Westerman).","note":"KICKOFF","players":{"00-0019770":[{"sequence":1,"clubcode":"NYJ","playerName":"J.Feely","statId":41,"yards":68}],"00-0026662":[{"sequence":3,"clubcode":"NYJ","playerName":"J.Westerman","statId":79,"yards":0}],"00-0026941":[{"sequence":2,"clubcode":"CIN","playerName":"B.Scott","statId":45,"yards":28}]}},"1000":{"sp":0,"qtr":2,"down":1,"time":"13:22","yrdln":"CIN 30","ydstogo":10,"ydsnet":-3,"posteam":"CIN","desc":"(13:22) D.Roland reported in as eligible.  B.Scott left end to CIN 27 for -3 yards (B.Thomas).","note":null,"players":{"00-0026941":[{"sequence":1,"clubcode":"CIN","playerName":"B.Scott","statId":10,"yards":-3}],"0":[{"sequence":2,"clubcode":"CIN","playerName":"","statId":95,"yards":-3}],"00-0021081":[{"sequence":3,"clubcode":"NYJ","playerName":"B.Thomas","statId":79,"yards":0},{"sequence":4,"clubcode":"NYJ","playerName":"B.Thomas","statId":120,"yards":0}]}},"1023":{"sp":0,"qtr":2,"down":2,"time":"12:40","yrdln":"CIN 27","ydstogo":13,"ydsnet":-3,"posteam":"CIN","desc":"(12:40) (Shotgun) C.Palmer pass incomplete short left to B.Scott (K.Rhodes).","note":null,"players":{"00-0021429":[{"sequence":1,"clubcode":"CIN","playerName":"C.Palmer","statId":14,"yards":0},{"sequence":4,"clubcode":"CIN","playerName":"C.Palmer","statId":112,"yards":-6}],"00-0026941":[{"sequence":2,"clubcode":"CIN","playerName":"B.Scott","statId":115,"yards":0}],"00-0023557":[{"sequence":3,"clubcode":"NYJ","playerName":"K.Rhodes","statId":85,"yards":0}]}},"1045":{"sp":0,"qtr":2,"down":0,"time":"12:35","yrdln":"","ydstogo":0,"ydsnet":-3,"posteam":"","desc":"Timeout #2 by CIN at 12:35.","note":"TIMEOUT","players":{"0":[{"sequence":1,"clubcode":"CIN","playerName":"","statId":68,"yards":0}]}},"1062":{"sp":0,"qtr":2,"down":3,"time":"12:35","yrdln":"CIN 27","ydstogo":13,"ydsnet":-3,"posteam":"CIN","desc":"(12:35) (Shotgun) C.Palmer pass incomplete deep left to C.Ochocinco.","note":null,"players":{"00-0021429":[{"sequence":2,"clubcode":"CIN","playerName":"C.Palmer","statId":14,"yards":0},{"sequence":4,"clubcode":"CIN","playerName":"C.Palmer","statId":112,"yards":19}],"0":[{"sequence":1,"clubcode":"CIN","playerName":"","statId":7,"yards":0}],"00-0020397":[{"sequence":3,"clubcode":"CIN","playerName":"C.Ochocinco","statId":115,"yards":0}]}},"1084":{"sp":0,"qtr":2,"down":4,"time":"12:22","yrdln":"CIN 27","ydstogo":13,"ydsnet":-3,"posteam":"CIN","desc":"(12:22) K.Huber punts 24 yards to NYJ 49, Center-C.Harris, out of bounds.","note":"PUNT","players":{"0":[{"sequence":2,"clubcode":"NYJ","playerName":"","statId":37,"yards":0}],"00-0027103":[{"sequence":1,"clubcode":"CIN","playerName":"K.Huber","statId":29,"yards":24}]}}},"fds":0,"result":"Punt","penyds":0,"ydsgained":-3,"numplays":6,"postime":"1:07","start":{"qtr":2,"time":"13:29","yrdln":"CIN 30","team":"CIN"},"end":{"qtr":2,"time":"12:22","yrdln":"CIN 27","team":"CIN"}},"5":{"posteam":"NYJ","qtr":2,"redzone":true,"plays":{"1103":{"sp":0,"qtr":2,"down":1,"time":"12:22","yrdln":"NYJ 49","ydstogo":10,"ydsnet":3,"posteam":"NYJ","desc":"(12:22) T.Jones right guard to CIN 48 for 3 yards (R.Jeanty).","note":null,"players":{"00-0019641":[{"sequence":1,"clubcode":"NYJ","playerName":"T.Jones","statId":10,"yards":3}],"00-0023729":[{"sequence":2,"clubcode":"CIN","playerName":"R.Jeanty","statId":79,"yards":0}]}},"1125":{"sp":0,"qtr":2,"down":2,"time":"11:45","yrdln":"CIN 48","ydstogo":7,"ydsnet":8,"posteam":"NYJ","desc":"(11:45) T.Jones right guard to CIN 43 for 5 yards (K.Rivers).","note":null,"players":{"00-0019641":[{"sequence":1,"clubcode":"NYJ","playerName":"T.Jones","statId":10,"yards":5}],"00-0026149":[{"sequence":2,"clubcode":"CIN","playerName":"K.Rivers","statId":79,"yards":0}]}},"1146":{"sp":0,"qtr":2,"down":3,"time":"11:07","yrdln":"CIN 43","ydstogo":2,"ydsnet":3,"posteam":"NYJ","desc":"(11:07) W.Hunter reported in as eligible.  PENALTY on NYJ-W.Hunter, False Start, 5 yards, enforced at CIN 43 - No Play.","note":"PENALTY","players":{"00-0022000":[{"sequence":1,"clubcode":"NYJ","playerName":"W.Hunter","statId":93,"yards":5}]}},"1171":{"sp":0,"qtr":2,"down":3,"time":"10:42","yrdln":"CIN 48","ydstogo":7,"ydsnet":3,"posteam":"NYJ","desc":"(10:42) M.Sanchez pass incomplete deep left to B.Edwards.","note":null,"players":{"00-0026898":[{"sequence":2,"clubcode":"NYJ","playerName":"M.Sanchez","statId":14,"yards":0},{"sequence":4,"clubcode":"NYJ","playerName":"M.Sanchez","statId":112,"yards":48}],"0":[{"sequence":1,"clubcode":"NYJ","playerName":"","statId":7,"yards":0}],"00-0023438":[{"sequence":3,"clubcode":"NYJ","playerName":"B.Edwards","statId":115,"yards":0}]}},"1193":{"sp":0,"qtr":2,"down":4,"time":"10:34","yrdln":"CIN 48","ydstogo":7,"ydsnet":3,"posteam":"NYJ","desc":"(10:34) S.Weatherford punts 33 yards to CIN 15, Center-J.Dearth, fair catch by Q.Cosby.","note":"PUNT","players":{"00-0026716":[{"sequence":3,"clubcode":"CIN","playerName":"Q.Cosby","statId":39,"yards":0}],"00-0024110":[{"sequence":1,"clubcode":"NYJ","playerName":"S.Weatherford","statId":29,"yards":33},{"sequence":2,"clubcode":"NYJ","playerName":"S.Weatherford","statId":30,"yards":0}]}}},"fds":0,"result":"Punt","penyds":-5,"ydsgained":8,"numplays":5,"postime":"1:56","start":{"qtr":2,"time":"12:22","yrdln":"NYJ 49","team":"NYJ"},"end":{"qtr":2,"time":"10:26","yrdln":"CIN 48","team":"NYJ"}},"6":{"posteam":"CIN","qtr":2,"redzone":true,"plays":{"1213":{"sp":0,"qtr":2,"down":1,"time":"10:26","yrdln":"CIN 15","ydstogo":10,"ydsnet":0,"posteam":"CIN","desc":"(10:26) C.Palmer pass incomplete short left to C.Ochocinco.","note":null,"players":{"00-0021429":[{"sequence":1,"clubcode":"CIN","playerName":"C.Palmer","statId":14,"yards":0},{"sequence":3,"clubcode":"CIN","playerName":"C.Palmer","statId":112,"yards":7}],"00-0020397":[{"sequence":2,"clubcode":"CIN","playerName":"C.Ochocinco","statId":115,"yards":0}]}},"1235":{"sp":0,"qtr":2,"down":2,"time":"10:21","yrdln":"CIN 15","ydstogo":10,"ydsnet":0,"posteam":"CIN","desc":"(10:21) (Shotgun) C.Palmer pass incomplete short left to Q.Cosby.","note":null,"players":{"00-0021429":[{"sequence":1,"clubcode":"CIN","playerName":"C.Palmer","statId":14,"yards":0},{"sequence":3,"clubcode":"CIN","playerName":"C.Palmer","statId":112,"yards":5}],"00-0026716":[{"sequence":2,"clubcode":"CIN","playerName":"Q.Cosby","statId":115,"yards":0}]}},"1257":{"sp":0,"qtr":2,"down":3,"time":"10:17","yrdln":"CIN 15","ydstogo":10,"ydsnet":5,"posteam":"CIN","desc":"(10:17) (Shotgun) C.Palmer pass incomplete short left to C.Ochocinco. PENALTY on NYJ-D.Revis, Illegal Contact, 5 yards, enforced at CIN 15 - No Play.","note":"PENALTY","players":{"00-0025401":[{"sequence":2,"clubcode":"NYJ","playerName":"D.Revis","statId":93,"yards":5}],"0":[{"sequence":1,"clubcode":"CIN","playerName":"","statId":5,"yards":0}]}},"1290":{"sp":0,"qtr":2,"down":1,"time":"10:11","yrdln":"CIN 20","ydstogo":10,"ydsnet":5,"posteam":"CIN","desc":"(10:11) D.Roland reported in as eligible.  B.Scott up the middle to CIN 20 for no gain (C.Pace, M.Douglas).","note":null,"players":{"00-0026941":[{"sequence":1,"clubcode":"CIN","playerName":"B.Scott","statId":10,"yards":0}],"00-0004472":[{"sequence":3,"clubcode":"NYJ","playerName":"M.Douglas","statId":82,"yards":0}],"00-0022120":[{"sequence":2,"clubcode":"NYJ","playerName":"C.Pace","statId":80,"yards":0}]}},"1313":{"sp":0,"qtr":2,"down":2,"time":"09:28","yrdln":"CIN 20","ydstogo":10,"ydsnet":5,"posteam":"CIN","desc":"(9:28) C.Palmer pass short left to L.Coles to CIN 20 for no gain (B.Thomas). Penalty on CIN-A.Smith, Ineligible Downfield Pass, declined.","note":null,"players":{"00-0021429":[{"sequence":1,"clubcode":"CIN","playerName":"C.Palmer","statId":15,"yards":0},{"sequence":2,"clubcode":"CIN","playerName":"C.Palmer","statId":111,"yards":-1}],"00-0018958":[{"sequence":3,"clubcode":"CIN","playerName":"L.Coles","statId":21,"yards":0},{"sequence":4,"clubcode":"CIN","playerName":"L.Coles","statId":115,"yards":0},{"sequence":5,"clubcode":"CIN","playerName":"L.Coles","statId":113,"yards":1}],"00-0021081":[{"sequence":6,"clubcode":"NYJ","playerName":"B.Thomas","statId":79,"yards":0}]}},"1349":{"sp":0,"qtr":2,"down":3,"time":"08:59","yrdln":"CIN 20","ydstogo":10,"ydsnet":5,"posteam":"CIN","desc":"(8:59) C.Palmer pass incomplete deep right to A.Caldwell. Penalty on CIN, Illegal Shift, declined.","note":null,"players":{"00-0026237":[{"sequence":3,"clubcode":"CIN","playerName":"A.Caldwell","statId":115,"yards":0}],"00-0021429":[{"sequence":2,"clubcode":"CIN","playerName":"C.Palmer","statId":14,"yards":0},{"sequence":4,"clubcode":"CIN","playerName":"C.Palmer","statId":112,"yards":36}],"0":[{"sequence":1,"clubcode":"CIN","playerName":"","statId":7,"yards":0}]}},"1382":{"sp":0,"qtr":2,"down":4,"time":"08:54","yrdln":"CIN 20","ydstogo":10,"ydsnet":5,"posteam":"CIN","desc":"(8:54) K.Huber punts 33 yards to NYJ 47, Center-C.Harris. B.Smith to CIN 47 for 6 yards (B.Leonard).","note":"PUNT","players":{"00-0025439":[{"sequence":3,"clubcode":"CIN","playerName":"B.Leonard","statId":79,"yards":0}],"00-0027103":[{"sequence":1,"clubcode":"CIN","playerName":"K.Huber","statId":29,"yards":33}],"00-0024318":[{"sequence":2,"clubcode":"NYJ","playerName":"B.Smith","statId":33,"yards":6}]}}},"fds":1,"result":"Punt","penyds":5,"ydsgained":0,"numplays":7,"postime":"1:41","start":{"qtr":2,"time":"10:26","yrdln":"CIN 15","team":"CIN"},"end":{"qtr":2,"time":"08:45","yrdln":"CIN 20","team":"CIN"}},"7":{"posteam":"NYJ","qtr":2,"redzone":true,"plays":{"1408":{"sp":0,"qtr":2,"down":1,"time":"08:45","yrdln":"CIN 47","ydstogo":10,"ydsnet":2,"posteam":"NYJ","desc":"(8:45) T.Jones right tackle to CIN 45 for 2 yards (O.Harris, S.Smith).","note":null,"players":{"00-0019641":[{"sequence":1,"clubcode":"NYJ","playerName":"T.Jones","statId":10,"yards":2}],"00-0024347":[{"sequence":2,"clubcode":"CIN","playerName":"O.Harris","statId":80,"yards":0}],"00-0021679":[{"sequence":3,"clubcode":"CIN","playerName":"S.Smith","statId":82,"yards":0}]}},"1429":{"sp":0,"qtr":2,"down":2,"time":"08:07","yrdln":"CIN 45","ydstogo":8,"ydsnet":16,"posteam":"NYJ","desc":"(8:07) M.Sanchez pass short right to J.Cotchery to CIN 31 for 14 yards (T.Nelson, C.Ndukwe).","note":null,"players":{"00-0026721":[{"sequence":7,"clubcode":"CIN","playerName":"T.Nelson","statId":80,"yards":0}],"00-0026898":[{"sequence":2,"clubcode":"NYJ","playerName":"M.Sanchez","statId":15,"yards":14},{"sequence":3,"clubcode":"NYJ","playerName":"M.Sanchez","statId":111,"yards":7}],"0":[{"sequence":1,"clubcode":"NYJ","playerName":"","statId":4,"yards":0}],"00-0022811":[{"sequence":4,"clubcode":"NYJ","playerName":"J.Cotchery","statId":21,"yards":14},{"sequence":5,"clubcode":"NYJ","playerName":"J.Cotchery","statId":115,"yards":0},{"sequence":6,"clubcode":"NYJ","playerName":"J.Cotchery","statId":113,"yards":7}],"00-0025640":[{"sequence":8,"clubcode":"CIN","playerName":"C.Ndukwe","statId":82,"yards":0}]}},"1453":{"sp":0,"qtr":2,"down":1,"time":"07:28","yrdln":"CIN 31","ydstogo":10,"ydsnet":15,"posteam":"NYJ","desc":"(7:28) #16 Smith in at QB. W.Hunter reported in as eligible.  S.Greene left tackle to CIN 32 for -1 yards (J.Joseph).","note":null,"players":{"00-0024239":[{"sequence":3,"clubcode":"CIN","playerName":"J.Joseph","statId":79,"yards":0},{"sequence":4,"clubcode":"CIN","playerName":"J.Joseph","statId":120,"yards":0}],"0":[{"sequence":2,"clubcode":"NYJ","playerName":"","statId":95,"yards":-1}],"00-0026899":[{"sequence":1,"clubcode":"NYJ","playerName":"S.Greene","statId":10,"yards":-1}]}},"1480":{"sp":1,"qtr":2,"down":2,"time":"06:47","yrdln":"CIN 32","ydstogo":11,"ydsnet":47,"posteam":"NYJ","desc":"(6:47) #16 Smith in at QB. B.Smith right end for 32 yards, TOUCHDOWN.","note":"TD","players":{"0":[{"sequence":1,"clubcode":"NYJ","playerName":"","statId":3,"yards":0}],"00-0024318":[{"sequence":2,"clubcode":"NYJ","playerName":"B.Smith","statId":11,"yards":32}]}},"1502":{"sp":1,"qtr":2,"down":0,"time":"06:37","yrdln":"CIN 2","ydstogo":0,"ydsnet":47,"posteam":"NYJ","desc":"J.Feely extra point is GOOD, Center-J.Dearth, Holder-K.Clemens. PENALTY on CIN, Defensive 12 On-field, 5 yards, enforced between downs.","note":"XP","players":{"00-0019770":[{"sequence":1,"clubcode":"NYJ","playerName":"J.Feely","statId":72,"yards":0}],"0":[{"sequence":2,"clubcode":"CIN","playerName":"","statId":93,"yards":5}]}}},"fds":2,"result":"Touchdown","penyds":0,"ydsgained":47,"numplays":5,"postime":"2:08","start":{"qtr":2,"time":"08:45","yrdln":"CIN 47","team":"NYJ"},"end":{"qtr":2,"time":"06:37","yrdln":"CIN 32","team":"NYJ"}},"8":{"posteam":"CIN","qtr":2,"redzone":true,"plays":{"1530":{"sp":0,"qtr":2,"down":0,"time":"06:37","yrdln":"NYJ 35","ydstogo":0,"ydsnet":0,"posteam":"NYJ","desc":"J.Feely kicks 65 yards from NYJ 35 to end zone, Touchback.","note":"KICKOFF","players":{"00-0019770":[{"sequence":1,"clubcode":"NYJ","playerName":"J.Feely","statId":44,"yards":65}],"0":[{"sequence":2,"clubcode":"CIN","playerName":"","statId":51,"yards":0}]}},"1544":{"sp":0,"qtr":2,"down":1,"time":"06:37","yrdln":"CIN 20","ydstogo":10,"ydsnet":9,"posteam":"CIN","desc":"(6:37) L.Johnson right tackle to CIN 29 for 9 yards (D.Harris).","note":null,"players":{"00-0025434":[{"sequence":2,"clubcode":"NYJ","playerName":"D.Harris","statId":79,"yards":0}],"00-0021976":[{"sequence":1,"clubcode":"CIN","playerName":"L.Johnson","statId":10,"yards":9}]}},"1565":{"sp":0,"qtr":2,"down":2,"time":"05:58","yrdln":"CIN 29","ydstogo":1,"ydsnet":9,"posteam":"CIN","desc":"(5:58) C.Palmer pass incomplete deep right to C.Ochocinco.","note":null,"players":{"00-0021429":[{"sequence":1,"clubcode":"CIN","playerName":"C.Palmer","statId":14,"yards":0},{"sequence":3,"clubcode":"CIN","playerName":"C.Palmer","statId":112,"yards":21}],"00-0020397":[{"sequence":2,"clubcode":"CIN","playerName":"C.Ochocinco","statId":115,"yards":0}]}},"1587":{"sp":0,"qtr":2,"down":3,"time":"05:52","yrdln":"CIN 29","ydstogo":1,"ydsnet":9,"posteam":"CIN","desc":"(5:52) (Shotgun) C.Palmer pass incomplete short left to A.Caldwell (L.Sheppard).","note":null,"players":{"00-0026237":[{"sequence":3,"clubcode":"CIN","playerName":"A.Caldwell","statId":115,"yards":0}],"00-0021429":[{"sequence":2,"clubcode":"CIN","playerName":"C.Palmer","statId":14,"yards":0},{"sequence":5,"clubcode":"CIN","playerName":"C.Palmer","statId":112,"yards":6}],"00-0021157":[{"sequence":4,"clubcode":"NYJ","playerName":"L.Sheppard","statId":85,"yards":0}],"0":[{"sequence":1,"clubcode":"CIN","playerName":"","statId":7,"yards":0}]}},"1609":{"sp":0,"qtr":2,"down":4,"time":"05:48","yrdln":"CIN 29","ydstogo":1,"ydsnet":9,"posteam":"CIN","desc":"(5:48) K.Huber punts 41 yards to NYJ 30, Center-C.Harris. J.Cotchery pushed ob at NYJ 41 for 11 yards (B.Leonard).","note":"PUNT","players":{"00-0025439":[{"sequence":3,"clubcode":"CIN","playerName":"B.Leonard","statId":79,"yards":0}],"00-0022811":[{"sequence":2,"clubcode":"NYJ","playerName":"J.Cotchery","statId":33,"yards":11}],"00-0027103":[{"sequence":1,"clubcode":"CIN","playerName":"K.Huber","statId":29,"yards":41}]}}},"fds":0,"result":"Punt","penyds":0,"ydsgained":9,"numplays":5,"postime":"0:59","start":{"qtr":2,"time":"06:37","yrdln":"CIN 20","team":"CIN"},"end":{"qtr":2,"time":"05:38","yrdln":"CIN 29","team":"CIN"}},"9":{"posteam":"NYJ","qtr":2,"redzone":true,"plays":{"1640":{"sp":0,"qtr":2,"down":1,"time":"05:38","yrdln":"NYJ 41","ydstogo":10,"ydsnet":3,"posteam":"NYJ","desc":"(5:38) S.Greene right guard to NYJ 44 for 3 yards (T.Johnson).","note":null,"players":{"00-0022696":[{"sequence":2,"clubcode":"CIN","playerName":"T.Johnson","statId":79,"yards":0}],"00-0026899":[{"sequence":1,"clubcode":"NYJ","playerName":"S.Greene","statId":10,"yards":3}]}},"1661":{"sp":0,"qtr":2,"down":2,"time":"04:58","yrdln":"NYJ 44","ydstogo":7,"ydsnet":13,"posteam":"NYJ","desc":"(4:58) M.Sanchez pass short right to J.Cotchery to CIN 46 for 10 yards (J.Joseph).","note":null,"players":{"00-0024239":[{"sequence":7,"clubcode":"CIN","playerName":"J.Joseph","statId":79,"yards":0}],"00-0026898":[{"sequence":2,"clubcode":"NYJ","playerName":"M.Sanchez","statId":15,"yards":10},{"sequence":3,"clubcode":"NYJ","playerName":"M.Sanchez","statId":111,"yards":10}],"0":[{"sequence":1,"clubcode":"NYJ","playerName":"","statId":4,"yards":0}],"00-0022811":[{"sequence":4,"clubcode":"NYJ","playerName":"J.Cotchery","statId":21,"yards":10},{"sequence":5,"clubcode":"NYJ","playerName":"J.Cotchery","statId":115,"yards":0},{"sequence":6,"clubcode":"NYJ","playerName":"J.Cotchery","statId":113,"yards":0}]}},"1685":{"sp":0,"qtr":2,"down":1,"time":"04:11","yrdln":"CIN 46","ydstogo":10,"ydsnet":19,"posteam":"NYJ","desc":"(4:11) W.Hunter reported in as eligible.  S.Greene right end pushed ob at CIN 40 for 6 yards (Dh.Jones).","note":null,"players":{"00-0019635":[{"sequence":2,"clubcode":"CIN","playerName":"Dh.Jones","statId":79,"yards":0}],"00-0026899":[{"sequence":1,"clubcode":"NYJ","playerName":"S.Greene","statId":10,"yards":6}]}},"1713":{"sp":0,"qtr":2,"down":2,"time":"03:42","yrdln":"CIN 40","ydstogo":4,"ydsnet":22,"posteam":"NYJ","desc":"(3:42) S.Greene right tackle to CIN 37 for 3 yards (Dh.Jones, K.Rivers).","note":null,"players":{"00-0026149":[{"sequence":3,"clubcode":"CIN","playerName":"K.Rivers","statId":82,"yards":0}],"00-0019635":[{"sequence":2,"clubcode":"CIN","playerName":"Dh.Jones","statId":80,"yards":0}],"00-0026899":[{"sequence":1,"clubcode":"NYJ","playerName":"S.Greene","statId":10,"yards":3}]}},"1734":{"sp":0,"qtr":2,"down":3,"time":"03:13","yrdln":"CIN 37","ydstogo":1,"ydsnet":23,"posteam":"NYJ","desc":"(3:13) W.Hunter and R.Turner reported in as eligible.  M.Sanchez left guard to CIN 36 for 1 yard (R.Jeanty).","note":null,"players":{"00-0026898":[{"sequence":3,"clubcode":"NYJ","playerName":"M.Sanchez","statId":10,"yards":1}],"0":[{"sequence":1,"clubcode":"NYJ","playerName":"","statId":3,"yards":0},{"sequence":2,"clubcode":"NYJ","playerName":"","statId":6,"yards":0}],"00-0023729":[{"sequence":4,"clubcode":"CIN","playerName":"R.Jeanty","statId":79,"yards":0}]}},"1759":{"sp":0,"qtr":2,"down":1,"time":"02:28","yrdln":"CIN 36","ydstogo":10,"ydsnet":26,"posteam":"NYJ","desc":"(2:28) W.Hunter reported in as eligible.  T.Jones right tackle to CIN 33 for 3 yards (K.Hebert).","note":null,"players":{"00-0019641":[{"sequence":1,"clubcode":"NYJ","playerName":"T.Jones","statId":10,"yards":3}],"00-0020678":[{"sequence":2,"clubcode":"CIN","playerName":"K.Hebert","statId":79,"yards":0}]}},"1786":{"sp":0,"qtr":2,"down":0,"time":"02:00","yrdln":"","ydstogo":0,"ydsnet":26,"posteam":"","desc":"Two-Minute Warning","note":null,"players":{}},"1803":{"sp":0,"qtr":2,"down":2,"time":"02:00","yrdln":"CIN 33","ydstogo":7,"ydsnet":35,"posteam":"NYJ","desc":"(2:00) M.Sanchez pass short right to D.Keller pushed ob at CIN 24 for 9 yards (Dh.Jones).","note":null,"players":{"00-0026170":[{"sequence":4,"clubcode":"NYJ","playerName":"D.Keller","statId":21,"yards":9},{"sequence":5,"clubcode":"NYJ","playerName":"D.Keller","statId":115,"yards":0},{"sequence":6,"clubcode":"NYJ","playerName":"D.Keller","statId":113,"yards":9}],"00-0026898":[{"sequence":2,"clubcode":"NYJ","playerName":"M.Sanchez","statId":15,"yards":9},{"sequence":3,"clubcode":"NYJ","playerName":"M.Sanchez","statId":111,"yards":0}],"00-0019635":[{"sequence":7,"clubcode":"CIN","playerName":"Dh.Jones","statId":79,"yards":0}],"0":[{"sequence":1,"clubcode":"NYJ","playerName":"","statId":4,"yards":0}]}},"1828":{"sp":0,"qtr":2,"down":1,"time":"01:55","yrdln":"CIN 24","ydstogo":10,"ydsnet":44,"posteam":"NYJ","desc":"(1:55) T.Jones right tackle to CIN 15 for 9 yards (K.Hebert).","note":null,"players":{"00-0019641":[{"sequence":1,"clubcode":"NYJ","playerName":"T.Jones","statId":10,"yards":9}],"00-0020678":[{"sequence":2,"clubcode":"CIN","playerName":"K.Hebert","statId":79,"yards":0}]}},"1849":{"sp":0,"qtr":2,"down":2,"time":"01:55","yrdln":"CIN 15","ydstogo":1,"ydsnet":48,"posteam":"NYJ","desc":"(1:55) PENALTY on CIN-T.Johnson, Encroachment, 4 yards, enforced at CIN 15 - No Play.","note":"PENALTY","players":{"00-0022696":[{"sequence":2,"clubcode":"CIN","playerName":"T.Johnson","statId":93,"yards":4}],"0":[{"sequence":1,"clubcode":"NYJ","playerName":"","statId":5,"yards":0}]}},"1872":{"sp":0,"qtr":2,"down":1,"time":"01:16","yrdln":"CIN 11","ydstogo":10,"ydsnet":53,"posteam":"NYJ","desc":"(1:16) T.Jones right guard to CIN 6 for 5 yards (Dh.Jones).","note":null,"players":{"00-0019641":[{"sequence":1,"clubcode":"NYJ","playerName":"T.Jones","statId":10,"yards":5}],"00-0019635":[{"sequence":2,"clubcode":"CIN","playerName":"Dh.Jones","statId":79,"yards":0}]}},"1893":{"sp":1,"qtr":2,"down":2,"time":"00:44","yrdln":"CIN 6","ydstogo":5,"ydsnet":59,"posteam":"NYJ","desc":"(:44) J.Cotchery left end for 6 yards, TOUCHDOWN.","note":"TD","players":{"0":[{"sequence":1,"clubcode":"NYJ","playerName":"","statId":3,"yards":0}],"00-0022811":[{"sequence":2,"clubcode":"NYJ","playerName":"J.Cotchery","statId":11,"yards":6}]}},"1914":{"sp":1,"qtr":2,"down":0,"time":"00:37","yrdln":"CIN 2","ydstogo":0,"ydsnet":59,"posteam":"NYJ","desc":"J.Feely extra point is GOOD, Center-J.Dearth, Holder-K.Clemens.","note":"XP","players":{"00-0019770":[{"sequence":1,"clubcode":"NYJ","playerName":"J.Feely","statId":72,"yards":0}]}}},"fds":5,"result":"Touchdown","penyds":4,"ydsgained":55,"numplays":13,"postime":"5:01","start":{"qtr":2,"time":"05:38","yrdln":"NYJ 41","team":"NYJ"},"end":{"qtr":2,"time":"00:37","yrdln":"CIN 6","team":"NYJ"}},"10":{"posteam":"CIN","qtr":2,"redzone":true,"plays":{"1930":{"sp":0,"qtr":2,"down":0,"time":"00:37","yrdln":"NYJ 30","ydstogo":0,"ydsnet":0,"posteam":"NYJ","desc":"J.Feely kicks 66 yards from NYJ 30 to CIN 4. B.Scott to CIN 40 for 36 yards (E.Smith).","note":"KICKOFF","players":{"00-0019770":[{"sequence":1,"clubcode":"NYJ","playerName":"J.Feely","statId":41,"yards":66}],"00-0024312":[{"sequence":3,"clubcode":"NYJ","playerName":"E.Smith","statId":79,"yards":0}],"00-0026941":[{"sequence":2,"clubcode":"CIN","playerName":"B.Scott","statId":45,"yards":36}]}},"1952":{"sp":0,"qtr":2,"down":1,"time":"00:30","yrdln":"CIN 40","ydstogo":10,"ydsnet":0,"posteam":"CIN","desc":"(:30) (Shotgun) C.Palmer pass short left intended for A.Caldwell INTERCEPTED by D.Lowery at CIN 49. D.Lowery pushed ob at CIN 15 for 34 yards (C.Palmer).","note":"INT","players":{"00-0026237":[{"sequence":2,"clubcode":"CIN","playerName":"A.Caldwell","statId":115,"yards":0}],"00-0021429":[{"sequence":1,"clubcode":"CIN","playerName":"C.Palmer","statId":19,"yards":0},{"sequence":3,"clubcode":"CIN","playerName":"C.Palmer","statId":112,"yards":9},{"sequence":6,"clubcode":"CIN","playerName":"C.Palmer","statId":79,"yards":0}],"00-0026253":[{"sequence":4,"clubcode":"NYJ","playerName":"D.Lowery","statId":25,"yards":34},{"sequence":5,"clubcode":"NYJ","playerName":"D.Lowery","statId":85,"yards":0}]}}},"fds":0,"result":"Interception","penyds":0,"ydsgained":0,"numplays":2,"postime":"0:17","start":{"qtr":2,"time":"00:37","yrdln":"CIN 40","team":"CIN"},"end":{"qtr":2,"time":"00:20","yrdln":"CIN 40","team":"CIN"}},"11":{"posteam":"NYJ","qtr":2,"redzone":true,"plays":{"1979":{"sp":0,"qtr":2,"down":1,"time":"00:20","yrdln":"CIN 15","ydstogo":10,"ydsnet":0,"posteam":"NYJ","desc":"(:20) M.Sanchez pass incomplete short middle to B.Hartsock.","note":null,"players":{"00-0022847":[{"sequence":2,"clubcode":"NYJ","playerName":"B.Hartsock","statId":115,"yards":0}],"00-0026898":[{"sequence":1,"clubcode":"NYJ","playerName":"M.Sanchez","statId":14,"yards":0},{"sequence":3,"clubcode":"NYJ","playerName":"M.Sanchez","statId":112,"yards":15}]}},"2001":{"sp":0,"qtr":2,"down":2,"time":"00:14","yrdln":"CIN 15","ydstogo":10,"ydsnet":-5,"posteam":"NYJ","desc":"(:14) (Shotgun) PENALTY on NYJ-D.Ferguson, False Start, 5 yards, enforced at CIN 15 - No Play.","note":"PENALTY","players":{"00-0024219":[{"sequence":1,"clubcode":"NYJ","playerName":"D.Ferguson","statId":93,"yards":5}]}},"2024":{"sp":0,"qtr":2,"down":2,"time":"00:14","yrdln":"CIN 20","ydstogo":15,"ydsnet":-6,"posteam":"NYJ","desc":"(:14) T.Jones left end to CIN 21 for -1 yards (K.Hebert).","note":null,"players":{"00-0019641":[{"sequence":1,"clubcode":"NYJ","playerName":"T.Jones","statId":10,"yards":-1}],"00-0020678":[{"sequence":3,"clubcode":"CIN","playerName":"K.Hebert","statId":79,"yards":0},{"sequence":4,"clubcode":"CIN","playerName":"K.Hebert","statId":120,"yards":0}],"0":[{"sequence":2,"clubcode":"NYJ","playerName":"","statId":95,"yards":-1}]}},"2045":{"sp":0,"qtr":2,"down":0,"time":"00:02","yrdln":"","ydstogo":0,"ydsnet":-6,"posteam":"","desc":"Timeout #3 by NYJ at 00:02.","note":"TIMEOUT","players":{"0":[{"sequence":1,"clubcode":"NYJ","playerName":"","statId":68,"yards":0}]}},"2062":{"sp":0,"qtr":2,"down":0,"time":"00:02","yrdln":"","ydstogo":0,"ydsnet":-6,"posteam":"","desc":"Timeout #3 by CIN at 00:02.","note":"TIMEOUT","players":{"0":[{"sequence":1,"clubcode":"CIN","playerName":"","statId":68,"yards":0}]}},"2085":{"sp":1,"qtr":2,"down":3,"time":"00:02","yrdln":"CIN 21","ydstogo":16,"ydsnet":-6,"posteam":"NYJ","desc":"(:02) J.Feely 39 yard field goal is GOOD, Center-J.Dearth, Holder-K.Clemens.","note":"FG","players":{"00-0019770":[{"sequence":1,"clubcode":"NYJ","playerName":"J.Feely","statId":70,"yards":39}]}}},"fds":0,"result":"Field Goal","penyds":-5,"ydsgained":-1,"numplays":6,"postime":"0:20","start":{"qtr":2,"time":"00:20","yrdln":"CIN 15","team":"NYJ"},"end":{"qtr":2,"time":"00:00","yrdln":"CIN 21","team":"NYJ"}},"12":{"posteam":"CIN","qtr":3,"redzone":true,"plays":{"2120":{"sp":0,"qtr":3,"down":0,"time":"15:00","yrdln":"NYJ 30","ydstogo":0,"ydsnet":0,"posteam":"NYJ","desc":"J.Feely kicks 65 yards from NYJ 30 to CIN 5. B.Scott to CIN 24 for 19 yards (V.Gholston).","note":"KICKOFF","players":{"00-0019770":[{"sequence":1,"clubcode":"NYJ","playerName":"J.Feely","statId":41,"yards":65}],"00-0026146":[{"sequence":3,"clubcode":"NYJ","playerName":"V.Gholston","statId":79,"yards":0}],"00-0026941":[{"sequence":2,"clubcode":"CIN","playerName":"B.Scott","statId":45,"yards":19}]}},"2142":{"sp":0,"qtr":3,"down":1,"time":"14:53","yrdln":"CIN 24","ydstogo":10,"ydsnet":2,"posteam":"CIN","desc":"(14:53) D.Roland reported in as eligible.  L.Johnson right tackle to CIN 26 for 2 yards (S.Pouha).","note":null,"players":{"00-0023523":[{"sequence":2,"clubcode":"NYJ","playerName":"S.Pouha","statId":79,"yards":0}],"00-0021976":[{"sequence":1,"clubcode":"CIN","playerName":"L.Johnson","statId":10,"yards":2}]}},"2165":{"sp":0,"qtr":3,"down":2,"time":"14:15","yrdln":"CIN 26","ydstogo":8,"ydsnet":-6,"posteam":"CIN","desc":"(14:15) L.Johnson left end to CIN 18 for -8 yards (M.Douglas).","note":null,"players":{"00-0021976":[{"sequence":1,"clubcode":"CIN","playerName":"L.Johnson","statId":10,"yards":-8}],"00-0004472":[{"sequence":3,"clubcode":"NYJ","playerName":"M.Douglas","statId":79,"yards":0},{"sequence":4,"clubcode":"NYJ","playerName":"M.Douglas","statId":120,"yards":0}],"0":[{"sequence":2,"clubcode":"CIN","playerName":"","statId":95,"yards":-8}]}},"2186":{"sp":0,"qtr":3,"down":3,"time":"13:31","yrdln":"CIN 18","ydstogo":16,"ydsnet":2,"posteam":"CIN","desc":"(13:31) (Shotgun) B.Leonard left end to CIN 26 for 8 yards (B.Thomas).","note":null,"players":{"00-0025439":[{"sequence":2,"clubcode":"CIN","playerName":"B.Leonard","statId":10,"yards":8}],"0":[{"sequence":1,"clubcode":"CIN","playerName":"","statId":7,"yards":0}],"00-0021081":[{"sequence":3,"clubcode":"NYJ","playerName":"B.Thomas","statId":79,"yards":0}]}},"2207":{"sp":0,"qtr":3,"down":4,"time":"12:57","yrdln":"CIN 26","ydstogo":8,"ydsnet":2,"posteam":"CIN","desc":"(12:57) K.Huber punts 45 yards to NYJ 29, Center-C.Harris. J.Cotchery to CIN 40 for 31 yards (B.Leonard, C.Ndukwe).","note":"PUNT","players":{"00-0025439":[{"sequence":3,"clubcode":"CIN","playerName":"B.Leonard","statId":80,"yards":0}],"00-0022811":[{"sequence":2,"clubcode":"NYJ","playerName":"J.Cotchery","statId":33,"yards":31}],"00-0025640":[{"sequence":4,"clubcode":"CIN","playerName":"C.Ndukwe","statId":82,"yards":0}],"00-0027103":[{"sequence":1,"clubcode":"CIN","playerName":"K.Huber","statId":29,"yards":45}]}}},"fds":0,"result":"Punt","penyds":0,"ydsgained":2,"numplays":5,"postime":"2:18","start":{"qtr":3,"time":"15:00","yrdln":"CIN 24","team":"CIN"},"end":{"qtr":3,"time":"12:42","yrdln":"CIN 26","team":"CIN"}},"13":{"posteam":"NYJ","qtr":3,"redzone":true,"plays":{"2233":{"sp":0,"qtr":3,"down":1,"time":"12:42","yrdln":"CIN 40","ydstogo":10,"ydsnet":4,"posteam":"NYJ","desc":"(12:42) W.Hunter reported in as eligible.  T.Jones right end to CIN 36 for 4 yards (R.Jeanty).","note":null,"players":{"00-0019641":[{"sequence":1,"clubcode":"NYJ","playerName":"T.Jones","statId":10,"yards":4}],"00-0023729":[{"sequence":2,"clubcode":"CIN","playerName":"R.Jeanty","statId":79,"yards":0}]}},"2256":{"sp":0,"qtr":3,"down":2,"time":"12:01","yrdln":"CIN 36","ydstogo":6,"ydsnet":14,"posteam":"NYJ","desc":"(12:01) W.Hunter reported in as eligible.  T.Jones right guard to CIN 35 for 1 yard (C.Ndukwe, J.Fanene).","note":null,"players":{"00-0019641":[{"sequence":1,"clubcode":"NYJ","playerName":"T.Jones","statId":10,"yards":1}],"00-0023665":[{"sequence":3,"clubcode":"CIN","playerName":"J.Fanene","statId":82,"yards":0}],"00-0025640":[{"sequence":2,"clubcode":"CIN","playerName":"C.Ndukwe","statId":80,"yards":0}]}},"2277":{"sp":0,"qtr":3,"down":3,"time":"11:21","yrdln":"CIN 35","ydstogo":5,"ydsnet":14,"posteam":"NYJ","desc":"(11:21) M.Sanchez pass short left to B.Edwards to CIN 26 for 9 yards (L.Hall).","note":null,"players":{"00-0025405":[{"sequence":8,"clubcode":"CIN","playerName":"L.Hall","statId":79,"yards":0}],"00-0026898":[{"sequence":3,"clubcode":"NYJ","playerName":"M.Sanchez","statId":15,"yards":9},{"sequence":4,"clubcode":"NYJ","playerName":"M.Sanchez","statId":111,"yards":6}],"0":[{"sequence":1,"clubcode":"NYJ","playerName":"","statId":4,"yards":0},{"sequence":2,"clubcode":"NYJ","playerName":"","statId":6,"yards":0}],"00-0023438":[{"sequence":5,"clubcode":"NYJ","playerName":"B.Edwards","statId":21,"yards":9},{"sequence":6,"clubcode":"NYJ","playerName":"B.Edwards","statId":115,"yards":0},{"sequence":7,"clubcode":"NYJ","playerName":"B.Edwards","statId":113,"yards":3}]}},"2304":{"sp":0,"qtr":3,"down":1,"time":"10:37","yrdln":"CIN 26","ydstogo":10,"ydsnet":14,"posteam":"NYJ","desc":"(10:37) M.Sanchez pass incomplete short left to B.Edwards.","note":null,"players":{"00-0026898":[{"sequence":1,"clubcode":"NYJ","playerName":"M.Sanchez","statId":14,"yards":0},{"sequence":3,"clubcode":"NYJ","playerName":"M.Sanchez","statId":112,"yards":3}],"00-0023438":[{"sequence":2,"clubcode":"NYJ","playerName":"B.Edwards","statId":115,"yards":0}]}},"2326":{"sp":0,"qtr":3,"down":2,"time":"10:34","yrdln":"CIN 26","ydstogo":10,"ydsnet":18,"posteam":"NYJ","desc":"(10:34) T.Jones right guard to CIN 22 for 4 yards (L.Hall).","note":null,"players":{"00-0019641":[{"sequence":1,"clubcode":"NYJ","playerName":"T.Jones","statId":10,"yards":4}],"00-0025405":[{"sequence":2,"clubcode":"CIN","playerName":"L.Hall","statId":79,"yards":0}]}},"2347":{"sp":0,"qtr":3,"down":3,"time":"09:56","yrdln":"CIN 22","ydstogo":6,"ydsnet":18,"posteam":"NYJ","desc":"(9:56) M.Sanchez pass incomplete short right to W.Wright (T.Johnson).","note":null,"players":{"00-0024171":[{"sequence":3,"clubcode":"NYJ","playerName":"W.Wright","statId":115,"yards":0}],"00-0022696":[{"sequence":4,"clubcode":"CIN","playerName":"T.Johnson","statId":85,"yards":0}],"00-0026898":[{"sequence":2,"clubcode":"NYJ","playerName":"M.Sanchez","statId":14,"yards":0},{"sequence":5,"clubcode":"NYJ","playerName":"M.Sanchez","statId":112,"yards":4}],"0":[{"sequence":1,"clubcode":"NYJ","playerName":"","statId":7,"yards":0}]}},"2369":{"sp":1,"qtr":3,"down":4,"time":"09:51","yrdln":"CIN 22","ydstogo":6,"ydsnet":18,"posteam":"NYJ","desc":"(9:51) J.Feely 40 yard field goal is GOOD, Center-J.Dearth, Holder-K.Clemens.","note":"FG","players":{"00-0019770":[{"sequence":1,"clubcode":"NYJ","playerName":"J.Feely","statId":70,"yards":40}]}}},"fds":1,"result":"Field Goal","penyds":0,"ydsgained":18,"numplays":7,"postime":"2:55","start":{"qtr":3,"time":"12:42","yrdln":"CIN 40","team":"NYJ"},"end":{"qtr":3,"time":"09:47","yrdln":"CIN 22","team":"NYJ"}},"14":{"posteam":"CIN","qtr":3,"redzone":true,"plays":{"2389":{"sp":0,"qtr":3,"down":0,"time":"09:47","yrdln":"NYJ 30","ydstogo":0,"ydsnet":0,"posteam":"NYJ","desc":"J.Feely kicks 65 yards from NYJ 30 to CIN 5. B.Scott to NYJ 42 for 53 yards (D.Lowery, D.Coleman).","note":"KICKOFF","players":{"00-0019770":[{"sequence":1,"clubcode":"NYJ","playerName":"J.Feely","statId":41,"yards":65}],"00-0026941":[{"sequence":2,"clubcode":"CIN","playerName":"B.Scott","statId":45,"yards":53}],"00-0024403":[{"sequence":4,"clubcode":"NYJ","playerName":"D.Coleman","statId":82,"yards":0}],"00-0026253":[{"sequence":3,"clubcode":"NYJ","playerName":"D.Lowery","statId":80,"yards":0}]}},"2411":{"sp":0,"qtr":3,"down":1,"time":"09:36","yrdln":"NYJ 42","ydstogo":10,"ydsnet":4,"posteam":"CIN","desc":"(9:36) #4 O'Sullivan in at QB D.Roland reported in as eligible.  L.Johnson left tackle to NYJ 38 for 4 yards (H.Green).","note":null,"players":{"00-0021976":[{"sequence":1,"clubcode":"CIN","playerName":"L.Johnson","statId":10,"yards":4}],"00-0021099":[{"sequence":2,"clubcode":"NYJ","playerName":"H.Green","statId":79,"yards":0}]}},"2438":{"sp":0,"qtr":3,"down":2,"time":"08:58","yrdln":"NYJ 38","ydstogo":6,"ydsnet":7,"posteam":"CIN","desc":"(8:58) J.Johnson right guard to NYJ 35 for 3 yards (M.Douglas, H.Green).","note":null,"players":{"00-0004472":[{"sequence":2,"clubcode":"NYJ","playerName":"M.Douglas","statId":80,"yards":0}],"00-0022141":[{"sequence":1,"clubcode":"CIN","playerName":"J.Johnson","statId":10,"yards":3}],"00-0021099":[{"sequence":3,"clubcode":"NYJ","playerName":"H.Green","statId":82,"yards":0}]}},"2459":{"sp":0,"qtr":3,"down":0,"time":"08:12","yrdln":"","ydstogo":0,"ydsnet":7,"posteam":"","desc":"Timeout #1 by CIN at 08:12.","note":"TIMEOUT","players":{"0":[{"sequence":1,"clubcode":"CIN","playerName":"","statId":68,"yards":0}]}},"2478":{"sp":0,"qtr":3,"down":3,"time":"08:12","yrdln":"NYJ 35","ydstogo":3,"ydsnet":8,"posteam":"CIN","desc":"(8:12) D.Roland reported in as eligible.  L.Johnson left tackle to NYJ 34 for 1 yard (S.Ellis).","note":null,"players":{"00-0021976":[{"sequence":2,"clubcode":"CIN","playerName":"L.Johnson","statId":10,"yards":1}],"00-0019545":[{"sequence":3,"clubcode":"NYJ","playerName":"S.Ellis","statId":79,"yards":0}],"0":[{"sequence":1,"clubcode":"CIN","playerName":"","statId":7,"yards":0}]}},"2501":{"sp":0,"qtr":3,"down":4,"time":"07:32","yrdln":"NYJ 34","ydstogo":2,"ydsnet":30,"posteam":"CIN","desc":"(7:32) L.Johnson left end pushed ob at NYJ 12 for 22 yards (K.Rhodes).","note":null,"players":{"00-0021976":[{"sequence":3,"clubcode":"CIN","playerName":"L.Johnson","statId":10,"yards":22}],"0":[{"sequence":1,"clubcode":"CIN","playerName":"","statId":3,"yards":0},{"sequence":2,"clubcode":"CIN","playerName":"","statId":8,"yards":0}],"00-0023557":[{"sequence":4,"clubcode":"NYJ","playerName":"K.Rhodes","statId":79,"yards":0}]}},"2522":{"sp":0,"qtr":3,"down":1,"time":"07:32","yrdln":"NYJ 12","ydstogo":10,"ydsnet":25,"posteam":"CIN","desc":"(7:32) PENALTY on CIN-J.O'Sullivan, Delay of Game, 5 yards, enforced at NYJ 12 - No Play.","note":"PENALTY","players":{"00-0021296":[{"sequence":1,"clubcode":"CIN","playerName":"J.O'Sullivan","statId":93,"yards":5}]}},"2560":{"sp":0,"qtr":3,"down":1,"time":"06:37","yrdln":"NYJ 17","ydstogo":15,"ydsnet":15,"posteam":"CIN","desc":"(6:37) J.O'Sullivan pass short right to L.Johnson to NYJ 11 for 6 yards (D.Revis, J.Leonhard). PENALTY on CIN, Illegal Formation, 5 yards, enforced at NYJ 17 - No Play.","note":"PENALTY","players":{"0":[{"sequence":1,"clubcode":"CIN","playerName":"","statId":93,"yards":5}]}},"2595":{"sp":0,"qtr":3,"down":1,"time":"06:37","yrdln":"NYJ 22","ydstogo":20,"ydsnet":15,"posteam":"CIN","desc":"(6:37) PENALTY on CIN-N.Livings, False Start, 5 yards, enforced at NYJ 22 - No Play.","note":"PENALTY","players":{"00-0023958":[{"sequence":1,"clubcode":"CIN","playerName":"N.Livings","statId":93,"yards":5}]}},"2618":{"sp":0,"qtr":3,"down":1,"time":"05:51","yrdln":"NYJ 27","ydstogo":25,"ydsnet":15,"posteam":"CIN","desc":"(5:51) J.O'Sullivan pass incomplete short left to L.Johnson.","note":null,"players":{"00-0021976":[{"sequence":2,"clubcode":"CIN","playerName":"L.Johnson","statId":115,"yards":0}],"00-0021296":[{"sequence":1,"clubcode":"CIN","playerName":"J.O'Sullivan","statId":14,"yards":0},{"sequence":3,"clubcode":"CIN","playerName":"J.O'Sullivan","statId":112,"yards":-3}]}},"2640":{"sp":0,"qtr":3,"down":2,"time":"05:46","yrdln":"NYJ 27","ydstogo":25,"ydsnet":18,"posteam":"CIN","desc":"(5:46) J.O'Sullivan pass short left to L.Coles to NYJ 24 for 3 yards (K.Rhodes).","note":null,"players":{"00-0021296":[{"sequence":1,"clubcode":"CIN","playerName":"J.O'Sullivan","statId":15,"yards":3},{"sequence":2,"clubcode":"CIN","playerName":"J.O'Sullivan","statId":111,"yards":3}],"00-0018958":[{"sequence":3,"clubcode":"CIN","playerName":"L.Coles","statId":21,"yards":3},{"sequence":4,"clubcode":"CIN","playerName":"L.Coles","statId":115,"yards":0},{"sequence":5,"clubcode":"CIN","playerName":"L.Coles","statId":113,"yards":0}],"00-0023557":[{"sequence":6,"clubcode":"NYJ","playerName":"K.Rhodes","statId":79,"yards":0}]}},"2664":{"sp":0,"qtr":3,"down":3,"time":"04:59","yrdln":"NYJ 24","ydstogo":22,"ydsnet":3,"posteam":"CIN","desc":"(4:59) J.O'Sullivan pass incomplete short right. PENALTY on CIN-J.O'Sullivan, Intentional Grounding, 15 yards, enforced at NYJ 24.","note":"PENALTY","players":{"00-0021296":[{"sequence":2,"clubcode":"CIN","playerName":"J.O'Sullivan","statId":14,"yards":0},{"sequence":3,"clubcode":"CIN","playerName":"J.O'Sullivan","statId":112,"yards":4},{"sequence":4,"clubcode":"CIN","playerName":"J.O'Sullivan","statId":93,"yards":15}],"0":[{"sequence":1,"clubcode":"CIN","playerName":"","statId":7,"yards":0}]}},"2697":{"sp":0,"qtr":3,"down":4,"time":"04:52","yrdln":"NYJ 39","ydstogo":37,"ydsnet":3,"posteam":"CIN","desc":"(4:52) K.Huber punts 29 yards to NYJ 10, Center-C.Harris, fair catch by J.Cotchery.","note":"PUNT","players":{"00-0022811":[{"sequence":3,"clubcode":"NYJ","playerName":"J.Cotchery","statId":39,"yards":0}],"00-0027103":[{"sequence":1,"clubcode":"CIN","playerName":"K.Huber","statId":29,"yards":29},{"sequence":2,"clubcode":"CIN","playerName":"K.Huber","statId":30,"yards":0}]}}},"fds":1,"result":"Punt","penyds":-30,"ydsgained":33,"numplays":13,"postime":"5:02","start":{"qtr":3,"time":"09:47","yrdln":"NYJ 42","team":"CIN"},"end":{"qtr":3,"time":"04:45","yrdln":"NYJ 39","team":"CIN"}},"15":{"posteam":"NYJ","qtr":3,"redzone":true,"plays":{"2717":{"sp":0,"qtr":3,"down":1,"time":"04:45","yrdln":"NYJ 10","ydstogo":10,"ydsnet":2,"posteam":"NYJ","desc":"(4:45) S.Greene right tackle to NYJ 12 for 2 yards (O.Harris, K.Hebert).","note":null,"players":{"00-0024347":[{"sequence":2,"clubcode":"CIN","playerName":"O.Harris","statId":80,"yards":0}],"00-0020678":[{"sequence":3,"clubcode":"CIN","playerName":"K.Hebert","statId":82,"yards":0}],"00-0026899":[{"sequence":1,"clubcode":"NYJ","playerName":"S.Greene","statId":10,"yards":2}]}},"2738":{"sp":0,"qtr":3,"down":2,"time":"04:10","yrdln":"NYJ 12","ydstogo":8,"ydsnet":8,"posteam":"NYJ","desc":"(4:10) S.Greene right guard to NYJ 18 for 6 yards (Dh.Jones, K.Rivers).","note":null,"players":{"00-0026149":[{"sequence":3,"clubcode":"CIN","playerName":"K.Rivers","statId":82,"yards":0}],"00-0019635":[{"sequence":2,"clubcode":"CIN","playerName":"Dh.Jones","statId":80,"yards":0}],"00-0026899":[{"sequence":1,"clubcode":"NYJ","playerName":"S.Greene","statId":10,"yards":6}]}},"2759":{"sp":0,"qtr":3,"down":3,"time":"04:10","yrdln":"NYJ 18","ydstogo":2,"ydsnet":3,"posteam":"NYJ","desc":"(4:10) #16 Smith in at QB W.Hunter reported in as eligible.  PENALTY on NYJ-B.Smith, Delay of Game, 5 yards, enforced at NYJ 18 - No Play.","note":"PENALTY","players":{"00-0024318":[{"sequence":1,"clubcode":"NYJ","playerName":"B.Smith","statId":93,"yards":5}]}},"2788":{"sp":0,"qtr":3,"down":3,"time":"03:01","yrdln":"NYJ 13","ydstogo":7,"ydsnet":4,"posteam":"NYJ","desc":"(3:01) B.Smith right end pushed ob at NYJ 14 for 1 yard (M.Trent).","note":null,"players":{"00-0026928":[{"sequence":3,"clubcode":"CIN","playerName":"M.Trent","statId":79,"yards":0}],"0":[{"sequence":1,"clubcode":"NYJ","playerName":"","statId":7,"yards":0}],"00-0024318":[{"sequence":2,"clubcode":"NYJ","playerName":"B.Smith","statId":10,"yards":1}]}},"2809":{"sp":0,"qtr":3,"down":4,"time":"02:39","yrdln":"NYJ 14","ydstogo":6,"ydsnet":4,"posteam":"NYJ","desc":"(2:39) S.Weatherford punts 54 yards to CIN 32, Center-J.Dearth. Q.Cosby to CIN 42 for 10 yards (B.Smith, J.Westerman).","note":"PUNT","players":{"00-0026662":[{"sequence":4,"clubcode":"NYJ","playerName":"J.Westerman","statId":82,"yards":0}],"00-0026716":[{"sequence":2,"clubcode":"CIN","playerName":"Q.Cosby","statId":33,"yards":10}],"00-0024110":[{"sequence":1,"clubcode":"NYJ","playerName":"S.Weatherford","statId":29,"yards":54}],"00-0024318":[{"sequence":3,"clubcode":"NYJ","playerName":"B.Smith","statId":80,"yards":0}]}}},"fds":0,"result":"Punt","penyds":-5,"ydsgained":9,"numplays":5,"postime":"2:19","start":{"qtr":3,"time":"04:45","yrdln":"NYJ 10","team":"NYJ"},"end":{"qtr":3,"time":"02:26","yrdln":"NYJ 14","team":"NYJ"}},"16":{"posteam":"CIN","qtr":4,"redzone":true,"plays":{"2835":{"sp":0,"qtr":3,"down":1,"time":"02:26","yrdln":"CIN 42","ydstogo":10,"ydsnet":44,"posteam":"CIN","desc":"(2:26) B.Scott left tackle to NYJ 36 for 22 yards (K.Rhodes, R.Fowler).","note":null,"players":{"00-0022932":[{"sequence":4,"clubcode":"NYJ","playerName":"R.Fowler","statId":82,"yards":0}],"00-0026941":[{"sequence":2,"clubcode":"CIN","playerName":"B.Scott","statId":10,"yards":22}],"0":[{"sequence":1,"clubcode":"CIN","playerName":"","statId":3,"yards":0}],"00-0023557":[{"sequence":3,"clubcode":"NYJ","playerName":"K.Rhodes","statId":80,"yards":0}]}},"2861":{"sp":0,"qtr":3,"down":1,"time":"01:43","yrdln":"NYJ 36","ydstogo":10,"ydsnet":24,"posteam":"CIN","desc":"(1:43) B.Scott right tackle to NYJ 34 for 2 yards (M.Devito).","note":null,"players":{"00-0025689":[{"sequence":2,"clubcode":"NYJ","playerName":"M.Devito","statId":79,"yards":0}],"00-0026941":[{"sequence":1,"clubcode":"CIN","playerName":"B.Scott","statId":10,"yards":2}]}},"2882":{"sp":0,"qtr":3,"down":2,"time":"01:08","yrdln":"NYJ 34","ydstogo":8,"ydsnet":40,"posteam":"CIN","desc":"(1:08) D.Roland reported in as eligible.  J.O'Sullivan pass deep right to L.Coles ran ob at NYJ 18 for 16 yards.","note":null,"players":{"00-0021296":[{"sequence":2,"clubcode":"CIN","playerName":"J.O'Sullivan","statId":15,"yards":16},{"sequence":3,"clubcode":"CIN","playerName":"J.O'Sullivan","statId":111,"yards":16}],"00-0018958":[{"sequence":4,"clubcode":"CIN","playerName":"L.Coles","statId":21,"yards":16},{"sequence":5,"clubcode":"CIN","playerName":"L.Coles","statId":115,"yards":0},{"sequence":6,"clubcode":"CIN","playerName":"L.Coles","statId":113,"yards":0}],"0":[{"sequence":1,"clubcode":"CIN","playerName":"","statId":4,"yards":0}]}},"2913":{"sp":0,"qtr":3,"down":1,"time":"00:39","yrdln":"NYJ 18","ydstogo":10,"ydsnet":32,"posteam":"CIN","desc":"(:39) J.O'Sullivan sacked at NYJ 26 for -8 yards (C.Pace).","note":null,"players":{"00-0021296":[{"sequence":1,"clubcode":"CIN","playerName":"J.O'Sullivan","statId":20,"yards":-8}],"00-0022120":[{"sequence":2,"clubcode":"NYJ","playerName":"C.Pace","statId":83,"yards":-8},{"sequence":3,"clubcode":"NYJ","playerName":"C.Pace","statId":110,"yards":0},{"sequence":4,"clubcode":"NYJ","playerName":"C.Pace","statId":79,"yards":0},{"sequence":5,"clubcode":"NYJ","playerName":"C.Pace","statId":120,"yards":0}]}},"2932":{"sp":0,"qtr":3,"down":2,"time":"00:00","yrdln":"NYJ 26","ydstogo":18,"ydsnet":44,"posteam":"CIN","desc":"(:00) J.O'Sullivan pass short left to D.Coats to NYJ 14 for 12 yards (J.Leonhard).","note":null,"players":{"00-0023287":[{"sequence":6,"clubcode":"NYJ","playerName":"J.Leonhard","statId":79,"yards":0}],"00-0021296":[{"sequence":1,"clubcode":"CIN","playerName":"J.O'Sullivan","statId":15,"yards":12},{"sequence":2,"clubcode":"CIN","playerName":"J.O'Sullivan","statId":111,"yards":5}],"00-0024607":[{"sequence":3,"clubcode":"CIN","playerName":"D.Coats","statId":21,"yards":12},{"sequence":4,"clubcode":"CIN","playerName":"D.Coats","statId":115,"yards":0},{"sequence":5,"clubcode":"CIN","playerName":"D.Coats","statId":113,"yards":7}]}},"2956":{"sp":0,"qtr":3,"down":0,"time":"","yrdln":"","ydstogo":0,"ydsnet":44,"posteam":"","desc":"END QUARTER 3","note":null,"players":{}},"2973":{"sp":0,"qtr":4,"down":3,"time":"15:00","yrdln":"NYJ 14","ydstogo":6,"ydsnet":28,"posteam":"CIN","desc":"(15:00) (Shotgun) J.O'Sullivan sacked at NYJ 30 for -16 yards (J.Leonhard). FUMBLES (J.Leonhard) [J.Leonhard], RECOVERED by NYJ-K.Rhodes at NYJ 30. K.Rhodes to CIN 26 for 44 yards (B.Leonard).","note":"FUMBLE","players":{"00-0025439":[{"sequence":10,"clubcode":"CIN","playerName":"B.Leonard","statId":79,"yards":0}],"00-0023287":[{"sequence":3,"clubcode":"NYJ","playerName":"J.Leonhard","statId":83,"yards":-16},{"sequence":4,"clubcode":"NYJ","playerName":"J.Leonhard","statId":110,"yards":0},{"sequence":5,"clubcode":"NYJ","playerName":"J.Leonhard","statId":79,"yards":0},{"sequence":8,"clubcode":"NYJ","playerName":"J.Leonhard","statId":91,"yards":0}],"00-0021296":[{"sequence":2,"clubcode":"CIN","playerName":"J.O'Sullivan","statId":20,"yards":-16},{"sequence":6,"clubcode":"CIN","playerName":"J.O'Sullivan","statId":52,"yards":0},{"sequence":7,"clubcode":"CIN","playerName":"J.O'Sullivan","statId":106,"yards":0}],"0":[{"sequence":1,"clubcode":"CIN","playerName":"","statId":7,"yards":0}],"00-0023557":[{"sequence":9,"clubcode":"NYJ","playerName":"K.Rhodes","statId":59,"yards":44}]}}},"fds":2,"result":"Fumble","penyds":0,"ydsgained":28,"numplays":7,"postime":"2:39","start":{"qtr":3,"time":"02:26","yrdln":"CIN 42","team":"CIN"},"end":{"qtr":3,"time":"14:47","yrdln":"NYJ 14","team":"CIN"}},"17":{"posteam":"NYJ","qtr":4,"redzone":true,"plays":{"3003":{"sp":0,"qtr":4,"down":1,"time":"14:47","yrdln":"CIN 26","ydstogo":10,"ydsnet":0,"posteam":"NYJ","desc":"(14:47) M.Sanchez pass incomplete short left to B.Edwards (Da.Jones).","note":null,"players":{"00-0026898":[{"sequence":1,"clubcode":"NYJ","playerName":"M.Sanchez","statId":14,"yards":0},{"sequence":4,"clubcode":"NYJ","playerName":"M.Sanchez","statId":112,"yards":15}],"00-0025532":[{"sequence":3,"clubcode":"CIN","playerName":"Da.Jones","statId":85,"yards":0}],"00-0023438":[{"sequence":2,"clubcode":"NYJ","playerName":"B.Edwards","statId":115,"yards":0}]}},"3025":{"sp":0,"qtr":4,"down":2,"time":"14:40","yrdln":"CIN 26","ydstogo":10,"ydsnet":2,"posteam":"NYJ","desc":"(14:40) W.Hunter reported in as eligible.  T.Jones right tackle to CIN 24 for 2 yards (R.Jeanty, S.Smith).","note":null,"players":{"00-0019641":[{"sequence":1,"clubcode":"NYJ","playerName":"T.Jones","statId":10,"yards":2}],"00-0021679":[{"sequence":3,"clubcode":"CIN","playerName":"S.Smith","statId":82,"yards":0}],"00-0023729":[{"sequence":2,"clubcode":"CIN","playerName":"R.Jeanty","statId":80,"yards":0}]}},"3048":{"sp":0,"qtr":4,"down":3,"time":"13:57","yrdln":"CIN 24","ydstogo":8,"ydsnet":9,"posteam":"NYJ","desc":"(13:57) (Shotgun) T.Jones right guard to CIN 17 for 7 yards (K.Hebert).","note":null,"players":{"00-0019641":[{"sequence":2,"clubcode":"NYJ","playerName":"T.Jones","statId":10,"yards":7}],"00-0020678":[{"sequence":3,"clubcode":"CIN","playerName":"K.Hebert","statId":79,"yards":0}],"0":[{"sequence":1,"clubcode":"NYJ","playerName":"","statId":7,"yards":0}]}},"3069":{"sp":0,"qtr":4,"down":4,"time":"13:16","yrdln":"CIN 17","ydstogo":1,"ydsnet":11,"posteam":"NYJ","desc":"(13:16) R.Turner and W.Hunter reported in as eligible.  T.Jones right tackle to CIN 17 for no gain (A.Hodge). New York Jets challenged the first down ruling, and the play was REVERSED. R.Turner, W.Hunter, R.Turner and W.Hunter reported in as eligible.  T.Jones right tackle to CIN 15 for 2 yards (A.Hodge).","note":null,"players":{"00-0019641":[{"sequence":3,"clubcode":"NYJ","playerName":"T.Jones","statId":10,"yards":2}],"00-0024282":[{"sequence":4,"clubcode":"CIN","playerName":"A.Hodge","statId":79,"yards":0}],"0":[{"sequence":1,"clubcode":"NYJ","playerName":"","statId":3,"yards":0},{"sequence":2,"clubcode":"NYJ","playerName":"","statId":8,"yards":0}]}},"3095":{"sp":0,"qtr":4,"down":1,"time":"12:48","yrdln":"CIN 15","ydstogo":10,"ydsnet":18,"posteam":"NYJ","desc":"(12:48) W.Hunter reported in as eligible.  T.Jones left guard to CIN 8 for 7 yards (K.Hebert).","note":null,"players":{"00-0019641":[{"sequence":1,"clubcode":"NYJ","playerName":"T.Jones","statId":10,"yards":7}],"00-0020678":[{"sequence":2,"clubcode":"CIN","playerName":"K.Hebert","statId":79,"yards":0}]}},"3178":{"sp":0,"qtr":4,"down":2,"time":"12:06","yrdln":"CIN 8","ydstogo":3,"ydsnet":23,"posteam":"NYJ","desc":"(12:06) T.Jones right guard to CIN 3 for 5 yards (K.Rivers, Da.Jones).","note":null,"players":{"00-0019641":[{"sequence":2,"clubcode":"NYJ","playerName":"T.Jones","statId":10,"yards":5}],"00-0026149":[{"sequence":3,"clubcode":"CIN","playerName":"K.Rivers","statId":80,"yards":0}],"00-0025532":[{"sequence":4,"clubcode":"CIN","playerName":"Da.Jones","statId":82,"yards":0}],"0":[{"sequence":1,"clubcode":"NYJ","playerName":"","statId":3,"yards":0}]}},"3199":{"sp":0,"qtr":4,"down":1,"time":"11:24","yrdln":"CIN 3","ydstogo":3,"ydsnet":23,"posteam":"NYJ","desc":"(11:24) T.Richardson right guard to CIN 3 for no gain (R.Murray, O.Harris).","note":null,"players":{"00-0013694":[{"sequence":1,"clubcode":"NYJ","playerName":"T.Richardson","statId":10,"yards":0}],"00-0024347":[{"sequence":3,"clubcode":"CIN","playerName":"O.Harris","statId":82,"yards":0}],"00-0026720":[{"sequence":2,"clubcode":"CIN","playerName":"R.Murray","statId":80,"yards":0}]}},"3220":{"sp":0,"qtr":4,"down":2,"time":"10:45","yrdln":"CIN 3","ydstogo":3,"ydsnet":24,"posteam":"NYJ","desc":"(10:45) T.Jones right guard to CIN 2 for 1 yard (K.Hebert, S.Smith).","note":null,"players":{"00-0019641":[{"sequence":1,"clubcode":"NYJ","playerName":"T.Jones","statId":10,"yards":1}],"00-0021679":[{"sequence":3,"clubcode":"CIN","playerName":"S.Smith","statId":82,"yards":0}],"00-0020678":[{"sequence":2,"clubcode":"CIN","playerName":"K.Hebert","statId":80,"yards":0}]}},"3241":{"sp":1,"qtr":4,"down":3,"time":"10:01","yrdln":"CIN 2","ydstogo":2,"ydsnet":26,"posteam":"NYJ","desc":"(10:01) T.Jones right tackle for 2 yards, TOUCHDOWN.","note":"TD","players":{"00-0019641":[{"sequence":3,"clubcode":"NYJ","playerName":"T.Jones","statId":11,"yards":2}],"0":[{"sequence":1,"clubcode":"NYJ","playerName":"","statId":3,"yards":0},{"sequence":2,"clubcode":"NYJ","playerName":"","statId":6,"yards":0}]}},"3258":{"sp":1,"qtr":4,"down":0,"time":"09:55","yrdln":"CIN 2","ydstogo":0,"ydsnet":26,"posteam":"NYJ","desc":"J.Feely extra point is GOOD, Center-J.Dearth, Holder-K.Clemens.","note":"XP","players":{"00-0019770":[{"sequence":1,"clubcode":"NYJ","playerName":"J.Feely","statId":72,"yards":0}]}}},"fds":3,"result":"Touchdown","penyds":0,"ydsgained":26,"numplays":10,"postime":"4:52","start":{"qtr":4,"time":"14:47","yrdln":"CIN 26","team":"NYJ"},"end":{"qtr":4,"time":"09:55","yrdln":"CIN 2","team":"NYJ"}},"18":{"posteam":"CIN","qtr":4,"redzone":true,"plays":{"3274":{"sp":0,"qtr":4,"down":0,"time":"09:55","yrdln":"NYJ 30","ydstogo":0,"ydsnet":0,"posteam":"NYJ","desc":"J.Feely kicks 45 yards from NYJ 30 to CIN 25. B.Leonard to CIN 39 for 14 yards (J.Ihedigbo).","note":"KICKOFF","players":{"00-0025439":[{"sequence":2,"clubcode":"CIN","playerName":"B.Leonard","statId":45,"yards":14}],"00-0019770":[{"sequence":1,"clubcode":"NYJ","playerName":"J.Feely","statId":41,"yards":45}],"00-0025753":[{"sequence":3,"clubcode":"NYJ","playerName":"J.Ihedigbo","statId":79,"yards":0}]}},"3296":{"sp":0,"qtr":4,"down":1,"time":"09:48","yrdln":"CIN 39","ydstogo":10,"ydsnet":-1,"posteam":"CIN","desc":"(9:48) L.Johnson left tackle to CIN 38 for -1 yards (V.Gholston).","note":null,"players":{"00-0026146":[{"sequence":3,"clubcode":"NYJ","playerName":"V.Gholston","statId":79,"yards":0},{"sequence":4,"clubcode":"NYJ","playerName":"V.Gholston","statId":120,"yards":0}],"00-0021976":[{"sequence":1,"clubcode":"CIN","playerName":"L.Johnson","statId":10,"yards":-1}],"0":[{"sequence":2,"clubcode":"CIN","playerName":"","statId":95,"yards":-1}]}},"3317":{"sp":0,"qtr":4,"down":2,"time":"09:14","yrdln":"CIN 38","ydstogo":11,"ydsnet":9,"posteam":"CIN","desc":"(9:14) L.Johnson right end to CIN 48 for 10 yards (D.Lowery, J.Ihedigbo).","note":null,"players":{"00-0021976":[{"sequence":1,"clubcode":"CIN","playerName":"L.Johnson","statId":10,"yards":10}],"00-0025753":[{"sequence":3,"clubcode":"NYJ","playerName":"J.Ihedigbo","statId":82,"yards":0}],"00-0026253":[{"sequence":2,"clubcode":"NYJ","playerName":"D.Lowery","statId":80,"yards":0}]}},"3338":{"sp":0,"qtr":4,"down":3,"time":"08:34","yrdln":"CIN 48","ydstogo":1,"ydsnet":12,"posteam":"CIN","desc":"(8:34) D.Roland reported in as eligible.  J.O'Sullivan up the middle to NYJ 49 for 3 yards (M.Douglas).","note":null,"players":{"00-0021296":[{"sequence":3,"clubcode":"CIN","playerName":"J.O'Sullivan","statId":10,"yards":3}],"00-0004472":[{"sequence":4,"clubcode":"NYJ","playerName":"M.Douglas","statId":79,"yards":0}],"0":[{"sequence":1,"clubcode":"CIN","playerName":"","statId":3,"yards":0},{"sequence":2,"clubcode":"CIN","playerName":"","statId":6,"yards":0}]}},"3361":{"sp":0,"qtr":4,"down":1,"time":"07:53","yrdln":"NYJ 49","ydstogo":10,"ydsnet":12,"posteam":"CIN","desc":"(7:53) J.O'Sullivan pass incomplete short right to B.Leonard.","note":null,"players":{"00-0025439":[{"sequence":2,"clubcode":"CIN","playerName":"B.Leonard","statId":115,"yards":0}],"00-0021296":[{"sequence":1,"clubcode":"CIN","playerName":"J.O'Sullivan","statId":14,"yards":0},{"sequence":3,"clubcode":"CIN","playerName":"J.O'Sullivan","statId":112,"yards":2}]}},"3383":{"sp":0,"qtr":4,"down":2,"time":"07:47","yrdln":"NYJ 49","ydstogo":10,"ydsnet":11,"posteam":"CIN","desc":"(7:47) D.Roland reported in as eligible.  L.Johnson left guard to 50 for -1 yards (Ba.Scott).","note":null,"players":{"00-0021976":[{"sequence":1,"clubcode":"CIN","playerName":"L.Johnson","statId":10,"yards":-1}],"0":[{"sequence":2,"clubcode":"CIN","playerName":"","statId":95,"yards":-1}],"00-0020873":[{"sequence":3,"clubcode":"NYJ","playerName":"Ba.Scott","statId":79,"yards":0},{"sequence":4,"clubcode":"NYJ","playerName":"Ba.Scott","statId":120,"yards":0}]}},"3406":{"sp":0,"qtr":4,"down":3,"time":"07:04","yrdln":"50","ydstogo":11,"ydsnet":11,"posteam":"CIN","desc":"(7:04) (Shotgun) J.O'Sullivan pass incomplete short left to A.Caldwell.","note":null,"players":{"00-0026237":[{"sequence":3,"clubcode":"CIN","playerName":"A.Caldwell","statId":115,"yards":0}],"00-0021296":[{"sequence":2,"clubcode":"CIN","playerName":"J.O'Sullivan","statId":14,"yards":0},{"sequence":4,"clubcode":"CIN","playerName":"J.O'Sullivan","statId":112,"yards":5}],"0":[{"sequence":1,"clubcode":"CIN","playerName":"","statId":7,"yards":0}]}},"3428":{"sp":0,"qtr":4,"down":4,"time":"06:59","yrdln":"50","ydstogo":11,"ydsnet":11,"posteam":"CIN","desc":"(6:59) K.Huber punts 49 yards to NYJ 1, Center-C.Harris, downed by CIN-K.Hebert.","note":"PUNT","players":{"0":[{"sequence":3,"clubcode":"NYJ","playerName":"","statId":38,"yards":0}],"00-0027103":[{"sequence":1,"clubcode":"CIN","playerName":"K.Huber","statId":29,"yards":49},{"sequence":2,"clubcode":"CIN","playerName":"K.Huber","statId":30,"yards":0}]}}},"fds":1,"result":"Punt","penyds":0,"ydsgained":11,"numplays":8,"postime":"3:09","start":{"qtr":4,"time":"09:55","yrdln":"CIN 39","team":"CIN"},"end":{"qtr":4,"time":"06:46","yrdln":"50","team":"CIN"}},"19":{"posteam":"NYJ","qtr":4,"redzone":true,"plays":{"3448":{"sp":0,"qtr":4,"down":1,"time":"06:46","yrdln":"NYJ 1","ydstogo":10,"ydsnet":4,"posteam":"NYJ","desc":"(6:46) #11 Clemens in at QB. D.Woodhead right guard to NYJ 5 for 4 yards (F.Rucker).","note":null,"players":{"00-0026019":[{"sequence":1,"clubcode":"NYJ","playerName":"D.Woodhead","statId":10,"yards":4}],"00-0024306":[{"sequence":2,"clubcode":"CIN","playerName":"F.Rucker","statId":79,"yards":0}]}},"3473":{"sp":0,"qtr":4,"down":2,"time":"06:05","yrdln":"NYJ 5","ydstogo":6,"ydsnet":7,"posteam":"NYJ","desc":"(6:05) D.Woodhead left end to NYJ 8 for 3 yards (K.Rivers, A.Hodge).","note":null,"players":{"00-0026019":[{"sequence":1,"clubcode":"NYJ","playerName":"D.Woodhead","statId":10,"yards":3}],"00-0026149":[{"sequence":2,"clubcode":"CIN","playerName":"K.Rivers","statId":80,"yards":0}],"00-0024282":[{"sequence":3,"clubcode":"CIN","playerName":"A.Hodge","statId":82,"yards":0}]}},"3494":{"sp":0,"qtr":4,"down":3,"time":"05:24","yrdln":"NYJ 8","ydstogo":3,"ydsnet":13,"posteam":"NYJ","desc":"(5:24) D.Woodhead right tackle to NYJ 14 for 6 yards (R.Jeanty).","note":null,"players":{"00-0026019":[{"sequence":3,"clubcode":"NYJ","playerName":"D.Woodhead","statId":10,"yards":6}],"0":[{"sequence":1,"clubcode":"NYJ","playerName":"","statId":3,"yards":0},{"sequence":2,"clubcode":"NYJ","playerName":"","statId":6,"yards":0}],"00-0023729":[{"sequence":4,"clubcode":"CIN","playerName":"R.Jeanty","statId":79,"yards":0}]}},"3515":{"sp":0,"qtr":4,"down":1,"time":"04:42","yrdln":"NYJ 14","ydstogo":10,"ydsnet":16,"posteam":"NYJ","desc":"(4:42) D.Woodhead right guard to NYJ 17 for 3 yards (O.Harris).","note":null,"players":{"00-0026019":[{"sequence":1,"clubcode":"NYJ","playerName":"D.Woodhead","statId":10,"yards":3}],"00-0024347":[{"sequence":2,"clubcode":"CIN","playerName":"O.Harris","statId":79,"yards":0}]}},"3536":{"sp":0,"qtr":4,"down":2,"time":"03:59","yrdln":"NYJ 17","ydstogo":7,"ydsnet":18,"posteam":"NYJ","desc":"(3:59) D.Woodhead left guard to NYJ 19 for 2 yards (A.Hodge, S.Smith).","note":null,"players":{"00-0026019":[{"sequence":1,"clubcode":"NYJ","playerName":"D.Woodhead","statId":10,"yards":2}],"00-0021679":[{"sequence":3,"clubcode":"CIN","playerName":"S.Smith","statId":82,"yards":0}],"00-0024282":[{"sequence":2,"clubcode":"CIN","playerName":"A.Hodge","statId":80,"yards":0}]}},"3557":{"sp":0,"qtr":4,"down":3,"time":"03:15","yrdln":"NYJ 19","ydstogo":5,"ydsnet":20,"posteam":"NYJ","desc":"(3:15) D.Woodhead left end to NYJ 21 for 2 yards (S.Smith, K.Rivers).","note":null,"players":{"00-0026019":[{"sequence":2,"clubcode":"NYJ","playerName":"D.Woodhead","statId":10,"yards":2}],"00-0026149":[{"sequence":4,"clubcode":"CIN","playerName":"K.Rivers","statId":82,"yards":0}],"00-0021679":[{"sequence":3,"clubcode":"CIN","playerName":"S.Smith","statId":80,"yards":0}],"0":[{"sequence":1,"clubcode":"NYJ","playerName":"","statId":7,"yards":0}]}},"3578":{"sp":0,"qtr":4,"down":4,"time":"02:30","yrdln":"NYJ 21","ydstogo":3,"ydsnet":20,"posteam":"NYJ","desc":"(2:30) S.Weatherford punts 43 yards to CIN 36, Center-J.Dearth. Q.Cosby pushed ob at NYJ 24 for 40 yards (S.Weatherford).","note":"PUNT","players":{"00-0026716":[{"sequence":2,"clubcode":"CIN","playerName":"Q.Cosby","statId":33,"yards":40}],"00-0024110":[{"sequence":1,"clubcode":"NYJ","playerName":"S.Weatherford","statId":29,"yards":43},{"sequence":3,"clubcode":"NYJ","playerName":"S.Weatherford","statId":79,"yards":0}]}}},"fds":1,"result":"Punt","penyds":0,"ydsgained":20,"numplays":7,"postime":"4:31","start":{"qtr":4,"time":"06:46","yrdln":"NYJ 1","team":"NYJ"},"end":{"qtr":4,"time":"02:15","yrdln":"NYJ 21","team":"NYJ"}},"20":{"posteam":"CIN","qtr":4,"redzone":true,"plays":{"3609":{"sp":0,"qtr":4,"down":1,"time":"02:15","yrdln":"NYJ 24","ydstogo":10,"ydsnet":0,"posteam":"CIN","desc":"(2:15) J.O'Sullivan pass incomplete short right to J.Simpson.","note":null,"players":{"00-0021296":[{"sequence":1,"clubcode":"CIN","playerName":"J.O'Sullivan","statId":14,"yards":0},{"sequence":3,"clubcode":"CIN","playerName":"J.O'Sullivan","statId":112,"yards":11}],"00-0026186":[{"sequence":2,"clubcode":"CIN","playerName":"J.Simpson","statId":115,"yards":0}]}},"3631":{"sp":0,"qtr":4,"down":2,"time":"02:09","yrdln":"NYJ 24","ydstogo":10,"ydsnet":-2,"posteam":"CIN","desc":"(2:09) B.Scott right end to NYJ 26 for -2 yards (J.Westerman, R.Fowler).","note":null,"players":{"00-0022932":[{"sequence":4,"clubcode":"NYJ","playerName":"R.Fowler","statId":82,"yards":0}],"00-0026662":[{"sequence":3,"clubcode":"NYJ","playerName":"J.Westerman","statId":80,"yards":0},{"sequence":5,"clubcode":"NYJ","playerName":"J.Westerman","statId":120,"yards":0}],"00-0026941":[{"sequence":1,"clubcode":"CIN","playerName":"B.Scott","statId":10,"yards":-2}],"0":[{"sequence":2,"clubcode":"CIN","playerName":"","statId":95,"yards":-2}]}},"3652":{"sp":0,"qtr":4,"down":0,"time":"02:00","yrdln":"","ydstogo":0,"ydsnet":-2,"posteam":"","desc":"Two-Minute Warning","note":null,"players":{}},"3669":{"sp":0,"qtr":4,"down":3,"time":"02:00","yrdln":"NYJ 26","ydstogo":12,"ydsnet":-9,"posteam":"CIN","desc":"(2:00) J.O'Sullivan sacked at NYJ 33 for -7 yards (J.Ihedigbo). FUMBLES (J.Ihedigbo) [J.Ihedigbo], RECOVERED by NYJ-J.Westerman at NYJ 33. J.Westerman pushed ob at CIN 28 for 39 yards (A.Collins).","note":"FUMBLE","players":{"00-0026662":[{"sequence":9,"clubcode":"NYJ","playerName":"J.Westerman","statId":59,"yards":39}],"00-0021296":[{"sequence":2,"clubcode":"CIN","playerName":"J.O'Sullivan","statId":20,"yards":-7},{"sequence":6,"clubcode":"CIN","playerName":"J.O'Sullivan","statId":52,"yards":0},{"sequence":7,"clubcode":"CIN","playerName":"J.O'Sullivan","statId":106,"yards":0}],"00-0026252":[{"sequence":10,"clubcode":"CIN","playerName":"A.Collins","statId":79,"yards":0}],"00-0025753":[{"sequence":3,"clubcode":"NYJ","playerName":"J.Ihedigbo","statId":83,"yards":-7},{"sequence":4,"clubcode":"NYJ","playerName":"J.Ihedigbo","statId":110,"yards":0},{"sequence":5,"clubcode":"NYJ","playerName":"J.Ihedigbo","statId":79,"yards":0},{"sequence":8,"clubcode":"NYJ","playerName":"J.Ihedigbo","statId":91,"yards":0}],"0":[{"sequence":1,"clubcode":"CIN","playerName":"","statId":7,"yards":0}]}}},"fds":0,"result":"Fumble","penyds":0,"ydsgained":-9,"numplays":4,"postime":"0:28","start":{"qtr":4,"time":"02:15","yrdln":"NYJ 24","team":"CIN"},"end":{"qtr":4,"time":"01:47","yrdln":"NYJ 26","team":"CIN"}},"21":{"posteam":"NYJ","qtr":4,"redzone":true,"plays":{"3704":{"sp":0,"qtr":4,"down":1,"time":"01:47","yrdln":"CIN 28","ydstogo":10,"ydsnet":-1,"posteam":"NYJ","desc":"(1:47) K.Clemens kneels to CIN 29 for -1 yards.","note":null,"players":{"00-0024264":[{"sequence":1,"clubcode":"NYJ","playerName":"K.Clemens","statId":10,"yards":-1}]}},"3725":{"sp":0,"qtr":4,"down":2,"time":"01:06","yrdln":"CIN 29","ydstogo":11,"ydsnet":-2,"posteam":"NYJ","desc":"(1:06) K.Clemens kneels to CIN 30 for -1 yards.","note":null,"players":{"00-0024264":[{"sequence":1,"clubcode":"NYJ","playerName":"K.Clemens","statId":10,"yards":-1}]}},"3747":{"sp":0,"qtr":4,"down":3,"time":"00:28","yrdln":"CIN 30","ydstogo":12,"ydsnet":-3,"posteam":"NYJ","desc":"(:28) K.Clemens kneels to CIN 31 for -1 yards.","note":null,"players":{"00-0024264":[{"sequence":2,"clubcode":"NYJ","playerName":"K.Clemens","statId":10,"yards":-1}],"0":[{"sequence":1,"clubcode":"NYJ","playerName":"","statId":7,"yards":0}]}},"3768":{"sp":0,"qtr":4,"down":0,"time":"00:00","yrdln":"","ydstogo":0,"ydsnet":-3,"posteam":"","desc":"END GAME","note":null,"players":{}}},"fds":0,"result":"End of Game","penyds":0,"ydsgained":-3,"numplays":4,"postime":"1:47","start":{"qtr":4,"time":"01:47","yrdln":"CIN 28","team":"NYJ"},"end":{"qtr":4,"time":"00:00","yrdln":"","team":"NYJ"}},"crntdrv":21},"scrsummary":{"202":{"type":"TD","desc":"T.Jones 1 yd. run (J.Feely kick is good) Drive: 7 plays, 72 yards in 4:14","qtr":1,"team":"NYJ","players":{"":"0","T.Jones":"00-0019641","J.Feely":"00-0019770"}},"958":{"type":"FG","desc":"J.Feely 20 yd. Field Goal Drive: 21 plays, 74 yards in11:11","qtr":2,"team":"NYJ","players":{"J.Feely":"00-0019770"}},"1480":{"type":"TD","desc":"B.Smith 32 yd. run (J.Feely kick is good) Drive: 4 plays, 47 yards in 2:08","qtr":2,"team":"NYJ","players":{"":"0","B.Smith":"00-0024318","J.Feely":"00-0019770"}},"1893":{"type":"TD","desc":"J.Cotchery 6 yd. run (J.Feely kick is good) Drive: 10 plays, 59 yards in 5:01","qtr":2,"team":"NYJ","players":{"":"0","M.Sanchez":"00-0026898","J.Cotchery":"00-0022811","J.Feely":"00-0019770"}},"2085":{"type":"FG","desc":"J.Feely 39 yd. Field Goal Drive: 3 plays, -6 yards in 0:20","qtr":2,"team":"NYJ","players":{"J.Feely":"00-0019770"}},"2369":{"type":"FG","desc":"J.Feely 40 yd. Field Goal Drive: 7 plays, 18 yards in 2:55","qtr":3,"team":"NYJ","players":{"J.Feely":"00-0019770"}},"3241":{"type":"TD","desc":"T.Jones 2 yd. run (J.Feely kick is good) Drive: 9 plays, 26 yards in 4:52","qtr":4,"team":"NYJ","players":{"":"0","T.Jones":"00-0019641","J.Feely":"00-0019770"}}},"weather":null,"media":null,"yl":"","qtr":"Final","note":null,"down":0,"togo":0,"redzone":true,"clock":"00:28","posteam":"NYJ","stadium":null},"nextupdate":243}