{"2010112805":{"home":{"score":{"1":3,"2":7,"3":0,"4":10,"5":0,"T":20},"abbr":"ATL","to":0,"stats":{"passing":{"00-0026143":{"name":"M.Ryan","att":28,"cmp":24,"yds":197,"tds":1,"ints":0,"twopta":0,"twoptm":0}},"rushing":{"00-0022821":{"name":"M.Turner","att":23,"yds":110,"tds":1,"lng":26,"lngtd":1,"twopta":0,"twoptm":0},"00-0025631":{"name":"J.Snelling","att":4,"yds":7,"tds":0,"lng":6,"lngtd":0,"twopta":0,"twoptm":0}},"receiving":{"00-0006101":{"name":"T.Gonzalez","rec":6,"yds":51,"tds":1,"lng":21,"lngtd":4,"twopta":0,"twoptm":0},"00-0023462":{"name":"R.White","rec":5,"yds":49,"tds":0,"lng":14,"lngtd":0,"twopta":0,"twoptm":0},"00-0025631":{"name":"J.Snelling","rec":4,"yds":32,"tds":0,"lng":12,"lngtd":0,"twopta":0,"twoptm":0},"00-0022781":{"name":"M.Jenkins","rec":3,"yds":24,"tds":0,"lng":14,"lngtd":0,"twopta":0,"twoptm":0},"00-0026224":{"name":"H.Douglas","rec":2,"yds":7,"tds":0,"lng":4,"lngtd":0,"twopta":0,"twoptm":0},"00-0022143":{"name":"O.Mughelli","rec":1,"yds":16,"tds":0,"lng":16,"lngtd":0,"twopta":0,"twoptm":0},"00-0021227":{"name":"J.Peelle","rec":1,"yds":14,"tds":0,"lng":14,"lngtd":0,"twopta":0,"twoptm":0},"00-0022821":{"name":"M.Turner","rec":1,"yds":4,"tds":0,"lng":4,"lngtd":0,"twopta":0,"twoptm":0},"00-0027098":{"name":"G.Johnson","rec":1,"yds":0,"tds":0,"lng":0,"lngtd":0,"twopta":0,"twoptm":0}},"fumbles":{"00-0027098":{"name":"G.Johnson","tot":1,"rcv":0,"trcv":0,"yds":0,"lost":0},"00-0012871":{"name":"M.Peterson","tot":0,"rcv":0,"trcv":1,"yds":0,"lost":0}},"kicking":{"00-0020578":{"name":"M.Bryant","fgm":2,"fga":2,"fgyds":47,"totpfg":6,"xpmade":2,"xpmissed":0,"xpa":2,"xpb":0,"xptot":2}},"punting":{"00-0023234":{"name":"M.Koenen","pts":4,"yds":161,"avg":40,"i20":2,"lng":51}},"kickret":{"00-0024535":{"name":"E.Weems","ret":3,"avg":31,"tds":0,"lng":40,"lngtd":0}},"puntret":{},"defense":{"00-0021229":{"name":"B.Williams","tkl":5,"ast":2,"sk":0,"int":0,"ffum":0},"00-0026238":{"name":"T.DeCoud","tkl":5,"ast":2,"sk":0,"int":0,"ffum":1},"00-0024183":{"name":"B.Grimes","tkl":6,"ast":0,"sk":0,"int":0,"ffum":0},"00-0027031":{"name":"W.Moore","tkl":5,"ast":1,"sk":0,"int":0,"ffum":0},"00-0026177":{"name":"C.Lofton","tkl":3,"ast":2,"sk":0,"int":0,"ffum":1},"00-0019546":{"name":"J.Abraham","tkl":3,"ast":1,"sk":1,"int":0,"ffum":1},"00-0022735":{"name":"D.Robinson","tkl":3,"ast":0,"sk":0,"int":0,"ffum":0},"00-0027871":{"name":"S.Weatherspoon","tkl":2,"ast":1,"sk":0,"int":0,"ffum":0},"00-0026294":{"name":"K.Biermann","tkl":2,"ast":0,"sk":0,"int":0,"ffum":0},"00-0027686":{"name":"C.Peters","tkl":2,"ast":0,"sk":0,"int":0,"ffum":0},"00-0023494":{"name":"J.Babineaux","tkl":2,"ast":0,"sk":0,"int":0,"ffum":0},"00-0021222":{"name":"C.Wire","tkl":1,"ast":0,"sk":0,"int":0,"ffum":0},"00-0025496":{"name":"S.Nicholas","tkl":1,"ast":0,"sk":0,"int":0,"ffum":0},"00-0027000":{"name":"P.Jerry","tkl":1,"ast":0,"sk":0,"int":0,"ffum":0},"00-0023562":{"name":"C.Davis","tkl":0,"ast":1,"sk":0,"int":0,"ffum":0}},"team":{"totfd":19,"totyds":294,"pyds":177,"ryds":117,"pen":4,"penyds":50,"trnovr":0,"pt":4,"ptyds":161,"ptavg":40,"top":"31:40"}},"players":null},"away":{"score":{"1":3,"2":0,"3":7,"4":7,"5":0,"T":17},"abbr":"GB","to":0,"stats":{"passing":{"00-0023459":{"name":"A.Rodgers","att":35,"cmp":26,"yds":344,"tds":1,"ints":0,"twopta":0,"twoptm":0}},"rushing":{"00-0023459":{"name":"A.Rodgers","att":12,"yds":51,"tds":1,"lng":11,"lngtd":1,"twopta":0,"twoptm":0},"00-0025450":{"name":"B.Jackson","att":10,"yds":26,"tds":0,"lng":12,"lngtd":0,"twopta":0,"twoptm":0},"00-0027201":{"name":"D.Nance","att":1,"yds":0,"tds":0,"lng":0,"lngtd":0,"twopta":0,"twoptm":0}},"receiving":{"00-0024267":{"name":"G.Jennings","rec":5,"yds":119,"tds":0,"lng":35,"lngtd":0,"twopta":0,"twoptm":0},"00-0026176":{"name":"J.Nelson","rec":5,"yds":61,"tds":1,"lng":28,"lngtd":10,"twopta":0,"twoptm":0},"00-0025465":{"name":"J.Jones","rec":5,"yds":44,"tds":0,"lng":18,"lngtd":0,"twopta":0,"twoptm":0},"00-0027753":{"name":"A.Quarless","rec":3,"yds":35,"tds":0,"lng":19,"lngtd":0,"twopta":0,"twoptm":0},"00-0025450":{"name":"B.Jackson","rec":3,"yds":10,"tds":0,"lng":9,"lngtd":0,"twopta":0,"twoptm":0},"00-0026357":{"name":"B.Swain","rec":2,"yds":40,"tds":0,"lng":31,"lngtd":0,"twopta":0,"twoptm":0},"00-0004541":{"name":"D.Driver","rec":2,"yds":26,"tds":0,"lng":17,"lngtd":0,"twopta":0,"twoptm":0},"00-0022999":{"name":"J.Kuhn","rec":1,"yds":9,"tds":0,"lng":9,"lngtd":0,"twopta":0,"twoptm":0}},"fumbles":{"00-0023459":{"name":"A.Rodgers","tot":2,"rcv":1,"trcv":1,"yds":0,"lost":1},"00-0024267":{"name":"G.Jennings","tot":2,"rcv":0,"trcv":0,"yds":0,"lost":0},"00-0025578":{"name":"K.Hall","tot":0,"rcv":1,"trcv":1,"yds":0,"lost":0}},"kicking":{"00-0025580":{"name":"M.Crosby","fgm":1,"fga":1,"fgyds":22,"totpfg":3,"xpmade":2,"xpmissed":0,"xpa":2,"xpb":0,"xptot":2}},"punting":{"00-0026664":{"name":"T.Masthay","pts":2,"yds":88,"avg":44,"i20":0,"lng":53}},"kickret":{"00-0027440":{"name":"S.Shields","ret":4,"avg":21,"tds":0,"lng":37,"lngtd":0}},"puntret":{"00-0024061":{"name":"T.Williams","ret":2,"avg":1,"tds":0,"lng":5,"lngtd":0}},"defense":{"00-0025579":{"name":"D.Bishop","tkl":6,"ast":4,"sk":0,"int":0,"ffum":0},"00-0024372":{"name":"C.Peprah","tkl":7,"ast":2,"sk":0,"int":0,"ffum":0},"00-0018227":{"name":"C.Woodson","tkl":5,"ast":3,"sk":0,"int":0,"ffum":0},"00-0024061":{"name":"T.Williams","tkl":5,"ast":2,"sk":0,"int":0,"ffum":0},"00-0027442":{"name":"F.Zombo","tkl":3,"ast":4,"sk":1,"int":0,"ffum":1},"00-0024220":{"name":"A.Hawk","tkl":4,"ast":2,"sk":0,"int":0,"ffum":0},"00-0023486":{"name":"N.Collins","tkl":3,"ast":1,"sk":0,"int":0,"ffum":0},"00-0027002":{"name":"C.Matthews","tkl":3,"ast":0,"sk":0,"int":0,"ffum":0},"00-0021706":{"name":"C.Jenkins","tkl":2,"ast":0,"sk":1,"int":0,"ffum":0},"00-0027440":{"name":"S.Shields","tkl":1,"ast":1,"sk":0,"int":0,"ffum":0},"00-0026200":{"name":"P.Lee","tkl":0,"ast":1,"sk":0,"int":0,"ffum":0},"00-0026985":{"name":"B.Raji","tkl":0,"ast":1,"sk":0,"int":0,"ffum":0},"00-0020515":{"name":"R.Pickett","tkl":0,"ast":1,"sk":0,"int":0,"ffum":0},"00-0026307":{"name":"E.Walden","tkl":0,"ast":1,"sk":0,"int":0,"ffum":0}},"team":{"totfd":22,"totyds":418,"pyds":341,"ryds":77,"pen":8,"penyds":66,"trnovr":1,"pt":2,"ptyds":88,"ptavg":44,"top":"28:20"}},"players":null},"drives":{"1":{"posteam":"ATL","qtr":1,"redzone":true,"plays":{"36":{"sp":0,"qtr":1,"down":0,"time":"15:00","yrdln":"GB 30","ydstogo":0,"ydsnet":0,"posteam":"GB","desc":"M.Crosby kicks 70 yards from GB 30 to ATL 0. E.Weems to ATL 25 for 25 yards (B.Underwood, M.Wilhelm).","note":"KICKOFF","players":{"00-0025580":[{"sequence":2,"clubcode":"GB","playerName":"M.Crosby","statId":43,"yards":70}],"00-0022009":[{"sequence":4,"clubcode":"GB","playerName":"M.Wilhelm","statId":82,"yards":0}],"00-0026934":[{"sequence":3,"clubcode":"GB","playerName":"B.Underwood","statId":80,"yards":0}],"00-0024535":[{"sequence":1,"clubcode":"ATL","playerName":"E.Weems","statId":45,"yards":25}]}},"58":{"sp":0,"qtr":1,"down":1,"time":"14:55","yrdln":"ATL 25","ydstogo":10,"ydsnet":0,"posteam":"ATL","desc":"(14:55) (Shotgun) M.Ryan pass incomplete short left to M.Jenkins.","note":null,"players":{"00-0022781":[{"sequence":2,"clubcode":"ATL","playerName":"M.Jenkins","statId":115,"yards":0}],"00-0026143":[{"sequence":1,"clubcode":"ATL","playerName":"M.Ryan","statId":14,"yards":0},{"sequence":3,"clubcode":"ATL","playerName":"M.Ryan","statId":112,"yards":14}]}},"80":{"sp":0,"qtr":1,"down":2,"time":"14:51","yrdln":"ATL 25","ydstogo":10,"ydsnet":3,"posteam":"ATL","desc":"(14:51) M.Turner left guard to ATL 28 for 3 yards (D.Bishop).","note":null,"players":{"00-0022821":[{"sequence":2,"clubcode":"ATL","playerName":"M.Turner","statId":10,"yards":3}],"00-0025579":[{"sequence":1,"clubcode":"GB","playerName":"D.Bishop","statId":79,"yards":0}]}},"101":{"sp":0,"qtr":1,"down":3,"time":"14:17","yrdln":"ATL 28","ydstogo":7,"ydsnet":15,"posteam":"ATL","desc":"(14:17) (Shotgun) M.Ryan pass short left to J.Snelling to ATL 40 for 12 yards (T.Williams).","note":null,"players":{"00-0026143":[{"sequence":5,"clubcode":"ATL","playerName":"M.Ryan","statId":111,"yards":5},{"sequence":6,"clubcode":"ATL","playerName":"M.Ryan","statId":15,"yards":12}],"00-0024061":[{"sequence":7,"clubcode":"GB","playerName":"T.Williams","statId":79,"yards":0}],"00-0025631":[{"sequence":2,"clubcode":"ATL","playerName":"J.Snelling","statId":115,"yards":0},{"sequence":4,"clubcode":"ATL","playerName":"J.Snelling","statId":21,"yards":12},{"sequence":8,"clubcode":"ATL","playerName":"J.Snelling","statId":113,"yards":7}],"0":[{"sequence":1,"clubcode":"ATL","playerName":null,"statId":4,"yards":0},{"sequence":3,"clubcode":"ATL","playerName":null,"statId":6,"yards":0}]}},"125":{"sp":0,"qtr":1,"down":1,"time":"13:31","yrdln":"ATL 40","ydstogo":10,"ydsnet":29,"posteam":"ATL","desc":"(13:31) M.Turner left end pushed ob at GB 46 for 14 yards (D.Bishop).","note":null,"players":{"00-0022821":[{"sequence":3,"clubcode":"ATL","playerName":"M.Turner","statId":10,"yards":14}],"00-0025579":[{"sequence":2,"clubcode":"GB","playerName":"D.Bishop","statId":79,"yards":0}],"0":[{"sequence":1,"clubcode":"ATL","playerName":null,"statId":3,"yards":0}]}},"156":{"sp":0,"qtr":1,"down":1,"time":"13:06","yrdln":"GB 46","ydstogo":10,"ydsnet":32,"posteam":"ATL","desc":"(13:06) M.Turner left guard to GB 43 for 3 yards (A.Hawk).","note":null,"players":{"00-0022821":[{"sequence":1,"clubcode":"ATL","playerName":"M.Turner","statId":10,"yards":3}],"00-0024220":[{"sequence":2,"clubcode":"GB","playerName":"A.Hawk","statId":79,"yards":0}]}},"177":{"sp":0,"qtr":1,"down":2,"time":"12:27","yrdln":"GB 43","ydstogo":7,"ydsnet":46,"posteam":"ATL","desc":"(12:27) (Shotgun) M.Ryan pass short middle to R.White to GB 29 for 14 yards (T.Williams).","note":null,"players":{"00-0026143":[{"sequence":4,"clubcode":"ATL","playerName":"M.Ryan","statId":15,"yards":14},{"sequence":6,"clubcode":"ATL","playerName":"M.Ryan","statId":111,"yards":13}],"00-0024061":[{"sequence":2,"clubcode":"GB","playerName":"T.Williams","statId":79,"yards":0}],"0":[{"sequence":3,"clubcode":"ATL","playerName":null,"statId":4,"yards":0}],"00-0023462":[{"sequence":1,"clubcode":"ATL","playerName":"R.White","statId":115,"yards":0},{"sequence":5,"clubcode":"ATL","playerName":"R.White","statId":21,"yards":14},{"sequence":7,"clubcode":"ATL","playerName":"R.White","statId":113,"yards":1}]}},"201":{"sp":0,"qtr":1,"down":1,"time":"11:46","yrdln":"GB 29","ydstogo":10,"ydsnet":51,"posteam":"ATL","desc":"(11:46) M.Ryan pass short right to J.Snelling to GB 29 for no gain (A.Hawk). PENALTY on GB-C.Woodson, Defensive Holding, 5 yards, enforced at GB 29 - No Play.","note":"PENALTY","players":{"00-0018227":[{"sequence":2,"clubcode":"GB","playerName":"C.Woodson","statId":93,"yards":5}],"0":[{"sequence":1,"clubcode":"ATL","playerName":null,"statId":5,"yards":0}]}},"236":{"sp":0,"qtr":1,"down":1,"time":"11:19","yrdln":"GB 24","ydstogo":10,"ydsnet":55,"posteam":"ATL","desc":"(11:19) M.Turner left end to GB 20 for 4 yards (T.Williams).","note":null,"players":{"00-0022821":[{"sequence":2,"clubcode":"ATL","playerName":"M.Turner","statId":10,"yards":4}],"00-0024061":[{"sequence":1,"clubcode":"GB","playerName":"T.Williams","statId":79,"yards":0}]}},"257":{"sp":0,"qtr":1,"down":2,"time":"10:41","yrdln":"GB 20","ydstogo":6,"ydsnet":41,"posteam":"ATL","desc":"(10:41) M.Turner left end to GB 19 for 1 yard (F.Zombo; P.Lee). PENALTY on ATL-H.Dahl, Unnecessary Roughness, 15 yards, enforced at GB 19.","note":"PENALTY","players":{"00-0023180":[{"sequence":1,"clubcode":"ATL","playerName":"H.Dahl","statId":93,"yards":15}],"00-0022821":[{"sequence":3,"clubcode":"ATL","playerName":"M.Turner","statId":10,"yards":1}],"00-0027442":[{"sequence":2,"clubcode":"GB","playerName":"F.Zombo","statId":82,"yards":0}],"00-0026200":[{"sequence":4,"clubcode":"GB","playerName":"P.Lee","statId":82,"yards":0}]}},"289":{"sp":0,"qtr":1,"down":3,"time":"10:14","yrdln":"GB 34","ydstogo":20,"ydsnet":55,"posteam":"ATL","desc":"(10:14) (Shotgun) M.Ryan pass short middle to M.Jenkins to GB 20 for 14 yards (C.Peprah).","note":null,"players":{"00-0022781":[{"sequence":5,"clubcode":"ATL","playerName":"M.Jenkins","statId":113,"yards":0},{"sequence":6,"clubcode":"ATL","playerName":"M.Jenkins","statId":21,"yards":14},{"sequence":7,"clubcode":"ATL","playerName":"M.Jenkins","statId":115,"yards":0}],"00-0026143":[{"sequence":2,"clubcode":"ATL","playerName":"M.Ryan","statId":15,"yards":14},{"sequence":4,"clubcode":"ATL","playerName":"M.Ryan","statId":111,"yards":14}],"00-0024372":[{"sequence":3,"clubcode":"GB","playerName":"C.Peprah","statId":79,"yards":0}],"0":[{"sequence":1,"clubcode":"ATL","playerName":null,"statId":7,"yards":0}]}},"313":{"sp":1,"qtr":1,"down":4,"time":"09:36","yrdln":"GB 20","ydstogo":6,"ydsnet":55,"posteam":"ATL","desc":"(9:36) M.Bryant 38 yard field goal is GOOD, Center-J.Zelenka, Holder-M.Koenen.","note":"FG","players":{"00-0020578":[{"sequence":1,"clubcode":"ATL","playerName":"M.Bryant","statId":70,"yards":38}]}}},"fds":4,"result":"Field Goal","penyds":-10,"ydsgained":65,"numplays":12,"postime":"5:29","start":{"qtr":1,"time":"15:00","yrdln":"ATL 25","team":"ATL"},"end":{"qtr":1,"time":"09:31","yrdln":"GB 20","team":"ATL"}},"2":{"posteam":"GB","qtr":1,"redzone":true,"plays":{"332":{"sp":0,"qtr":1,"down":0,"time":"09:31","yrdln":"ATL 30","ydstogo":0,"ydsnet":0,"posteam":"ATL","desc":"M.Koenen kicks 74 yards from ATL 30 to GB -4. S.Shields to GB 11 for 15 yards (K.Biermann).","note":"KICKOFF","players":{"00-0023234":[{"sequence":2,"clubcode":"ATL","playerName":"M.Koenen","statId":43,"yards":74},{"sequence":3,"clubcode":"ATL","playerName":"M.Koenen","statId":42,"yards":0}],"00-0027440":[{"sequence":1,"clubcode":"GB","playerName":"S.Shields","statId":45,"yards":15}],"00-0026294":[{"sequence":4,"clubcode":"ATL","playerName":"K.Biermann","statId":79,"yards":0}]}},"354":{"sp":0,"qtr":1,"down":1,"time":"09:28","yrdln":"GB 11","ydstogo":10,"ydsnet":6,"posteam":"GB","desc":"(9:28) A.Rodgers scrambles right tackle to GB 17 for 6 yards (K.Biermann).","note":null,"players":{"00-0026294":[{"sequence":2,"clubcode":"ATL","playerName":"K.Biermann","statId":79,"yards":0}],"00-0023459":[{"sequence":1,"clubcode":"GB","playerName":"A.Rodgers","statId":10,"yards":6}]}},"375":{"sp":0,"qtr":1,"down":2,"time":"08:49","yrdln":"GB 17","ydstogo":4,"ydsnet":7,"posteam":"GB","desc":"(8:49) B.Jackson left guard to GB 18 for 1 yard (K.Biermann).","note":null,"players":{"00-0026294":[{"sequence":2,"clubcode":"ATL","playerName":"K.Biermann","statId":79,"yards":0}],"00-0025450":[{"sequence":1,"clubcode":"GB","playerName":"B.Jackson","statId":10,"yards":1}]}},"396":{"sp":0,"qtr":1,"down":3,"time":"08:09","yrdln":"GB 18","ydstogo":3,"ydsnet":9,"posteam":"GB","desc":"(8:09) (Shotgun) A.Rodgers scrambles up the middle to GB 20 for 2 yards (C.Lofton).","note":null,"players":{"00-0026177":[{"sequence":1,"clubcode":"ATL","playerName":"C.Lofton","statId":79,"yards":0}],"0":[{"sequence":2,"clubcode":"GB","playerName":null,"statId":7,"yards":0}],"00-0023459":[{"sequence":3,"clubcode":"GB","playerName":"A.Rodgers","statId":10,"yards":2}]}},"417":{"sp":0,"qtr":1,"down":4,"time":"07:28","yrdln":"GB 20","ydstogo":1,"ydsnet":9,"posteam":"GB","desc":"(7:28) T.Masthay punts 53 yards to ATL 27, Center-B.Goode, downed by GB-J.Bush. PENALTY on GB-J.Bush, Illegal Touch Kick, 5 yards, enforced at ATL 27.","note":"PUNT","players":{"00-0023918":[{"sequence":1,"clubcode":"GB","playerName":"J.Bush","statId":93,"yards":5}],"0":[{"sequence":3,"clubcode":"ATL","playerName":null,"statId":38,"yards":0}],"00-0026664":[{"sequence":2,"clubcode":"GB","playerName":"T.Masthay","statId":29,"yards":53}]}}},"fds":0,"result":"Punt","penyds":0,"ydsgained":9,"numplays":5,"postime":"2:15","start":{"qtr":1,"time":"09:31","yrdln":"GB 11","team":"GB"},"end":{"qtr":1,"time":"07:16","yrdln":"GB 20","team":"GB"}},"3":{"posteam":"ATL","qtr":1,"redzone":true,"plays":{"447":{"sp":0,"qtr":1,"down":1,"time":"07:16","yrdln":"ATL 32","ydstogo":10,"ydsnet":6,"posteam":"ATL","desc":"(7:16) M.Turner left guard to ATL 38 for 6 yards (F.Zombo; T.Williams).","note":null,"players":{"00-0022821":[{"sequence":3,"clubcode":"ATL","playerName":"M.Turner","statId":10,"yards":6}],"00-0027442":[{"sequence":2,"clubcode":"GB","playerName":"F.Zombo","statId":82,"yards":0}],"00-0024061":[{"sequence":1,"clubcode":"GB","playerName":"T.Williams","statId":82,"yards":0}]}},"468":{"sp":0,"qtr":1,"down":2,"time":"06:35","yrdln":"ATL 38","ydstogo":4,"ydsnet":8,"posteam":"ATL","desc":"(6:35) J.Snelling left tackle to ATL 40 for 2 yards (C.Matthews).","note":null,"players":{"00-0027002":[{"sequence":1,"clubcode":"GB","playerName":"C.Matthews","statId":79,"yards":0}],"00-0025631":[{"sequence":2,"clubcode":"ATL","playerName":"J.Snelling","statId":10,"yards":2}]}},"489":{"sp":0,"qtr":1,"down":3,"time":"05:51","yrdln":"ATL 40","ydstogo":2,"ydsnet":-3,"posteam":"ATL","desc":"(5:51) (Shotgun) M.Ryan sacked at ATL 29 for -11 yards (F.Zombo).","note":null,"players":{"00-0027442":[{"sequence":1,"clubcode":"GB","playerName":"F.Zombo","statId":83,"yards":-11},{"sequence":2,"clubcode":"GB","playerName":"F.Zombo","statId":110,"yards":0},{"sequence":3,"clubcode":"GB","playerName":"F.Zombo","statId":120,"yards":0},{"sequence":5,"clubcode":"GB","playerName":"F.Zombo","statId":79,"yards":0}],"00-0026143":[{"sequence":4,"clubcode":"ATL","playerName":"M.Ryan","statId":20,"yards":-11}],"0":[{"sequence":6,"clubcode":"ATL","playerName":null,"statId":7,"yards":0}]}},"508":{"sp":0,"qtr":1,"down":4,"time":"05:10","yrdln":"ATL 29","ydstogo":13,"ydsnet":-3,"posteam":"ATL","desc":"(5:10) M.Koenen punts 51 yards to GB 20, Center-J.Zelenka. T.Williams to GB 33 for 13 yards (J.Snelling). PENALTY on GB-D.Nance, Illegal Block Above the Waist, 10 yards, enforced at GB 25.","note":"PUNT","players":{"00-0023234":[{"sequence":4,"clubcode":"ATL","playerName":"M.Koenen","statId":29,"yards":51}],"00-0027201":[{"sequence":3,"clubcode":"GB","playerName":"D.Nance","statId":93,"yards":10}],"00-0024061":[{"sequence":1,"clubcode":"GB","playerName":"T.Williams","statId":33,"yards":5}],"00-0025631":[{"sequence":2,"clubcode":"ATL","playerName":"J.Snelling","statId":79,"yards":0}]}}},"fds":0,"result":"Punt","penyds":0,"ydsgained":-3,"numplays":4,"postime":"2:11","start":{"qtr":1,"time":"07:16","yrdln":"ATL 32","team":"ATL"},"end":{"qtr":1,"time":"05:05","yrdln":"ATL 29","team":"ATL"}},"4":{"posteam":"GB","qtr":1,"redzone":true,"plays":{"544":{"sp":0,"qtr":1,"down":1,"time":"05:05","yrdln":"GB 15","ydstogo":10,"ydsnet":30,"posteam":"GB","desc":"(5:05) A.Rodgers pass short left to G.Jennings to GB 45 for 30 yards (J.Abraham).","note":null,"players":{"00-0024267":[{"sequence":3,"clubcode":"GB","playerName":"G.Jennings","statId":113,"yards":24},{"sequence":6,"clubcode":"GB","playerName":"G.Jennings","statId":21,"yards":30},{"sequence":7,"clubcode":"GB","playerName":"G.Jennings","statId":115,"yards":0}],"00-0019546":[{"sequence":4,"clubcode":"ATL","playerName":"J.Abraham","statId":79,"yards":0}],"0":[{"sequence":5,"clubcode":"GB","playerName":null,"statId":4,"yards":0}],"00-0023459":[{"sequence":1,"clubcode":"GB","playerName":"A.Rodgers","statId":15,"yards":30},{"sequence":2,"clubcode":"GB","playerName":"A.Rodgers","statId":111,"yards":6}]}},"568":{"sp":0,"qtr":1,"down":1,"time":"04:22","yrdln":"GB 45","ydstogo":10,"ydsnet":44,"posteam":"GB","desc":"(4:22) (Shotgun) B.Jackson left tackle to GB 44 for -1 yards (C.Peters). PENALTY on ATL-C.Peters, Face Mask (15 Yards), 15 yards, enforced at GB 44.","note":"PENALTY","players":{"0":[{"sequence":2,"clubcode":"GB","playerName":null,"statId":95,"yards":-1},{"sequence":3,"clubcode":"GB","playerName":null,"statId":5,"yards":0}],"00-0025450":[{"sequence":1,"clubcode":"GB","playerName":"B.Jackson","statId":10,"yards":-1}],"00-0027686":[{"sequence":4,"clubcode":"ATL","playerName":"C.Peters","statId":79,"yards":0},{"sequence":5,"clubcode":"ATL","playerName":"C.Peters","statId":93,"yards":15}]}},"589":{"sp":0,"qtr":1,"down":1,"time":"03:55","yrdln":"ATL 41","ydstogo":10,"ydsnet":61,"posteam":"GB","desc":"(3:55) (Shotgun) A.Rodgers pass deep right to D.Driver to ATL 24 for 17 yards (B.Grimes).","note":null,"players":{"0":[{"sequence":2,"clubcode":"GB","playerName":null,"statId":4,"yards":0}],"00-0004541":[{"sequence":1,"clubcode":"GB","playerName":"D.Driver","statId":113,"yards":0},{"sequence":5,"clubcode":"GB","playerName":"D.Driver","statId":115,"yards":0},{"sequence":6,"clubcode":"GB","playerName":"D.Driver","statId":21,"yards":17}],"00-0024183":[{"sequence":7,"clubcode":"ATL","playerName":"B.Grimes","statId":79,"yards":0}],"00-0023459":[{"sequence":3,"clubcode":"GB","playerName":"A.Rodgers","statId":15,"yards":17},{"sequence":4,"clubcode":"GB","playerName":"A.Rodgers","statId":111,"yards":17}]}},"625":{"sp":0,"qtr":1,"down":1,"time":"03:26","yrdln":"ATL 24","ydstogo":10,"ydsnet":61,"posteam":"GB","desc":"(3:26) B.Jackson left end to ATL 24 for no gain (J.Abraham).","note":null,"players":{"00-0019546":[{"sequence":1,"clubcode":"ATL","playerName":"J.Abraham","statId":79,"yards":0}],"00-0025450":[{"sequence":2,"clubcode":"GB","playerName":"B.Jackson","statId":10,"yards":0}]}},"646":{"sp":0,"qtr":1,"down":2,"time":"02:54","yrdln":"ATL 24","ydstogo":10,"ydsnet":72,"posteam":"GB","desc":"(2:54) (Shotgun) A.Rodgers scrambles right end ran ob at ATL 13 for 11 yards (C.Peters).","note":null,"players":{"0":[{"sequence":3,"clubcode":"GB","playerName":null,"statId":3,"yards":0}],"00-0023459":[{"sequence":2,"clubcode":"GB","playerName":"A.Rodgers","statId":10,"yards":11}],"00-0027686":[{"sequence":1,"clubcode":"ATL","playerName":"C.Peters","statId":79,"yards":0}]}},"672":{"sp":0,"qtr":1,"down":0,"time":"02:19","yrdln":"","ydstogo":0,"ydsnet":72,"posteam":"","desc":"Timeout #1 by GB at 02:19.","note":"TIMEOUT","players":{"0":[{"sequence":1,"clubcode":"GB","playerName":null,"statId":68,"yards":0}]}},"689":{"sp":0,"qtr":1,"down":1,"time":"02:19","yrdln":"ATL 13","ydstogo":10,"ydsnet":76,"posteam":"GB","desc":"(2:19) B.Jackson right tackle to ATL 9 for 4 yards (B.Williams).","note":null,"players":{"00-0021229":[{"sequence":2,"clubcode":"ATL","playerName":"B.Williams","statId":79,"yards":0}],"00-0025450":[{"sequence":1,"clubcode":"GB","playerName":"B.Jackson","statId":10,"yards":4}]}},"710":{"sp":0,"qtr":1,"down":2,"time":"01:40","yrdln":"ATL 9","ydstogo":6,"ydsnet":81,"posteam":"GB","desc":"(1:40) (Shotgun) A.Rodgers scrambles right end to ATL 4 for 5 yards (J.Babineaux).","note":null,"players":{"00-0023494":[{"sequence":2,"clubcode":"ATL","playerName":"J.Babineaux","statId":79,"yards":0}],"00-0023459":[{"sequence":1,"clubcode":"GB","playerName":"A.Rodgers","statId":10,"yards":5}]}},"731":{"sp":0,"qtr":1,"down":3,"time":"00:55","yrdln":"ATL 4","ydstogo":1,"ydsnet":81,"posteam":"GB","desc":"(:55) D.Nance left guard to ATL 4 for no gain (C.Wire).","note":null,"players":{"00-0027201":[{"sequence":3,"clubcode":"GB","playerName":"D.Nance","statId":10,"yards":0}],"00-0021222":[{"sequence":1,"clubcode":"ATL","playerName":"C.Wire","statId":79,"yards":0}],"0":[{"sequence":2,"clubcode":"GB","playerName":null,"statId":7,"yards":0}]}},"752":{"sp":1,"qtr":1,"down":4,"time":"00:07","yrdln":"ATL 4","ydstogo":1,"ydsnet":81,"posteam":"GB","desc":"(:07) M.Crosby 22 yard field goal is GOOD, Center-B.Goode, Holder-T.Masthay.","note":"FG","players":{"00-0025580":[{"sequence":1,"clubcode":"GB","playerName":"M.Crosby","statId":70,"yards":22}]}}},"fds":4,"result":"Field Goal","penyds":15,"ydsgained":66,"numplays":10,"postime":"5:01","start":{"qtr":1,"time":"05:05","yrdln":"GB 15","team":"GB"},"end":{"qtr":1,"time":"00:04","yrdln":"ATL 4","team":"GB"}},"5":{"posteam":"ATL","qtr":2,"redzone":true,"plays":{"771":{"sp":0,"qtr":1,"down":0,"time":"00:04","yrdln":"GB 30","ydstogo":0,"ydsnet":0,"posteam":"GB","desc":"M.Crosby kicks 70 yards from GB 30 to ATL 0. E.Weems to ATL 28 for 28 yards (M.Wilhelm).","note":"KICKOFF","players":{"00-0025580":[{"sequence":2,"clubcode":"GB","playerName":"M.Crosby","statId":43,"yards":70}],"00-0022009":[{"sequence":1,"clubcode":"GB","playerName":"M.Wilhelm","statId":79,"yards":0}],"00-0024535":[{"sequence":3,"clubcode":"ATL","playerName":"E.Weems","statId":45,"yards":28}]}},"809":{"sp":0,"qtr":2,"down":1,"time":"15:00","yrdln":"ATL 28","ydstogo":10,"ydsnet":0,"posteam":"ATL","desc":"(15:00) M.Turner right end to ATL 28 for no gain (C.Woodson).","note":null,"players":{"00-0022821":[{"sequence":1,"clubcode":"ATL","playerName":"M.Turner","statId":10,"yards":0}],"00-0018227":[{"sequence":2,"clubcode":"GB","playerName":"C.Woodson","statId":79,"yards":0}]}},"830":{"sp":0,"qtr":2,"down":2,"time":"14:18","yrdln":"ATL 28","ydstogo":10,"ydsnet":7,"posteam":"ATL","desc":"(14:18) M.Turner right end to ATL 35 for 7 yards (D.Bishop).","note":null,"players":{"00-0022821":[{"sequence":2,"clubcode":"ATL","playerName":"M.Turner","statId":10,"yards":7}],"00-0025579":[{"sequence":1,"clubcode":"GB","playerName":"D.Bishop","statId":79,"yards":0}]}},"851":{"sp":0,"qtr":2,"down":3,"time":"13:34","yrdln":"ATL 35","ydstogo":3,"ydsnet":7,"posteam":"ATL","desc":"(13:34) (Shotgun) M.Ryan pass incomplete deep left to H.Douglas.","note":null,"players":{"00-0026143":[{"sequence":2,"clubcode":"ATL","playerName":"M.Ryan","statId":112,"yards":27},{"sequence":3,"clubcode":"ATL","playerName":"M.Ryan","statId":14,"yards":0}],"0":[{"sequence":4,"clubcode":"ATL","playerName":null,"statId":7,"yards":0}],"00-0026224":[{"sequence":1,"clubcode":"ATL","playerName":"H.Douglas","statId":115,"yards":0}]}},"873":{"sp":0,"qtr":2,"down":4,"time":"13:29","yrdln":"ATL 35","ydstogo":3,"ydsnet":7,"posteam":"ATL","desc":"(13:29) M.Koenen punts 47 yards to GB 18, Center-J.Zelenka. T.Williams to GB 15 for -3 yards (K.Biermann; C.Owens).","note":"PUNT","players":{"00-0023234":[{"sequence":2,"clubcode":"ATL","playerName":"M.Koenen","statId":29,"yards":47},{"sequence":3,"clubcode":"ATL","playerName":"M.Koenen","statId":30,"yards":0}],"00-0024061":[{"sequence":1,"clubcode":"GB","playerName":"T.Williams","statId":33,"yards":-3}],"00-0026294":[{"sequence":5,"clubcode":"ATL","playerName":"K.Biermann","statId":82,"yards":0}],"00-0027062":[{"sequence":4,"clubcode":"ATL","playerName":"C.Owens","statId":82,"yards":0}]}}},"fds":0,"result":"Punt","penyds":0,"ydsgained":7,"numplays":5,"postime":"1:49","start":{"qtr":1,"time":"00:04","yrdln":"ATL 28","team":"ATL"},"end":{"qtr":1,"time":"13:15","yrdln":"ATL 35","team":"ATL"}},"6":{"posteam":"GB","qtr":2,"redzone":true,"plays":{"898":{"sp":0,"qtr":2,"down":1,"time":"13:15","yrdln":"GB 15","ydstogo":10,"ydsnet":46,"posteam":"GB","desc":"(13:15) (Shotgun) A.Rodgers pass deep right to B.Swain pushed ob at GB 46 for 31 yards (W.Moore). PENALTY on ATL-W.Moore, Unnecessary Roughness, 15 yards, enforced at GB 46.","note":"PENALTY","players":{"00-0026357":[{"sequence":3,"clubcode":"GB","playerName":"B.Swain","statId":21,"yards":31},{"sequence":7,"clubcode":"GB","playerName":"B.Swain","statId":113,"yards":-37},{"sequence":8,"clubcode":"GB","playerName":"B.Swain","statId":115,"yards":0}],"0":[{"sequence":1,"clubcode":"GB","playerName":null,"statId":5,"yards":0},{"sequence":9,"clubcode":"GB","playerName":null,"statId":4,"yards":0}],"00-0023459":[{"sequence":2,"clubcode":"GB","playerName":"A.Rodgers","statId":15,"yards":31},{"sequence":6,"clubcode":"GB","playerName":"A.Rodgers","statId":111,"yards":68}],"00-0027031":[{"sequence":4,"clubcode":"ATL","playerName":"W.Moore","statId":93,"yards":15},{"sequence":5,"clubcode":"ATL","playerName":"W.Moore","statId":79,"yards":0}]}},"938":{"sp":0,"qtr":2,"down":1,"time":"12:50","yrdln":"ATL 39","ydstogo":10,"ydsnet":52,"posteam":"GB","desc":"(12:50) (Shotgun) A.Rodgers pass short middle to J.Nelson to ATL 33 for 6 yards (B.Williams).","note":null,"players":{"00-0021229":[{"sequence":3,"clubcode":"ATL","playerName":"B.Williams","statId":79,"yards":0}],"00-0026176":[{"sequence":1,"clubcode":"GB","playerName":"J.Nelson","statId":21,"yards":6},{"sequence":4,"clubcode":"GB","playerName":"J.Nelson","statId":113,"yards":0},{"sequence":6,"clubcode":"GB","playerName":"J.Nelson","statId":115,"yards":0}],"00-0023459":[{"sequence":2,"clubcode":"GB","playerName":"A.Rodgers","statId":15,"yards":6},{"sequence":5,"clubcode":"GB","playerName":"A.Rodgers","statId":111,"yards":6}]}},"962":{"sp":0,"qtr":2,"down":2,"time":"12:10","yrdln":"ATL 33","ydstogo":4,"ydsnet":52,"posteam":"GB","desc":"(12:10) (Shotgun) A.Rodgers pass incomplete short middle to G.Jennings.","note":null,"players":{"00-0024267":[{"sequence":1,"clubcode":"GB","playerName":"G.Jennings","statId":115,"yards":0}],"00-0023459":[{"sequence":2,"clubcode":"GB","playerName":"A.Rodgers","statId":14,"yards":0},{"sequence":3,"clubcode":"GB","playerName":"A.Rodgers","statId":112,"yards":10}]}},"984":{"sp":0,"qtr":2,"down":3,"time":"12:06","yrdln":"ATL 33","ydstogo":4,"ydsnet":61,"posteam":"GB","desc":"(12:06) (Shotgun) A.Rodgers pass short right to J.Jones to ATL 24 for 9 yards (W.Moore).","note":null,"players":{"0":[{"sequence":6,"clubcode":"GB","playerName":null,"statId":4,"yards":0},{"sequence":8,"clubcode":"GB","playerName":null,"statId":6,"yards":0}],"00-0025465":[{"sequence":3,"clubcode":"GB","playerName":"J.Jones","statId":113,"yards":4},{"sequence":4,"clubcode":"GB","playerName":"J.Jones","statId":115,"yards":0},{"sequence":5,"clubcode":"GB","playerName":"J.Jones","statId":21,"yards":9}],"00-0023459":[{"sequence":2,"clubcode":"GB","playerName":"A.Rodgers","statId":111,"yards":5},{"sequence":7,"clubcode":"GB","playerName":"A.Rodgers","statId":15,"yards":9}],"00-0027031":[{"sequence":1,"clubcode":"ATL","playerName":"W.Moore","statId":79,"yards":0}]}},"1008":{"sp":0,"qtr":2,"down":1,"time":"11:20","yrdln":"ATL 24","ydstogo":10,"ydsnet":66,"posteam":"GB","desc":"(11:20) (Shotgun) A.Rodgers pass short right to J.Jones pushed ob at ATL 19 for 5 yards (S.Nicholas).","note":null,"players":{"00-0025496":[{"sequence":5,"clubcode":"ATL","playerName":"S.Nicholas","statId":79,"yards":0}],"00-0025465":[{"sequence":1,"clubcode":"GB","playerName":"J.Jones","statId":113,"yards":1},{"sequence":2,"clubcode":"GB","playerName":"J.Jones","statId":21,"yards":5},{"sequence":3,"clubcode":"GB","playerName":"J.Jones","statId":115,"yards":0}],"00-0023459":[{"sequence":4,"clubcode":"GB","playerName":"A.Rodgers","statId":15,"yards":5},{"sequence":6,"clubcode":"GB","playerName":"A.Rodgers","statId":111,"yards":4}]}},"1032":{"sp":0,"qtr":2,"down":2,"time":"10:42","yrdln":"ATL 19","ydstogo":5,"ydsnet":71,"posteam":"GB","desc":"(10:42) (Shotgun) A.Rodgers pass short middle to J.Nelson to ATL 14 for 5 yards (B.Williams).","note":null,"players":{"00-0021229":[{"sequence":7,"clubcode":"ATL","playerName":"B.Williams","statId":79,"yards":0}],"0":[{"sequence":6,"clubcode":"GB","playerName":null,"statId":4,"yards":0}],"00-0026176":[{"sequence":2,"clubcode":"GB","playerName":"J.Nelson","statId":113,"yards":1},{"sequence":3,"clubcode":"GB","playerName":"J.Nelson","statId":21,"yards":5},{"sequence":4,"clubcode":"GB","playerName":"J.Nelson","statId":115,"yards":0}],"00-0023459":[{"sequence":1,"clubcode":"GB","playerName":"A.Rodgers","statId":15,"yards":5},{"sequence":5,"clubcode":"GB","playerName":"A.Rodgers","statId":111,"yards":4}]}},"1069":{"sp":0,"qtr":2,"down":1,"time":"09:47","yrdln":"ATL 14","ydstogo":10,"ydsnet":79,"posteam":"GB","desc":"(9:47) (Shotgun) A.Rodgers pass short right to J.Jones to ATL 6 for 8 yards (W.Moore; C.Lofton).","note":null,"players":{"00-0026177":[{"sequence":6,"clubcode":"ATL","playerName":"C.Lofton","statId":82,"yards":0}],"00-0025465":[{"sequence":2,"clubcode":"GB","playerName":"J.Jones","statId":21,"yards":8},{"sequence":4,"clubcode":"GB","playerName":"J.Jones","statId":113,"yards":10},{"sequence":7,"clubcode":"GB","playerName":"J.Jones","statId":115,"yards":0}],"00-0023459":[{"sequence":1,"clubcode":"GB","playerName":"A.Rodgers","statId":111,"yards":-2},{"sequence":3,"clubcode":"GB","playerName":"A.Rodgers","statId":15,"yards":8}],"00-0027031":[{"sequence":5,"clubcode":"ATL","playerName":"W.Moore","statId":82,"yards":0}]}},"1093":{"sp":0,"qtr":2,"down":2,"time":"09:00","yrdln":"ATL 6","ydstogo":2,"ydsnet":83,"posteam":"GB","desc":"(9:00) A.Rodgers pass short right to J.Jones to ATL 2 for 4 yards (B.Grimes).","note":null,"players":{"0":[{"sequence":4,"clubcode":"GB","playerName":null,"statId":4,"yards":0}],"00-0025465":[{"sequence":1,"clubcode":"GB","playerName":"J.Jones","statId":115,"yards":0},{"sequence":3,"clubcode":"GB","playerName":"J.Jones","statId":21,"yards":4},{"sequence":6,"clubcode":"GB","playerName":"J.Jones","statId":113,"yards":7}],"00-0024183":[{"sequence":7,"clubcode":"ATL","playerName":"B.Grimes","statId":79,"yards":0}],"00-0023459":[{"sequence":2,"clubcode":"GB","playerName":"A.Rodgers","statId":15,"yards":4},{"sequence":5,"clubcode":"GB","playerName":"A.Rodgers","statId":111,"yards":-3}]}},"1117":{"sp":0,"qtr":2,"down":1,"time":"08:22","yrdln":"ATL 2","ydstogo":2,"ydsnet":83,"posteam":"GB","desc":"(8:22) A.Rodgers pass incomplete short left to Q.Johnson.","note":null,"players":{"00-0027106":[{"sequence":1,"clubcode":"GB","playerName":"Q.Johnson","statId":115,"yards":0}],"00-0023459":[{"sequence":2,"clubcode":"GB","playerName":"A.Rodgers","statId":14,"yards":0},{"sequence":3,"clubcode":"GB","playerName":"A.Rodgers","statId":112,"yards":2}]}},"1139":{"sp":0,"qtr":2,"down":2,"time":"08:18","yrdln":"ATL 2","ydstogo":2,"ydsnet":84,"posteam":"GB","desc":"(8:18) (Shotgun) A.Rodgers left guard to ATL 1 for 1 yard (P.Jerry).","note":null,"players":{"00-0027000":[{"sequence":1,"clubcode":"ATL","playerName":"P.Jerry","statId":79,"yards":0}],"00-0023459":[{"sequence":2,"clubcode":"GB","playerName":"A.Rodgers","statId":10,"yards":1}]}},"1160":{"sp":0,"qtr":2,"down":3,"time":"07:40","yrdln":"ATL 1","ydstogo":1,"ydsnet":84,"posteam":"GB","desc":"(7:40) A.Rodgers left guard to ATL 1 for no gain (C.Lofton). FUMBLES (C.Lofton), RECOVERED by ATL-M.Peterson at ATL 0. Touchback.","note":"FUMBLE","players":{"00-0026177":[{"sequence":4,"clubcode":"ATL","playerName":"C.Lofton","statId":91,"yards":0},{"sequence":6,"clubcode":"ATL","playerName":"C.Lofton","statId":79,"yards":0}],"0":[{"sequence":1,"clubcode":"GB","playerName":null,"statId":7,"yards":0}],"00-0023459":[{"sequence":2,"clubcode":"GB","playerName":"A.Rodgers","statId":52,"yards":0},{"sequence":3,"clubcode":"GB","playerName":"A.Rodgers","statId":106,"yards":0},{"sequence":7,"clubcode":"GB","playerName":"A.Rodgers","statId":10,"yards":0}],"00-0012871":[{"sequence":5,"clubcode":"ATL","playerName":"M.Peterson","statId":59,"yards":0}]}}},"fds":5,"result":"Fumble","penyds":15,"ydsgained":69,"numplays":11,"postime":"5:43","start":{"qtr":2,"time":"13:15","yrdln":"GB 15","team":"GB"},"end":{"qtr":2,"time":"07:32","yrdln":"ATL 1","team":"GB"}},"7":{"posteam":"ATL","qtr":2,"redzone":true,"plays":{"1188":{"sp":0,"qtr":2,"down":1,"time":"07:32","yrdln":"ATL 20","ydstogo":10,"ydsnet":14,"posteam":"ATL","desc":"(7:32) M.Ryan pass short right to J.Peelle to ATL 34 for 14 yards (C.Woodson; C.Peprah).","note":null,"players":{"00-0026143":[{"sequence":5,"clubcode":"ATL","playerName":"M.Ryan","statId":15,"yards":14},{"sequence":7,"clubcode":"ATL","playerName":"M.Ryan","statId":111,"yards":9}],"00-0024372":[{"sequence":4,"clubcode":"GB","playerName":"C.Peprah","statId":82,"yards":0}],"00-0018227":[{"sequence":2,"clubcode":"GB","playerName":"C.Woodson","statId":82,"yards":0}],"0":[{"sequence":3,"clubcode":"ATL","playerName":null,"statId":4,"yards":0}],"00-0021227":[{"sequence":1,"clubcode":"ATL","playerName":"J.Peelle","statId":21,"yards":14},{"sequence":6,"clubcode":"ATL","playerName":"J.Peelle","statId":113,"yards":5},{"sequence":8,"clubcode":"ATL","playerName":"J.Peelle","statId":115,"yards":0}]}},"1212":{"sp":0,"qtr":2,"down":1,"time":"06:55","yrdln":"ATL 34","ydstogo":10,"ydsnet":19,"posteam":"ATL","desc":"(6:55) M.Ryan pass short left to T.Gonzalez to ATL 39 for 5 yards (F.Zombo).","note":null,"players":{"00-0027442":[{"sequence":3,"clubcode":"GB","playerName":"F.Zombo","statId":79,"yards":0}],"00-0026143":[{"sequence":1,"clubcode":"ATL","playerName":"M.Ryan","statId":111,"yards":1},{"sequence":4,"clubcode":"ATL","playerName":"M.Ryan","statId":15,"yards":5}],"00-0006101":[{"sequence":2,"clubcode":"ATL","playerName":"T.Gonzalez","statId":113,"yards":4},{"sequence":5,"clubcode":"ATL","playerName":"T.Gonzalez","statId":115,"yards":0},{"sequence":6,"clubcode":"ATL","playerName":"T.Gonzalez","statId":21,"yards":5}]}},"1236":{"sp":0,"qtr":2,"down":2,"time":"06:17","yrdln":"ATL 39","ydstogo":5,"ydsnet":25,"posteam":"ATL","desc":"(6:17) M.Ryan pass short left to M.Jenkins ran ob at ATL 45 for 6 yards.","note":null,"players":{"00-0026143":[{"sequence":3,"clubcode":"ATL","playerName":"M.Ryan","statId":15,"yards":6},{"sequence":5,"clubcode":"ATL","playerName":"M.Ryan","statId":111,"yards":6}],"00-0022781":[{"sequence":1,"clubcode":"ATL","playerName":"M.Jenkins","statId":21,"yards":6},{"sequence":2,"clubcode":"ATL","playerName":"M.Jenkins","statId":113,"yards":0},{"sequence":6,"clubcode":"ATL","playerName":"M.Jenkins","statId":115,"yards":0}],"0":[{"sequence":4,"clubcode":"ATL","playerName":null,"statId":4,"yards":0}]}},"1260":{"sp":0,"qtr":2,"down":1,"time":"05:54","yrdln":"ATL 45","ydstogo":10,"ydsnet":31,"posteam":"ATL","desc":"(5:54) M.Turner left end to GB 49 for 6 yards (A.Hawk).","note":null,"players":{"00-0022821":[{"sequence":2,"clubcode":"ATL","playerName":"M.Turner","statId":10,"yards":6}],"00-0024220":[{"sequence":1,"clubcode":"GB","playerName":"A.Hawk","statId":79,"yards":0}]}},"1281":{"sp":0,"qtr":2,"down":2,"time":"05:13","yrdln":"GB 49","ydstogo":4,"ydsnet":37,"posteam":"ATL","desc":"(5:13) M.Turner up the middle to GB 43 for 6 yards (C.Matthews).","note":null,"players":{"00-0022821":[{"sequence":3,"clubcode":"ATL","playerName":"M.Turner","statId":10,"yards":6}],"00-0027002":[{"sequence":2,"clubcode":"GB","playerName":"C.Matthews","statId":79,"yards":0}],"0":[{"sequence":1,"clubcode":"ATL","playerName":null,"statId":3,"yards":0}]}},"1302":{"sp":0,"qtr":2,"down":1,"time":"04:39","yrdln":"GB 43","ydstogo":10,"ydsnet":28,"posteam":"ATL","desc":"(4:39) M.Ryan sacked at ATL 48 for -9 yards (C.Jenkins).","note":null,"players":{"00-0021706":[{"sequence":1,"clubcode":"GB","playerName":"C.Jenkins","statId":83,"yards":-9},{"sequence":2,"clubcode":"GB","playerName":"C.Jenkins","statId":79,"yards":0},{"sequence":3,"clubcode":"GB","playerName":"C.Jenkins","statId":110,"yards":0},{"sequence":4,"clubcode":"GB","playerName":"C.Jenkins","statId":120,"yards":0}],"00-0026143":[{"sequence":5,"clubcode":"ATL","playerName":"M.Ryan","statId":20,"yards":-9}]}},"1321":{"sp":0,"qtr":2,"down":2,"time":"04:10","yrdln":"ATL 48","ydstogo":19,"ydsnet":28,"posteam":"ATL","desc":"(4:10) (Shotgun) M.Ryan pass incomplete deep left to R.White.","note":null,"players":{"00-0026143":[{"sequence":2,"clubcode":"ATL","playerName":"M.Ryan","statId":14,"yards":0},{"sequence":3,"clubcode":"ATL","playerName":"M.Ryan","statId":112,"yards":17}],"00-0023462":[{"sequence":1,"clubcode":"ATL","playerName":"R.White","statId":115,"yards":0}]}},"1343":{"sp":0,"qtr":2,"down":3,"time":"04:06","yrdln":"ATL 48","ydstogo":19,"ydsnet":44,"posteam":"ATL","desc":"(4:06) (Shotgun) M.Ryan pass short left to O.Mughelli to GB 36 for 16 yards (N.Collins).","note":null,"players":{"00-0026143":[{"sequence":1,"clubcode":"ATL","playerName":"M.Ryan","statId":15,"yards":16},{"sequence":3,"clubcode":"ATL","playerName":"M.Ryan","statId":111,"yards":3}],"0":[{"sequence":5,"clubcode":"ATL","playerName":null,"statId":7,"yards":0}],"00-0022143":[{"sequence":4,"clubcode":"ATL","playerName":"O.Mughelli","statId":21,"yards":16},{"sequence":6,"clubcode":"ATL","playerName":"O.Mughelli","statId":113,"yards":13},{"sequence":7,"clubcode":"ATL","playerName":"O.Mughelli","statId":115,"yards":0}],"00-0023486":[{"sequence":2,"clubcode":"GB","playerName":"N.Collins","statId":79,"yards":0}]}},"1367":{"sp":0,"qtr":2,"down":4,"time":"03:31","yrdln":"GB 36","ydstogo":3,"ydsnet":50,"posteam":"ATL","desc":"(3:31) (Shotgun) M.Ryan pass short middle to T.Gonzalez to GB 30 for 6 yards (C.Peprah).","note":null,"players":{"00-0026143":[{"sequence":1,"clubcode":"ATL","playerName":"M.Ryan","statId":15,"yards":6},{"sequence":8,"clubcode":"ATL","playerName":"M.Ryan","statId":111,"yards":6}],"00-0006101":[{"sequence":2,"clubcode":"ATL","playerName":"T.Gonzalez","statId":113,"yards":0},{"sequence":4,"clubcode":"ATL","playerName":"T.Gonzalez","statId":21,"yards":6},{"sequence":7,"clubcode":"ATL","playerName":"T.Gonzalez","statId":115,"yards":0}],"00-0024372":[{"sequence":3,"clubcode":"GB","playerName":"C.Peprah","statId":79,"yards":0}],"0":[{"sequence":5,"clubcode":"ATL","playerName":null,"statId":8,"yards":0},{"sequence":6,"clubcode":"ATL","playerName":null,"statId":4,"yards":0}]}},"1391":{"sp":0,"qtr":2,"down":1,"time":"02:45","yrdln":"GB 30","ydstogo":10,"ydsnet":54,"posteam":"ATL","desc":"(2:45) M.Turner left end to GB 26 for 4 yards (D.Bishop).","note":null,"players":{"00-0022821":[{"sequence":2,"clubcode":"ATL","playerName":"M.Turner","statId":10,"yards":4}],"00-0025579":[{"sequence":1,"clubcode":"GB","playerName":"D.Bishop","statId":79,"yards":0}]}},"1429":{"sp":0,"qtr":2,"down":2,"time":"02:00","yrdln":"GB 26","ydstogo":6,"ydsnet":75,"posteam":"ATL","desc":"(2:00) M.Ryan pass deep middle to T.Gonzalez to GB 5 for 21 yards (T.Williams).","note":null,"players":{"00-0026143":[{"sequence":4,"clubcode":"ATL","playerName":"M.Ryan","statId":15,"yards":21},{"sequence":7,"clubcode":"ATL","playerName":"M.Ryan","statId":111,"yards":18}],"00-0006101":[{"sequence":1,"clubcode":"ATL","playerName":"T.Gonzalez","statId":21,"yards":21},{"sequence":2,"clubcode":"ATL","playerName":"T.Gonzalez","statId":115,"yards":0},{"sequence":5,"clubcode":"ATL","playerName":"T.Gonzalez","statId":113,"yards":3}],"00-0024061":[{"sequence":3,"clubcode":"GB","playerName":"T.Williams","statId":79,"yards":0}],"0":[{"sequence":6,"clubcode":"ATL","playerName":null,"statId":4,"yards":0}]}},"1453":{"sp":0,"qtr":2,"down":1,"time":"01:17","yrdln":"GB 5","ydstogo":5,"ydsnet":74,"posteam":"ATL","desc":"(1:17) M.Turner up the middle to GB 6 for -1 yards (B.Raji; D.Bishop).","note":null,"players":{"00-0026985":[{"sequence":4,"clubcode":"GB","playerName":"B.Raji","statId":82,"yards":0}],"00-0022821":[{"sequence":1,"clubcode":"ATL","playerName":"M.Turner","statId":10,"yards":-1}],"00-0025579":[{"sequence":2,"clubcode":"GB","playerName":"D.Bishop","statId":82,"yards":0}],"0":[{"sequence":3,"clubcode":"ATL","playerName":null,"statId":95,"yards":-1}]}},"1474":{"sp":0,"qtr":2,"down":2,"time":"00:43","yrdln":"GB 6","ydstogo":6,"ydsnet":76,"posteam":"ATL","desc":"(:43) M.Turner left guard to GB 4 for 2 yards (C.Matthews).","note":null,"players":{"00-0022821":[{"sequence":2,"clubcode":"ATL","playerName":"M.Turner","statId":10,"yards":2}],"00-0027002":[{"sequence":1,"clubcode":"GB","playerName":"C.Matthews","statId":79,"yards":0}]}},"1495":{"sp":0,"qtr":2,"down":0,"time":"00:12","yrdln":"","ydstogo":0,"ydsnet":76,"posteam":"","desc":"Timeout #1 by ATL at 00:12.","note":"TIMEOUT","players":{"0":[{"sequence":1,"clubcode":"ATL","playerName":null,"statId":68,"yards":0}]}},"1512":{"sp":1,"qtr":2,"down":3,"time":"00:12","yrdln":"GB 4","ydstogo":4,"ydsnet":80,"posteam":"ATL","desc":"(:12) (Shotgun) M.Ryan pass short middle to T.Gonzalez for 4 yards, TOUCHDOWN.","note":"TD","players":{"00-0026143":[{"sequence":3,"clubcode":"ATL","playerName":"M.Ryan","statId":16,"yards":4},{"sequence":4,"clubcode":"ATL","playerName":"M.Ryan","statId":111,"yards":4}],"00-0006101":[{"sequence":5,"clubcode":"ATL","playerName":"T.Gonzalez","statId":113,"yards":0},{"sequence":6,"clubcode":"ATL","playerName":"T.Gonzalez","statId":22,"yards":4},{"sequence":7,"clubcode":"ATL","playerName":"T.Gonzalez","statId":115,"yards":0}],"0":[{"sequence":1,"clubcode":"ATL","playerName":null,"statId":4,"yards":0},{"sequence":2,"clubcode":"ATL","playerName":null,"statId":6,"yards":0}]}},"1532":{"sp":1,"qtr":2,"down":0,"time":"00:08","yrdln":"GB 2","ydstogo":0,"ydsnet":80,"posteam":"ATL","desc":"M.Bryant extra point is GOOD, Center-J.Zelenka, Holder-M.Koenen. PENALTY on GB-C.Jenkins, Unnecessary Roughness, 15 yards, enforced between downs.","note":"XP","players":{"00-0021706":[{"sequence":2,"clubcode":"GB","playerName":"C.Jenkins","statId":93,"yards":15}],"00-0020578":[{"sequence":1,"clubcode":"ATL","playerName":"M.Bryant","statId":72,"yards":0}]}}},"fds":6,"result":"Touchdown","penyds":0,"ydsgained":80,"numplays":16,"postime":"7:24","start":{"qtr":2,"time":"07:32","yrdln":"ATL 20","team":"ATL"},"end":{"qtr":2,"time":"00:08","yrdln":"GB 4","team":"ATL"}},"8":{"posteam":"GB","qtr":2,"redzone":true,"plays":{"1548":{"sp":0,"qtr":2,"down":0,"time":"00:08","yrdln":"ATL 45","ydstogo":0,"ydsnet":-1,"posteam":"ATL","desc":"M.Koenen kicks 55 yards from ATL 45 to end zone, Touchback.","note":"KICKOFF","players":{"00-0023234":[{"sequence":2,"clubcode":"ATL","playerName":"M.Koenen","statId":44,"yards":55}],"0":[{"sequence":1,"clubcode":"GB","playerName":null,"statId":51,"yards":0}]}},"1574":{"sp":0,"qtr":2,"down":1,"time":"00:08","yrdln":"GB 20","ydstogo":10,"ydsnet":-1,"posteam":"GB","desc":"(:08) A.Rodgers kneels to GB 19 for -1 yards.","note":null,"players":{"00-0023459":[{"sequence":1,"clubcode":"GB","playerName":"A.Rodgers","statId":10,"yards":-1}]}}},"fds":0,"result":"End of Half","penyds":0,"ydsgained":-1,"numplays":2,"postime":"0:08","start":{"qtr":2,"time":"00:08","yrdln":"GB 20","team":"GB"},"end":{"qtr":2,"time":"00:00","yrdln":"GB 20","team":"GB"}},"9":{"posteam":"GB","qtr":3,"redzone":true,"plays":{"1659":{"sp":0,"qtr":3,"down":0,"time":"15:00","yrdln":"ATL 30","ydstogo":0,"ydsnet":0,"posteam":"ATL","desc":"M.Koenen kicks 75 yards from ATL 30 to GB -5. S.Shields to GB 32 for 37 yards (M.Koenen).","note":"KICKOFF","players":{"00-0023234":[{"sequence":2,"clubcode":"ATL","playerName":"M.Koenen","statId":43,"yards":75},{"sequence":3,"clubcode":"ATL","playerName":"M.Koenen","statId":79,"yards":0}],"00-0027440":[{"sequence":1,"clubcode":"GB","playerName":"S.Shields","statId":45,"yards":37}]}},"1681":{"sp":0,"qtr":3,"down":1,"time":"14:55","yrdln":"GB 32","ydstogo":10,"ydsnet":9,"posteam":"GB","desc":"(14:55) (Shotgun) A.Rodgers pass short left to B.Swain ran ob at GB 41 for 9 yards (T.DeCoud).","note":null,"players":{"00-0026357":[{"sequence":1,"clubcode":"GB","playerName":"B.Swain","statId":21,"yards":9},{"sequence":3,"clubcode":"GB","playerName":"B.Swain","statId":113,"yards":5},{"sequence":4,"clubcode":"GB","playerName":"B.Swain","statId":115,"yards":0}],"00-0026238":[{"sequence":6,"clubcode":"ATL","playerName":"T.DeCoud","statId":79,"yards":0}],"00-0023459":[{"sequence":2,"clubcode":"GB","playerName":"A.Rodgers","statId":111,"yards":4},{"sequence":5,"clubcode":"GB","playerName":"A.Rodgers","statId":15,"yards":9}]}},"1705":{"sp":0,"qtr":3,"down":2,"time":"14:26","yrdln":"GB 41","ydstogo":1,"ydsnet":3,"posteam":"GB","desc":"(14:26) B.Jackson right end to GB 35 for -6 yards (B.Williams).","note":null,"players":{"0":[{"sequence":3,"clubcode":"GB","playerName":null,"statId":95,"yards":-6}],"00-0021229":[{"sequence":2,"clubcode":"ATL","playerName":"B.Williams","statId":79,"yards":0},{"sequence":4,"clubcode":"ATL","playerName":"B.Williams","statId":120,"yards":0}],"00-0025450":[{"sequence":1,"clubcode":"GB","playerName":"B.Jackson","statId":10,"yards":-6}]}},"1726":{"sp":0,"qtr":3,"down":3,"time":"13:41","yrdln":"GB 35","ydstogo":7,"ydsnet":8,"posteam":"GB","desc":"(13:41) (Shotgun) A.Rodgers pass short left to A.Quarless to GB 40 for 5 yards (T.DeCoud).","note":null,"players":{"00-0027753":[{"sequence":2,"clubcode":"GB","playerName":"A.Quarless","statId":115,"yards":0},{"sequence":3,"clubcode":"GB","playerName":"A.Quarless","statId":21,"yards":5},{"sequence":5,"clubcode":"GB","playerName":"A.Quarless","statId":113,"yards":5}],"0":[{"sequence":1,"clubcode":"GB","playerName":null,"statId":7,"yards":0}],"00-0026238":[{"sequence":4,"clubcode":"ATL","playerName":"T.DeCoud","statId":79,"yards":0}],"00-0023459":[{"sequence":6,"clubcode":"GB","playerName":"A.Rodgers","statId":15,"yards":5},{"sequence":7,"clubcode":"GB","playerName":"A.Rodgers","statId":111,"yards":0}]}},"1750":{"sp":0,"qtr":3,"down":4,"time":"13:09","yrdln":"GB 40","ydstogo":2,"ydsnet":8,"posteam":"GB","desc":"(13:09) T.Masthay punts 35 yards to ATL 25, Center-B.Goode, out of bounds.","note":"PUNT","players":{"0":[{"sequence":1,"clubcode":"ATL","playerName":null,"statId":37,"yards":0}],"00-0026664":[{"sequence":2,"clubcode":"GB","playerName":"T.Masthay","statId":29,"yards":35}]}}},"fds":0,"result":"Punt","penyds":0,"ydsgained":8,"numplays":5,"postime":"2:00","start":{"qtr":3,"time":"15:00","yrdln":"GB 32","team":"GB"},"end":{"qtr":3,"time":"13:00","yrdln":"GB 40","team":"GB"}},"10":{"posteam":"ATL","qtr":3,"redzone":true,"plays":{"1768":{"sp":0,"qtr":3,"down":1,"time":"13:00","yrdln":"ATL 25","ydstogo":10,"ydsnet":15,"posteam":"ATL","desc":"(13:00) M.Turner left end to ATL 40 for 15 yards (R.Pickett; N.Collins).","note":null,"players":{"00-0022821":[{"sequence":4,"clubcode":"ATL","playerName":"M.Turner","statId":10,"yards":15}],"00-0020515":[{"sequence":2,"clubcode":"GB","playerName":"R.Pickett","statId":82,"yards":0}],"0":[{"sequence":1,"clubcode":"ATL","playerName":null,"statId":3,"yards":0}],"00-0023486":[{"sequence":3,"clubcode":"GB","playerName":"N.Collins","statId":82,"yards":0}]}},"1789":{"sp":0,"qtr":3,"down":1,"time":"12:23","yrdln":"ATL 40","ydstogo":10,"ydsnet":19,"posteam":"ATL","desc":"(12:23) M.Turner up the middle to ATL 44 for 4 yards (N.Collins).","note":null,"players":{"00-0022821":[{"sequence":1,"clubcode":"ATL","playerName":"M.Turner","statId":10,"yards":4}],"00-0023486":[{"sequence":2,"clubcode":"GB","playerName":"N.Collins","statId":79,"yards":0}]}},"1810":{"sp":0,"qtr":3,"down":0,"time":"11:41","yrdln":"","ydstogo":0,"ydsnet":19,"posteam":"","desc":"Timeout #1 by ATL at 11:41.","note":"TIMEOUT","players":{"0":[{"sequence":1,"clubcode":"ATL","playerName":null,"statId":68,"yards":0}]}},"1827":{"sp":0,"qtr":3,"down":2,"time":"11:41","yrdln":"ATL 44","ydstogo":6,"ydsnet":17,"posteam":"ATL","desc":"(11:41) M.Turner up the middle to ATL 42 for -2 yards (A.Hawk).","note":null,"players":{"00-0022821":[{"sequence":1,"clubcode":"ATL","playerName":"M.Turner","statId":10,"yards":-2}],"00-0024220":[{"sequence":2,"clubcode":"GB","playerName":"A.Hawk","statId":79,"yards":0},{"sequence":4,"clubcode":"GB","playerName":"A.Hawk","statId":120,"yards":0}],"0":[{"sequence":3,"clubcode":"ATL","playerName":null,"statId":95,"yards":-2}]}},"1848":{"sp":0,"qtr":3,"down":3,"time":"11:02","yrdln":"ATL 42","ydstogo":8,"ydsnet":20,"posteam":"ATL","desc":"(11:02) (Shotgun) M.Ryan pass short right to J.Snelling to ATL 45 for 3 yards (N.Collins, S.Shields).","note":null,"players":{"00-0027440":[{"sequence":3,"clubcode":"GB","playerName":"S.Shields","statId":82,"yards":0}],"00-0026143":[{"sequence":6,"clubcode":"ATL","playerName":"M.Ryan","statId":111,"yards":-1},{"sequence":8,"clubcode":"ATL","playerName":"M.Ryan","statId":15,"yards":3}],"00-0025631":[{"sequence":1,"clubcode":"ATL","playerName":"J.Snelling","statId":113,"yards":4},{"sequence":4,"clubcode":"ATL","playerName":"J.Snelling","statId":21,"yards":3},{"sequence":5,"clubcode":"ATL","playerName":"J.Snelling","statId":115,"yards":0}],"0":[{"sequence":7,"clubcode":"ATL","playerName":null,"statId":7,"yards":0}],"00-0023486":[{"sequence":2,"clubcode":"GB","playerName":"N.Collins","statId":80,"yards":0}]}},"1872":{"sp":0,"qtr":3,"down":4,"time":"10:17","yrdln":"ATL 45","ydstogo":5,"ydsnet":20,"posteam":"ATL","desc":"(10:17) M.Koenen punts 35 yards to GB 20, Center-J.Zelenka, fair catch by T.Williams.","note":"PUNT","players":{"00-0023234":[{"sequence":1,"clubcode":"ATL","playerName":"M.Koenen","statId":29,"yards":35}],"00-0024061":[{"sequence":2,"clubcode":"GB","playerName":"T.Williams","statId":39,"yards":0}]}}},"fds":1,"result":"Punt","penyds":0,"ydsgained":20,"numplays":6,"postime":"2:51","start":{"qtr":3,"time":"13:00","yrdln":"ATL 25","team":"ATL"},"end":{"qtr":3,"time":"10:09","yrdln":"ATL 45","team":"ATL"}},"11":{"posteam":"GB","qtr":3,"redzone":true,"plays":{"1891":{"sp":0,"qtr":3,"down":1,"time":"10:09","yrdln":"GB 20","ydstogo":10,"ydsnet":9,"posteam":"GB","desc":"(10:09) (Shotgun) A.Rodgers pass short left to D.Driver to GB 29 for 9 yards (T.DeCoud).","note":null,"players":{"00-0026238":[{"sequence":2,"clubcode":"ATL","playerName":"T.DeCoud","statId":79,"yards":0}],"00-0004541":[{"sequence":1,"clubcode":"GB","playerName":"D.Driver","statId":113,"yards":0},{"sequence":4,"clubcode":"GB","playerName":"D.Driver","statId":21,"yards":9},{"sequence":5,"clubcode":"GB","playerName":"D.Driver","statId":115,"yards":0}],"00-0023459":[{"sequence":3,"clubcode":"GB","playerName":"A.Rodgers","statId":111,"yards":9},{"sequence":6,"clubcode":"GB","playerName":"A.Rodgers","statId":15,"yards":9}]}},"1919":{"sp":0,"qtr":3,"down":2,"time":"09:31","yrdln":"GB 29","ydstogo":1,"ydsnet":8,"posteam":"GB","desc":"(9:31) B.Jackson right tackle to GB 28 for -1 yards (W.Moore).","note":null,"players":{"0":[{"sequence":3,"clubcode":"GB","playerName":null,"statId":95,"yards":-1}],"00-0025450":[{"sequence":1,"clubcode":"GB","playerName":"B.Jackson","statId":10,"yards":-1}],"00-0027031":[{"sequence":2,"clubcode":"ATL","playerName":"W.Moore","statId":79,"yards":0},{"sequence":4,"clubcode":"ATL","playerName":"W.Moore","statId":120,"yards":0}]}},"1940":{"sp":0,"qtr":3,"down":3,"time":"08:49","yrdln":"GB 28","ydstogo":2,"ydsnet":42,"posteam":"GB","desc":"(8:49) A.Rodgers pass deep right to G.Jennings to ATL 38 for 34 yards (T.DeCoud). FUMBLES (T.DeCoud), recovered by GB-K.Hall at ATL 38.","note":"FUMBLE","players":{"00-0024267":[{"sequence":3,"clubcode":"GB","playerName":"G.Jennings","statId":113,"yards":17},{"sequence":5,"clubcode":"GB","playerName":"G.Jennings","statId":115,"yards":0},{"sequence":8,"clubcode":"GB","playerName":"G.Jennings","statId":52,"yards":0},{"sequence":10,"clubcode":"GB","playerName":"G.Jennings","statId":21,"yards":34}],"00-0025578":[{"sequence":4,"clubcode":"GB","playerName":"K.Hall","statId":55,"yards":0}],"0":[{"sequence":1,"clubcode":"GB","playerName":null,"statId":4,"yards":0},{"sequence":6,"clubcode":"GB","playerName":null,"statId":6,"yards":0}],"00-0026238":[{"sequence":2,"clubcode":"ATL","playerName":"T.DeCoud","statId":79,"yards":0},{"sequence":7,"clubcode":"ATL","playerName":"T.DeCoud","statId":91,"yards":0}],"00-0023459":[{"sequence":9,"clubcode":"GB","playerName":"A.Rodgers","statId":15,"yards":34},{"sequence":11,"clubcode":"GB","playerName":"A.Rodgers","statId":111,"yards":17}]}},"1980":{"sp":0,"qtr":3,"down":1,"time":"08:33","yrdln":"ATL 38","ydstogo":10,"ydsnet":80,"posteam":"GB","desc":"(8:33) (Shotgun) A.Rodgers scrambles up the middle to ATL 29 for 9 yards (S.Weatherspoon).","note":null,"players":{"00-0027871":[{"sequence":2,"clubcode":"ATL","playerName":"S.Weatherspoon","statId":79,"yards":0}],"00-0023459":[{"sequence":1,"clubcode":"GB","playerName":"A.Rodgers","statId":10,"yards":9}]}},"2001":{"sp":0,"qtr":3,"down":2,"time":"07:49","yrdln":"ATL 29","ydstogo":1,"ydsnet":51,"posteam":"GB","desc":"(7:49) (Shotgun) A.Rodgers pass incomplete short middle to G.Jennings (C.Lofton).","note":null,"players":{"00-0024267":[{"sequence":3,"clubcode":"GB","playerName":"G.Jennings","statId":115,"yards":0}],"00-0026177":[{"sequence":1,"clubcode":"ATL","playerName":"C.Lofton","statId":85,"yards":0}],"00-0023459":[{"sequence":2,"clubcode":"GB","playerName":"A.Rodgers","statId":14,"yards":0},{"sequence":4,"clubcode":"GB","playerName":"A.Rodgers","statId":112,"yards":6}]}},"2023":{"sp":0,"qtr":3,"down":3,"time":"07:44","yrdln":"ATL 29","ydstogo":1,"ydsnet":79,"posteam":"GB","desc":"(7:44) A.Rodgers pass deep left to J.Nelson pushed ob at ATL 1 for 28 yards (B.Grimes).","note":null,"players":{"0":[{"sequence":1,"clubcode":"GB","playerName":null,"statId":6,"yards":0},{"sequence":5,"clubcode":"GB","playerName":null,"statId":4,"yards":0}],"00-0026176":[{"sequence":2,"clubcode":"GB","playerName":"J.Nelson","statId":115,"yards":0},{"sequence":4,"clubcode":"GB","playerName":"J.Nelson","statId":21,"yards":28},{"sequence":6,"clubcode":"GB","playerName":"J.Nelson","statId":113,"yards":0}],"00-0024183":[{"sequence":8,"clubcode":"ATL","playerName":"B.Grimes","statId":79,"yards":0}],"00-0023459":[{"sequence":3,"clubcode":"GB","playerName":"A.Rodgers","statId":15,"yards":28},{"sequence":7,"clubcode":"GB","playerName":"A.Rodgers","statId":111,"yards":28}]}},"2047":{"sp":1,"qtr":3,"down":1,"time":"07:22","yrdln":"ATL 1","ydstogo":1,"ydsnet":80,"posteam":"GB","desc":"(7:22) (Shotgun) A.Rodgers up the middle for 1 yard, TOUCHDOWN.","note":"TD","players":{"0":[{"sequence":2,"clubcode":"GB","playerName":null,"statId":3,"yards":0}],"00-0023459":[{"sequence":1,"clubcode":"GB","playerName":"A.Rodgers","statId":11,"yards":1}]}},"2064":{"sp":1,"qtr":3,"down":0,"time":"07:17","yrdln":"ATL 2","ydstogo":0,"ydsnet":80,"posteam":"GB","desc":"M.Crosby extra point is GOOD, Center-B.Goode, Holder-T.Masthay.","note":"XP","players":{"00-0025580":[{"sequence":1,"clubcode":"GB","playerName":"M.Crosby","statId":72,"yards":0}]}}},"fds":3,"result":"Touchdown","penyds":0,"ydsgained":80,"numplays":8,"postime":"2:52","start":{"qtr":3,"time":"10:09","yrdln":"GB 20","team":"GB"},"end":{"qtr":3,"time":"07:17","yrdln":"ATL 1","team":"GB"}},"12":{"posteam":"ATL","qtr":4,"redzone":true,"plays":{"2080":{"sp":0,"qtr":3,"down":0,"time":"07:17","yrdln":"GB 30","ydstogo":0,"ydsnet":0,"posteam":"GB","desc":"M.Crosby kicks 70 yards from GB 30 to end zone, Touchback.","note":"KICKOFF","players":{"00-0025580":[{"sequence":2,"clubcode":"GB","playerName":"M.Crosby","statId":44,"yards":70}],"0":[{"sequence":1,"clubcode":"ATL","playerName":null,"statId":51,"yards":0}]}},"2098":{"sp":0,"qtr":3,"down":1,"time":"07:17","yrdln":"ATL 20","ydstogo":10,"ydsnet":-5,"posteam":"ATL","desc":"(7:17) PENALTY on ATL-J.Peelle, False Start, 5 yards, enforced at ATL 20 - No Play.","note":"PENALTY","players":{"00-0021227":[{"sequence":1,"clubcode":"ATL","playerName":"J.Peelle","statId":93,"yards":5}]}},"2121":{"sp":0,"qtr":3,"down":1,"time":"07:17","yrdln":"ATL 15","ydstogo":15,"ydsnet":-6,"posteam":"ATL","desc":"(7:17) (Shotgun) J.Snelling left guard to ATL 14 for -1 yards (C.Woodson; F.Zombo).","note":null,"players":{"00-0027442":[{"sequence":1,"clubcode":"GB","playerName":"F.Zombo","statId":82,"yards":0}],"00-0025631":[{"sequence":4,"clubcode":"ATL","playerName":"J.Snelling","statId":10,"yards":-1}],"00-0018227":[{"sequence":2,"clubcode":"GB","playerName":"C.Woodson","statId":82,"yards":0}],"0":[{"sequence":3,"clubcode":"ATL","playerName":null,"statId":95,"yards":-1}]}},"2142":{"sp":0,"qtr":3,"down":2,"time":"06:37","yrdln":"ATL 14","ydstogo":16,"ydsnet":1,"posteam":"ATL","desc":"(6:37) (Shotgun) M.Ryan pass short middle to J.Snelling to ATL 21 for 7 yards (F.Zombo; C.Peprah).","note":null,"players":{"00-0027442":[{"sequence":5,"clubcode":"GB","playerName":"F.Zombo","statId":82,"yards":0}],"00-0026143":[{"sequence":4,"clubcode":"ATL","playerName":"M.Ryan","statId":15,"yards":7},{"sequence":6,"clubcode":"ATL","playerName":"M.Ryan","statId":111,"yards":3}],"00-0024372":[{"sequence":2,"clubcode":"GB","playerName":"C.Peprah","statId":82,"yards":0}],"00-0025631":[{"sequence":1,"clubcode":"ATL","playerName":"J.Snelling","statId":113,"yards":4},{"sequence":3,"clubcode":"ATL","playerName":"J.Snelling","statId":21,"yards":7},{"sequence":7,"clubcode":"ATL","playerName":"J.Snelling","statId":115,"yards":0}]}},"2166":{"sp":0,"qtr":3,"down":0,"time":"05:53","yrdln":"","ydstogo":0,"ydsnet":1,"posteam":"","desc":"Timeout #1 by GB at 05:53.","note":"TIMEOUT","players":{"0":[{"sequence":1,"clubcode":"GB","playerName":null,"statId":68,"yards":0}]}},"2183":{"sp":0,"qtr":3,"down":3,"time":"05:53","yrdln":"ATL 21","ydstogo":9,"ydsnet":11,"posteam":"ATL","desc":"(5:53) (Shotgun) M.Ryan pass short right to J.Snelling to ATL 31 for 10 yards (D.Bishop; A.Hawk).","note":null,"players":{"00-0024220":[{"sequence":9,"clubcode":"GB","playerName":"A.Hawk","statId":82,"yards":0}],"00-0025579":[{"sequence":1,"clubcode":"GB","playerName":"D.Bishop","statId":82,"yards":0}],"00-0026143":[{"sequence":2,"clubcode":"ATL","playerName":"M.Ryan","statId":15,"yards":10},{"sequence":8,"clubcode":"ATL","playerName":"M.Ryan","statId":111,"yards":3}],"00-0025631":[{"sequence":3,"clubcode":"ATL","playerName":"J.Snelling","statId":21,"yards":10},{"sequence":5,"clubcode":"ATL","playerName":"J.Snelling","statId":115,"yards":0},{"sequence":6,"clubcode":"ATL","playerName":"J.Snelling","statId":113,"yards":7}],"0":[{"sequence":4,"clubcode":"ATL","playerName":null,"statId":6,"yards":0},{"sequence":7,"clubcode":"ATL","playerName":null,"statId":4,"yards":0}]}},"2207":{"sp":0,"qtr":3,"down":1,"time":"05:13","yrdln":"ATL 31","ydstogo":10,"ydsnet":12,"posteam":"ATL","desc":"(5:13) M.Turner left end to ATL 32 for 1 yard (D.Bishop; T.Williams).","note":null,"players":{"00-0022821":[{"sequence":2,"clubcode":"ATL","playerName":"M.Turner","statId":10,"yards":1}],"00-0025579":[{"sequence":1,"clubcode":"GB","playerName":"D.Bishop","statId":82,"yards":0}],"00-0024061":[{"sequence":3,"clubcode":"GB","playerName":"T.Williams","statId":82,"yards":0}]}},"2228":{"sp":0,"qtr":3,"down":2,"time":"04:34","yrdln":"ATL 32","ydstogo":9,"ydsnet":15,"posteam":"ATL","desc":"(4:34) M.Ryan pass short right to R.White pushed ob at ATL 35 for 3 yards (C.Woodson).","note":null,"players":{"00-0026143":[{"sequence":2,"clubcode":"ATL","playerName":"M.Ryan","statId":111,"yards":4},{"sequence":3,"clubcode":"ATL","playerName":"M.Ryan","statId":15,"yards":3}],"00-0018227":[{"sequence":6,"clubcode":"GB","playerName":"C.Woodson","statId":79,"yards":0}],"00-0023462":[{"sequence":1,"clubcode":"ATL","playerName":"R.White","statId":113,"yards":-1},{"sequence":4,"clubcode":"ATL","playerName":"R.White","statId":21,"yards":3},{"sequence":5,"clubcode":"ATL","playerName":"R.White","statId":115,"yards":0}]}},"2252":{"sp":0,"qtr":3,"down":3,"time":"04:05","yrdln":"ATL 35","ydstogo":6,"ydsnet":27,"posteam":"ATL","desc":"(4:05) (Shotgun) M.Ryan pass short left to R.White to ATL 47 for 12 yards (C.Woodson).","note":null,"players":{"00-0026143":[{"sequence":3,"clubcode":"ATL","playerName":"M.Ryan","statId":111,"yards":12},{"sequence":4,"clubcode":"ATL","playerName":"M.Ryan","statId":15,"yards":12}],"00-0018227":[{"sequence":5,"clubcode":"GB","playerName":"C.Woodson","statId":79,"yards":0}],"0":[{"sequence":6,"clubcode":"ATL","playerName":null,"statId":4,"yards":0},{"sequence":7,"clubcode":"ATL","playerName":null,"statId":6,"yards":0}],"00-0023462":[{"sequence":1,"clubcode":"ATL","playerName":"R.White","statId":115,"yards":0},{"sequence":2,"clubcode":"ATL","playerName":"R.White","statId":21,"yards":12},{"sequence":8,"clubcode":"ATL","playerName":"R.White","statId":113,"yards":0}]}},"2276":{"sp":0,"qtr":3,"down":1,"time":"03:27","yrdln":"ATL 47","ydstogo":10,"ydsnet":42,"posteam":"ATL","desc":"(3:27) M.Ryan pass short right to T.Gonzalez to GB 38 for 15 yards (D.Bishop).","note":null,"players":{"00-0025579":[{"sequence":7,"clubcode":"GB","playerName":"D.Bishop","statId":79,"yards":0}],"00-0026143":[{"sequence":2,"clubcode":"ATL","playerName":"M.Ryan","statId":111,"yards":1},{"sequence":6,"clubcode":"ATL","playerName":"M.Ryan","statId":15,"yards":15}],"00-0006101":[{"sequence":1,"clubcode":"ATL","playerName":"T.Gonzalez","statId":115,"yards":0},{"sequence":3,"clubcode":"ATL","playerName":"T.Gonzalez","statId":21,"yards":15},{"sequence":4,"clubcode":"ATL","playerName":"T.Gonzalez","statId":113,"yards":14}],"0":[{"sequence":5,"clubcode":"ATL","playerName":null,"statId":4,"yards":0}]}},"2300":{"sp":0,"qtr":3,"down":1,"time":"02:41","yrdln":"GB 38","ydstogo":10,"ydsnet":68,"posteam":"ATL","desc":"(2:41) M.Turner right end pushed ob at GB 12 for 26 yards (C.Peprah).","note":null,"players":{"00-0022821":[{"sequence":2,"clubcode":"ATL","playerName":"M.Turner","statId":10,"yards":26}],"00-0024372":[{"sequence":1,"clubcode":"GB","playerName":"C.Peprah","statId":79,"yards":0}],"0":[{"sequence":3,"clubcode":"ATL","playerName":null,"statId":3,"yards":0}]}},"2321":{"sp":0,"qtr":3,"down":1,"time":"02:09","yrdln":"GB 12","ydstogo":10,"ydsnet":73,"posteam":"ATL","desc":"(2:09) M.Turner left tackle to GB 7 for 5 yards (C.Woodson; E.Walden).","note":null,"players":{"00-0022821":[{"sequence":1,"clubcode":"ATL","playerName":"M.Turner","statId":10,"yards":5}],"00-0026307":[{"sequence":3,"clubcode":"GB","playerName":"E.Walden","statId":82,"yards":0}],"00-0018227":[{"sequence":2,"clubcode":"GB","playerName":"C.Woodson","statId":82,"yards":0}]}},"2342":{"sp":0,"qtr":3,"down":2,"time":"01:26","yrdln":"GB 7","ydstogo":5,"ydsnet":79,"posteam":"ATL","desc":"(1:26) J.Snelling left tackle to GB 1 for 6 yards (C.Peprah).","note":null,"players":{"00-0024372":[{"sequence":3,"clubcode":"GB","playerName":"C.Peprah","statId":79,"yards":0}],"00-0025631":[{"sequence":2,"clubcode":"ATL","playerName":"J.Snelling","statId":10,"yards":6}],"0":[{"sequence":1,"clubcode":"ATL","playerName":null,"statId":3,"yards":0}]}},"2363":{"sp":0,"qtr":3,"down":1,"time":"00:45","yrdln":"GB 1","ydstogo":1,"ydsnet":79,"posteam":"ATL","desc":"(:45) J.Snelling left tackle to GB 1 for no gain (C.Peprah).","note":null,"players":{"00-0024372":[{"sequence":2,"clubcode":"GB","playerName":"C.Peprah","statId":79,"yards":0}],"00-0025631":[{"sequence":1,"clubcode":"ATL","playerName":"J.Snelling","statId":10,"yards":0}]}},"2384":{"sp":0,"qtr":3,"down":2,"time":"00:04","yrdln":"GB 1","ydstogo":1,"ydsnet":79,"posteam":"ATL","desc":"(:04) M.Turner left guard to GB 1 for no gain (A.Hawk).","note":null,"players":{"00-0022821":[{"sequence":1,"clubcode":"ATL","playerName":"M.Turner","statId":10,"yards":0}],"00-0024220":[{"sequence":2,"clubcode":"GB","playerName":"A.Hawk","statId":79,"yards":0}]}},"2425":{"sp":0,"qtr":4,"down":3,"time":"15:00","yrdln":"GB 1","ydstogo":1,"ydsnet":79,"posteam":"ATL","desc":"(15:00) M.Ryan pass short right to T.Gonzalez to GB 1 for no gain (C.Peprah). Atlanta challenged the runner broke the plane ruling, and the play was Upheld. (Timeout #2 at 14:54.)","note":"TIMEOUT","players":{"00-0026143":[{"sequence":4,"clubcode":"ATL","playerName":"M.Ryan","statId":15,"yards":0},{"sequence":8,"clubcode":"ATL","playerName":"M.Ryan","statId":111,"yards":0}],"00-0006101":[{"sequence":2,"clubcode":"ATL","playerName":"T.Gonzalez","statId":21,"yards":0},{"sequence":3,"clubcode":"ATL","playerName":"T.Gonzalez","statId":115,"yards":0},{"sequence":5,"clubcode":"ATL","playerName":"T.Gonzalez","statId":113,"yards":0}],"00-0024372":[{"sequence":7,"clubcode":"GB","playerName":"C.Peprah","statId":79,"yards":0}],"0":[{"sequence":1,"clubcode":"ATL","playerName":null,"statId":7,"yards":0},{"sequence":6,"clubcode":"ATL","playerName":null,"statId":68,"yards":0}]}},"2489":{"sp":1,"qtr":4,"down":4,"time":"14:27","yrdln":"GB 1","ydstogo":1,"ydsnet":80,"posteam":"ATL","desc":"(14:27) M.Turner left end for 1 yard, TOUCHDOWN.","note":"TD","players":{"00-0022821":[{"sequence":1,"clubcode":"ATL","playerName":"M.Turner","statId":11,"yards":1}],"0":[{"sequence":2,"clubcode":"ATL","playerName":null,"statId":3,"yards":0},{"sequence":3,"clubcode":"ATL","playerName":null,"statId":8,"yards":0}]}},"2506":{"sp":1,"qtr":4,"down":0,"time":"14:24","yrdln":"GB 2","ydstogo":0,"ydsnet":80,"posteam":"ATL","desc":"M.Bryant extra point is GOOD, Center-J.Zelenka, Holder-M.Koenen.","note":"XP","players":{"00-0020578":[{"sequence":1,"clubcode":"ATL","playerName":"M.Bryant","statId":72,"yards":0}]}}},"fds":6,"result":"Touchdown","penyds":-5,"ydsgained":85,"numplays":18,"postime":"7:53","start":{"qtr":3,"time":"07:17","yrdln":"ATL 20","team":"ATL"},"end":{"qtr":3,"time":"14:24","yrdln":"GB 1","team":"ATL"}},"13":{"posteam":"GB","qtr":4,"redzone":true,"plays":{"2522":{"sp":0,"qtr":4,"down":0,"time":"14:24","yrdln":"ATL 30","ydstogo":0,"ydsnet":0,"posteam":"ATL","desc":"M.Koenen kicks 72 yards from ATL 30 to GB -2. S.Shields pushed ob at GB 13 for 15 yards (B.Grimes). PENALTY on GB-S.Shields, Unnecessary Roughness, 6 yards, enforced at GB 13.","note":"KICKOFF","players":{"00-0023234":[{"sequence":3,"clubcode":"ATL","playerName":"M.Koenen","statId":43,"yards":72},{"sequence":4,"clubcode":"ATL","playerName":"M.Koenen","statId":42,"yards":0}],"00-0027440":[{"sequence":1,"clubcode":"GB","playerName":"S.Shields","statId":45,"yards":15},{"sequence":2,"clubcode":"GB","playerName":"S.Shields","statId":93,"yards":6}],"00-0024183":[{"sequence":5,"clubcode":"ATL","playerName":"B.Grimes","statId":79,"yards":0}]}},"2555":{"sp":0,"qtr":4,"down":1,"time":"14:17","yrdln":"GB 7","ydstogo":10,"ydsnet":12,"posteam":"GB","desc":"(14:17) (Shotgun) A.Rodgers pass short left to J.Nelson to GB 19 for 12 yards (W.Moore).","note":null,"players":{"0":[{"sequence":7,"clubcode":"GB","playerName":null,"statId":4,"yards":0}],"00-0026176":[{"sequence":3,"clubcode":"GB","playerName":"J.Nelson","statId":115,"yards":0},{"sequence":4,"clubcode":"GB","playerName":"J.Nelson","statId":21,"yards":12},{"sequence":5,"clubcode":"GB","playerName":"J.Nelson","statId":113,"yards":8}],"00-0023459":[{"sequence":1,"clubcode":"GB","playerName":"A.Rodgers","statId":15,"yards":12},{"sequence":6,"clubcode":"GB","playerName":"A.Rodgers","statId":111,"yards":4}],"00-0027031":[{"sequence":2,"clubcode":"ATL","playerName":"W.Moore","statId":79,"yards":0}]}},"2579":{"sp":0,"qtr":4,"down":1,"time":"13:37","yrdln":"GB 19","ydstogo":10,"ydsnet":22,"posteam":"GB","desc":"(13:37) A.Rodgers scrambles right end to GB 29 for 10 yards (B.Grimes).","note":null,"players":{"0":[{"sequence":3,"clubcode":"GB","playerName":null,"statId":3,"yards":0}],"00-0024183":[{"sequence":2,"clubcode":"ATL","playerName":"B.Grimes","statId":79,"yards":0}],"00-0023459":[{"sequence":1,"clubcode":"GB","playerName":"A.Rodgers","statId":10,"yards":10}]}},"2600":{"sp":0,"qtr":4,"down":1,"time":"12:46","yrdln":"GB 29","ydstogo":10,"ydsnet":22,"posteam":"GB","desc":"(12:46) (Shotgun) A.Rodgers up the middle to GB 29 for no gain (C.Davis; J.Abraham).","note":null,"players":{"00-0023562":[{"sequence":2,"clubcode":"ATL","playerName":"C.Davis","statId":82,"yards":0}],"00-0019546":[{"sequence":3,"clubcode":"ATL","playerName":"J.Abraham","statId":82,"yards":0}],"00-0023459":[{"sequence":1,"clubcode":"GB","playerName":"A.Rodgers","statId":10,"yards":0}]}},"2621":{"sp":0,"qtr":4,"down":2,"time":"12:07","yrdln":"GB 29","ydstogo":10,"ydsnet":31,"posteam":"GB","desc":"(12:07) A.Rodgers pass short left to J.Kuhn to GB 38 for 9 yards (J.Babineaux).","note":null,"players":{"00-0022999":[{"sequence":3,"clubcode":"GB","playerName":"J.Kuhn","statId":115,"yards":0},{"sequence":5,"clubcode":"GB","playerName":"J.Kuhn","statId":113,"yards":13},{"sequence":6,"clubcode":"GB","playerName":"J.Kuhn","statId":21,"yards":9}],"00-0023494":[{"sequence":2,"clubcode":"ATL","playerName":"J.Babineaux","statId":79,"yards":0}],"00-0023459":[{"sequence":1,"clubcode":"GB","playerName":"A.Rodgers","statId":111,"yards":-4},{"sequence":4,"clubcode":"GB","playerName":"A.Rodgers","statId":15,"yards":9}]}},"2645":{"sp":0,"qtr":4,"down":3,"time":"11:23","yrdln":"GB 38","ydstogo":1,"ydsnet":43,"posteam":"GB","desc":"(11:23) B.Jackson right tackle to 50 for 12 yards (T.DeCoud).","note":null,"players":{"0":[{"sequence":2,"clubcode":"GB","playerName":null,"statId":6,"yards":0},{"sequence":4,"clubcode":"GB","playerName":null,"statId":3,"yards":0}],"00-0026238":[{"sequence":3,"clubcode":"ATL","playerName":"T.DeCoud","statId":79,"yards":0}],"00-0025450":[{"sequence":1,"clubcode":"GB","playerName":"B.Jackson","statId":10,"yards":12}]}},"2666":{"sp":0,"qtr":4,"down":1,"time":"10:37","yrdln":"50","ydstogo":10,"ydsnet":47,"posteam":"GB","desc":"(10:37) B.Jackson right end to ATL 46 for 4 yards (T.DeCoud; C.Lofton).","note":null,"players":{"00-0026177":[{"sequence":3,"clubcode":"ATL","playerName":"C.Lofton","statId":82,"yards":0}],"00-0026238":[{"sequence":1,"clubcode":"ATL","playerName":"T.DeCoud","statId":82,"yards":0}],"00-0025450":[{"sequence":2,"clubcode":"GB","playerName":"B.Jackson","statId":10,"yards":4}]}},"2687":{"sp":0,"qtr":4,"down":2,"time":"09:58","yrdln":"ATL 46","ydstogo":6,"ydsnet":52,"posteam":"GB","desc":"(9:58) (Shotgun) A.Rodgers pass short right to G.Jennings pushed ob at ATL 41 for 5 yards (B.Grimes).","note":null,"players":{"00-0024267":[{"sequence":2,"clubcode":"GB","playerName":"G.Jennings","statId":21,"yards":5},{"sequence":3,"clubcode":"GB","playerName":"G.Jennings","statId":113,"yards":0},{"sequence":6,"clubcode":"GB","playerName":"G.Jennings","statId":115,"yards":0}],"00-0024183":[{"sequence":5,"clubcode":"ATL","playerName":"B.Grimes","statId":79,"yards":0}],"00-0023459":[{"sequence":1,"clubcode":"GB","playerName":"A.Rodgers","statId":15,"yards":5},{"sequence":4,"clubcode":"GB","playerName":"A.Rodgers","statId":111,"yards":5}]}},"2716":{"sp":0,"qtr":4,"down":3,"time":"09:25","yrdln":"ATL 41","ydstogo":1,"ydsnet":52,"posteam":"GB","desc":"(9:25) (Shotgun) A.Rodgers pass incomplete deep right to J.Jones.","note":null,"players":{"0":[{"sequence":3,"clubcode":"GB","playerName":null,"statId":7,"yards":0}],"00-0025465":[{"sequence":2,"clubcode":"GB","playerName":"J.Jones","statId":115,"yards":0}],"00-0023459":[{"sequence":1,"clubcode":"GB","playerName":"A.Rodgers","statId":112,"yards":24},{"sequence":4,"clubcode":"GB","playerName":"A.Rodgers","statId":14,"yards":0}]}},"2738":{"sp":0,"qtr":4,"down":4,"time":"09:20","yrdln":"ATL 41","ydstogo":1,"ydsnet":52,"posteam":"GB","desc":"(9:20) (Shotgun) A.Rodgers pass incomplete short middle to D.Driver [B.Williams].","note":null,"players":{"00-0021229":[{"sequence":4,"clubcode":"ATL","playerName":"B.Williams","statId":110,"yards":0}],"0":[{"sequence":1,"clubcode":"GB","playerName":null,"statId":9,"yards":0}],"00-0004541":[{"sequence":5,"clubcode":"GB","playerName":"D.Driver","statId":115,"yards":0}],"00-0023459":[{"sequence":2,"clubcode":"GB","playerName":"A.Rodgers","statId":112,"yards":14},{"sequence":3,"clubcode":"GB","playerName":"A.Rodgers","statId":14,"yards":0}]}}},"fds":3,"result":"Downs","penyds":0,"ydsgained":52,"numplays":10,"postime":"5:09","start":{"qtr":4,"time":"14:24","yrdln":"GB 7","team":"GB"},"end":{"qtr":4,"time":"09:15","yrdln":"ATL 41","team":"GB"}},"14":{"posteam":"ATL","qtr":4,"redzone":true,"plays":{"2760":{"sp":0,"qtr":4,"down":1,"time":"09:15","yrdln":"ATL 42","ydstogo":10,"ydsnet":3,"posteam":"ATL","desc":"(9:15) M.Turner left end pushed ob at ATL 45 for 3 yards (T.Williams).","note":null,"players":{"00-0022821":[{"sequence":2,"clubcode":"ATL","playerName":"M.Turner","statId":10,"yards":3}],"00-0024061":[{"sequence":1,"clubcode":"GB","playerName":"T.Williams","statId":79,"yards":0}]}},"2791":{"sp":0,"qtr":4,"down":2,"time":"08:42","yrdln":"ATL 45","ydstogo":7,"ydsnet":14,"posteam":"ATL","desc":"(8:42) M.Ryan pass short right to R.White pushed ob at GB 44 for 11 yards (C.Woodson).","note":null,"players":{"00-0026143":[{"sequence":2,"clubcode":"ATL","playerName":"M.Ryan","statId":15,"yards":11},{"sequence":7,"clubcode":"ATL","playerName":"M.Ryan","statId":111,"yards":10}],"00-0018227":[{"sequence":5,"clubcode":"GB","playerName":"C.Woodson","statId":79,"yards":0}],"0":[{"sequence":1,"clubcode":"ATL","playerName":null,"statId":4,"yards":0}],"00-0023462":[{"sequence":3,"clubcode":"ATL","playerName":"R.White","statId":113,"yards":1},{"sequence":4,"clubcode":"ATL","playerName":"R.White","statId":115,"yards":0},{"sequence":6,"clubcode":"ATL","playerName":"R.White","statId":21,"yards":11}]}},"2815":{"sp":0,"qtr":4,"down":1,"time":"08:09","yrdln":"GB 44","ydstogo":10,"ydsnet":18,"posteam":"ATL","desc":"(8:09) M.Ryan pass short right to M.Turner to GB 40 for 4 yards (D.Bishop; A.Hawk).","note":null,"players":{"00-0022821":[{"sequence":4,"clubcode":"ATL","playerName":"M.Turner","statId":113,"yards":0},{"sequence":5,"clubcode":"ATL","playerName":"M.Turner","statId":115,"yards":0},{"sequence":6,"clubcode":"ATL","playerName":"M.Turner","statId":21,"yards":4}],"00-0025579":[{"sequence":7,"clubcode":"GB","playerName":"D.Bishop","statId":82,"yards":0}],"00-0024220":[{"sequence":2,"clubcode":"GB","playerName":"A.Hawk","statId":82,"yards":0}],"00-0026143":[{"sequence":1,"clubcode":"ATL","playerName":"M.Ryan","statId":15,"yards":4},{"sequence":3,"clubcode":"ATL","playerName":"M.Ryan","statId":111,"yards":4}]}},"2839":{"sp":0,"qtr":4,"down":2,"time":"07:23","yrdln":"GB 40","ydstogo":6,"ydsnet":20,"posteam":"ATL","desc":"(7:23) M.Turner left end to GB 38 for 2 yards (C.Jenkins).","note":null,"players":{"00-0021706":[{"sequence":1,"clubcode":"GB","playerName":"C.Jenkins","statId":79,"yards":0}],"00-0022821":[{"sequence":2,"clubcode":"ATL","playerName":"M.Turner","statId":10,"yards":2}]}},"2860":{"sp":0,"qtr":4,"down":3,"time":"06:40","yrdln":"GB 38","ydstogo":4,"ydsnet":20,"posteam":"ATL","desc":"(6:40) (Shotgun) M.Ryan pass short left to G.Johnson to GB 38 for no gain (F.Zombo). FUMBLES (F.Zombo), ball out of bounds at GB 35.","note":"FUMBLE","players":{"00-0027442":[{"sequence":7,"clubcode":"GB","playerName":"F.Zombo","statId":79,"yards":0},{"sequence":10,"clubcode":"GB","playerName":"F.Zombo","statId":91,"yards":0}],"00-0026143":[{"sequence":2,"clubcode":"ATL","playerName":"M.Ryan","statId":15,"yards":0},{"sequence":3,"clubcode":"ATL","playerName":"M.Ryan","statId":111,"yards":0}],"0":[{"sequence":1,"clubcode":"ATL","playerName":"","statId":7,"yards":0}],"00-0027098":[{"sequence":4,"clubcode":"ATL","playerName":"G.Johnson","statId":21,"yards":0},{"sequence":5,"clubcode":"ATL","playerName":"G.Johnson","statId":115,"yards":0},{"sequence":6,"clubcode":"ATL","playerName":"G.Johnson","statId":113,"yards":0},{"sequence":8,"clubcode":"ATL","playerName":"G.Johnson","statId":52,"yards":0},{"sequence":9,"clubcode":"ATL","playerName":"G.Johnson","statId":54,"yards":0}]}},"2893":{"sp":0,"qtr":4,"down":4,"time":"06:05","yrdln":"GB 38","ydstogo":4,"ydsnet":20,"posteam":"ATL","desc":"(6:05) M.Koenen punts 28 yards to GB 10, Center-J.Zelenka, fair catch by T.Williams.","note":"PUNT","players":{"00-0023234":[{"sequence":1,"clubcode":"ATL","playerName":"M.Koenen","statId":30,"yards":0},{"sequence":3,"clubcode":"ATL","playerName":"M.Koenen","statId":29,"yards":28}],"00-0024061":[{"sequence":2,"clubcode":"GB","playerName":"T.Williams","statId":39,"yards":0}]}}},"fds":1,"result":"Punt","penyds":0,"ydsgained":20,"numplays":6,"postime":"3:16","start":{"qtr":4,"time":"09:15","yrdln":"ATL 42","team":"ATL"},"end":{"qtr":4,"time":"05:59","yrdln":"GB 38","team":"ATL"}},"15":{"posteam":"GB","qtr":4,"redzone":true,"plays":{"2912":{"sp":0,"qtr":4,"down":1,"time":"05:59","yrdln":"GB 10","ydstogo":10,"ydsnet":5,"posteam":"GB","desc":"(5:59) (Shotgun) B.Jackson left tackle to GB 15 for 5 yards (C.Lofton).","note":null,"players":{"00-0026177":[{"sequence":2,"clubcode":"ATL","playerName":"C.Lofton","statId":79,"yards":0}],"00-0025450":[{"sequence":1,"clubcode":"GB","playerName":"B.Jackson","statId":10,"yards":5}]}},"2933":{"sp":0,"qtr":4,"down":2,"time":"05:34","yrdln":"GB 15","ydstogo":5,"ydsnet":16,"posteam":"GB","desc":"(5:34) (Shotgun) A.Rodgers pass short left to A.Quarless to GB 26 for 11 yards (D.Robinson).","note":null,"players":{"00-0027753":[{"sequence":1,"clubcode":"GB","playerName":"A.Quarless","statId":113,"yards":6},{"sequence":3,"clubcode":"GB","playerName":"A.Quarless","statId":21,"yards":11},{"sequence":5,"clubcode":"GB","playerName":"A.Quarless","statId":115,"yards":0}],"00-0022735":[{"sequence":4,"clubcode":"ATL","playerName":"D.Robinson","statId":79,"yards":0}],"0":[{"sequence":7,"clubcode":"GB","playerName":null,"statId":4,"yards":0}],"00-0023459":[{"sequence":2,"clubcode":"GB","playerName":"A.Rodgers","statId":111,"yards":5},{"sequence":6,"clubcode":"GB","playerName":"A.Rodgers","statId":15,"yards":11}]}},"2957":{"sp":0,"qtr":4,"down":1,"time":"05:11","yrdln":"GB 26","ydstogo":10,"ydsnet":16,"posteam":"GB","desc":"(5:11) (Shotgun) A.Rodgers pass short left to B.Jackson to GB 26 for no gain (D.Robinson).","note":null,"players":{"00-0022735":[{"sequence":5,"clubcode":"ATL","playerName":"D.Robinson","statId":79,"yards":0}],"00-0025450":[{"sequence":3,"clubcode":"GB","playerName":"B.Jackson","statId":21,"yards":0},{"sequence":4,"clubcode":"GB","playerName":"B.Jackson","statId":113,"yards":2},{"sequence":6,"clubcode":"GB","playerName":"B.Jackson","statId":115,"yards":0}],"00-0023459":[{"sequence":1,"clubcode":"GB","playerName":"A.Rodgers","statId":111,"yards":-2},{"sequence":2,"clubcode":"GB","playerName":"A.Rodgers","statId":15,"yards":0}]}},"2981":{"sp":0,"qtr":4,"down":2,"time":"04:32","yrdln":"GB 26","ydstogo":10,"ydsnet":11,"posteam":"GB","desc":"(4:32) (Shotgun) PENALTY on GB-D.Colledge, False Start, 5 yards, enforced at GB 26 - No Play.","note":"PENALTY","players":{"00-0024262":[{"sequence":1,"clubcode":"GB","playerName":"D.Colledge","statId":93,"yards":5}]}},"3004":{"sp":0,"qtr":4,"down":2,"time":"04:31","yrdln":"GB 21","ydstogo":15,"ydsnet":30,"posteam":"GB","desc":"(4:31) (Shotgun) A.Rodgers pass short middle to A.Quarless to GB 40 for 19 yards (T.DeCoud; B.Williams).","note":null,"players":{"00-0027753":[{"sequence":2,"clubcode":"GB","playerName":"A.Quarless","statId":21,"yards":19},{"sequence":3,"clubcode":"GB","playerName":"A.Quarless","statId":115,"yards":0},{"sequence":4,"clubcode":"GB","playerName":"A.Quarless","statId":113,"yards":5}],"00-0021229":[{"sequence":7,"clubcode":"ATL","playerName":"B.Williams","statId":82,"yards":0}],"0":[{"sequence":1,"clubcode":"GB","playerName":null,"statId":4,"yards":0}],"00-0026238":[{"sequence":5,"clubcode":"ATL","playerName":"T.DeCoud","statId":82,"yards":0}],"00-0023459":[{"sequence":6,"clubcode":"GB","playerName":"A.Rodgers","statId":15,"yards":19},{"sequence":8,"clubcode":"GB","playerName":"A.Rodgers","statId":111,"yards":14}]}},"3028":{"sp":0,"qtr":4,"down":1,"time":"03:51","yrdln":"GB 40","ydstogo":10,"ydsnet":38,"posteam":"GB","desc":"(3:51) (Shotgun) B.Jackson left tackle to GB 48 for 8 yards (W.Moore).","note":null,"players":{"00-0025450":[{"sequence":1,"clubcode":"GB","playerName":"B.Jackson","statId":10,"yards":8}],"00-0027031":[{"sequence":2,"clubcode":"ATL","playerName":"W.Moore","statId":79,"yards":0}]}},"3049":{"sp":0,"qtr":4,"down":2,"time":"03:25","yrdln":"GB 48","ydstogo":2,"ydsnet":45,"posteam":"GB","desc":"(3:25) (Shotgun) A.Rodgers scrambles right end ran ob at ATL 45 for 7 yards (B.Williams).","note":null,"players":{"00-0021229":[{"sequence":3,"clubcode":"ATL","playerName":"B.Williams","statId":79,"yards":0}],"0":[{"sequence":2,"clubcode":"GB","playerName":null,"statId":3,"yards":0}],"00-0023459":[{"sequence":1,"clubcode":"GB","playerName":"A.Rodgers","statId":10,"yards":7}]}},"3070":{"sp":0,"qtr":4,"down":1,"time":"03:17","yrdln":"ATL 45","ydstogo":10,"ydsnet":45,"posteam":"GB","desc":"(3:17) (Shotgun) A.Rodgers pass incomplete short right to G.Jennings (T.DeCoud).","note":null,"players":{"00-0024267":[{"sequence":3,"clubcode":"GB","playerName":"G.Jennings","statId":115,"yards":0}],"00-0026238":[{"sequence":1,"clubcode":"ATL","playerName":"T.DeCoud","statId":85,"yards":0}],"00-0023459":[{"sequence":2,"clubcode":"GB","playerName":"A.Rodgers","statId":14,"yards":0},{"sequence":4,"clubcode":"GB","playerName":"A.Rodgers","statId":112,"yards":10}]}},"3092":{"sp":0,"qtr":4,"down":2,"time":"03:13","yrdln":"ATL 45","ydstogo":10,"ydsnet":60,"posteam":"GB","desc":"(3:13) (Shotgun) A.Rodgers pass short right to G.Jennings to ATL 30 for 15 yards (B.Grimes).","note":null,"players":{"00-0024267":[{"sequence":3,"clubcode":"GB","playerName":"G.Jennings","statId":113,"yards":0},{"sequence":5,"clubcode":"GB","playerName":"G.Jennings","statId":115,"yards":0},{"sequence":7,"clubcode":"GB","playerName":"G.Jennings","statId":21,"yards":15}],"0":[{"sequence":2,"clubcode":"GB","playerName":null,"statId":4,"yards":0}],"00-0024183":[{"sequence":1,"clubcode":"ATL","playerName":"B.Grimes","statId":79,"yards":0}],"00-0023459":[{"sequence":4,"clubcode":"GB","playerName":"A.Rodgers","statId":111,"yards":15},{"sequence":6,"clubcode":"GB","playerName":"A.Rodgers","statId":15,"yards":15}]}},"3116":{"sp":0,"qtr":4,"down":1,"time":"02:49","yrdln":"ATL 30","ydstogo":10,"ydsnet":69,"posteam":"GB","desc":"(2:49) (Shotgun) A.Rodgers pass short middle to B.Jackson to ATL 21 for 9 yards (B.Williams; S.Weatherspoon).","note":null,"players":{"00-0027871":[{"sequence":1,"clubcode":"ATL","playerName":"S.Weatherspoon","statId":82,"yards":0}],"00-0021229":[{"sequence":2,"clubcode":"ATL","playerName":"B.Williams","statId":82,"yards":0}],"00-0025450":[{"sequence":4,"clubcode":"GB","playerName":"B.Jackson","statId":113,"yards":5},{"sequence":5,"clubcode":"GB","playerName":"B.Jackson","statId":21,"yards":9},{"sequence":7,"clubcode":"GB","playerName":"B.Jackson","statId":115,"yards":0}],"00-0023459":[{"sequence":3,"clubcode":"GB","playerName":"A.Rodgers","statId":15,"yards":9},{"sequence":6,"clubcode":"GB","playerName":"A.Rodgers","statId":111,"yards":4}]}},"3140":{"sp":0,"qtr":4,"down":2,"time":"02:23","yrdln":"ATL 21","ydstogo":1,"ydsnet":69,"posteam":"GB","desc":"(2:23) (Shotgun) A.Rodgers pass incomplete deep left to J.Jones.","note":null,"players":{"00-0025465":[{"sequence":2,"clubcode":"GB","playerName":"J.Jones","statId":115,"yards":0}],"00-0023459":[{"sequence":1,"clubcode":"GB","playerName":"A.Rodgers","statId":14,"yards":0},{"sequence":3,"clubcode":"GB","playerName":"A.Rodgers","statId":112,"yards":21}]}},"3162":{"sp":0,"qtr":4,"down":3,"time":"02:14","yrdln":"ATL 21","ydstogo":1,"ydsnet":69,"posteam":"GB","desc":"(2:14) (Shotgun) A.Rodgers pass incomplete short left to B.Jackson.","note":null,"players":{"0":[{"sequence":2,"clubcode":"GB","playerName":null,"statId":7,"yards":0}],"00-0025450":[{"sequence":3,"clubcode":"GB","playerName":"B.Jackson","statId":115,"yards":0}],"00-0023459":[{"sequence":1,"clubcode":"GB","playerName":"A.Rodgers","statId":14,"yards":0},{"sequence":4,"clubcode":"GB","playerName":"A.Rodgers","statId":112,"yards":1}]}},"3184":{"sp":0,"qtr":4,"down":4,"time":"02:11","yrdln":"ATL 21","ydstogo":1,"ydsnet":87,"posteam":"GB","desc":"(2:11) (Shotgun) A.Rodgers pass short middle to J.Jones to ATL 3 for 18 yards (D.Robinson). Penalty on ATL-B.Williams, Defensive Offside, declined.","note":null,"players":{"00-0022735":[{"sequence":1,"clubcode":"ATL","playerName":"D.Robinson","statId":79,"yards":0}],"0":[{"sequence":7,"clubcode":"GB","playerName":null,"statId":8,"yards":0},{"sequence":8,"clubcode":"GB","playerName":null,"statId":4,"yards":0}],"00-0025465":[{"sequence":3,"clubcode":"GB","playerName":"J.Jones","statId":21,"yards":18},{"sequence":5,"clubcode":"GB","playerName":"J.Jones","statId":115,"yards":0},{"sequence":6,"clubcode":"GB","playerName":"J.Jones","statId":113,"yards":12}],"00-0023459":[{"sequence":2,"clubcode":"GB","playerName":"A.Rodgers","statId":15,"yards":18},{"sequence":4,"clubcode":"GB","playerName":"A.Rodgers","statId":111,"yards":6}]}},"3219":{"sp":0,"qtr":4,"down":1,"time":"02:02","yrdln":"ATL 3","ydstogo":3,"ydsnet":84,"posteam":"GB","desc":"(2:02) (Shotgun) A.Rodgers sacked at ATL 8 for -5 yards (J.Abraham). FUMBLES (J.Abraham), and recovers at ATL 6.","note":"FUMBLE","players":{"00-0019546":[{"sequence":1,"clubcode":"ATL","playerName":"J.Abraham","statId":83,"yards":-3},{"sequence":2,"clubcode":"ATL","playerName":"J.Abraham","statId":91,"yards":0},{"sequence":3,"clubcode":"ATL","playerName":"J.Abraham","statId":79,"yards":0}],"00-0023459":[{"sequence":4,"clubcode":"GB","playerName":"A.Rodgers","statId":20,"yards":-3},{"sequence":5,"clubcode":"GB","playerName":"A.Rodgers","statId":52,"yards":0},{"sequence":6,"clubcode":"GB","playerName":"A.Rodgers","statId":55,"yards":0}]}},"3265":{"sp":0,"qtr":4,"down":2,"time":"01:54","yrdln":"ATL 6","ydstogo":6,"ydsnet":84,"posteam":"GB","desc":"(1:54) (Shotgun) A.Rodgers pass incomplete short right to J.Jones.","note":null,"players":{"00-0025465":[{"sequence":3,"clubcode":"GB","playerName":"J.Jones","statId":115,"yards":0}],"00-0023459":[{"sequence":1,"clubcode":"GB","playerName":"A.Rodgers","statId":14,"yards":0},{"sequence":2,"clubcode":"GB","playerName":"A.Rodgers","statId":112,"yards":6}]}},"3287":{"sp":0,"qtr":4,"down":3,"time":"01:50","yrdln":"ATL 6","ydstogo":6,"ydsnet":85,"posteam":"GB","desc":"(1:50) (Shotgun) A.Rodgers pass short right to B.Jackson to ATL 5 for 1 yard (S.Weatherspoon).","note":null,"players":{"00-0027871":[{"sequence":2,"clubcode":"ATL","playerName":"S.Weatherspoon","statId":79,"yards":0}],"0":[{"sequence":6,"clubcode":"GB","playerName":null,"statId":7,"yards":0}],"00-0023459":[{"sequence":3,"clubcode":"GB","playerName":"A.Rodgers","statId":111,"yards":-5},{"sequence":4,"clubcode":"GB","playerName":"A.Rodgers","statId":15,"yards":1}],"00-0025450":[{"sequence":1,"clubcode":"GB","playerName":"B.Jackson","statId":21,"yards":1},{"sequence":5,"clubcode":"GB","playerName":"B.Jackson","statId":115,"yards":0},{"sequence":7,"clubcode":"GB","playerName":"B.Jackson","statId":113,"yards":6}]}},"3311":{"sp":0,"qtr":4,"down":4,"time":"01:06","yrdln":"ATL 5","ydstogo":5,"ydsnet":80,"posteam":"GB","desc":"(1:06) (Shotgun) PENALTY on GB-B.Bulaga, False Start, 5 yards, enforced at ATL 5 - No Play.","note":"PENALTY","players":{"00-0027875":[{"sequence":1,"clubcode":"GB","playerName":"B.Bulaga","statId":93,"yards":5}]}},"3334":{"sp":1,"qtr":4,"down":4,"time":"01:06","yrdln":"ATL 10","ydstogo":10,"ydsnet":90,"posteam":"GB","desc":"(1:06) (Shotgun) A.Rodgers pass short left to J.Nelson for 10 yards, TOUCHDOWN.","note":"TD","players":{"0":[{"sequence":6,"clubcode":"GB","playerName":null,"statId":4,"yards":0},{"sequence":7,"clubcode":"GB","playerName":null,"statId":8,"yards":0}],"00-0026176":[{"sequence":2,"clubcode":"GB","playerName":"J.Nelson","statId":115,"yards":0},{"sequence":4,"clubcode":"GB","playerName":"J.Nelson","statId":22,"yards":10},{"sequence":5,"clubcode":"GB","playerName":"J.Nelson","statId":113,"yards":0}],"00-0023459":[{"sequence":1,"clubcode":"GB","playerName":"A.Rodgers","statId":111,"yards":10},{"sequence":3,"clubcode":"GB","playerName":"A.Rodgers","statId":16,"yards":10}]}},"3354":{"sp":1,"qtr":4,"down":0,"time":"00:56","yrdln":"ATL 2","ydstogo":0,"ydsnet":90,"posteam":"GB","desc":"M.Crosby extra point is GOOD, Center-B.Goode, Holder-T.Masthay.","note":"XP","players":{"00-0025580":[{"sequence":1,"clubcode":"GB","playerName":"M.Crosby","statId":72,"yards":0}]}}},"fds":6,"result":"Touchdown","penyds":-10,"ydsgained":100,"numplays":19,"postime":"5:03","start":{"qtr":4,"time":"05:59","yrdln":"GB 10","team":"GB"},"end":{"qtr":4,"time":"00:56","yrdln":"ATL 10","team":"GB"}},"16":{"posteam":"ATL","qtr":4,"redzone":true,"plays":{"3370":{"sp":0,"qtr":4,"down":0,"time":"00:56","yrdln":"GB 30","ydstogo":0,"ydsnet":20,"posteam":"GB","desc":"M.Crosby kicks 74 yards from GB 30 to ATL -4. E.Weems to ATL 36 for 40 yards (M.Wilhelm). PENALTY on GB-M.Wilhelm, Face Mask (15 Yards), 15 yards, enforced at ATL 36.","note":"KICKOFF","players":{"00-0025580":[{"sequence":1,"clubcode":"GB","playerName":"M.Crosby","statId":43,"yards":74}],"00-0022009":[{"sequence":3,"clubcode":"GB","playerName":"M.Wilhelm","statId":79,"yards":0},{"sequence":4,"clubcode":"GB","playerName":"M.Wilhelm","statId":93,"yards":15}],"00-0024535":[{"sequence":2,"clubcode":"ATL","playerName":"E.Weems","statId":45,"yards":40}]}},"3415":{"sp":0,"qtr":4,"down":1,"time":"00:49","yrdln":"GB 49","ydstogo":10,"ydsnet":20,"posteam":"ATL","desc":"(:49) (Shotgun) M.Ryan pass short right to R.White ran ob at GB 40 for 9 yards (D.Bishop).","note":null,"players":{"00-0025579":[{"sequence":6,"clubcode":"GB","playerName":"D.Bishop","statId":79,"yards":0}],"00-0026143":[{"sequence":1,"clubcode":"ATL","playerName":"M.Ryan","statId":15,"yards":9},{"sequence":2,"clubcode":"ATL","playerName":"M.Ryan","statId":111,"yards":4}],"00-0023462":[{"sequence":3,"clubcode":"ATL","playerName":"R.White","statId":21,"yards":9},{"sequence":4,"clubcode":"ATL","playerName":"R.White","statId":115,"yards":0},{"sequence":5,"clubcode":"ATL","playerName":"R.White","statId":113,"yards":5}]}},"3439":{"sp":0,"qtr":4,"down":2,"time":"00:43","yrdln":"GB 40","ydstogo":1,"ydsnet":20,"posteam":"ATL","desc":"(:43) (Shotgun) M.Ryan pass short left to M.Jenkins to GB 36 for 4 yards (S.Shields).","note":null,"players":{"00-0027440":[{"sequence":7,"clubcode":"GB","playerName":"S.Shields","statId":79,"yards":0}],"00-0022781":[{"sequence":4,"clubcode":"ATL","playerName":"M.Jenkins","statId":21,"yards":4},{"sequence":5,"clubcode":"ATL","playerName":"M.Jenkins","statId":115,"yards":0},{"sequence":6,"clubcode":"ATL","playerName":"M.Jenkins","statId":113,"yards":0}],"00-0026143":[{"sequence":2,"clubcode":"ATL","playerName":"M.Ryan","statId":15,"yards":4},{"sequence":3,"clubcode":"ATL","playerName":"M.Ryan","statId":111,"yards":4}],"0":[{"sequence":1,"clubcode":"ATL","playerName":"","statId":4,"yards":0}]}},"3463":{"sp":0,"qtr":4,"down":1,"time":"00:29","yrdln":"GB 36","ydstogo":10,"ydsnet":20,"posteam":"ATL","desc":"(:29) (Shotgun) M.Ryan pass short left to H.Douglas ran ob at GB 32 for 4 yards (C.Woodson).","note":null,"players":{"00-0026143":[{"sequence":1,"clubcode":"ATL","playerName":"M.Ryan","statId":15,"yards":4},{"sequence":2,"clubcode":"ATL","playerName":"M.Ryan","statId":111,"yards":3}],"00-0018227":[{"sequence":6,"clubcode":"GB","playerName":"C.Woodson","statId":79,"yards":0}],"00-0026224":[{"sequence":3,"clubcode":"ATL","playerName":"H.Douglas","statId":21,"yards":4},{"sequence":4,"clubcode":"ATL","playerName":"H.Douglas","statId":115,"yards":0},{"sequence":5,"clubcode":"ATL","playerName":"H.Douglas","statId":113,"yards":1}]}},"3487":{"sp":0,"qtr":4,"down":2,"time":"00:22","yrdln":"GB 32","ydstogo":6,"ydsnet":20,"posteam":"ATL","desc":"(:22) (Shotgun) M.Ryan pass short left to H.Douglas pushed ob at GB 29 for 3 yards (C.Peprah).","note":null,"players":{"00-0026143":[{"sequence":1,"clubcode":"ATL","playerName":"M.Ryan","statId":15,"yards":3},{"sequence":2,"clubcode":"ATL","playerName":"M.Ryan","statId":111,"yards":2}],"00-0024372":[{"sequence":6,"clubcode":"GB","playerName":"C.Peprah","statId":79,"yards":0}],"00-0026224":[{"sequence":3,"clubcode":"ATL","playerName":"H.Douglas","statId":21,"yards":3},{"sequence":4,"clubcode":"ATL","playerName":"H.Douglas","statId":115,"yards":0},{"sequence":5,"clubcode":"ATL","playerName":"H.Douglas","statId":113,"yards":1}]}},"3544":{"sp":0,"qtr":4,"down":0,"time":"00:18","yrdln":"","ydstogo":0,"ydsnet":20,"posteam":"","desc":"Timeout #2 by GB at 00:18.","note":"TIMEOUT","players":{"0":[{"sequence":1,"clubcode":"GB","playerName":"","statId":68,"yards":0}]}},"3511":{"sp":0,"qtr":4,"down":3,"time":"00:18","yrdln":"GB 29","ydstogo":3,"ydsnet":20,"posteam":"ATL","desc":"(:18) (Shotgun) M.Ryan pass incomplete short right to R.White.","note":null,"players":{"00-0026143":[{"sequence":2,"clubcode":"ATL","playerName":"M.Ryan","statId":14,"yards":0},{"sequence":4,"clubcode":"ATL","playerName":"M.Ryan","statId":112,"yards":4}],"0":[{"sequence":1,"clubcode":"ATL","playerName":"","statId":7,"yards":0}],"00-0023462":[{"sequence":3,"clubcode":"ATL","playerName":"R.White","statId":115,"yards":0}]}},"3533":{"sp":0,"qtr":4,"down":0,"time":"00:13","yrdln":"","ydstogo":0,"ydsnet":20,"posteam":"","desc":"Timeout #3 by GB at 00:13.","note":"TIMEOUT","players":{"0":[{"sequence":1,"clubcode":"GB","playerName":"","statId":68,"yards":0}]}},"3563":{"sp":1,"qtr":4,"down":4,"time":"00:13","yrdln":"GB 29","ydstogo":3,"ydsnet":20,"posteam":"ATL","desc":"(:13) M.Bryant 47 yard field goal is GOOD, Center-J.Zelenka, Holder-M.Koenen.","note":"FG","players":{"00-0020578":[{"sequence":1,"clubcode":"ATL","playerName":"M.Bryant","statId":70,"yards":47}]}}},"fds":1,"result":"Field Goal","penyds":0,"ydsgained":20,"numplays":9,"postime":"0:47","start":{"qtr":4,"time":"00:56","yrdln":"GB 49","team":"ATL"},"end":{"qtr":4,"time":"00:09","yrdln":"GB 29","team":"ATL"}},"17":{"posteam":"GB","qtr":4,"redzone":true,"plays":{"3597":{"sp":0,"qtr":4,"down":0,"time":"00:09","yrdln":"ATL 30","ydstogo":0,"ydsnet":0,"posteam":"ATL","desc":"M.Koenen kicks 65 yards from ATL 30 to GB 5. S.Shields to GB 25 for 20 yards (E.Weems).","note":"KICKOFF","players":{"00-0023234":[{"sequence":1,"clubcode":"ATL","playerName":"M.Koenen","statId":41,"yards":65}],"00-0027440":[{"sequence":2,"clubcode":"GB","playerName":"S.Shields","statId":45,"yards":20}],"00-0024535":[{"sequence":3,"clubcode":"ATL","playerName":"E.Weems","statId":79,"yards":0}]}},"3619":{"sp":0,"qtr":4,"down":1,"time":"00:02","yrdln":"GB 25","ydstogo":10,"ydsnet":35,"posteam":"GB","desc":"(:02) (Shotgun) A.Rodgers pass short right to G.Jennings to ATL 40 for 35 yards. FUMBLES, ball out of bounds at ATL 39. Backward pass attempt went out of bounds.","note":"FUMBLE","players":{"00-0024267":[{"sequence":4,"clubcode":"GB","playerName":"G.Jennings","statId":21,"yards":35},{"sequence":5,"clubcode":"GB","playerName":"G.Jennings","statId":115,"yards":0},{"sequence":6,"clubcode":"GB","playerName":"G.Jennings","statId":113,"yards":29},{"sequence":7,"clubcode":"GB","playerName":"G.Jennings","statId":53,"yards":0},{"sequence":8,"clubcode":"GB","playerName":"G.Jennings","statId":54,"yards":0}],"0":[{"sequence":1,"clubcode":"GB","playerName":"","statId":4,"yards":0}],"00-0023459":[{"sequence":2,"clubcode":"GB","playerName":"A.Rodgers","statId":15,"yards":35},{"sequence":3,"clubcode":"GB","playerName":"A.Rodgers","statId":111,"yards":6}]}},"3661":{"sp":0,"qtr":4,"down":0,"time":"00:00","yrdln":"","ydstogo":0,"ydsnet":35,"posteam":"","desc":"END GAME","note":null,"players":{}}},"fds":1,"result":"End of Game","penyds":0,"ydsgained":35,"numplays":3,"postime":"0:09","start":{"qtr":4,"time":"00:09","yrdln":"GB 25","team":"GB"},"end":{"qtr":4,"time":"00:00","yrdln":"","team":"GB"}},"crntdrv":17},"scrsummary":{"313":{"type":"FG","desc":"M.Bryant 38 yd. Field Goal Drive: 10 plays, 55 yards in 5:29","qtr":1,"team":"ATL","players":{"M.Bryant":"00-0020578"}},"752":{"type":"FG","desc":"M.Crosby 22 yd. Field Goal Drive: 9 plays, 81 yards in 5:01","qtr":1,"team":"GB","players":{"M.Crosby":"00-0025580"}},"1512":{"type":"TD","desc":"T.Gonzalez 4 yd. pass from M.Ryan (M.Bryant kick is good) Drive: 14 plays, 80 yards in 7:24","qtr":2,"team":"ATL","players":{"":"0","M.Ryan":"00-0026143","T.Gonzalez":"00-0006101","M.Bryant":"00-0020578","C.Jenkins":"00-0021706"}},"2047":{"type":"TD","desc":"A.Rodgers 1 yd. run (M.Crosby kick is good) Drive: 7 plays, 80 yards in 2:52","qtr":3,"team":"GB","players":{"A.Rodgers":"00-0023459","":"0","M.Crosby":"00-0025580"}},"2489":{"type":"TD","desc":"M.Turner 1 yd. run (M.Bryant kick is good) Drive: 14 plays, 80 yards in 7:53","qtr":4,"team":"ATL","players":{"M.Turner":"00-0022821","":"0","M.Bryant":"00-0020578"}},"3334":{"type":"TD","desc":"J.Nelson 10 yd. pass from A.Rodgers (M.Crosby kick is good) Drive: 16 plays, 90 yards in 5:03","qtr":4,"team":"GB","players":{"A.Rodgers":"00-0023459","J.Nelson":"00-0026176","":"0","M.Crosby":"00-0025580"}},"3563":{"type":"FG","desc":"M.Bryant 47 yd. Field Goal Drive: 6 plays, 20 yards in 0:47","qtr":4,"team":"ATL","players":{"M.Bryant":"00-0020578"}}},"weather":null,"media":null,"yl":"","qtr":"Final","note":null,"down":0,"togo":0,"redzone":true,"clock":"00:00","posteam":"GB","stadium":null},"nextupdate":217}