{"2011100202":{"home":{"score":{"1":7,"2":3,"3":0,"4":7,"5":0,"T":17},"abbr":"HOU","to":1,"stats":{"passing":{"00-0022787":{"name":"M.Schaub","att":21,"cmp":14,"yds":138,"tds":1,"ints":0,"twopta":0,"twoptm":0}},"rushing":{"00-0026796":{"name":"A.Foster","att":30,"yds":155,"tds":1,"lng":42,"lngtd":42,"twopta":0,"twoptm":0},"00-0027890":{"name":"B.Tate","att":2,"yds":20,"tds":0,"lng":20,"lngtd":0,"twopta":0,"twoptm":0},"00-0027140":{"name":"C.Ogbonnaya","att":1,"yds":4,"tds":0,"lng":4,"lngtd":0,"twopta":0,"twoptm":0},"00-0022787":{"name":"M.Schaub","att":2,"yds":1,"tds":0,"lng":2,"lngtd":0,"twopta":0,"twoptm":0}},"receiving":{"00-0024313":{"name":"O.Daniels","rec":5,"yds":69,"tds":1,"lng":30,"lngtd":1,"twopta":0,"twoptm":0},"00-0022044":{"name":"A.Johnson","rec":4,"yds":36,"tds":0,"lng":13,"lngtd":0,"twopta":0,"twoptm":0},"00-0026796":{"name":"A.Foster","rec":3,"yds":11,"tds":0,"lng":8,"lngtd":0,"twopta":0,"twoptm":0},"00-0023630":{"name":"J.Dreessen","rec":1,"yds":14,"tds":0,"lng":14,"lngtd":0,"twopta":0,"twoptm":0},"00-0027109":{"name":"J.Casey","rec":1,"yds":8,"tds":0,"lng":8,"lngtd":0,"twopta":0,"twoptm":0}},"fumbles":{"00-0024257":{"name":"D.Manning","tot":1,"rcv":0,"trcv":0,"yds":0,"lost":0},"00-0027684":{"name":"E.Mitchell","tot":0,"rcv":1,"trcv":1,"yds":0,"lost":0}},"kicking":{"00-0019676":{"name":"N.Rackers","fgm":1,"fga":1,"fgyds":25,"totpfg":3,"xpmade":2,"xpmissed":0,"xpa":2,"xpb":0,"xptot":2}},"punting":{"00-0028540":{"name":"B.Hartmann","pts":5,"yds":235,"avg":38,"i20":3,"lng":51}},"kickret":{"00-0024257":{"name":"D.Manning","ret":2,"avg":17,"tds":0,"lng":21,"lngtd":0}},"puntret":{"00-0025460":{"name":"J.Jones","ret":3,"avg":5,"tds":0,"lng":13,"lngtd":0}},"defense":{"00-0024231":{"name":"J.Allen","tkl":6,"ast":0,"sk":0,"int":1,"ffum":0},"00-0026991":{"name":"B.Cushing","tkl":2,"ast":4,"sk":0,"int":0,"ffum":0},"00-0024257":{"name":"D.Manning","tkl":5,"ast":0,"sk":0,"int":0,"ffum":0},"00-0023750":{"name":"M.Williams","tkl":4,"ast":1,"sk":2,"int":0,"ffum":0},"00-0024248":{"name":"D.Ryans","tkl":4,"ast":0,"sk":0,"int":0,"ffum":0},"00-0027022":{"name":"C.Barwin","tkl":3,"ast":1,"sk":1,"int":0,"ffum":0},"00-0026948":{"name":"T.Nolan","tkl":3,"ast":0,"sk":0,"int":0,"ffum":0},"00-0026935":{"name":"B.McCain","tkl":3,"ast":0,"sk":0,"int":0,"ffum":0},"00-0023472":{"name":"S.Cody","tkl":2,"ast":0,"sk":1,"int":0,"ffum":0},"00-0022793":{"name":"A.Smith","tkl":2,"ast":0,"sk":1,"int":0,"ffum":0},"00-0027081":{"name":"G.Quin","tkl":2,"ast":0,"sk":0,"int":0,"ffum":0},"00-0026798":{"name":"T.Jamison","tkl":2,"ast":0,"sk":0,"int":0,"ffum":0},"00-0023219":{"name":"T.Bulman","tkl":1,"ast":0,"sk":0,"int":0,"ffum":0},"00-0024239":{"name":"J.Joseph","tkl":1,"ast":0,"sk":0,"int":0,"ffum":0},"00-0027949":{"name":"J.Watt","tkl":1,"ast":0,"sk":0,"int":0,"ffum":0}},"team":{"totfd":17,"totyds":318,"pyds":138,"ryds":180,"pen":9,"penyds":64,"trnovr":0,"pt":5,"ptyds":235,"ptavg":38,"top":"31:43"}},"players":null},"away":{"score":{"1":0,"2":0,"3":7,"4":3,"5":0,"T":10},"abbr":"PIT","to":0,"stats":{"passing":{"00-0022924":{"name":"B.Roethlisberger","att":30,"cmp":16,"yds":206,"tds":0,"ints":1,"twopta":0,"twoptm":0}},"rushing":{"00-0026566":{"name":"I.Redman","att":6,"yds":40,"tds":0,"lng":18,"lngtd":0,"twopta":0,"twoptm":0},"00-0022217":{"name":"M.Moore","att":4,"yds":34,"tds":0,"lng":15,"lngtd":0,"twopta":0,"twoptm":0},"00-0026163":{"name":"R.Mendenhall","att":9,"yds":25,"tds":1,"lng":9,"lngtd":3,"twopta":0,"twoptm":0},"00-0022924":{"name":"B.Roethlisberger","att":2,"yds":11,"tds":0,"lng":8,"lngtd":0,"twopta":0,"twoptm":0},"00-0027793":{"name":"A.Brown","att":1,"yds":8,"tds":0,"lng":8,"lngtd":0,"twopta":0,"twoptm":0}},"receiving":{"00-0027793":{"name":"A.Brown","rec":5,"yds":67,"tds":0,"lng":23,"lngtd":0,"twopta":0,"twoptm":0},"00-0026901":{"name":"M.Wallace","rec":4,"yds":77,"tds":0,"lng":40,"lngtd":0,"twopta":0,"twoptm":0},"00-0023465":{"name":"H.Miller","rec":3,"yds":15,"tds":0,"lng":7,"lngtd":0,"twopta":0,"twoptm":0},"00-0017162":{"name":"H.Ward","rec":1,"yds":19,"tds":0,"lng":19,"lngtd":0,"twopta":0,"twoptm":0},"00-0026566":{"name":"I.Redman","rec":1,"yds":12,"tds":0,"lng":12,"lngtd":0,"twopta":0,"twoptm":0},"00-0027685":{"name":"E.Sanders","rec":1,"yds":10,"tds":0,"lng":10,"lngtd":0,"twopta":0,"twoptm":0},"00-0026957":{"name":"D.Johnson","rec":1,"yds":6,"tds":0,"lng":6,"lngtd":0,"twopta":0,"twoptm":0}},"fumbles":{},"kicking":{"00-0023001":{"name":"S.Suisham","fgm":1,"fga":1,"fgyds":26,"totpfg":3,"xpmade":1,"xpmissed":0,"xpa":1,"xpb":0,"xptot":1}},"punting":{"00-0025499":{"name":"D.Sepulveda","pts":4,"yds":202,"avg":46,"i20":1,"lng":58}},"kickret":{"00-0027793":{"name":"A.Brown","ret":2,"avg":22,"tds":0,"lng":25,"lngtd":0},"00-0026566":{"name":"I.Redman","ret":1,"avg":18,"tds":0,"lng":18,"lngtd":0}},"puntret":{"00-0027793":{"name":"A.Brown","ret":1,"avg":33,"tds":0,"lng":33,"lngtd":0},"00-0027685":{"name":"E.Sanders","ret":1,"avg":10,"tds":0,"lng":10,"lngtd":0}},"defense":{"00-0022119":{"name":"T.Polamalu","tkl":8,"ast":1,"sk":0,"int":0,"ffum":0},"00-0020840":{"name":"R.Clark","tkl":7,"ast":0,"sk":0,"int":0,"ffum":0},"00-0005082":{"name":"J.Farrior","tkl":6,"ast":0,"sk":0,"int":0,"ffum":0},"00-0025433":{"name":"L.Woodley","tkl":4,"ast":1,"sk":0,"int":0,"ffum":0},"00-0025557":{"name":"W.Gay","tkl":3,"ast":1,"sk":0,"int":0,"ffum":0},"00-0015080":{"name":"A.Smith","tkl":3,"ast":1,"sk":0,"int":0,"ffum":0},"00-0020712":{"name":"J.Harrison","tkl":3,"ast":0,"sk":0,"int":0,"ffum":0},"00-0020426":{"name":"C.Hampton","tkl":2,"ast":1,"sk":0,"int":0,"ffum":0},"00-0021246":{"name":"L.Foote","tkl":1,"ast":2,"sk":0,"int":0,"ffum":0},"00-0027969":{"name":"C.Heyward","tkl":2,"ast":0,"sk":0,"int":0,"ffum":0},"00-0025402":{"name":"L.Timmons","tkl":2,"ast":0,"sk":0,"int":0,"ffum":0},"00-0026903":{"name":"K.Lewis","tkl":1,"ast":0,"sk":0,"int":0,"ffum":0},"00-0021891":{"name":"I.Taylor","tkl":1,"ast":0,"sk":0,"int":0,"ffum":0},"00-0027889":{"name":"J.Worilds","tkl":1,"ast":0,"sk":0,"int":0,"ffum":0}},"team":{"totfd":20,"totyds":296,"pyds":178,"ryds":118,"pen":5,"penyds":45,"trnovr":1,"pt":4,"ptyds":202,"ptavg":46,"top":"28:17"}},"players":null},"drives":{"1":{"posteam":"HOU","qtr":1,"redzone":true,"plays":{"36":{"sp":0,"qtr":1,"down":0,"time":"15:00","yrdln":"PIT 35","ydstogo":0,"ydsnet":44,"posteam":"PIT","desc":"S.Suisham kicks 68 yards from PIT 35 to HOU -3. D.Manning to HOU 10 for 13 yards (C.Brown). FUMBLES (C.Brown), recovered by HOU-E.Mitchell at HOU 22. E.Mitchell to HOU 22 for no gain (R.Mundy). PENALTY on HOU-T.Dobbins, Offensive Holding, 5 yards, enforced at HOU 10.","note":"FUMBLE","players":{"00-0028033":[{"sequence":4,"clubcode":"PIT","playerName":"C.Brown","statId":79,"yards":0},{"sequence":6,"clubcode":"PIT","playerName":"C.Brown","statId":91,"yards":0}],"00-0027684":[{"sequence":7,"clubcode":"HOU","playerName":"E.Mitchell","statId":55,"yards":0}],"00-0023001":[{"sequence":1,"clubcode":"PIT","playerName":"S.Suisham","statId":43,"yards":68},{"sequence":3,"clubcode":"PIT","playerName":"S.Suisham","statId":42,"yards":0}],"00-0026334":[{"sequence":8,"clubcode":"PIT","playerName":"R.Mundy","statId":79,"yards":0}],"00-0024257":[{"sequence":2,"clubcode":"HOU","playerName":"D.Manning","statId":45,"yards":13},{"sequence":5,"clubcode":"HOU","playerName":"D.Manning","statId":52,"yards":0}],"00-0024365":[{"sequence":9,"clubcode":"HOU","playerName":"T.Dobbins","statId":93,"yards":5}]}},"69":{"sp":0,"qtr":1,"down":1,"time":"14:44","yrdln":"HOU 5","ydstogo":10,"ydsnet":2,"posteam":"HOU","desc":"(14:44) A.Foster left guard to HOU 7 for 2 yards (L.Timmons).","note":null,"players":{"00-0026796":[{"sequence":1,"clubcode":"HOU","playerName":"A.Foster","statId":10,"yards":2}],"00-0025402":[{"sequence":2,"clubcode":"PIT","playerName":"L.Timmons","statId":79,"yards":0}]}},"97":{"sp":0,"qtr":1,"down":2,"time":"14:11","yrdln":"HOU 7","ydstogo":8,"ydsnet":13,"posteam":"HOU","desc":"(14:11) M.Schaub pass short left to O.Daniels to HOU 18 for 11 yards (J.Harrison).","note":null,"players":{"00-0022787":[{"sequence":2,"clubcode":"HOU","playerName":"M.Schaub","statId":15,"yards":11},{"sequence":3,"clubcode":"HOU","playerName":"M.Schaub","statId":111,"yards":7}],"00-0020712":[{"sequence":7,"clubcode":"PIT","playerName":"J.Harrison","statId":79,"yards":0}],"0":[{"sequence":1,"clubcode":"HOU","playerName":"","statId":4,"yards":0}],"00-0024313":[{"sequence":4,"clubcode":"HOU","playerName":"O.Daniels","statId":21,"yards":11},{"sequence":5,"clubcode":"HOU","playerName":"O.Daniels","statId":115,"yards":0},{"sequence":6,"clubcode":"HOU","playerName":"O.Daniels","statId":113,"yards":4}]}},"121":{"sp":0,"qtr":1,"down":1,"time":"13:29","yrdln":"HOU 18","ydstogo":10,"ydsnet":13,"posteam":"HOU","desc":"(13:29) (Shotgun) M.Schaub pass incomplete short left to A.Johnson.","note":null,"players":{"00-0022787":[{"sequence":1,"clubcode":"HOU","playerName":"M.Schaub","statId":14,"yards":0},{"sequence":3,"clubcode":"HOU","playerName":"M.Schaub","statId":112,"yards":4}],"00-0022044":[{"sequence":2,"clubcode":"HOU","playerName":"A.Johnson","statId":115,"yards":0}]}},"152":{"sp":0,"qtr":1,"down":2,"time":"13:24","yrdln":"HOU 18","ydstogo":10,"ydsnet":22,"posteam":"HOU","desc":"(13:24) A.Foster right tackle to HOU 27 for 9 yards (R.Clark).","note":null,"players":{"00-0026796":[{"sequence":1,"clubcode":"HOU","playerName":"A.Foster","statId":10,"yards":9}],"00-0020840":[{"sequence":2,"clubcode":"PIT","playerName":"R.Clark","statId":79,"yards":0}]}},"174":{"sp":0,"qtr":1,"down":3,"time":"12:49","yrdln":"HOU 27","ydstogo":1,"ydsnet":24,"posteam":"HOU","desc":"(12:49) A.Foster left tackle to HOU 29 for 2 yards (J.Farrior).","note":null,"players":{"00-0026796":[{"sequence":3,"clubcode":"HOU","playerName":"A.Foster","statId":10,"yards":2}],"00-0005082":[{"sequence":4,"clubcode":"PIT","playerName":"J.Farrior","statId":79,"yards":0}],"0":[{"sequence":1,"clubcode":"HOU","playerName":"","statId":3,"yards":0},{"sequence":2,"clubcode":"HOU","playerName":"","statId":6,"yards":0}]}},"195":{"sp":0,"qtr":1,"down":1,"time":"12:07","yrdln":"HOU 29","ydstogo":10,"ydsnet":24,"posteam":"HOU","desc":"(12:07) (Shotgun) M.Schaub pass incomplete short right to O.Daniels (L.Timmons).","note":null,"players":{"00-0022787":[{"sequence":1,"clubcode":"HOU","playerName":"M.Schaub","statId":14,"yards":0},{"sequence":4,"clubcode":"HOU","playerName":"M.Schaub","statId":112,"yards":6}],"00-0025402":[{"sequence":3,"clubcode":"PIT","playerName":"L.Timmons","statId":85,"yards":0}],"00-0024313":[{"sequence":2,"clubcode":"HOU","playerName":"O.Daniels","statId":115,"yards":0}]}},"217":{"sp":0,"qtr":1,"down":2,"time":"12:02","yrdln":"HOU 29","ydstogo":10,"ydsnet":44,"posteam":"HOU","desc":"(12:02) B.Tate right tackle to HOU 49 for 20 yards (R.Clark, W.Gay). PIT-R.Clark was injured during the play.","note":null,"players":{"00-0025557":[{"sequence":4,"clubcode":"PIT","playerName":"W.Gay","statId":82,"yards":0}],"0":[{"sequence":1,"clubcode":"HOU","playerName":"","statId":3,"yards":0}],"00-0020840":[{"sequence":3,"clubcode":"PIT","playerName":"R.Clark","statId":80,"yards":0}],"00-0027890":[{"sequence":2,"clubcode":"HOU","playerName":"B.Tate","statId":10,"yards":20}]}},"238":{"sp":0,"qtr":1,"down":1,"time":"11:30","yrdln":"HOU 49","ydstogo":10,"ydsnet":34,"posteam":"HOU","desc":"(11:30) A.Foster left end pushed ob at PIT 46 for 5 yards (T.Polamalu). PENALTY on HOU-J.Dreessen, Offensive Holding, 10 yards, enforced at HOU 49 - No Play.","note":"PENALTY","players":{"00-0023630":[{"sequence":1,"clubcode":"HOU","playerName":"J.Dreessen","statId":93,"yards":10}]}},"274":{"sp":0,"qtr":1,"down":1,"time":"11:11","yrdln":"HOU 39","ydstogo":20,"ydsnet":48,"posteam":"HOU","desc":"(11:11) M.Schaub pass short right to J.Dreessen to PIT 47 for 14 yards (L.Woodley, L.Foote).","note":null,"players":{"00-0022787":[{"sequence":1,"clubcode":"HOU","playerName":"M.Schaub","statId":15,"yards":14},{"sequence":2,"clubcode":"HOU","playerName":"M.Schaub","statId":111,"yards":-1}],"00-0023630":[{"sequence":3,"clubcode":"HOU","playerName":"J.Dreessen","statId":21,"yards":14},{"sequence":4,"clubcode":"HOU","playerName":"J.Dreessen","statId":115,"yards":0},{"sequence":5,"clubcode":"HOU","playerName":"J.Dreessen","statId":113,"yards":15}],"00-0021246":[{"sequence":7,"clubcode":"PIT","playerName":"L.Foote","statId":82,"yards":0}],"00-0025433":[{"sequence":6,"clubcode":"PIT","playerName":"L.Woodley","statId":80,"yards":0}]}},"298":{"sp":0,"qtr":1,"down":2,"time":"10:30","yrdln":"PIT 47","ydstogo":6,"ydsnet":53,"posteam":"HOU","desc":"(10:30) A.Foster up the middle to PIT 42 for 5 yards (L.Woodley).","note":null,"players":{"00-0026796":[{"sequence":1,"clubcode":"HOU","playerName":"A.Foster","statId":10,"yards":5}],"00-0025433":[{"sequence":2,"clubcode":"PIT","playerName":"L.Woodley","statId":79,"yards":0}]}},"319":{"sp":0,"qtr":1,"down":3,"time":"09:51","yrdln":"PIT 42","ydstogo":1,"ydsnet":28,"posteam":"HOU","desc":"(9:51) A.Foster right end to PIT 41 for 1 yard (R.Clark). PENALTY on HOU-J.Dreessen, Offensive Holding, 10 yards, enforced at PIT 41.","note":"PENALTY","players":{"00-0026796":[{"sequence":1,"clubcode":"HOU","playerName":"A.Foster","statId":10,"yards":1}],"00-0023630":[{"sequence":3,"clubcode":"HOU","playerName":"J.Dreessen","statId":93,"yards":10}],"00-0020840":[{"sequence":2,"clubcode":"PIT","playerName":"R.Clark","statId":79,"yards":0}]}},"351":{"sp":0,"qtr":1,"down":3,"time":"09:17","yrdln":"HOU 49","ydstogo":10,"ydsnet":73,"posteam":"HOU","desc":"(9:17) (Shotgun) M.Schaub pass deep right to O.Daniels to PIT 33 for 18 yards (L.Foote; L.Woodley).","note":null,"players":{"00-0022787":[{"sequence":3,"clubcode":"HOU","playerName":"M.Schaub","statId":15,"yards":18},{"sequence":4,"clubcode":"HOU","playerName":"M.Schaub","statId":111,"yards":16}],"0":[{"sequence":1,"clubcode":"HOU","playerName":"","statId":4,"yards":0},{"sequence":2,"clubcode":"HOU","playerName":"","statId":6,"yards":0}],"00-0021246":[{"sequence":8,"clubcode":"PIT","playerName":"L.Foote","statId":82,"yards":0}],"00-0024313":[{"sequence":5,"clubcode":"HOU","playerName":"O.Daniels","statId":21,"yards":18},{"sequence":6,"clubcode":"HOU","playerName":"O.Daniels","statId":115,"yards":0},{"sequence":7,"clubcode":"HOU","playerName":"O.Daniels","statId":113,"yards":2}],"00-0025433":[{"sequence":9,"clubcode":"PIT","playerName":"L.Woodley","statId":82,"yards":0}]}},"375":{"sp":0,"qtr":1,"down":1,"time":"08:33","yrdln":"PIT 33","ydstogo":10,"ydsnet":95,"posteam":"HOU","desc":"(8:33) A.Foster left tackle to PIT 27 for 6 yards (L.Foote).","note":null,"players":{"00-0026796":[{"sequence":1,"clubcode":"HOU","playerName":"A.Foster","statId":10,"yards":6}],"00-0021246":[{"sequence":2,"clubcode":"PIT","playerName":"L.Foote","statId":79,"yards":0}]}},"396":{"sp":0,"qtr":1,"down":2,"time":"07:54","yrdln":"PIT 27","ydstogo":4,"ydsnet":95,"posteam":"HOU","desc":"(7:54) A.Foster right tackle to PIT 22 for 5 yards (L.Timmons).","note":null,"players":{"00-0026796":[{"sequence":2,"clubcode":"HOU","playerName":"A.Foster","statId":10,"yards":5}],"00-0025402":[{"sequence":3,"clubcode":"PIT","playerName":"L.Timmons","statId":79,"yards":0}],"0":[{"sequence":1,"clubcode":"HOU","playerName":"","statId":3,"yards":0}]}},"417":{"sp":0,"qtr":1,"down":1,"time":"07:16","yrdln":"PIT 22","ydstogo":10,"ydsnet":73,"posteam":"HOU","desc":"(7:16) B.Tate left guard to PIT 22 for no gain (J.Harrison).","note":null,"players":{"00-0020712":[{"sequence":2,"clubcode":"PIT","playerName":"J.Harrison","statId":79,"yards":0}],"00-0027890":[{"sequence":1,"clubcode":"HOU","playerName":"B.Tate","statId":10,"yards":0}]}},"438":{"sp":0,"qtr":1,"down":2,"time":"06:46","yrdln":"PIT 22","ydstogo":10,"ydsnet":95,"posteam":"HOU","desc":"(6:46) M.Schaub pass short left to A.Foster pushed ob at PIT 14 for 8 yards (T.Polamalu).","note":null,"players":{"00-0026796":[{"sequence":3,"clubcode":"HOU","playerName":"A.Foster","statId":21,"yards":8},{"sequence":4,"clubcode":"HOU","playerName":"A.Foster","statId":115,"yards":0},{"sequence":5,"clubcode":"HOU","playerName":"A.Foster","statId":113,"yards":7}],"00-0022787":[{"sequence":1,"clubcode":"HOU","playerName":"M.Schaub","statId":15,"yards":8},{"sequence":2,"clubcode":"HOU","playerName":"M.Schaub","statId":111,"yards":1}],"00-0022119":[{"sequence":6,"clubcode":"PIT","playerName":"T.Polamalu","statId":79,"yards":0}]}},"462":{"sp":0,"qtr":1,"down":3,"time":"06:10","yrdln":"PIT 14","ydstogo":2,"ydsnet":95,"posteam":"HOU","desc":"(6:10) M.Schaub up the middle to PIT 12 for 2 yards (W.Gay).","note":null,"players":{"00-0022787":[{"sequence":3,"clubcode":"HOU","playerName":"M.Schaub","statId":10,"yards":2}],"00-0025557":[{"sequence":4,"clubcode":"PIT","playerName":"W.Gay","statId":79,"yards":0}],"0":[{"sequence":1,"clubcode":"HOU","playerName":"","statId":3,"yards":0},{"sequence":2,"clubcode":"HOU","playerName":"","statId":6,"yards":0}]}},"483":{"sp":0,"qtr":1,"down":1,"time":"05:28","yrdln":"PIT 12","ydstogo":10,"ydsnet":21,"posteam":"HOU","desc":"(5:28) A.Foster left guard to PIT 6 for 6 yards (R.Clark).","note":null,"players":{"00-0026796":[{"sequence":1,"clubcode":"HOU","playerName":"A.Foster","statId":10,"yards":6}],"00-0020840":[{"sequence":2,"clubcode":"PIT","playerName":"R.Clark","statId":79,"yards":0}]}},"504":{"sp":0,"qtr":1,"down":2,"time":"04:51","yrdln":"PIT 6","ydstogo":4,"ydsnet":26,"posteam":"HOU","desc":"(4:51) A.Foster right guard to PIT 1 for 5 yards (J.Farrior).","note":null,"players":{"00-0026796":[{"sequence":2,"clubcode":"HOU","playerName":"A.Foster","statId":10,"yards":5}],"00-0005082":[{"sequence":3,"clubcode":"PIT","playerName":"J.Farrior","statId":79,"yards":0}],"0":[{"sequence":1,"clubcode":"HOU","playerName":"","statId":3,"yards":0}]}},"525":{"sp":1,"qtr":1,"down":1,"time":"04:11","yrdln":"PIT 1","ydstogo":1,"ydsnet":95,"posteam":"HOU","desc":"(4:11) M.Schaub pass short left to O.Daniels for 1 yard, TOUCHDOWN.","note":"TD","players":{"00-0022787":[{"sequence":2,"clubcode":"HOU","playerName":"M.Schaub","statId":16,"yards":1},{"sequence":3,"clubcode":"HOU","playerName":"M.Schaub","statId":111,"yards":1}],"0":[{"sequence":1,"clubcode":"HOU","playerName":"","statId":4,"yards":0}],"00-0024313":[{"sequence":4,"clubcode":"HOU","playerName":"O.Daniels","statId":22,"yards":1},{"sequence":5,"clubcode":"HOU","playerName":"O.Daniels","statId":115,"yards":0},{"sequence":6,"clubcode":"HOU","playerName":"O.Daniels","statId":113,"yards":0}]}},"545":{"sp":1,"qtr":1,"down":0,"time":"04:05","yrdln":"PIT 2","ydstogo":0,"ydsnet":95,"posteam":"HOU","desc":"N.Rackers extra point is GOOD, Center-J.Weeks, Holder-B.Hartmann.","note":"XP","players":{"00-0019676":[{"sequence":1,"clubcode":"HOU","playerName":"N.Rackers","statId":72,"yards":0}]}}},"fds":8,"result":"Touchdown","penyds":-20,"ydsgained":115,"numplays":22,"postime":"10:55","start":{"qtr":1,"time":"15:00","yrdln":"HOU 5","team":"HOU"},"end":{"qtr":1,"time":"04:05","yrdln":"PIT 1","team":"HOU"}},"2":{"posteam":"PIT","qtr":1,"redzone":true,"plays":{"561":{"sp":0,"qtr":1,"down":0,"time":"04:05","yrdln":"HOU 35","ydstogo":0,"ydsnet":0,"posteam":"HOU","desc":"N.Rackers kicks 65 yards from HOU 35 to end zone, Touchback.","note":"KICKOFF","players":{"0":[{"sequence":2,"clubcode":"PIT","playerName":"","statId":51,"yards":0}],"00-0019676":[{"sequence":1,"clubcode":"HOU","playerName":"N.Rackers","statId":44,"yards":65}]}},"575":{"sp":0,"qtr":1,"down":1,"time":"04:05","yrdln":"PIT 20","ydstogo":10,"ydsnet":5,"posteam":"PIT","desc":"(4:05) R.Mendenhall left tackle to PIT 20 for no gain (B.Cushing). PENALTY on HOU-M.Williams, Defensive Offside, 5 yards, enforced at PIT 20 - No Play.","note":"PENALTY","players":{"00-0023750":[{"sequence":1,"clubcode":"HOU","playerName":"M.Williams","statId":93,"yards":5}]}},"607":{"sp":0,"qtr":1,"down":1,"time":"03:45","yrdln":"PIT 25","ydstogo":5,"ydsnet":11,"posteam":"PIT","desc":"(3:45) R.Mendenhall right end to PIT 31 for 6 yards (J.Allen, B.Cushing).","note":null,"players":{"00-0024231":[{"sequence":3,"clubcode":"HOU","playerName":"J.Allen","statId":80,"yards":0}],"0":[{"sequence":1,"clubcode":"PIT","playerName":"","statId":3,"yards":0}],"00-0026991":[{"sequence":4,"clubcode":"HOU","playerName":"B.Cushing","statId":82,"yards":0}],"00-0026163":[{"sequence":2,"clubcode":"PIT","playerName":"R.Mendenhall","statId":10,"yards":6}]}},"628":{"sp":0,"qtr":1,"down":1,"time":"03:10","yrdln":"PIT 31","ydstogo":10,"ydsnet":28,"posteam":"PIT","desc":"(3:10) B.Roethlisberger pass short right to M.Wallace to HOU 47 for 22 yards (C.Barwin). PENALTY on PIT-M.Wallace, Unsportsmanlike Conduct, 15 yards, enforced between downs.","note":"PENALTY","players":{"0":[{"sequence":1,"clubcode":"PIT","playerName":"","statId":4,"yards":0}],"00-0026901":[{"sequence":4,"clubcode":"PIT","playerName":"M.Wallace","statId":21,"yards":22},{"sequence":5,"clubcode":"PIT","playerName":"M.Wallace","statId":115,"yards":0},{"sequence":6,"clubcode":"PIT","playerName":"M.Wallace","statId":113,"yards":17},{"sequence":8,"clubcode":"PIT","playerName":"M.Wallace","statId":93,"yards":15}],"00-0027022":[{"sequence":7,"clubcode":"HOU","playerName":"C.Barwin","statId":79,"yards":0}],"00-0022924":[{"sequence":2,"clubcode":"PIT","playerName":"B.Roethlisberger","statId":15,"yards":22},{"sequence":3,"clubcode":"PIT","playerName":"B.Roethlisberger","statId":111,"yards":5}]}},"663":{"sp":0,"qtr":1,"down":1,"time":"02:41","yrdln":"PIT 38","ydstogo":10,"ydsnet":28,"posteam":"PIT","desc":"(2:41) B.Roethlisberger pass short left to E.Sanders to PIT 48 for 10 yards (J.Allen).","note":null,"players":{"00-0024231":[{"sequence":7,"clubcode":"HOU","playerName":"J.Allen","statId":79,"yards":0}],"00-0027685":[{"sequence":4,"clubcode":"PIT","playerName":"E.Sanders","statId":21,"yards":10},{"sequence":5,"clubcode":"PIT","playerName":"E.Sanders","statId":115,"yards":0},{"sequence":6,"clubcode":"PIT","playerName":"E.Sanders","statId":113,"yards":7}],"0":[{"sequence":1,"clubcode":"PIT","playerName":"","statId":4,"yards":0}],"00-0022924":[{"sequence":2,"clubcode":"PIT","playerName":"B.Roethlisberger","statId":15,"yards":10},{"sequence":3,"clubcode":"PIT","playerName":"B.Roethlisberger","statId":111,"yards":3}]}},"687":{"sp":0,"qtr":1,"down":1,"time":"01:59","yrdln":"PIT 48","ydstogo":10,"ydsnet":28,"posteam":"PIT","desc":"(1:59) B.Roethlisberger pass incomplete short middle to D.Johnson (D.Ryans).","note":null,"players":{"00-0024248":[{"sequence":3,"clubcode":"HOU","playerName":"D.Ryans","statId":85,"yards":0}],"00-0026957":[{"sequence":2,"clubcode":"PIT","playerName":"D.Johnson","statId":115,"yards":0}],"00-0022924":[{"sequence":1,"clubcode":"PIT","playerName":"B.Roethlisberger","statId":14,"yards":0},{"sequence":4,"clubcode":"PIT","playerName":"B.Roethlisberger","statId":112,"yards":4}]}},"709":{"sp":0,"qtr":1,"down":2,"time":"01:55","yrdln":"PIT 48","ydstogo":10,"ydsnet":28,"posteam":"PIT","desc":"(1:55) B.Roethlisberger pass incomplete short left to R.Mendenhall.","note":null,"players":{"00-0026163":[{"sequence":2,"clubcode":"PIT","playerName":"R.Mendenhall","statId":115,"yards":0}],"00-0022924":[{"sequence":1,"clubcode":"PIT","playerName":"B.Roethlisberger","statId":14,"yards":0},{"sequence":3,"clubcode":"PIT","playerName":"B.Roethlisberger","statId":112,"yards":-7}]}},"731":{"sp":0,"qtr":1,"down":3,"time":"01:49","yrdln":"PIT 48","ydstogo":10,"ydsnet":28,"posteam":"PIT","desc":"(1:49) (Shotgun) B.Roethlisberger sacked at PIT 37 for -11 yards (C.Barwin). FUMBLES (C.Barwin), RECOVERED by HOU-B.Cushing at PIT 37. B.Cushing to PIT 37 for no gain (M.Gilbert). PENALTY on HOU-Unidentified, Illegal Contact, 5 yards, enforced at PIT 48 - No Play. (No number report for the penalty)","note":"PENALTY","players":{"0":[{"sequence":1,"clubcode":"PIT","playerName":"","statId":5,"yards":0},{"sequence":2,"clubcode":"HOU","playerName":"","statId":93,"yards":5}]}},"789":{"sp":0,"qtr":1,"down":1,"time":"01:40","yrdln":"HOU 47","ydstogo":10,"ydsnet":33,"posteam":"PIT","desc":"(1:40) R.Mendenhall up the middle to HOU 47 for no gain (T.Bulman, C.Barwin).","note":null,"players":{"00-0023219":[{"sequence":2,"clubcode":"HOU","playerName":"T.Bulman","statId":80,"yards":0}],"00-0027022":[{"sequence":3,"clubcode":"HOU","playerName":"C.Barwin","statId":82,"yards":0}],"00-0026163":[{"sequence":1,"clubcode":"PIT","playerName":"R.Mendenhall","statId":10,"yards":0}]}},"810":{"sp":0,"qtr":1,"down":2,"time":"00:54","yrdln":"HOU 47","ydstogo":10,"ydsnet":33,"posteam":"PIT","desc":"(:54) (Shotgun) B.Roethlisberger pass incomplete deep right to J.Cotchery [D.Manning].","note":null,"players":{"00-0024257":[{"sequence":3,"clubcode":"HOU","playerName":"D.Manning","statId":110,"yards":0}],"00-0022811":[{"sequence":2,"clubcode":"PIT","playerName":"J.Cotchery","statId":115,"yards":0}],"00-0022924":[{"sequence":1,"clubcode":"PIT","playerName":"B.Roethlisberger","statId":14,"yards":0},{"sequence":4,"clubcode":"PIT","playerName":"B.Roethlisberger","statId":112,"yards":16}]}},"834":{"sp":0,"qtr":1,"down":3,"time":"00:50","yrdln":"HOU 47","ydstogo":10,"ydsnet":28,"posteam":"PIT","desc":"(:50) (Shotgun) B.Roethlisberger sacked at PIT 48 for -5 yards (C.Barwin).","note":null,"players":{"0":[{"sequence":1,"clubcode":"PIT","playerName":"","statId":7,"yards":0}],"00-0027022":[{"sequence":3,"clubcode":"HOU","playerName":"C.Barwin","statId":83,"yards":-5},{"sequence":4,"clubcode":"HOU","playerName":"C.Barwin","statId":110,"yards":0},{"sequence":5,"clubcode":"HOU","playerName":"C.Barwin","statId":79,"yards":0},{"sequence":6,"clubcode":"HOU","playerName":"C.Barwin","statId":120,"yards":0}],"00-0022924":[{"sequence":2,"clubcode":"PIT","playerName":"B.Roethlisberger","statId":20,"yards":-5}]}},"857":{"sp":0,"qtr":1,"down":4,"time":"00:26","yrdln":"PIT 48","ydstogo":15,"ydsnet":28,"posteam":"PIT","desc":"(:26) D.Sepulveda punts 46 yards to HOU 6, Center-G.Warren, downed by PIT-R.Mundy. (The punt hang time was 4.7 seconds.)","note":"PUNT","players":{"00-0025499":[{"sequence":1,"clubcode":"PIT","playerName":"D.Sepulveda","statId":29,"yards":46},{"sequence":2,"clubcode":"PIT","playerName":"D.Sepulveda","statId":30,"yards":0}],"0":[{"sequence":3,"clubcode":"HOU","playerName":"","statId":38,"yards":0}]}}},"fds":4,"result":"Punt","penyds":-5,"ydsgained":33,"numplays":12,"postime":"3:50","start":{"qtr":1,"time":"04:05","yrdln":"PIT 20","team":"PIT"},"end":{"qtr":1,"time":"00:15","yrdln":"PIT 48","team":"PIT"}},"3":{"posteam":"HOU","qtr":2,"redzone":true,"plays":{"877":{"sp":0,"qtr":1,"down":1,"time":"00:15","yrdln":"HOU 6","ydstogo":10,"ydsnet":3,"posteam":"HOU","desc":"(:15) A.Foster left guard to HOU 9 for 3 yards (A.Smith; T.Polamalu).","note":null,"players":{"00-0026796":[{"sequence":1,"clubcode":"HOU","playerName":"A.Foster","statId":10,"yards":3}],"00-0022119":[{"sequence":3,"clubcode":"PIT","playerName":"T.Polamalu","statId":82,"yards":0}],"00-0015080":[{"sequence":2,"clubcode":"PIT","playerName":"A.Smith","statId":82,"yards":0}]}},"898":{"sp":0,"qtr":1,"down":0,"time":"","yrdln":"","ydstogo":0,"ydsnet":3,"posteam":"","desc":"END QUARTER 1","note":null,"players":{}},"914":{"sp":0,"qtr":2,"down":2,"time":"15:00","yrdln":"HOU 9","ydstogo":7,"ydsnet":37,"posteam":"HOU","desc":"(15:00) M.Schaub pass deep left to O.Daniels to HOU 36 for 27 yards (I.Taylor). PENALTY on HOU-C.Myers, Offensive Holding, 4 yards, enforced at HOU 9 - No Play.","note":"PENALTY","players":{"00-0023633":[{"sequence":1,"clubcode":"HOU","playerName":"C.Myers","statId":93,"yards":4}]}},"948":{"sp":0,"qtr":2,"down":2,"time":"14:26","yrdln":"HOU 5","ydstogo":11,"ydsnet":17,"posteam":"HOU","desc":"(14:26) (Shotgun) A.Foster left tackle pushed ob at HOU 23 for 18 yards (R.Clark).","note":null,"players":{"00-0026796":[{"sequence":2,"clubcode":"HOU","playerName":"A.Foster","statId":10,"yards":18}],"0":[{"sequence":1,"clubcode":"HOU","playerName":"","statId":3,"yards":0}],"00-0020840":[{"sequence":3,"clubcode":"PIT","playerName":"R.Clark","statId":79,"yards":0}]}},"969":{"sp":0,"qtr":2,"down":1,"time":"13:54","yrdln":"HOU 23","ydstogo":10,"ydsnet":17,"posteam":"HOU","desc":"(13:54) M.Schaub pass incomplete deep middle to O.Daniels.","note":null,"players":{"00-0022787":[{"sequence":1,"clubcode":"HOU","playerName":"M.Schaub","statId":14,"yards":0},{"sequence":3,"clubcode":"HOU","playerName":"M.Schaub","statId":112,"yards":21}],"00-0024313":[{"sequence":2,"clubcode":"HOU","playerName":"O.Daniels","statId":115,"yards":0}]}},"998":{"sp":0,"qtr":2,"down":2,"time":"13:48","yrdln":"HOU 23","ydstogo":10,"ydsnet":21,"posteam":"HOU","desc":"(13:48) A.Foster right end to HOU 27 for 4 yards (J.Farrior).","note":null,"players":{"00-0026796":[{"sequence":1,"clubcode":"HOU","playerName":"A.Foster","statId":10,"yards":4}],"00-0005082":[{"sequence":2,"clubcode":"PIT","playerName":"J.Farrior","statId":79,"yards":0}]}},"1019":{"sp":0,"qtr":2,"down":3,"time":"13:05","yrdln":"HOU 27","ydstogo":6,"ydsnet":29,"posteam":"HOU","desc":"(13:05) M.Schaub pass short left to A.Johnson to HOU 35 for 8 yards (T.Polamalu).","note":null,"players":{"00-0022787":[{"sequence":3,"clubcode":"HOU","playerName":"M.Schaub","statId":15,"yards":8},{"sequence":4,"clubcode":"HOU","playerName":"M.Schaub","statId":111,"yards":7}],"0":[{"sequence":1,"clubcode":"HOU","playerName":"","statId":4,"yards":0},{"sequence":2,"clubcode":"HOU","playerName":"","statId":6,"yards":0}],"00-0022044":[{"sequence":5,"clubcode":"HOU","playerName":"A.Johnson","statId":21,"yards":8},{"sequence":6,"clubcode":"HOU","playerName":"A.Johnson","statId":115,"yards":0},{"sequence":7,"clubcode":"HOU","playerName":"A.Johnson","statId":113,"yards":1}],"00-0022119":[{"sequence":8,"clubcode":"PIT","playerName":"T.Polamalu","statId":79,"yards":0}]}},"1043":{"sp":0,"qtr":2,"down":1,"time":"12:26","yrdln":"HOU 35","ydstogo":10,"ydsnet":31,"posteam":"HOU","desc":"(12:26) A.Foster up the middle to HOU 37 for 2 yards (C.Heyward).","note":null,"players":{"00-0026796":[{"sequence":1,"clubcode":"HOU","playerName":"A.Foster","statId":10,"yards":2}],"00-0027969":[{"sequence":2,"clubcode":"PIT","playerName":"C.Heyward","statId":79,"yards":0}]}},"1064":{"sp":0,"qtr":2,"down":2,"time":"11:47","yrdln":"HOU 37","ydstogo":8,"ydsnet":36,"posteam":"HOU","desc":"(11:47) M.Schaub pass short left to A.Johnson to HOU 42 for 5 yards (T.Polamalu).","note":null,"players":{"00-0022787":[{"sequence":1,"clubcode":"HOU","playerName":"M.Schaub","statId":15,"yards":5},{"sequence":2,"clubcode":"HOU","playerName":"M.Schaub","statId":111,"yards":4}],"00-0022044":[{"sequence":3,"clubcode":"HOU","playerName":"A.Johnson","statId":21,"yards":5},{"sequence":4,"clubcode":"HOU","playerName":"A.Johnson","statId":115,"yards":0},{"sequence":5,"clubcode":"HOU","playerName":"A.Johnson","statId":113,"yards":1}],"00-0022119":[{"sequence":6,"clubcode":"PIT","playerName":"T.Polamalu","statId":79,"yards":0}]}},"1088":{"sp":0,"qtr":2,"down":3,"time":"11:03","yrdln":"HOU 42","ydstogo":3,"ydsnet":37,"posteam":"HOU","desc":"(11:03) A.Foster left guard to HOU 43 for 1 yard (A.Smith).","note":null,"players":{"00-0026796":[{"sequence":2,"clubcode":"HOU","playerName":"A.Foster","statId":10,"yards":1}],"0":[{"sequence":1,"clubcode":"HOU","playerName":"","statId":7,"yards":0}],"00-0015080":[{"sequence":3,"clubcode":"PIT","playerName":"A.Smith","statId":79,"yards":0}]}},"1109":{"sp":0,"qtr":2,"down":4,"time":"10:27","yrdln":"HOU 43","ydstogo":2,"ydsnet":37,"posteam":"HOU","desc":"(10:27) B.Hartmann punts 51 yards to PIT 6, Center-J.Weeks, fair catch by A.Brown.","note":"PUNT","players":{"00-0028540":[{"sequence":1,"clubcode":"HOU","playerName":"B.Hartmann","statId":29,"yards":51},{"sequence":2,"clubcode":"HOU","playerName":"B.Hartmann","statId":30,"yards":0}],"00-0027793":[{"sequence":3,"clubcode":"PIT","playerName":"A.Brown","statId":39,"yards":0}]}}},"fds":2,"result":"Punt","penyds":-4,"ydsgained":41,"numplays":11,"postime":"4:56","start":{"qtr":1,"time":"00:15","yrdln":"HOU 6","team":"HOU"},"end":{"qtr":1,"time":"10:19","yrdln":"HOU 43","team":"HOU"}},"4":{"posteam":"PIT","qtr":2,"redzone":true,"plays":{"1128":{"sp":0,"qtr":2,"down":1,"time":"10:19","yrdln":"PIT 6","ydstogo":10,"ydsnet":-1,"posteam":"PIT","desc":"(10:19) R.Mendenhall right end to PIT 5 for -1 yards (J.Allen).","note":null,"players":{"00-0024231":[{"sequence":3,"clubcode":"HOU","playerName":"J.Allen","statId":79,"yards":0},{"sequence":4,"clubcode":"HOU","playerName":"J.Allen","statId":120,"yards":0}],"0":[{"sequence":2,"clubcode":"PIT","playerName":"","statId":95,"yards":-1}],"00-0026163":[{"sequence":1,"clubcode":"PIT","playerName":"R.Mendenhall","statId":10,"yards":-1}]}},"1149":{"sp":0,"qtr":2,"down":2,"time":"09:43","yrdln":"PIT 5","ydstogo":11,"ydsnet":8,"posteam":"PIT","desc":"(9:43) R.Mendenhall right end to PIT 14 for 9 yards (B.Cushing).","note":null,"players":{"00-0026991":[{"sequence":2,"clubcode":"HOU","playerName":"B.Cushing","statId":79,"yards":0}],"00-0026163":[{"sequence":1,"clubcode":"PIT","playerName":"R.Mendenhall","statId":10,"yards":9}]}},"1170":{"sp":0,"qtr":2,"down":3,"time":"08:57","yrdln":"PIT 14","ydstogo":2,"ydsnet":9,"posteam":"PIT","desc":"(8:57) B.Roethlisberger pass short left to H.Miller to PIT 15 for 1 yard (J.Joseph, M.Williams).","note":null,"players":{"00-0023465":[{"sequence":4,"clubcode":"PIT","playerName":"H.Miller","statId":21,"yards":1},{"sequence":5,"clubcode":"PIT","playerName":"H.Miller","statId":115,"yards":0},{"sequence":6,"clubcode":"PIT","playerName":"H.Miller","statId":113,"yards":0}],"00-0024239":[{"sequence":7,"clubcode":"HOU","playerName":"J.Joseph","statId":80,"yards":0}],"0":[{"sequence":1,"clubcode":"PIT","playerName":"","statId":7,"yards":0}],"00-0023750":[{"sequence":8,"clubcode":"HOU","playerName":"M.Williams","statId":82,"yards":0}],"00-0022924":[{"sequence":2,"clubcode":"PIT","playerName":"B.Roethlisberger","statId":15,"yards":1},{"sequence":3,"clubcode":"PIT","playerName":"B.Roethlisberger","statId":111,"yards":1}]}},"1194":{"sp":0,"qtr":2,"down":4,"time":"08:23","yrdln":"PIT 15","ydstogo":1,"ydsnet":9,"posteam":"PIT","desc":"(8:23) D.Sepulveda punts 43 yards to HOU 42, Center-G.Warren. J.Jones to HOU 43 for 1 yard (L.Foote). PENALTY on HOU-B.Harris, Offensive Holding, 10 yards, enforced at HOU 43. (The punt hang time was 4.1 seconds.)","note":"PUNT","players":{"00-0025499":[{"sequence":1,"clubcode":"PIT","playerName":"D.Sepulveda","statId":29,"yards":43}],"00-0025460":[{"sequence":2,"clubcode":"HOU","playerName":"J.Jones","statId":33,"yards":1}],"00-0021246":[{"sequence":3,"clubcode":"PIT","playerName":"L.Foote","statId":79,"yards":0}],"00-0027998":[{"sequence":4,"clubcode":"HOU","playerName":"B.Harris","statId":93,"yards":10}]}}},"fds":0,"result":"Punt","penyds":0,"ydsgained":9,"numplays":4,"postime":"2:05","start":{"qtr":2,"time":"10:19","yrdln":"PIT 6","team":"PIT"},"end":{"qtr":2,"time":"08:14","yrdln":"PIT 15","team":"PIT"}},"5":{"posteam":"HOU","qtr":2,"redzone":true,"plays":{"1230":{"sp":0,"qtr":2,"down":1,"time":"08:14","yrdln":"HOU 33","ydstogo":10,"ydsnet":6,"posteam":"HOU","desc":"(8:14) A.Foster left tackle to HOU 39 for 6 yards (C.Hampton).","note":null,"players":{"00-0026796":[{"sequence":1,"clubcode":"HOU","playerName":"A.Foster","statId":10,"yards":6}],"00-0020426":[{"sequence":2,"clubcode":"PIT","playerName":"C.Hampton","statId":79,"yards":0}]}},"1259":{"sp":0,"qtr":2,"down":2,"time":"07:36","yrdln":"HOU 39","ydstogo":4,"ydsnet":7,"posteam":"HOU","desc":"(7:36) A.Foster right tackle to HOU 40 for 1 yard (J.Harrison).","note":null,"players":{"00-0026796":[{"sequence":1,"clubcode":"HOU","playerName":"A.Foster","statId":10,"yards":1}],"00-0020712":[{"sequence":2,"clubcode":"PIT","playerName":"J.Harrison","statId":79,"yards":0}]}},"1280":{"sp":0,"qtr":2,"down":3,"time":"06:55","yrdln":"HOU 40","ydstogo":3,"ydsnet":17,"posteam":"HOU","desc":"(6:55) M.Schaub pass short middle to A.Johnson to 50 for 10 yards (I.Taylor).","note":null,"players":{"00-0022787":[{"sequence":3,"clubcode":"HOU","playerName":"M.Schaub","statId":15,"yards":10},{"sequence":4,"clubcode":"HOU","playerName":"M.Schaub","statId":111,"yards":7}],"00-0021891":[{"sequence":8,"clubcode":"PIT","playerName":"I.Taylor","statId":79,"yards":0}],"0":[{"sequence":1,"clubcode":"HOU","playerName":"","statId":4,"yards":0},{"sequence":2,"clubcode":"HOU","playerName":"","statId":6,"yards":0}],"00-0022044":[{"sequence":5,"clubcode":"HOU","playerName":"A.Johnson","statId":21,"yards":10},{"sequence":6,"clubcode":"HOU","playerName":"A.Johnson","statId":115,"yards":0},{"sequence":7,"clubcode":"HOU","playerName":"A.Johnson","statId":113,"yards":3}]}},"1304":{"sp":0,"qtr":2,"down":1,"time":"06:20","yrdln":"50","ydstogo":10,"ydsnet":60,"posteam":"HOU","desc":"(6:20) M.Schaub pass short middle to A.Johnson to PIT 37 for 13 yards (W.Gay). HOU-A.Johnson was injured during the play. His return is Questionable.","note":null,"players":{"00-0022787":[{"sequence":2,"clubcode":"HOU","playerName":"M.Schaub","statId":15,"yards":13},{"sequence":3,"clubcode":"HOU","playerName":"M.Schaub","statId":111,"yards":4}],"00-0025557":[{"sequence":7,"clubcode":"PIT","playerName":"W.Gay","statId":79,"yards":0}],"0":[{"sequence":1,"clubcode":"HOU","playerName":"","statId":4,"yards":0}],"00-0022044":[{"sequence":4,"clubcode":"HOU","playerName":"A.Johnson","statId":21,"yards":13},{"sequence":5,"clubcode":"HOU","playerName":"A.Johnson","statId":115,"yards":0},{"sequence":6,"clubcode":"HOU","playerName":"A.Johnson","statId":113,"yards":9}]}},"1328":{"sp":0,"qtr":2,"down":1,"time":"06:00","yrdln":"PIT 37","ydstogo":10,"ydsnet":60,"posteam":"HOU","desc":"(6:00) M.Schaub pass short left to J.Casey to PIT 29 for 8 yards (T.Polamalu). PIT-J.Harrison was injured during the play. His return is Questionable.","note":null,"players":{"00-0022787":[{"sequence":1,"clubcode":"HOU","playerName":"M.Schaub","statId":15,"yards":8},{"sequence":2,"clubcode":"HOU","playerName":"M.Schaub","statId":111,"yards":-4}],"00-0022119":[{"sequence":6,"clubcode":"PIT","playerName":"T.Polamalu","statId":79,"yards":0}],"00-0027109":[{"sequence":3,"clubcode":"HOU","playerName":"J.Casey","statId":21,"yards":8},{"sequence":4,"clubcode":"HOU","playerName":"J.Casey","statId":115,"yards":0},{"sequence":5,"clubcode":"HOU","playerName":"J.Casey","statId":113,"yards":12}]}},"1360":{"sp":0,"qtr":2,"down":2,"time":"05:19","yrdln":"PIT 29","ydstogo":2,"ydsnet":42,"posteam":"HOU","desc":"(5:19) A.Foster left tackle to PIT 25 for 4 yards (R.Clark).","note":null,"players":{"00-0026796":[{"sequence":2,"clubcode":"HOU","playerName":"A.Foster","statId":10,"yards":4}],"0":[{"sequence":1,"clubcode":"HOU","playerName":"","statId":3,"yards":0}],"00-0020840":[{"sequence":3,"clubcode":"PIT","playerName":"R.Clark","statId":79,"yards":0}]}},"1385":{"sp":0,"qtr":2,"down":1,"time":"04:43","yrdln":"PIT 25","ydstogo":10,"ydsnet":50,"posteam":"HOU","desc":"(4:43) A.Foster right tackle to PIT 17 for 8 yards (R.Clark).","note":null,"players":{"00-0026796":[{"sequence":1,"clubcode":"HOU","playerName":"A.Foster","statId":10,"yards":8}],"00-0020840":[{"sequence":2,"clubcode":"PIT","playerName":"R.Clark","statId":79,"yards":0}]}},"1406":{"sp":0,"qtr":2,"down":2,"time":"04:04","yrdln":"PIT 17","ydstogo":2,"ydsnet":56,"posteam":"HOU","desc":"(4:04) A.Foster left end ran ob at PIT 11 for 6 yards (J.Farrior).","note":null,"players":{"00-0026796":[{"sequence":2,"clubcode":"HOU","playerName":"A.Foster","statId":10,"yards":6}],"00-0005082":[{"sequence":3,"clubcode":"PIT","playerName":"J.Farrior","statId":79,"yards":0}],"0":[{"sequence":1,"clubcode":"HOU","playerName":"","statId":3,"yards":0}]}},"1427":{"sp":0,"qtr":2,"down":1,"time":"03:31","yrdln":"PIT 11","ydstogo":10,"ydsnet":60,"posteam":"HOU","desc":"(3:31) C.Ogbonnaya left guard to PIT 7 for 4 yards (J.Farrior).","note":null,"players":{"00-0005082":[{"sequence":2,"clubcode":"PIT","playerName":"J.Farrior","statId":79,"yards":0}],"00-0027140":[{"sequence":1,"clubcode":"HOU","playerName":"C.Ogbonnaya","statId":10,"yards":4}]}},"1453":{"sp":0,"qtr":2,"down":2,"time":"02:49","yrdln":"PIT 7","ydstogo":6,"ydsnet":60,"posteam":"HOU","desc":"(2:49) M.Schaub pass incomplete short middle to K.Walter.","note":null,"players":{"00-0021931":[{"sequence":2,"clubcode":"HOU","playerName":"K.Walter","statId":115,"yards":0}],"00-0022787":[{"sequence":1,"clubcode":"HOU","playerName":"M.Schaub","statId":14,"yards":0},{"sequence":3,"clubcode":"HOU","playerName":"M.Schaub","statId":112,"yards":2}]}},"1475":{"sp":0,"qtr":2,"down":3,"time":"02:43","yrdln":"PIT 7","ydstogo":6,"ydsnet":60,"posteam":"HOU","desc":"(2:43) (Shotgun) M.Schaub pass incomplete short left to A.Foster.","note":null,"players":{"00-0026796":[{"sequence":3,"clubcode":"HOU","playerName":"A.Foster","statId":115,"yards":0}],"00-0022787":[{"sequence":2,"clubcode":"HOU","playerName":"M.Schaub","statId":14,"yards":0},{"sequence":4,"clubcode":"HOU","playerName":"M.Schaub","statId":112,"yards":7}],"0":[{"sequence":1,"clubcode":"HOU","playerName":"","statId":7,"yards":0}]}},"1498":{"sp":1,"qtr":2,"down":4,"time":"02:37","yrdln":"PIT 7","ydstogo":6,"ydsnet":60,"posteam":"HOU","desc":"(2:37) N.Rackers 25 yard field goal is GOOD, Center-J.Weeks, Holder-B.Hartmann.","note":"FG","players":{"00-0019676":[{"sequence":1,"clubcode":"HOU","playerName":"N.Rackers","statId":70,"yards":25}]}}},"fds":4,"result":"Field Goal","penyds":0,"ydsgained":60,"numplays":12,"postime":"5:41","start":{"qtr":2,"time":"08:14","yrdln":"HOU 33","team":"HOU"},"end":{"qtr":2,"time":"02:33","yrdln":"PIT 7","team":"HOU"}},"6":{"posteam":"PIT","qtr":2,"redzone":true,"plays":{"1517":{"sp":0,"qtr":2,"down":0,"time":"02:33","yrdln":"HOU 35","ydstogo":0,"ydsnet":0,"posteam":"HOU","desc":"N.Rackers kicks 63 yards from HOU 35 to PIT 2. I.Redman to PIT 20 for 18 yards (C.Ogbonnaya).","note":"KICKOFF","players":{"00-0027140":[{"sequence":3,"clubcode":"HOU","playerName":"C.Ogbonnaya","statId":79,"yards":0}],"00-0026566":[{"sequence":2,"clubcode":"PIT","playerName":"I.Redman","statId":45,"yards":18}],"00-0019676":[{"sequence":1,"clubcode":"HOU","playerName":"N.Rackers","statId":41,"yards":63}]}},"1539":{"sp":0,"qtr":2,"down":1,"time":"02:26","yrdln":"PIT 20","ydstogo":10,"ydsnet":7,"posteam":"PIT","desc":"(2:26) (Shotgun) B.Roethlisberger pass short middle to H.Miller to PIT 27 for 7 yards (B.McCain).","note":null,"players":{"00-0023465":[{"sequence":3,"clubcode":"PIT","playerName":"H.Miller","statId":21,"yards":7},{"sequence":4,"clubcode":"PIT","playerName":"H.Miller","statId":115,"yards":0},{"sequence":5,"clubcode":"PIT","playerName":"H.Miller","statId":113,"yards":2}],"00-0026935":[{"sequence":6,"clubcode":"HOU","playerName":"B.McCain","statId":79,"yards":0}],"00-0022924":[{"sequence":1,"clubcode":"PIT","playerName":"B.Roethlisberger","statId":15,"yards":7},{"sequence":2,"clubcode":"PIT","playerName":"B.Roethlisberger","statId":111,"yards":5}]}},"1563":{"sp":0,"qtr":2,"down":0,"time":"02:00","yrdln":"","ydstogo":0,"ydsnet":7,"posteam":"","desc":"Two-Minute Warning","note":null,"players":{}},"1580":{"sp":0,"qtr":2,"down":2,"time":"02:00","yrdln":"PIT 27","ydstogo":3,"ydsnet":7,"posteam":"PIT","desc":"(2:00) (Shotgun) B.Roethlisberger pass incomplete short right to A.Brown.","note":null,"players":{"00-0027793":[{"sequence":2,"clubcode":"PIT","playerName":"A.Brown","statId":115,"yards":0}],"00-0022924":[{"sequence":1,"clubcode":"PIT","playerName":"B.Roethlisberger","statId":14,"yards":0},{"sequence":3,"clubcode":"PIT","playerName":"B.Roethlisberger","statId":112,"yards":7}]}},"1602":{"sp":0,"qtr":2,"down":3,"time":"01:57","yrdln":"PIT 27","ydstogo":3,"ydsnet":47,"posteam":"PIT","desc":"(1:57) (Shotgun) B.Roethlisberger pass deep left to M.Wallace to HOU 33 for 40 yards (D.Manning).","note":null,"players":{"00-0024257":[{"sequence":8,"clubcode":"HOU","playerName":"D.Manning","statId":79,"yards":0}],"0":[{"sequence":1,"clubcode":"PIT","playerName":"","statId":4,"yards":0},{"sequence":2,"clubcode":"PIT","playerName":"","statId":6,"yards":0}],"00-0026901":[{"sequence":5,"clubcode":"PIT","playerName":"M.Wallace","statId":21,"yards":40},{"sequence":6,"clubcode":"PIT","playerName":"M.Wallace","statId":115,"yards":0},{"sequence":7,"clubcode":"PIT","playerName":"M.Wallace","statId":113,"yards":5}],"00-0022924":[{"sequence":3,"clubcode":"PIT","playerName":"B.Roethlisberger","statId":15,"yards":40},{"sequence":4,"clubcode":"PIT","playerName":"B.Roethlisberger","statId":111,"yards":35}]}},"1626":{"sp":0,"qtr":2,"down":0,"time":"01:48","yrdln":"","ydstogo":0,"ydsnet":47,"posteam":"","desc":"Timeout #1 by PIT at 01:48.","note":"TIMEOUT","players":{"0":[{"sequence":1,"clubcode":"PIT","playerName":"","statId":68,"yards":0}]}},"1643":{"sp":0,"qtr":2,"down":1,"time":"01:48","yrdln":"HOU 33","ydstogo":10,"ydsnet":53,"posteam":"PIT","desc":"(1:48) (Shotgun) B.Roethlisberger pass short middle to M.Wallace to HOU 27 for 6 yards (B.McCain, B.Cushing).","note":null,"players":{"00-0026935":[{"sequence":6,"clubcode":"HOU","playerName":"B.McCain","statId":80,"yards":0}],"00-0026901":[{"sequence":3,"clubcode":"PIT","playerName":"M.Wallace","statId":21,"yards":6},{"sequence":4,"clubcode":"PIT","playerName":"M.Wallace","statId":115,"yards":0},{"sequence":5,"clubcode":"PIT","playerName":"M.Wallace","statId":113,"yards":4}],"00-0026991":[{"sequence":7,"clubcode":"HOU","playerName":"B.Cushing","statId":82,"yards":0}],"00-0022924":[{"sequence":1,"clubcode":"PIT","playerName":"B.Roethlisberger","statId":15,"yards":6},{"sequence":2,"clubcode":"PIT","playerName":"B.Roethlisberger","statId":111,"yards":2}]}},"1667":{"sp":0,"qtr":2,"down":2,"time":"01:21","yrdln":"HOU 27","ydstogo":4,"ydsnet":60,"posteam":"PIT","desc":"(1:21) (Shotgun) B.Roethlisberger pass short left to H.Miller to HOU 20 for 7 yards (G.Quin).","note":null,"players":{"00-0027081":[{"sequence":7,"clubcode":"HOU","playerName":"G.Quin","statId":79,"yards":0}],"00-0023465":[{"sequence":4,"clubcode":"PIT","playerName":"H.Miller","statId":21,"yards":7},{"sequence":5,"clubcode":"PIT","playerName":"H.Miller","statId":115,"yards":0},{"sequence":6,"clubcode":"PIT","playerName":"H.Miller","statId":113,"yards":4}],"0":[{"sequence":1,"clubcode":"PIT","playerName":"","statId":4,"yards":0}],"00-0022924":[{"sequence":2,"clubcode":"PIT","playerName":"B.Roethlisberger","statId":15,"yards":7},{"sequence":3,"clubcode":"PIT","playerName":"B.Roethlisberger","statId":111,"yards":3}]}},"1691":{"sp":0,"qtr":2,"down":0,"time":"01:11","yrdln":"","ydstogo":0,"ydsnet":60,"posteam":"","desc":"Timeout #2 by PIT at 01:11.","note":"TIMEOUT","players":{"0":[{"sequence":1,"clubcode":"PIT","playerName":"","statId":68,"yards":0}]}},"1708":{"sp":0,"qtr":2,"down":1,"time":"01:11","yrdln":"HOU 20","ydstogo":10,"ydsnet":74,"posteam":"PIT","desc":"(1:11) (Shotgun) M.Moore up the middle to HOU 6 for 14 yards (D.Manning). PENALTY on PIT-M.Pouncey, Unnecessary Roughness, 15 yards, enforced between downs.","note":"PENALTY","players":{"00-0024257":[{"sequence":3,"clubcode":"HOU","playerName":"D.Manning","statId":79,"yards":0}],"00-0022217":[{"sequence":2,"clubcode":"PIT","playerName":"M.Moore","statId":10,"yards":14}],"0":[{"sequence":1,"clubcode":"PIT","playerName":"","statId":3,"yards":0}],"00-0027870":[{"sequence":4,"clubcode":"PIT","playerName":"M.Pouncey","statId":93,"yards":15}]}},"1746":{"sp":0,"qtr":2,"down":1,"time":"01:02","yrdln":"HOU 21","ydstogo":10,"ydsnet":59,"posteam":"PIT","desc":"(1:02) (Shotgun) B.Roethlisberger pass incomplete short left to A.Brown.","note":null,"players":{"00-0027793":[{"sequence":2,"clubcode":"PIT","playerName":"A.Brown","statId":115,"yards":0}],"00-0022924":[{"sequence":1,"clubcode":"PIT","playerName":"B.Roethlisberger","statId":14,"yards":0},{"sequence":3,"clubcode":"PIT","playerName":"B.Roethlisberger","statId":112,"yards":0}]}},"1775":{"sp":0,"qtr":2,"down":2,"time":"00:58","yrdln":"HOU 21","ydstogo":10,"ydsnet":59,"posteam":"PIT","desc":"(:58) (Shotgun) B.Roethlisberger pass incomplete deep left to A.Brown.","note":null,"players":{"00-0027793":[{"sequence":2,"clubcode":"PIT","playerName":"A.Brown","statId":115,"yards":0}],"00-0022924":[{"sequence":1,"clubcode":"PIT","playerName":"B.Roethlisberger","statId":14,"yards":0},{"sequence":3,"clubcode":"PIT","playerName":"B.Roethlisberger","statId":112,"yards":21}]}},"1797":{"sp":0,"qtr":2,"down":3,"time":"00:53","yrdln":"HOU 21","ydstogo":10,"ydsnet":68,"posteam":"PIT","desc":"(:53) (Shotgun) B.Roethlisberger pass short middle to M.Wallace to HOU 12 for 9 yards (D.Manning).","note":null,"players":{"00-0024257":[{"sequence":7,"clubcode":"HOU","playerName":"D.Manning","statId":79,"yards":0}],"0":[{"sequence":1,"clubcode":"PIT","playerName":"","statId":7,"yards":0}],"00-0026901":[{"sequence":4,"clubcode":"PIT","playerName":"M.Wallace","statId":21,"yards":9},{"sequence":5,"clubcode":"PIT","playerName":"M.Wallace","statId":115,"yards":0},{"sequence":6,"clubcode":"PIT","playerName":"M.Wallace","statId":113,"yards":3}],"00-0022924":[{"sequence":2,"clubcode":"PIT","playerName":"B.Roethlisberger","statId":15,"yards":9},{"sequence":3,"clubcode":"PIT","playerName":"B.Roethlisberger","statId":111,"yards":6}]}},"1821":{"sp":0,"qtr":2,"down":0,"time":"00:07","yrdln":"","ydstogo":0,"ydsnet":68,"posteam":"","desc":"Timeout #3 by PIT at 00:07.","note":"TIMEOUT","players":{"0":[{"sequence":1,"clubcode":"PIT","playerName":"","statId":68,"yards":0}]}},"1838":{"sp":0,"qtr":2,"down":4,"time":"00:07","yrdln":"HOU 12","ydstogo":1,"ydsnet":68,"posteam":"PIT","desc":"(:07) S.Suisham 30 yard field goal is BLOCKED (D.Manning), Center-G.Warren, Holder-D.Sepulveda, RECOVERED by HOU-J.Joseph at HOU 39. J.Joseph for 61 yards, TOUCHDOWN NULLIFIED by Penalty. PENALTY on HOU-D.Manning, Illegal Block Above the Waist, 0 yards, enforced at HOU 45.","note":"FGB","players":{"00-0023001":[{"sequence":1,"clubcode":"PIT","playerName":"S.Suisham","statId":71,"yards":30}],"00-0024257":[{"sequence":2,"clubcode":"HOU","playerName":"D.Manning","statId":88,"yards":0},{"sequence":4,"clubcode":"HOU","playerName":"D.Manning","statId":93,"yards":0}],"00-0024239":[{"sequence":3,"clubcode":"HOU","playerName":"J.Joseph","statId":63,"yards":6}]}}},"fds":3,"result":"Blocked FG","penyds":-15,"ydsgained":83,"numplays":15,"postime":"2:33","start":{"qtr":2,"time":"02:33","yrdln":"PIT 20","team":"PIT"},"end":{"qtr":2,"time":"00:00","yrdln":"HOU 12","team":"PIT"}},"7":{"posteam":"PIT","qtr":3,"redzone":true,"plays":{"1902":{"sp":0,"qtr":3,"down":0,"time":"15:00","yrdln":"HOU 35","ydstogo":0,"ydsnet":0,"posteam":"HOU","desc":"N.Rackers kicks 64 yards from HOU 35 to PIT 1. A.Brown pushed ob at PIT 26 for 25 yards (J.Allen).","note":"KICKOFF","players":{"00-0024231":[{"sequence":3,"clubcode":"HOU","playerName":"J.Allen","statId":79,"yards":0}],"00-0027793":[{"sequence":2,"clubcode":"PIT","playerName":"A.Brown","statId":45,"yards":25}],"00-0019676":[{"sequence":1,"clubcode":"HOU","playerName":"N.Rackers","statId":41,"yards":64}]}},"1924":{"sp":0,"qtr":3,"down":1,"time":"14:53","yrdln":"PIT 26","ydstogo":10,"ydsnet":6,"posteam":"PIT","desc":"(14:53) B.Roethlisberger pass short middle to D.Johnson to PIT 32 for 6 yards (D.Manning).","note":null,"players":{"00-0024257":[{"sequence":6,"clubcode":"HOU","playerName":"D.Manning","statId":79,"yards":0}],"00-0026957":[{"sequence":3,"clubcode":"PIT","playerName":"D.Johnson","statId":21,"yards":6},{"sequence":4,"clubcode":"PIT","playerName":"D.Johnson","statId":115,"yards":0},{"sequence":5,"clubcode":"PIT","playerName":"D.Johnson","statId":113,"yards":2}],"00-0022924":[{"sequence":1,"clubcode":"PIT","playerName":"B.Roethlisberger","statId":15,"yards":6},{"sequence":2,"clubcode":"PIT","playerName":"B.Roethlisberger","statId":111,"yards":4}]}},"1948":{"sp":0,"qtr":3,"down":2,"time":"14:17","yrdln":"PIT 32","ydstogo":4,"ydsnet":10,"posteam":"PIT","desc":"(14:17) R.Mendenhall up the middle to PIT 36 for 4 yards (D.Ryans, B.Cushing).","note":null,"players":{"0":[{"sequence":1,"clubcode":"PIT","playerName":"","statId":3,"yards":0}],"00-0026991":[{"sequence":4,"clubcode":"HOU","playerName":"B.Cushing","statId":82,"yards":0}],"00-0024248":[{"sequence":3,"clubcode":"HOU","playerName":"D.Ryans","statId":80,"yards":0}],"00-0026163":[{"sequence":2,"clubcode":"PIT","playerName":"R.Mendenhall","statId":10,"yards":4}]}},"1969":{"sp":0,"qtr":3,"down":1,"time":"13:35","yrdln":"PIT 36","ydstogo":10,"ydsnet":10,"posteam":"PIT","desc":"(13:35) B.Roethlisberger pass incomplete short middle to R.Mendenhall [B.Cushing].","note":null,"players":{"00-0026991":[{"sequence":3,"clubcode":"HOU","playerName":"B.Cushing","statId":110,"yards":0}],"00-0026163":[{"sequence":2,"clubcode":"PIT","playerName":"R.Mendenhall","statId":115,"yards":0}],"00-0022924":[{"sequence":1,"clubcode":"PIT","playerName":"B.Roethlisberger","statId":14,"yards":0},{"sequence":4,"clubcode":"PIT","playerName":"B.Roethlisberger","statId":112,"yards":-5}]}},"1991":{"sp":0,"qtr":3,"down":2,"time":"13:29","yrdln":"PIT 36","ydstogo":10,"ydsnet":6,"posteam":"PIT","desc":"(13:29) (Shotgun) B.Roethlisberger sacked at PIT 32 for -4 yards (M.Williams).","note":null,"players":{"00-0023750":[{"sequence":2,"clubcode":"HOU","playerName":"M.Williams","statId":83,"yards":-4},{"sequence":3,"clubcode":"HOU","playerName":"M.Williams","statId":110,"yards":0},{"sequence":4,"clubcode":"HOU","playerName":"M.Williams","statId":79,"yards":0},{"sequence":5,"clubcode":"HOU","playerName":"M.Williams","statId":120,"yards":0}],"00-0022924":[{"sequence":1,"clubcode":"PIT","playerName":"B.Roethlisberger","statId":20,"yards":-4}]}},"2010":{"sp":0,"qtr":3,"down":3,"time":"12:56","yrdln":"PIT 32","ydstogo":14,"ydsnet":25,"posteam":"PIT","desc":"(12:56) (Shotgun) B.Roethlisberger pass deep middle to H.Ward to HOU 49 for 19 yards (B.McCain).","note":null,"players":{"0":[{"sequence":1,"clubcode":"PIT","playerName":"","statId":4,"yards":0},{"sequence":2,"clubcode":"PIT","playerName":"","statId":6,"yards":0}],"00-0017162":[{"sequence":5,"clubcode":"PIT","playerName":"H.Ward","statId":21,"yards":19},{"sequence":6,"clubcode":"PIT","playerName":"H.Ward","statId":115,"yards":0},{"sequence":7,"clubcode":"PIT","playerName":"H.Ward","statId":113,"yards":2}],"00-0026935":[{"sequence":8,"clubcode":"HOU","playerName":"B.McCain","statId":79,"yards":0}],"00-0022924":[{"sequence":3,"clubcode":"PIT","playerName":"B.Roethlisberger","statId":15,"yards":19},{"sequence":4,"clubcode":"PIT","playerName":"B.Roethlisberger","statId":111,"yards":17}]}},"2034":{"sp":0,"qtr":3,"down":1,"time":"12:17","yrdln":"HOU 49","ydstogo":10,"ydsnet":25,"posteam":"PIT","desc":"(12:17) R.Mendenhall right guard to HOU 49 for no gain (S.Cody).","note":null,"players":{"00-0023472":[{"sequence":2,"clubcode":"HOU","playerName":"S.Cody","statId":79,"yards":0}],"00-0026163":[{"sequence":1,"clubcode":"PIT","playerName":"R.Mendenhall","statId":10,"yards":0}]}},"2055":{"sp":0,"qtr":3,"down":2,"time":"12:17","yrdln":"HOU 49","ydstogo":10,"ydsnet":20,"posteam":"PIT","desc":"(12:17) PENALTY on PIT-M.Gilbert, False Start, 5 yards, enforced at HOU 49 - No Play.","note":"PENALTY","players":{"00-0028001":[{"sequence":1,"clubcode":"PIT","playerName":"M.Gilbert","statId":93,"yards":5}]}},"2078":{"sp":0,"qtr":3,"down":2,"time":"11:09","yrdln":"PIT 46","ydstogo":15,"ydsnet":29,"posteam":"PIT","desc":"(11:09) (Shotgun) B.Roethlisberger pass short left to A.Brown to HOU 45 for 9 yards (T.Nolan).","note":null,"players":{"00-0026948":[{"sequence":6,"clubcode":"HOU","playerName":"T.Nolan","statId":79,"yards":0}],"00-0027793":[{"sequence":3,"clubcode":"PIT","playerName":"A.Brown","statId":21,"yards":9},{"sequence":4,"clubcode":"PIT","playerName":"A.Brown","statId":115,"yards":0},{"sequence":5,"clubcode":"PIT","playerName":"A.Brown","statId":113,"yards":4}],"00-0022924":[{"sequence":1,"clubcode":"PIT","playerName":"B.Roethlisberger","statId":15,"yards":9},{"sequence":2,"clubcode":"PIT","playerName":"B.Roethlisberger","statId":111,"yards":5}]}},"2102":{"sp":0,"qtr":3,"down":3,"time":"10:28","yrdln":"HOU 45","ydstogo":6,"ydsnet":36,"posteam":"PIT","desc":"(10:28) (Shotgun) B.Roethlisberger pass short left to A.Brown to HOU 38 for 7 yards (J.Allen).","note":null,"players":{"00-0024231":[{"sequence":8,"clubcode":"HOU","playerName":"J.Allen","statId":79,"yards":0}],"0":[{"sequence":1,"clubcode":"PIT","playerName":"","statId":4,"yards":0},{"sequence":2,"clubcode":"PIT","playerName":"","statId":6,"yards":0}],"00-0027793":[{"sequence":5,"clubcode":"PIT","playerName":"A.Brown","statId":21,"yards":7},{"sequence":6,"clubcode":"PIT","playerName":"A.Brown","statId":115,"yards":0},{"sequence":7,"clubcode":"PIT","playerName":"A.Brown","statId":113,"yards":0}],"00-0022924":[{"sequence":3,"clubcode":"PIT","playerName":"B.Roethlisberger","statId":15,"yards":7},{"sequence":4,"clubcode":"PIT","playerName":"B.Roethlisberger","statId":111,"yards":7}]}},"2126":{"sp":0,"qtr":3,"down":0,"time":"09:38","yrdln":"","ydstogo":0,"ydsnet":36,"posteam":"","desc":"Timeout #1 by PIT at 09:38.","note":"TIMEOUT","players":{"0":[{"sequence":1,"clubcode":"PIT","playerName":"","statId":68,"yards":0}]}},"2143":{"sp":0,"qtr":3,"down":1,"time":"09:38","yrdln":"HOU 38","ydstogo":10,"ydsnet":59,"posteam":"PIT","desc":"(9:38) (Shotgun) B.Roethlisberger pass deep left to A.Brown ran ob at HOU 15 for 23 yards.","note":null,"players":{"0":[{"sequence":1,"clubcode":"PIT","playerName":"","statId":4,"yards":0}],"00-0027793":[{"sequence":4,"clubcode":"PIT","playerName":"A.Brown","statId":21,"yards":23},{"sequence":5,"clubcode":"PIT","playerName":"A.Brown","statId":115,"yards":0},{"sequence":6,"clubcode":"PIT","playerName":"A.Brown","statId":113,"yards":2}],"00-0022924":[{"sequence":2,"clubcode":"PIT","playerName":"B.Roethlisberger","statId":15,"yards":23},{"sequence":3,"clubcode":"PIT","playerName":"B.Roethlisberger","statId":111,"yards":21}]}},"2167":{"sp":0,"qtr":3,"down":1,"time":"09:14","yrdln":"HOU 15","ydstogo":10,"ydsnet":63,"posteam":"PIT","desc":"(9:14) R.Mendenhall right guard to HOU 11 for 4 yards (J.Watt).","note":null,"players":{"00-0027949":[{"sequence":2,"clubcode":"HOU","playerName":"J.Watt","statId":79,"yards":0}],"00-0026163":[{"sequence":1,"clubcode":"PIT","playerName":"R.Mendenhall","statId":10,"yards":4}]}},"2188":{"sp":0,"qtr":3,"down":2,"time":"08:35","yrdln":"HOU 11","ydstogo":6,"ydsnet":63,"posteam":"PIT","desc":"(8:35) R.Mendenhall up the middle to HOU 11 for no gain (B.Cushing).","note":null,"players":{"00-0026991":[{"sequence":2,"clubcode":"HOU","playerName":"B.Cushing","statId":79,"yards":0}],"00-0026163":[{"sequence":1,"clubcode":"PIT","playerName":"R.Mendenhall","statId":10,"yards":0}]}},"2209":{"sp":0,"qtr":3,"down":3,"time":"07:52","yrdln":"HOU 11","ydstogo":6,"ydsnet":71,"posteam":"PIT","desc":"(7:52) (Shotgun) B.Roethlisberger scrambles up the middle to HOU 3 for 8 yards (T.Nolan).","note":null,"players":{"00-0026948":[{"sequence":4,"clubcode":"HOU","playerName":"T.Nolan","statId":79,"yards":0}],"0":[{"sequence":1,"clubcode":"PIT","playerName":"","statId":3,"yards":0},{"sequence":2,"clubcode":"PIT","playerName":"","statId":6,"yards":0}],"00-0022924":[{"sequence":3,"clubcode":"PIT","playerName":"B.Roethlisberger","statId":10,"yards":8}]}},"2230":{"sp":1,"qtr":3,"down":1,"time":"07:07","yrdln":"HOU 3","ydstogo":3,"ydsnet":74,"posteam":"PIT","desc":"(7:07) R.Mendenhall right end for 3 yards, TOUCHDOWN.","note":"TD","players":{"0":[{"sequence":1,"clubcode":"PIT","playerName":"","statId":3,"yards":0}],"00-0026163":[{"sequence":2,"clubcode":"PIT","playerName":"R.Mendenhall","statId":11,"yards":3}]}},"2247":{"sp":1,"qtr":3,"down":0,"time":"07:02","yrdln":"HOU 2","ydstogo":0,"ydsnet":74,"posteam":"PIT","desc":"S.Suisham extra point is GOOD, Center-G.Warren, Holder-D.Sepulveda.","note":"XP","players":{"00-0023001":[{"sequence":1,"clubcode":"PIT","playerName":"S.Suisham","statId":72,"yards":0}]}}},"fds":6,"result":"Touchdown","penyds":-5,"ydsgained":79,"numplays":17,"postime":"7:58","start":{"qtr":3,"time":"15:00","yrdln":"PIT 26","team":"PIT"},"end":{"qtr":3,"time":"07:02","yrdln":"HOU 3","team":"PIT"}},"8":{"posteam":"HOU","qtr":3,"redzone":true,"plays":{"2263":{"sp":0,"qtr":3,"down":0,"time":"07:02","yrdln":"PIT 35","ydstogo":0,"ydsnet":0,"posteam":"PIT","desc":"S.Suisham kicks 73 yards from PIT 35 to HOU -8. D.Manning, Touchback.","note":"KICKOFF","players":{"00-0023001":[{"sequence":1,"clubcode":"PIT","playerName":"S.Suisham","statId":44,"yards":65}],"0":[{"sequence":2,"clubcode":"HOU","playerName":"","statId":51,"yards":0}]}},"2281":{"sp":0,"qtr":3,"down":1,"time":"07:02","yrdln":"HOU 20","ydstogo":10,"ydsnet":1,"posteam":"HOU","desc":"(7:02) A.Foster left tackle to HOU 21 for 1 yard (J.Worilds).","note":null,"players":{"00-0026796":[{"sequence":1,"clubcode":"HOU","playerName":"A.Foster","statId":10,"yards":1}],"00-0027889":[{"sequence":2,"clubcode":"PIT","playerName":"J.Worilds","statId":79,"yards":0}]}},"2302":{"sp":0,"qtr":3,"down":2,"time":"06:28","yrdln":"HOU 21","ydstogo":9,"ydsnet":2,"posteam":"HOU","desc":"(6:28) M.Schaub pass short right to A.Foster to HOU 22 for 1 yard (W.Gay).","note":null,"players":{"00-0026796":[{"sequence":3,"clubcode":"HOU","playerName":"A.Foster","statId":21,"yards":1},{"sequence":4,"clubcode":"HOU","playerName":"A.Foster","statId":115,"yards":0},{"sequence":5,"clubcode":"HOU","playerName":"A.Foster","statId":113,"yards":6}],"00-0022787":[{"sequence":1,"clubcode":"HOU","playerName":"M.Schaub","statId":15,"yards":1},{"sequence":2,"clubcode":"HOU","playerName":"M.Schaub","statId":111,"yards":-5}],"00-0025557":[{"sequence":6,"clubcode":"PIT","playerName":"W.Gay","statId":79,"yards":0}]}},"2326":{"sp":0,"qtr":3,"down":3,"time":"05:43","yrdln":"HOU 22","ydstogo":8,"ydsnet":2,"posteam":"HOU","desc":"(5:43) (Shotgun) M.Schaub pass incomplete short middle to A.Foster. (The punt hang time was 4.8 seconds.)","note":null,"players":{"00-0026796":[{"sequence":3,"clubcode":"HOU","playerName":"A.Foster","statId":115,"yards":0}],"00-0022787":[{"sequence":2,"clubcode":"HOU","playerName":"M.Schaub","statId":14,"yards":0},{"sequence":4,"clubcode":"HOU","playerName":"M.Schaub","statId":112,"yards":4}],"0":[{"sequence":1,"clubcode":"HOU","playerName":"","statId":7,"yards":0}]}},"2348":{"sp":0,"qtr":3,"down":4,"time":"05:37","yrdln":"HOU 22","ydstogo":8,"ydsnet":2,"posteam":"HOU","desc":"(5:37) B.Hartmann punts 51 yards to PIT 27, Center-J.Weeks. E.Sanders to PIT 37 for 10 yards (J.Casey).","note":"PUNT","players":{"00-0028540":[{"sequence":1,"clubcode":"HOU","playerName":"B.Hartmann","statId":29,"yards":51}],"00-0027685":[{"sequence":2,"clubcode":"PIT","playerName":"E.Sanders","statId":33,"yards":10}],"00-0027109":[{"sequence":3,"clubcode":"HOU","playerName":"J.Casey","statId":79,"yards":0}]}}},"fds":0,"result":"Punt","penyds":0,"ydsgained":2,"numplays":5,"postime":"1:38","start":{"qtr":3,"time":"07:02","yrdln":"HOU 20","team":"HOU"},"end":{"qtr":3,"time":"05:24","yrdln":"HOU 22","team":"HOU"}},"9":{"posteam":"PIT","qtr":4,"redzone":true,"plays":{"2373":{"sp":0,"qtr":3,"down":1,"time":"05:24","yrdln":"PIT 37","ydstogo":10,"ydsnet":18,"posteam":"PIT","desc":"(5:24) I.Redman right guard to HOU 45 for 18 yards (T.Jamison).","note":null,"players":{"00-0026798":[{"sequence":3,"clubcode":"HOU","playerName":"T.Jamison","statId":79,"yards":0}],"0":[{"sequence":1,"clubcode":"PIT","playerName":"","statId":3,"yards":0}],"00-0026566":[{"sequence":2,"clubcode":"PIT","playerName":"I.Redman","statId":10,"yards":18}]}},"2398":{"sp":0,"qtr":3,"down":1,"time":"04:45","yrdln":"HOU 45","ydstogo":10,"ydsnet":24,"posteam":"PIT","desc":"(4:45) I.Redman right guard to HOU 39 for 6 yards (D.Ryans).","note":null,"players":{"00-0024248":[{"sequence":2,"clubcode":"HOU","playerName":"D.Ryans","statId":79,"yards":0}],"00-0026566":[{"sequence":1,"clubcode":"PIT","playerName":"I.Redman","statId":10,"yards":6}]}},"2419":{"sp":0,"qtr":3,"down":2,"time":"04:08","yrdln":"HOU 39","ydstogo":4,"ydsnet":26,"posteam":"PIT","desc":"(4:08) I.Redman up the middle to HOU 37 for 2 yards (T.Jamison).","note":null,"players":{"00-0026798":[{"sequence":2,"clubcode":"HOU","playerName":"T.Jamison","statId":79,"yards":0}],"00-0026566":[{"sequence":1,"clubcode":"PIT","playerName":"I.Redman","statId":10,"yards":2}]}},"2440":{"sp":0,"qtr":3,"down":3,"time":"03:24","yrdln":"HOU 37","ydstogo":2,"ydsnet":31,"posteam":"PIT","desc":"(3:24) I.Redman right guard to HOU 32 for 5 yards (G.Quin).","note":null,"players":{"00-0027081":[{"sequence":4,"clubcode":"HOU","playerName":"G.Quin","statId":79,"yards":0}],"0":[{"sequence":1,"clubcode":"PIT","playerName":"","statId":3,"yards":0},{"sequence":2,"clubcode":"PIT","playerName":"","statId":6,"yards":0}],"00-0026566":[{"sequence":3,"clubcode":"PIT","playerName":"I.Redman","statId":10,"yards":5}]}},"2461":{"sp":0,"qtr":3,"down":1,"time":"02:49","yrdln":"HOU 32","ydstogo":10,"ydsnet":46,"posteam":"PIT","desc":"(2:49) M.Moore up the middle to HOU 17 for 15 yards (J.Allen).","note":null,"players":{"00-0024231":[{"sequence":3,"clubcode":"HOU","playerName":"J.Allen","statId":79,"yards":0}],"00-0022217":[{"sequence":2,"clubcode":"PIT","playerName":"M.Moore","statId":10,"yards":15}],"0":[{"sequence":1,"clubcode":"PIT","playerName":"","statId":3,"yards":0}]}},"2482":{"sp":0,"qtr":3,"down":1,"time":"02:08","yrdln":"HOU 17","ydstogo":10,"ydsnet":41,"posteam":"PIT","desc":"(2:08) PENALTY on PIT-M.Moore, False Start, 5 yards, enforced at HOU 17 - No Play.","note":"PENALTY","players":{"00-0022217":[{"sequence":1,"clubcode":"PIT","playerName":"M.Moore","statId":93,"yards":5}]}},"2505":{"sp":0,"qtr":3,"down":0,"time":"01:46","yrdln":"","ydstogo":0,"ydsnet":41,"posteam":"","desc":"Timeout #2 by PIT at 01:46.","note":"TIMEOUT","players":{"0":[{"sequence":1,"clubcode":"PIT","playerName":"","statId":68,"yards":0}]}},"2522":{"sp":0,"qtr":3,"down":1,"time":"01:46","yrdln":"HOU 22","ydstogo":15,"ydsnet":49,"posteam":"PIT","desc":"(1:46) A.Brown left end pushed ob at HOU 14 for 8 yards (D.Ryans).","note":null,"players":{"00-0024248":[{"sequence":2,"clubcode":"HOU","playerName":"D.Ryans","statId":79,"yards":0}],"00-0027793":[{"sequence":1,"clubcode":"PIT","playerName":"A.Brown","statId":10,"yards":8}]}},"2543":{"sp":0,"qtr":3,"down":2,"time":"01:17","yrdln":"HOU 14","ydstogo":7,"ydsnet":54,"posteam":"PIT","desc":"(1:17) M.Moore right end pushed ob at HOU 9 for 5 yards (C.Barwin).","note":null,"players":{"00-0022217":[{"sequence":1,"clubcode":"PIT","playerName":"M.Moore","statId":10,"yards":5}],"00-0027022":[{"sequence":2,"clubcode":"HOU","playerName":"C.Barwin","statId":79,"yards":0}]}},"2564":{"sp":0,"qtr":3,"down":3,"time":"00:40","yrdln":"HOU 9","ydstogo":2,"ydsnet":55,"posteam":"PIT","desc":"(:40) (Shotgun) I.Redman up the middle to HOU 8 for 1 yard (D.Manning).","note":null,"players":{"00-0024257":[{"sequence":3,"clubcode":"HOU","playerName":"D.Manning","statId":79,"yards":0}],"0":[{"sequence":1,"clubcode":"PIT","playerName":"","statId":7,"yards":0}],"00-0026566":[{"sequence":2,"clubcode":"PIT","playerName":"I.Redman","statId":10,"yards":1}]}},"2585":{"sp":0,"qtr":3,"down":0,"time":"","yrdln":"","ydstogo":0,"ydsnet":55,"posteam":"","desc":"END QUARTER 3","note":null,"players":{}},"2607":{"sp":1,"qtr":4,"down":4,"time":"15:00","yrdln":"HOU 8","ydstogo":1,"ydsnet":55,"posteam":"PIT","desc":"(15:00) S.Suisham 26 yard field goal is GOOD, Center-G.Warren, Holder-D.Sepulveda.","note":"FG","players":{"00-0023001":[{"sequence":1,"clubcode":"PIT","playerName":"S.Suisham","statId":70,"yards":26}]}}},"fds":3,"result":"Field Goal","penyds":-5,"ydsgained":60,"numplays":12,"postime":"5:27","start":{"qtr":3,"time":"05:24","yrdln":"PIT 37","team":"PIT"},"end":{"qtr":3,"time":"14:57","yrdln":"HOU 8","team":"PIT"}},"10":{"posteam":"HOU","qtr":4,"redzone":true,"plays":{"2626":{"sp":0,"qtr":4,"down":0,"time":"14:57","yrdln":"PIT 35","ydstogo":0,"ydsnet":0,"posteam":"PIT","desc":"S.Suisham kicks 71 yards from PIT 35 to HOU -6. D.Manning to HOU 15 for 21 yards (W.Allen).","note":"KICKOFF","players":{"00-0023001":[{"sequence":1,"clubcode":"PIT","playerName":"S.Suisham","statId":43,"yards":71},{"sequence":3,"clubcode":"PIT","playerName":"S.Suisham","statId":42,"yards":0}],"00-0024257":[{"sequence":2,"clubcode":"HOU","playerName":"D.Manning","statId":45,"yards":21}],"00-0022900":[{"sequence":4,"clubcode":"PIT","playerName":"W.Allen","statId":79,"yards":0}]}},"2648":{"sp":0,"qtr":4,"down":1,"time":"14:49","yrdln":"HOU 15","ydstogo":10,"ydsnet":3,"posteam":"HOU","desc":"(14:49) A.Foster left guard to HOU 18 for 3 yards (A.Smith).","note":null,"players":{"00-0026796":[{"sequence":1,"clubcode":"HOU","playerName":"A.Foster","statId":10,"yards":3}],"00-0015080":[{"sequence":2,"clubcode":"PIT","playerName":"A.Smith","statId":79,"yards":0}]}},"2669":{"sp":0,"qtr":4,"down":2,"time":"14:12","yrdln":"HOU 18","ydstogo":7,"ydsnet":4,"posteam":"HOU","desc":"(14:12) A.Foster up the middle to HOU 19 for 1 yard (A.Smith).","note":null,"players":{"00-0026796":[{"sequence":1,"clubcode":"HOU","playerName":"A.Foster","statId":10,"yards":1}],"00-0015080":[{"sequence":2,"clubcode":"PIT","playerName":"A.Smith","statId":79,"yards":0}]}},"2690":{"sp":0,"qtr":4,"down":3,"time":"13:29","yrdln":"HOU 19","ydstogo":6,"ydsnet":13,"posteam":"HOU","desc":"(13:29) M.Schaub pass short middle to O.Daniels to HOU 28 for 9 yards (T.Polamalu).","note":null,"players":{"00-0022787":[{"sequence":3,"clubcode":"HOU","playerName":"M.Schaub","statId":15,"yards":9},{"sequence":4,"clubcode":"HOU","playerName":"M.Schaub","statId":111,"yards":7}],"0":[{"sequence":1,"clubcode":"HOU","playerName":"","statId":4,"yards":0},{"sequence":2,"clubcode":"HOU","playerName":"","statId":6,"yards":0}],"00-0022119":[{"sequence":8,"clubcode":"PIT","playerName":"T.Polamalu","statId":79,"yards":0}],"00-0024313":[{"sequence":5,"clubcode":"HOU","playerName":"O.Daniels","statId":21,"yards":9},{"sequence":6,"clubcode":"HOU","playerName":"O.Daniels","statId":115,"yards":0},{"sequence":7,"clubcode":"HOU","playerName":"O.Daniels","statId":113,"yards":2}]}},"2714":{"sp":0,"qtr":4,"down":1,"time":"12:55","yrdln":"HOU 28","ydstogo":10,"ydsnet":43,"posteam":"HOU","desc":"(12:55) M.Schaub pass deep left to O.Daniels to PIT 42 for 30 yards (J.Farrior) [C.Heyward].","note":null,"players":{"00-0022787":[{"sequence":2,"clubcode":"HOU","playerName":"M.Schaub","statId":15,"yards":30},{"sequence":3,"clubcode":"HOU","playerName":"M.Schaub","statId":111,"yards":19}],"00-0005082":[{"sequence":8,"clubcode":"PIT","playerName":"J.Farrior","statId":79,"yards":0}],"0":[{"sequence":1,"clubcode":"HOU","playerName":"","statId":4,"yards":0}],"00-0027969":[{"sequence":7,"clubcode":"PIT","playerName":"C.Heyward","statId":110,"yards":0}],"00-0024313":[{"sequence":4,"clubcode":"HOU","playerName":"O.Daniels","statId":21,"yards":30},{"sequence":5,"clubcode":"HOU","playerName":"O.Daniels","statId":115,"yards":0},{"sequence":6,"clubcode":"HOU","playerName":"O.Daniels","statId":113,"yards":11}]}},"2738":{"sp":1,"qtr":4,"down":1,"time":"12:12","yrdln":"PIT 42","ydstogo":10,"ydsnet":85,"posteam":"HOU","desc":"(12:12) A.Foster up the middle for 42 yards, TOUCHDOWN.","note":"TD","players":{"00-0026796":[{"sequence":2,"clubcode":"HOU","playerName":"A.Foster","statId":11,"yards":42}],"0":[{"sequence":1,"clubcode":"HOU","playerName":"","statId":3,"yards":0}]}},"2755":{"sp":1,"qtr":4,"down":0,"time":"12:02","yrdln":"PIT 2","ydstogo":0,"ydsnet":85,"posteam":"HOU","desc":"N.Rackers extra point is GOOD, Center-J.Weeks, Holder-B.Hartmann.","note":"XP","players":{"00-0019676":[{"sequence":1,"clubcode":"HOU","playerName":"N.Rackers","statId":72,"yards":0}]}}},"fds":3,"result":"Touchdown","penyds":0,"ydsgained":85,"numplays":7,"postime":"2:55","start":{"qtr":4,"time":"14:57","yrdln":"HOU 15","team":"HOU"},"end":{"qtr":4,"time":"12:02","yrdln":"PIT 42","team":"HOU"}},"11":{"posteam":"PIT","qtr":4,"redzone":true,"plays":{"2771":{"sp":0,"qtr":4,"down":0,"time":"12:02","yrdln":"HOU 35","ydstogo":0,"ydsnet":0,"posteam":"HOU","desc":"N.Rackers kicks 67 yards from HOU 35 to PIT -2. A.Brown to PIT 17 for 19 yards (B.Harris).","note":"KICKOFF","players":{"00-0027793":[{"sequence":2,"clubcode":"PIT","playerName":"A.Brown","statId":45,"yards":19}],"00-0027998":[{"sequence":4,"clubcode":"HOU","playerName":"B.Harris","statId":79,"yards":0}],"00-0019676":[{"sequence":1,"clubcode":"HOU","playerName":"N.Rackers","statId":43,"yards":67},{"sequence":3,"clubcode":"HOU","playerName":"N.Rackers","statId":42,"yards":0}]}},"2793":{"sp":0,"qtr":4,"down":1,"time":"11:54","yrdln":"PIT 17","ydstogo":10,"ydsnet":8,"posteam":"PIT","desc":"(11:54) I.Redman right guard to PIT 25 for 8 yards (D.Ryans, B.Cushing).","note":null,"players":{"00-0026991":[{"sequence":3,"clubcode":"HOU","playerName":"B.Cushing","statId":82,"yards":0}],"00-0024248":[{"sequence":2,"clubcode":"HOU","playerName":"D.Ryans","statId":80,"yards":0}],"00-0026566":[{"sequence":1,"clubcode":"PIT","playerName":"I.Redman","statId":10,"yards":8}]}},"2814":{"sp":0,"qtr":4,"down":2,"time":"11:16","yrdln":"PIT 25","ydstogo":2,"ydsnet":1,"posteam":"PIT","desc":"(11:16) B.Roethlisberger sacked at PIT 18 for -7 yards (S.Cody). Penalty on PIT-M.Pouncey, Offensive Holding, declined.","note":null,"players":{"00-0023472":[{"sequence":2,"clubcode":"HOU","playerName":"S.Cody","statId":83,"yards":-7},{"sequence":3,"clubcode":"HOU","playerName":"S.Cody","statId":110,"yards":0},{"sequence":4,"clubcode":"HOU","playerName":"S.Cody","statId":79,"yards":0},{"sequence":5,"clubcode":"HOU","playerName":"S.Cody","statId":120,"yards":0}],"00-0022924":[{"sequence":1,"clubcode":"PIT","playerName":"B.Roethlisberger","statId":20,"yards":-7}]}},"2844":{"sp":0,"qtr":4,"down":3,"time":"10:49","yrdln":"PIT 18","ydstogo":9,"ydsnet":1,"posteam":"PIT","desc":"(10:49) (Shotgun) B.Roethlisberger pass incomplete deep middle to H.Ward (J.Allen).","note":null,"players":{"00-0024231":[{"sequence":4,"clubcode":"HOU","playerName":"J.Allen","statId":85,"yards":0}],"0":[{"sequence":1,"clubcode":"PIT","playerName":"","statId":7,"yards":0}],"00-0017162":[{"sequence":3,"clubcode":"PIT","playerName":"H.Ward","statId":115,"yards":0}],"00-0022924":[{"sequence":2,"clubcode":"PIT","playerName":"B.Roethlisberger","statId":14,"yards":0},{"sequence":5,"clubcode":"PIT","playerName":"B.Roethlisberger","statId":112,"yards":17}]}},"2866":{"sp":0,"qtr":4,"down":4,"time":"10:39","yrdln":"PIT 18","ydstogo":9,"ydsnet":1,"posteam":"PIT","desc":"(10:39) D.Sepulveda punts 55 yards to HOU 27, Center-G.Warren. J.Jones to HOU 40 for 13 yards (C.Brown). PIT-J.Worilds was injured during the play. His return is Doubtful.  (The punt hang time was 4.6 seconds.)","note":"PUNT","players":{"00-0028033":[{"sequence":3,"clubcode":"PIT","playerName":"C.Brown","statId":79,"yards":0}],"00-0025499":[{"sequence":1,"clubcode":"PIT","playerName":"D.Sepulveda","statId":29,"yards":55}],"00-0025460":[{"sequence":2,"clubcode":"HOU","playerName":"J.Jones","statId":33,"yards":13}]}}},"fds":0,"result":"Punt","penyds":0,"ydsgained":1,"numplays":5,"postime":"1:37","start":{"qtr":4,"time":"12:02","yrdln":"PIT 17","team":"PIT"},"end":{"qtr":4,"time":"10:25","yrdln":"PIT 18","team":"PIT"}},"12":{"posteam":"HOU","qtr":4,"redzone":true,"plays":{"2891":{"sp":0,"qtr":4,"down":1,"time":"10:25","yrdln":"HOU 40","ydstogo":10,"ydsnet":-2,"posteam":"HOU","desc":"(10:25) A.Foster up the middle to HOU 38 for -2 yards (T.Polamalu).","note":null,"players":{"00-0026796":[{"sequence":1,"clubcode":"HOU","playerName":"A.Foster","statId":10,"yards":-2}],"0":[{"sequence":2,"clubcode":"HOU","playerName":"","statId":95,"yards":-2}],"00-0022119":[{"sequence":3,"clubcode":"PIT","playerName":"T.Polamalu","statId":79,"yards":0},{"sequence":4,"clubcode":"PIT","playerName":"T.Polamalu","statId":120,"yards":0}]}},"2920":{"sp":0,"qtr":4,"down":2,"time":"09:44","yrdln":"HOU 38","ydstogo":12,"ydsnet":1,"posteam":"HOU","desc":"(9:44) A.Foster right end pushed ob at HOU 41 for 3 yards (K.Lewis).","note":null,"players":{"00-0026796":[{"sequence":1,"clubcode":"HOU","playerName":"A.Foster","statId":10,"yards":3}],"00-0026903":[{"sequence":2,"clubcode":"PIT","playerName":"K.Lewis","statId":79,"yards":0}]}},"2941":{"sp":0,"qtr":4,"down":3,"time":"09:09","yrdln":"HOU 41","ydstogo":9,"ydsnet":3,"posteam":"HOU","desc":"(9:09) (Shotgun) M.Schaub pass short left to A.Foster to HOU 43 for 2 yards (T.Polamalu).","note":null,"players":{"00-0026796":[{"sequence":4,"clubcode":"HOU","playerName":"A.Foster","statId":21,"yards":2},{"sequence":5,"clubcode":"HOU","playerName":"A.Foster","statId":115,"yards":0},{"sequence":6,"clubcode":"HOU","playerName":"A.Foster","statId":113,"yards":2}],"00-0022787":[{"sequence":2,"clubcode":"HOU","playerName":"M.Schaub","statId":15,"yards":2},{"sequence":3,"clubcode":"HOU","playerName":"M.Schaub","statId":111,"yards":0}],"0":[{"sequence":1,"clubcode":"HOU","playerName":"","statId":7,"yards":0}],"00-0022119":[{"sequence":7,"clubcode":"PIT","playerName":"T.Polamalu","statId":79,"yards":0}]}},"2969":{"sp":0,"qtr":4,"down":4,"time":"08:30","yrdln":"HOU 43","ydstogo":7,"ydsnet":3,"posteam":"HOU","desc":"(8:30) B.Hartmann punts 47 yards to PIT 10, Center-J.Weeks, fair catch by A.Brown. (The punt hang time was 4.8 seconds.)","note":"PUNT","players":{"00-0028540":[{"sequence":1,"clubcode":"HOU","playerName":"B.Hartmann","statId":29,"yards":47},{"sequence":2,"clubcode":"HOU","playerName":"B.Hartmann","statId":30,"yards":0}],"00-0027793":[{"sequence":3,"clubcode":"PIT","playerName":"A.Brown","statId":39,"yards":0}]}}},"fds":0,"result":"Punt","penyds":0,"ydsgained":3,"numplays":4,"postime":"2:04","start":{"qtr":4,"time":"10:25","yrdln":"HOU 40","team":"HOU"},"end":{"qtr":4,"time":"08:21","yrdln":"HOU 43","team":"HOU"}},"13":{"posteam":"PIT","qtr":4,"redzone":true,"plays":{"2988":{"sp":0,"qtr":4,"down":1,"time":"08:21","yrdln":"PIT 10","ydstogo":10,"ydsnet":0,"posteam":"PIT","desc":"(8:21) M.Moore up the middle to PIT 10 for no gain (M.Williams).","note":null,"players":{"00-0022217":[{"sequence":1,"clubcode":"PIT","playerName":"M.Moore","statId":10,"yards":0}],"00-0023750":[{"sequence":2,"clubcode":"HOU","playerName":"M.Williams","statId":79,"yards":0}]}},"3013":{"sp":0,"qtr":4,"down":2,"time":"07:45","yrdln":"PIT 10","ydstogo":10,"ydsnet":16,"posteam":"PIT","desc":"(7:45) (Shotgun) B.Roethlisberger pass short right to A.Brown pushed ob at PIT 26 for 16 yards (J.Allen).","note":null,"players":{"00-0024231":[{"sequence":7,"clubcode":"HOU","playerName":"J.Allen","statId":79,"yards":0}],"0":[{"sequence":1,"clubcode":"PIT","playerName":"","statId":4,"yards":0}],"00-0027793":[{"sequence":4,"clubcode":"PIT","playerName":"A.Brown","statId":21,"yards":16},{"sequence":5,"clubcode":"PIT","playerName":"A.Brown","statId":115,"yards":0},{"sequence":6,"clubcode":"PIT","playerName":"A.Brown","statId":113,"yards":2}],"00-0022924":[{"sequence":2,"clubcode":"PIT","playerName":"B.Roethlisberger","statId":15,"yards":16},{"sequence":3,"clubcode":"PIT","playerName":"B.Roethlisberger","statId":111,"yards":14}]}},"3037":{"sp":0,"qtr":4,"down":1,"time":"07:15","yrdln":"PIT 26","ydstogo":10,"ydsnet":16,"posteam":"PIT","desc":"(7:15) (Shotgun) B.Roethlisberger pass incomplete short right to A.Brown.","note":null,"players":{"00-0027793":[{"sequence":2,"clubcode":"PIT","playerName":"A.Brown","statId":115,"yards":0}],"00-0022924":[{"sequence":1,"clubcode":"PIT","playerName":"B.Roethlisberger","statId":14,"yards":0},{"sequence":3,"clubcode":"PIT","playerName":"B.Roethlisberger","statId":112,"yards":10}]}},"3059":{"sp":0,"qtr":4,"down":2,"time":"07:09","yrdln":"PIT 26","ydstogo":10,"ydsnet":10,"posteam":"PIT","desc":"(7:09) (Shotgun) B.Roethlisberger sacked at PIT 20 for -6 yards (A.Smith).","note":null,"players":{"00-0022793":[{"sequence":2,"clubcode":"HOU","playerName":"A.Smith","statId":83,"yards":-6},{"sequence":3,"clubcode":"HOU","playerName":"A.Smith","statId":110,"yards":0},{"sequence":4,"clubcode":"HOU","playerName":"A.Smith","statId":79,"yards":0},{"sequence":5,"clubcode":"HOU","playerName":"A.Smith","statId":120,"yards":0}],"00-0022924":[{"sequence":1,"clubcode":"PIT","playerName":"B.Roethlisberger","statId":20,"yards":-6}]}},"3078":{"sp":0,"qtr":4,"down":3,"time":"07:09","yrdln":"PIT 20","ydstogo":16,"ydsnet":5,"posteam":"PIT","desc":"(7:09) (Shotgun) PENALTY on PIT-T.Essex, False Start, 5 yards, enforced at PIT 20 - No Play.","note":"PENALTY","players":{"00-0023528":[{"sequence":1,"clubcode":"PIT","playerName":"T.Essex","statId":93,"yards":5}]}},"3101":{"sp":0,"qtr":4,"down":3,"time":"06:09","yrdln":"PIT 15","ydstogo":21,"ydsnet":-1,"posteam":"PIT","desc":"(6:09) (Shotgun) B.Roethlisberger sacked at PIT 9 for -6 yards (M.Williams).","note":null,"players":{"0":[{"sequence":1,"clubcode":"PIT","playerName":"","statId":7,"yards":0}],"00-0023750":[{"sequence":3,"clubcode":"HOU","playerName":"M.Williams","statId":83,"yards":-6},{"sequence":4,"clubcode":"HOU","playerName":"M.Williams","statId":110,"yards":0},{"sequence":5,"clubcode":"HOU","playerName":"M.Williams","statId":79,"yards":0},{"sequence":6,"clubcode":"HOU","playerName":"M.Williams","statId":120,"yards":0}],"00-0022924":[{"sequence":2,"clubcode":"PIT","playerName":"B.Roethlisberger","statId":20,"yards":-6}]}},"3120":{"sp":0,"qtr":4,"down":4,"time":"05:39","yrdln":"PIT 9","ydstogo":27,"ydsnet":-1,"posteam":"PIT","desc":"(5:39) D.Sepulveda punts 58 yards to HOU 33, Center-G.Warren. J.Jones to HOU 36 for 3 yards (C.Brown, S.Sylvester). (The punt hang time was 4.8 seconds.)","note":"PUNT","players":{"00-0028033":[{"sequence":3,"clubcode":"PIT","playerName":"C.Brown","statId":80,"yards":0}],"00-0025499":[{"sequence":1,"clubcode":"PIT","playerName":"D.Sepulveda","statId":29,"yards":58}],"00-0025460":[{"sequence":2,"clubcode":"HOU","playerName":"J.Jones","statId":33,"yards":3}],"00-0027765":[{"sequence":4,"clubcode":"PIT","playerName":"S.Sylvester","statId":82,"yards":0}]}}},"fds":1,"result":"Punt","penyds":-5,"ydsgained":4,"numplays":7,"postime":"2:55","start":{"qtr":4,"time":"08:21","yrdln":"PIT 10","team":"PIT"},"end":{"qtr":4,"time":"05:26","yrdln":"PIT 9","team":"PIT"}},"14":{"posteam":"HOU","qtr":4,"redzone":true,"plays":{"3145":{"sp":0,"qtr":4,"down":1,"time":"05:26","yrdln":"HOU 36","ydstogo":10,"ydsnet":3,"posteam":"HOU","desc":"(5:26) A.Foster left guard to HOU 39 for 3 yards (L.Woodley).","note":null,"players":{"00-0026796":[{"sequence":1,"clubcode":"HOU","playerName":"A.Foster","statId":10,"yards":3}],"00-0025433":[{"sequence":2,"clubcode":"PIT","playerName":"L.Woodley","statId":79,"yards":0}]}},"3170":{"sp":0,"qtr":4,"down":2,"time":"04:41","yrdln":"HOU 39","ydstogo":7,"ydsnet":4,"posteam":"HOU","desc":"(4:41) A.Foster right tackle to HOU 40 for 1 yard (L.Woodley, C.Hampton).","note":null,"players":{"00-0026796":[{"sequence":1,"clubcode":"HOU","playerName":"A.Foster","statId":10,"yards":1}],"00-0020426":[{"sequence":3,"clubcode":"PIT","playerName":"C.Hampton","statId":82,"yards":0}],"00-0025433":[{"sequence":2,"clubcode":"PIT","playerName":"L.Woodley","statId":80,"yards":0}]}},"3191":{"sp":0,"qtr":4,"down":0,"time":"03:55","yrdln":"","ydstogo":0,"ydsnet":4,"posteam":"","desc":"Timeout #1 by HOU at 03:55.","note":"TIMEOUT","players":{"0":[{"sequence":1,"clubcode":"HOU","playerName":"","statId":68,"yards":0}]}},"3208":{"sp":0,"qtr":4,"down":3,"time":"03:55","yrdln":"HOU 40","ydstogo":6,"ydsnet":4,"posteam":"HOU","desc":"(3:55) (Shotgun) M.Schaub pass incomplete deep right to J.Jones (K.Lewis).","note":null,"players":{"00-0022787":[{"sequence":2,"clubcode":"HOU","playerName":"M.Schaub","statId":14,"yards":0},{"sequence":5,"clubcode":"HOU","playerName":"M.Schaub","statId":112,"yards":32}],"00-0025460":[{"sequence":3,"clubcode":"HOU","playerName":"J.Jones","statId":115,"yards":0}],"00-0026903":[{"sequence":4,"clubcode":"PIT","playerName":"K.Lewis","statId":85,"yards":0}],"0":[{"sequence":1,"clubcode":"HOU","playerName":"","statId":7,"yards":0}]}},"3230":{"sp":0,"qtr":4,"down":4,"time":"03:49","yrdln":"HOU 40","ydstogo":6,"ydsnet":4,"posteam":"HOU","desc":"(3:49) B.Hartmann punts 41 yards to PIT 19, Center-J.Weeks. A.Brown to HOU 48 for 33 yards (D.Sharpton). (The punt hang time was 3.8 seconds.)","note":"PUNT","players":{"00-0027703":[{"sequence":3,"clubcode":"HOU","playerName":"D.Sharpton","statId":79,"yards":0}],"00-0028540":[{"sequence":1,"clubcode":"HOU","playerName":"B.Hartmann","statId":29,"yards":41}],"00-0027793":[{"sequence":2,"clubcode":"PIT","playerName":"A.Brown","statId":33,"yards":33}]}}},"fds":0,"result":"Punt","penyds":0,"ydsgained":4,"numplays":5,"postime":"1:53","start":{"qtr":4,"time":"05:26","yrdln":"HOU 36","team":"HOU"},"end":{"qtr":4,"time":"03:33","yrdln":"HOU 40","team":"HOU"}},"15":{"posteam":"PIT","qtr":4,"redzone":true,"plays":{"3255":{"sp":0,"qtr":4,"down":1,"time":"03:33","yrdln":"HOU 48","ydstogo":10,"ydsnet":0,"posteam":"PIT","desc":"(3:33) (Shotgun) B.Roethlisberger pass incomplete short middle to H.Ward.","note":null,"players":{"00-0017162":[{"sequence":2,"clubcode":"PIT","playerName":"H.Ward","statId":115,"yards":0}],"00-0022924":[{"sequence":1,"clubcode":"PIT","playerName":"B.Roethlisberger","statId":14,"yards":0},{"sequence":3,"clubcode":"PIT","playerName":"B.Roethlisberger","statId":112,"yards":3}]}},"3281":{"sp":0,"qtr":4,"down":2,"time":"03:31","yrdln":"HOU 48","ydstogo":10,"ydsnet":3,"posteam":"PIT","desc":"(3:31) B.Roethlisberger scrambles up the middle to HOU 45 for 3 yards (A.Smith).","note":null,"players":{"00-0022793":[{"sequence":2,"clubcode":"HOU","playerName":"A.Smith","statId":79,"yards":0}],"00-0022924":[{"sequence":1,"clubcode":"PIT","playerName":"B.Roethlisberger","statId":10,"yards":3}]}},"3302":{"sp":0,"qtr":4,"down":3,"time":"02:44","yrdln":"HOU 45","ydstogo":7,"ydsnet":3,"posteam":"PIT","desc":"(2:44) (Shotgun) B.Roethlisberger pass incomplete deep left to E.Sanders (T.Nolan).","note":null,"players":{"00-0027685":[{"sequence":3,"clubcode":"PIT","playerName":"E.Sanders","statId":115,"yards":0}],"00-0026948":[{"sequence":4,"clubcode":"HOU","playerName":"T.Nolan","statId":85,"yards":0}],"0":[{"sequence":1,"clubcode":"PIT","playerName":"","statId":7,"yards":0}],"00-0022924":[{"sequence":2,"clubcode":"PIT","playerName":"B.Roethlisberger","statId":14,"yards":0},{"sequence":5,"clubcode":"PIT","playerName":"B.Roethlisberger","statId":112,"yards":23}]}},"3324":{"sp":0,"qtr":4,"down":4,"time":"02:38","yrdln":"HOU 45","ydstogo":7,"ydsnet":3,"posteam":"PIT","desc":"(2:38) (Shotgun) B.Roethlisberger pass incomplete short middle to H.Ward (C.Barwin).","note":null,"players":{"0":[{"sequence":1,"clubcode":"PIT","playerName":"","statId":9,"yards":0}],"00-0017162":[{"sequence":3,"clubcode":"PIT","playerName":"H.Ward","statId":115,"yards":0}],"00-0027022":[{"sequence":4,"clubcode":"HOU","playerName":"C.Barwin","statId":85,"yards":0}],"00-0022924":[{"sequence":2,"clubcode":"PIT","playerName":"B.Roethlisberger","statId":14,"yards":0},{"sequence":5,"clubcode":"PIT","playerName":"B.Roethlisberger","statId":112,"yards":5}]}}},"fds":0,"result":"Downs","penyds":0,"ydsgained":3,"numplays":4,"postime":"1:00","start":{"qtr":4,"time":"03:33","yrdln":"HOU 48","team":"PIT"},"end":{"qtr":4,"time":"02:33","yrdln":"HOU 45","team":"PIT"}},"16":{"posteam":"HOU","qtr":4,"redzone":true,"plays":{"3346":{"sp":0,"qtr":4,"down":1,"time":"02:33","yrdln":"HOU 45","ydstogo":10,"ydsnet":2,"posteam":"HOU","desc":"(2:33) A.Foster up the middle to HOU 47 for 2 yards (C.Heyward).","note":null,"players":{"00-0026796":[{"sequence":1,"clubcode":"HOU","playerName":"A.Foster","statId":10,"yards":2}],"00-0027969":[{"sequence":2,"clubcode":"PIT","playerName":"C.Heyward","statId":79,"yards":0}]}},"3367":{"sp":0,"qtr":4,"down":0,"time":"02:28","yrdln":"","ydstogo":0,"ydsnet":2,"posteam":"","desc":"Timeout #3 by PIT at 02:28.","note":"TIMEOUT","players":{"0":[{"sequence":1,"clubcode":"PIT","playerName":"","statId":68,"yards":0}]}},"3384":{"sp":0,"qtr":4,"down":2,"time":"02:28","yrdln":"HOU 47","ydstogo":8,"ydsnet":4,"posteam":"HOU","desc":"(2:28) A.Foster up the middle to HOU 49 for 2 yards (T.Polamalu).","note":null,"players":{"00-0026796":[{"sequence":1,"clubcode":"HOU","playerName":"A.Foster","statId":10,"yards":2}],"00-0022119":[{"sequence":2,"clubcode":"PIT","playerName":"T.Polamalu","statId":79,"yards":0}]}},"3405":{"sp":0,"qtr":4,"down":0,"time":"02:00","yrdln":"","ydstogo":0,"ydsnet":4,"posteam":"","desc":"Two-Minute Warning","note":null,"players":{}},"3422":{"sp":0,"qtr":4,"down":3,"time":"02:00","yrdln":"HOU 49","ydstogo":6,"ydsnet":9,"posteam":"HOU","desc":"(2:00) A.Foster left guard to PIT 46 for 5 yards (C.Hampton).","note":null,"players":{"00-0026796":[{"sequence":2,"clubcode":"HOU","playerName":"A.Foster","statId":10,"yards":5}],"00-0020426":[{"sequence":3,"clubcode":"PIT","playerName":"C.Hampton","statId":79,"yards":0}],"0":[{"sequence":1,"clubcode":"HOU","playerName":"","statId":7,"yards":0}]}},"3443":{"sp":0,"qtr":4,"down":0,"time":"01:13","yrdln":"","ydstogo":0,"ydsnet":9,"posteam":"","desc":"Timeout #2 by HOU at 01:13.","note":"TIMEOUT","players":{"0":[{"sequence":1,"clubcode":"HOU","playerName":"","statId":68,"yards":0}]}},"3460":{"sp":0,"qtr":4,"down":4,"time":"01:13","yrdln":"PIT 46","ydstogo":1,"ydsnet":9,"posteam":"HOU","desc":"(1:13) B.Hartmann punts 45 yards to PIT 1, Center-J.Weeks, downed by HOU-B.Harris. (The punt hang time was 4.4 seconds.)","note":"PUNT","players":{"00-0028540":[{"sequence":1,"clubcode":"HOU","playerName":"B.Hartmann","statId":29,"yards":45},{"sequence":2,"clubcode":"HOU","playerName":"B.Hartmann","statId":30,"yards":0}],"0":[{"sequence":3,"clubcode":"PIT","playerName":"","statId":38,"yards":0}]}}},"fds":0,"result":"Punt","penyds":0,"ydsgained":9,"numplays":7,"postime":"1:31","start":{"qtr":4,"time":"02:33","yrdln":"HOU 45","team":"HOU"},"end":{"qtr":4,"time":"01:02","yrdln":"PIT 46","team":"HOU"}},"17":{"posteam":"PIT","qtr":4,"redzone":true,"plays":{"3479":{"sp":0,"qtr":4,"down":1,"time":"01:02","yrdln":"PIT 1","ydstogo":10,"ydsnet":39,"posteam":"PIT","desc":"(1:02) (Shotgun) B.Roethlisberger pass deep left intended for H.Ward INTERCEPTED by J.Joseph at PIT 22. J.Joseph for 22 yards, TOUCHDOWN NULLIFIED by Penalty. PENALTY on HOU-J.Watt, Roughing the Passer, 15 yards, enforced at PIT 1 - No Play.","note":"PENALTY","players":{"0":[{"sequence":1,"clubcode":"PIT","playerName":"","statId":5,"yards":0}],"00-0027949":[{"sequence":2,"clubcode":"HOU","playerName":"J.Watt","statId":93,"yards":15}]}},"3515":{"sp":0,"qtr":4,"down":1,"time":"00:51","yrdln":"PIT 16","ydstogo":10,"ydsnet":27,"posteam":"PIT","desc":"(:51) (Shotgun) B.Roethlisberger pass short middle to A.Brown pushed ob at PIT 28 for 12 yards (T.Nolan).","note":null,"players":{"00-0026948":[{"sequence":7,"clubcode":"HOU","playerName":"T.Nolan","statId":79,"yards":0}],"0":[{"sequence":1,"clubcode":"PIT","playerName":"","statId":4,"yards":0}],"00-0027793":[{"sequence":4,"clubcode":"PIT","playerName":"A.Brown","statId":21,"yards":12},{"sequence":5,"clubcode":"PIT","playerName":"A.Brown","statId":115,"yards":0},{"sequence":6,"clubcode":"PIT","playerName":"A.Brown","statId":113,"yards":0}],"00-0022924":[{"sequence":2,"clubcode":"PIT","playerName":"B.Roethlisberger","statId":15,"yards":12},{"sequence":3,"clubcode":"PIT","playerName":"B.Roethlisberger","statId":111,"yards":12}]}},"3539":{"sp":0,"qtr":4,"down":1,"time":"00:42","yrdln":"PIT 28","ydstogo":10,"ydsnet":39,"posteam":"PIT","desc":"(:42) (Shotgun) B.Roethlisberger pass short middle to I.Redman to PIT 40 for 12 yards (M.Williams) [C.Barwin].","note":null,"players":{"0":[{"sequence":1,"clubcode":"PIT","playerName":"","statId":4,"yards":0}],"00-0026566":[{"sequence":4,"clubcode":"PIT","playerName":"I.Redman","statId":21,"yards":12},{"sequence":5,"clubcode":"PIT","playerName":"I.Redman","statId":115,"yards":0},{"sequence":6,"clubcode":"PIT","playerName":"I.Redman","statId":113,"yards":14}],"00-0023750":[{"sequence":8,"clubcode":"HOU","playerName":"M.Williams","statId":79,"yards":0}],"00-0027022":[{"sequence":7,"clubcode":"HOU","playerName":"C.Barwin","statId":110,"yards":0}],"00-0022924":[{"sequence":2,"clubcode":"PIT","playerName":"B.Roethlisberger","statId":15,"yards":12},{"sequence":3,"clubcode":"PIT","playerName":"B.Roethlisberger","statId":111,"yards":-2}]}},"3563":{"sp":0,"qtr":4,"down":1,"time":"00:19","yrdln":"PIT 40","ydstogo":10,"ydsnet":39,"posteam":"PIT","desc":"(:19) B.Roethlisberger spiked the ball to stop the clock.","note":null,"players":{"00-0022924":[{"sequence":1,"clubcode":"PIT","playerName":"B.Roethlisberger","statId":14,"yards":0},{"sequence":2,"clubcode":"PIT","playerName":"B.Roethlisberger","statId":112,"yards":0}]}},"3585":{"sp":0,"qtr":4,"down":2,"time":"00:19","yrdln":"PIT 40","ydstogo":10,"ydsnet":39,"posteam":"PIT","desc":"(:19) (Shotgun) B.Roethlisberger pass deep right intended for A.Brown INTERCEPTED by J.Allen at HOU 11. J.Allen to HOU 11 for no gain (A.Brown).","note":"INT","players":{"00-0024231":[{"sequence":4,"clubcode":"HOU","playerName":"J.Allen","statId":25,"yards":0},{"sequence":5,"clubcode":"HOU","playerName":"J.Allen","statId":85,"yards":0}],"00-0027793":[{"sequence":2,"clubcode":"PIT","playerName":"A.Brown","statId":115,"yards":0},{"sequence":6,"clubcode":"PIT","playerName":"A.Brown","statId":79,"yards":0}],"00-0022924":[{"sequence":1,"clubcode":"PIT","playerName":"B.Roethlisberger","statId":19,"yards":0},{"sequence":3,"clubcode":"PIT","playerName":"B.Roethlisberger","statId":112,"yards":49}]}}},"fds":3,"result":"Interception","penyds":15,"ydsgained":24,"numplays":5,"postime":"0:52","start":{"qtr":4,"time":"01:02","yrdln":"PIT 1","team":"PIT"},"end":{"qtr":4,"time":"00:10","yrdln":"PIT 40","team":"PIT"}},"18":{"posteam":"HOU","qtr":4,"redzone":true,"plays":{"3611":{"sp":0,"qtr":4,"down":1,"time":"00:10","yrdln":"HOU 11","ydstogo":10,"ydsnet":-1,"posteam":"HOU","desc":"(:10) M.Schaub kneels to HOU 10 for -1 yards.","note":null,"players":{"00-0022787":[{"sequence":1,"clubcode":"HOU","playerName":"M.Schaub","statId":10,"yards":-1}]}},"3632":{"sp":0,"qtr":4,"down":0,"time":"","yrdln":"","ydstogo":0,"ydsnet":-1,"posteam":"","desc":"END GAME","note":null,"players":{}}},"fds":0,"result":"End of Game","penyds":0,"ydsgained":-1,"numplays":2,"postime":"0:10","start":{"qtr":4,"time":"00:10","yrdln":"HOU 11","team":"HOU"},"end":{"qtr":4,"time":"00:00","yrdln":"","team":"HOU"}},"crntdrv":18},"scrsummary":{"525":{"type":"TD","desc":"O.Daniels 1 yd. pass from M.Schaub (N.Rackers kick is good) Drive: 19 plays, 95 yards in10:55","qtr":1,"team":"HOU","players":{"":"0","M.Schaub":"00-0022787","O.Daniels":"00-0024313","N.Rackers":"00-0019676"}},"1498":{"type":"FG","desc":"N.Rackers 25 yd. Field Goal Drive: 12 plays, 60 yards in 5:41","qtr":2,"team":"HOU","players":{"N.Rackers":"00-0019676"}},"2230":{"type":"TD","desc":"R.Mendenhall 3 yd. run (S.Suisham kick is good) Drive: 13 plays, 74 yards in 7:58","qtr":3,"team":"PIT","players":{"":"0","R.Mendenhall":"00-0026163","S.Suisham":"00-0023001"}},"2607":{"type":"FG","desc":"S.Suisham 26 yd. Field Goal Drive: 9 plays, 55 yards in 5:27","qtr":4,"team":"PIT","players":{"S.Suisham":"00-0023001"}},"2738":{"type":"TD","desc":"A.Foster 42 yd. run (N.Rackers kick is good) Drive: 5 plays, 85 yards in 2:55","qtr":4,"team":"HOU","players":{"":"0","A.Foster":"00-0026796","N.Rackers":"00-0019676"}}},"weather":null,"media":null,"yl":"","qtr":"Final","note":null,"down":0,"togo":0,"redzone":true,"clock":"00:10","posteam":"HOU","stadium":null},"nextupdate":265}