{"2011112402":{"home":{"score":{"1":3,"2":3,"3":0,"4":10,"5":0,"T":16},"abbr":"BAL","to":1,"stats":{"passing":{"00-0026158":{"name":"J.Flacco","att":23,"cmp":15,"yds":161,"tds":1,"ints":0,"twopta":0,"twoptm":0}},"rushing":{"00-0026195":{"name":"R.Rice","att":21,"yds":59,"tds":0,"lng":10,"lngtd":0,"twopta":0,"twoptm":0},"00-0017915":{"name":"R.Williams","att":7,"yds":29,"tds":0,"lng":12,"lngtd":0,"twopta":0,"twoptm":0},"00-0026158":{"name":"J.Flacco","att":6,"yds":2,"tds":0,"lng":6,"lngtd":0,"twopta":0,"twoptm":0},"00-0022397":{"name":"V.Leach","att":1,"yds":2,"tds":0,"lng":2,"lngtd":0,"twopta":0,"twoptm":0}},"receiving":{"00-0022084":{"name":"A.Boldin","rec":4,"yds":63,"tds":0,"lng":22,"lngtd":0,"twopta":0,"twoptm":0},"00-0026195":{"name":"R.Rice","rec":3,"yds":24,"tds":0,"lng":17,"lngtd":0,"twopta":0,"twoptm":0},"00-0027996":{"name":"T.Smith","rec":2,"yds":23,"tds":0,"lng":12,"lngtd":0,"twopta":0,"twoptm":0},"00-0027714":{"name":"D.Pitta","rec":2,"yds":19,"tds":1,"lng":11,"lngtd":8,"twopta":0,"twoptm":0},"00-0027675":{"name":"E.Dickson","rec":1,"yds":15,"tds":0,"lng":15,"lngtd":0,"twopta":0,"twoptm":0},"00-0022397":{"name":"V.Leach","rec":1,"yds":10,"tds":0,"lng":10,"lngtd":0,"twopta":0,"twoptm":0},"00-0022910":{"name":"L.Evans","rec":1,"yds":8,"tds":0,"lng":8,"lngtd":0,"twopta":0,"twoptm":0},"00-0017915":{"name":"R.Williams","rec":1,"yds":-1,"tds":0,"lng":-1,"lngtd":0,"twopta":0,"twoptm":0}},"fumbles":{},"kicking":{"00-0020972":{"name":"B.Cundiff","fgm":3,"fga":3,"fgyds":39,"totpfg":9,"xpmade":1,"xpmissed":0,"xpa":1,"xpb":0,"xptot":1}},"punting":{"00-0024417":{"name":"S.Koch","pts":4,"yds":170,"avg":38,"i20":2,"lng":50}},"kickret":{"00-0026226":{"name":"T.Zbikowski","ret":1,"avg":16,"tds":0,"lng":16,"lngtd":0}},"puntret":{"00-0027060":{"name":"L.Webb","ret":5,"avg":9,"tds":0,"lng":18,"lngtd":0}},"defense":{"00-0024269":{"name":"B.Pollard","tkl":6,"ast":2,"sk":0,"int":0,"ffum":0},"00-0026407":{"name":"J.McClain","tkl":3,"ast":5,"sk":0,"int":0,"ffum":0},"00-0021998":{"name":"C.Redding","tkl":4,"ast":1,"sk":2.5,"int":0,"ffum":0},"00-0024227":{"name":"H.Ngata","tkl":4,"ast":0,"sk":2,"int":0,"ffum":0},"00-0022139":{"name":"J.Johnson","tkl":4,"ast":0,"sk":0,"int":0,"ffum":0},"00-0000551":{"name":"B.Ayanbadejo","tkl":4,"ast":0,"sk":0,"int":0,"ffum":0},"00-0027060":{"name":"L.Webb","tkl":3,"ast":1,"sk":0.5,"int":1,"ffum":0},"00-0027560":{"name":"A.McClellan","tkl":2,"ast":2,"sk":0,"int":0,"ffum":0},"00-0022161":{"name":"T.Suggs","tkl":3,"ast":0,"sk":3,"int":0,"ffum":1},"00-0026369":{"name":"Ca.Williams","tkl":3,"ast":0,"sk":0,"int":0,"ffum":0},"00-0026226":{"name":"T.Zbikowski","tkl":2,"ast":0,"sk":1,"int":0,"ffum":0},"00-0027033":{"name":"P.Kruger","tkl":2,"ast":0,"sk":0,"int":0,"ffum":0},"00-0028103":{"name":"P.McPhee","tkl":2,"ast":0,"sk":0,"int":0,"ffum":0},"00-0027965":{"name":"J.Smith","tkl":1,"ast":0,"sk":0,"int":0,"ffum":0},"00-0021377":{"name":"E.Reed","tkl":0,"ast":1,"sk":0,"int":0,"ffum":0}},"team":{"totfd":16,"totyds":253,"pyds":161,"ryds":92,"pen":3,"penyds":20,"trnovr":0,"pt":4,"ptyds":170,"ptavg":38,"top":"31:08"}},"players":null},"away":{"score":{"1":3,"2":0,"3":3,"4":0,"5":0,"T":6},"abbr":"SF","to":0,"stats":{"passing":{"00-0023436":{"name":"Alex Smith","att":24,"cmp":15,"yds":140,"tds":0,"ints":1,"twopta":0,"twoptm":0}},"rushing":{"00-0023500":{"name":"F.Gore","att":14,"yds":39,"tds":0,"lng":9,"lngtd":0,"twopta":0,"twoptm":0},"00-0028053":{"name":"K.Hunter","att":4,"yds":14,"tds":0,"lng":9,"lngtd":0,"twopta":0,"twoptm":0},"00-0023436":{"name":"Alex Smith","att":2,"yds":12,"tds":0,"lng":8,"lngtd":0,"twopta":0,"twoptm":0},"00-0025396":{"name":"T.Ginn","att":1,"yds":9,"tds":0,"lng":9,"lngtd":0,"twopta":0,"twoptm":0}},"receiving":{"00-0026986":{"name":"M.Crabtree","rec":6,"yds":54,"tds":0,"lng":18,"lngtd":0,"twopta":0,"twoptm":0},"00-0024221":{"name":"V.Davis","rec":4,"yds":38,"tds":0,"lng":20,"lngtd":0,"twopta":0,"twoptm":0},"00-0025396":{"name":"T.Ginn","rec":2,"yds":21,"tds":0,"lng":12,"lngtd":0,"twopta":0,"twoptm":0},"00-0028053":{"name":"K.Hunter","rec":1,"yds":13,"tds":0,"lng":13,"lngtd":0,"twopta":0,"twoptm":0},"00-0023500":{"name":"F.Gore","rec":1,"yds":9,"tds":0,"lng":9,"lngtd":0,"twopta":0,"twoptm":0},"00-0023438":{"name":"B.Edwards","rec":1,"yds":5,"tds":0,"lng":5,"lngtd":0,"twopta":0,"twoptm":0}},"fumbles":{"00-0023436":{"name":"Alex Smith","tot":1,"rcv":0,"trcv":0,"yds":0,"lost":0}},"kicking":{"00-0000108":{"name":"D.Akers","fgm":2,"fga":2,"fgyds":52,"totpfg":6,"xpmade":0,"xpmissed":0,"xpa":0,"xpb":0,"xptot":0}},"punting":{"00-0022824":{"name":"A.Lee","pts":5,"yds":288,"avg":48,"i20":1,"lng":61}},"kickret":{"00-0025396":{"name":"T.Ginn","ret":3,"avg":31,"tds":0,"lng":36,"lngtd":0}},"puntret":{},"defense":{"00-0025398":{"name":"P.Willis","tkl":4,"ast":4,"sk":0,"int":0,"ffum":0},"00-0027894":{"name":"N.Bowman","tkl":4,"ast":4,"sk":0,"int":0,"ffum":0},"00-0025484":{"name":"R.McDonald","tkl":5,"ast":2,"sk":0,"int":0,"ffum":0},"00-0022863":{"name":"I.Sopoaga","tkl":6,"ast":0,"sk":0,"int":0,"ffum":0},"00-0024223":{"name":"D.Whitner","tkl":3,"ast":3,"sk":0,"int":0,"ffum":0},"00-0028018":{"name":"C.Culliver","tkl":5,"ast":0,"sk":0,"int":0,"ffum":0},"00-0020535":{"name":"J.Smith","tkl":2,"ast":3,"sk":0,"int":0,"ffum":0},"00-0024495":{"name":"A.Brooks","tkl":3,"ast":0,"sk":0,"int":0,"ffum":0},"00-0025513":{"name":"D.Goldson","tkl":3,"ast":0,"sk":0,"int":0,"ffum":0},"00-0027945":{"name":"Ald.Smith","tkl":3,"ast":0,"sk":0,"int":0,"ffum":0},"00-0023444":{"name":"C.Rogers","tkl":2,"ast":0,"sk":0,"int":0,"ffum":0},"00-0025534":{"name":"T.Brown","tkl":2,"ast":0,"sk":0,"int":0,"ffum":0},"00-0024354":{"name":"P.Haralson","tkl":1,"ast":1,"sk":0,"int":0,"ffum":0},"00-0026758":{"name":"C.Spillman","tkl":1,"ast":0,"sk":0,"int":0,"ffum":0},"00-0026354":{"name":"L.Grant","tkl":0,"ast":1,"sk":0,"int":0,"ffum":0}},"team":{"totfd":12,"totyds":170,"pyds":96,"ryds":74,"pen":7,"penyds":97,"trnovr":1,"pt":5,"ptyds":288,"ptavg":48,"top":"28:52"}},"players":null},"drives":{"1":{"posteam":"BAL","qtr":1,"redzone":true,"plays":{"36":{"sp":0,"qtr":1,"down":0,"time":"15:00","yrdln":"SF 35","ydstogo":0,"ydsnet":3,"posteam":"SF","desc":"D.Akers kicks 74 yards from SF 35 to BAL -9. T.Zbikowski, Touchback. PENALTY on SF-C.Jones, Offside on Free Kick, 5 yards, enforced at BAL 20.","note":"KICKOFF","players":{"00-0000108":[{"sequence":1,"clubcode":"SF","playerName":"D.Akers","statId":44,"yards":65}],"0":[{"sequence":2,"clubcode":"BAL","playerName":"","statId":51,"yards":0}],"00-0028128":[{"sequence":3,"clubcode":"SF","playerName":"C.Jones","statId":93,"yards":5}]}},"54":{"sp":0,"qtr":1,"down":1,"time":"15:00","yrdln":"BAL 25","ydstogo":10,"ydsnet":6,"posteam":"BAL","desc":"(15:00) R.Rice right guard to BAL 28 for 3 yards (I.Sopoaga, N.Bowman).","note":null,"players":{"00-0027894":[{"sequence":3,"clubcode":"SF","playerName":"N.Bowman","statId":82,"yards":0}],"00-0022863":[{"sequence":2,"clubcode":"SF","playerName":"I.Sopoaga","statId":80,"yards":0}],"00-0026195":[{"sequence":1,"clubcode":"BAL","playerName":"R.Rice","statId":10,"yards":3}]}},"87":{"sp":0,"qtr":1,"down":2,"time":"14:27","yrdln":"BAL 28","ydstogo":7,"ydsnet":6,"posteam":"BAL","desc":"(14:27) R.Rice right guard to BAL 31 for 3 yards (I.Sopoaga, L.Grant).","note":null,"players":{"00-0026354":[{"sequence":3,"clubcode":"SF","playerName":"L.Grant","statId":82,"yards":0}],"00-0022863":[{"sequence":2,"clubcode":"SF","playerName":"I.Sopoaga","statId":80,"yards":0}],"00-0026195":[{"sequence":1,"clubcode":"BAL","playerName":"R.Rice","statId":10,"yards":3}]}},"108":{"sp":0,"qtr":1,"down":3,"time":"13:48","yrdln":"BAL 31","ydstogo":4,"ydsnet":55,"posteam":"BAL","desc":"(13:48) (Shotgun) J.Flacco pass short middle to A.Boldin to SF 47 for 22 yards (C.Culliver, D.Whitner).","note":null,"players":{"00-0022084":[{"sequence":5,"clubcode":"BAL","playerName":"A.Boldin","statId":21,"yards":22},{"sequence":6,"clubcode":"BAL","playerName":"A.Boldin","statId":115,"yards":0},{"sequence":7,"clubcode":"BAL","playerName":"A.Boldin","statId":113,"yards":15}],"00-0028018":[{"sequence":8,"clubcode":"SF","playerName":"C.Culliver","statId":80,"yards":0}],"0":[{"sequence":1,"clubcode":"BAL","playerName":"","statId":4,"yards":0},{"sequence":2,"clubcode":"BAL","playerName":"","statId":6,"yards":0}],"00-0026158":[{"sequence":3,"clubcode":"BAL","playerName":"J.Flacco","statId":15,"yards":22},{"sequence":4,"clubcode":"BAL","playerName":"J.Flacco","statId":111,"yards":7}],"00-0024223":[{"sequence":9,"clubcode":"SF","playerName":"D.Whitner","statId":82,"yards":0}]}},"132":{"sp":0,"qtr":1,"down":1,"time":"13:09","yrdln":"SF 47","ydstogo":10,"ydsnet":55,"posteam":"BAL","desc":"(13:09) J.Flacco pass short middle to A.Boldin to SF 31 for 16 yards (D.Goldson, D.Whitner). SF #95 (Francois) tipped the pass","note":null,"players":{"00-0025513":[{"sequence":7,"clubcode":"SF","playerName":"D.Goldson","statId":80,"yards":0}],"00-0022084":[{"sequence":4,"clubcode":"BAL","playerName":"A.Boldin","statId":21,"yards":16},{"sequence":5,"clubcode":"BAL","playerName":"A.Boldin","statId":115,"yards":0},{"sequence":6,"clubcode":"BAL","playerName":"A.Boldin","statId":113,"yards":7}],"0":[{"sequence":1,"clubcode":"BAL","playerName":"","statId":4,"yards":0}],"00-0026158":[{"sequence":2,"clubcode":"BAL","playerName":"J.Flacco","statId":15,"yards":16},{"sequence":3,"clubcode":"BAL","playerName":"J.Flacco","statId":111,"yards":9}],"00-0024223":[{"sequence":8,"clubcode":"SF","playerName":"D.Whitner","statId":82,"yards":0}]}},"156":{"sp":0,"qtr":1,"down":1,"time":"12:35","yrdln":"SF 31","ydstogo":10,"ydsnet":55,"posteam":"BAL","desc":"(12:35) J.Flacco pass short middle to R.Rice to SF 30 for 1 yard (P.Willis).","note":null,"players":{"00-0025398":[{"sequence":6,"clubcode":"SF","playerName":"P.Willis","statId":79,"yards":0}],"00-0026158":[{"sequence":1,"clubcode":"BAL","playerName":"J.Flacco","statId":15,"yards":1},{"sequence":2,"clubcode":"BAL","playerName":"J.Flacco","statId":111,"yards":-1}],"00-0026195":[{"sequence":3,"clubcode":"BAL","playerName":"R.Rice","statId":21,"yards":1},{"sequence":4,"clubcode":"BAL","playerName":"R.Rice","statId":115,"yards":0},{"sequence":5,"clubcode":"BAL","playerName":"R.Rice","statId":113,"yards":2}]}},"184":{"sp":0,"qtr":1,"down":2,"time":"11:53","yrdln":"SF 30","ydstogo":9,"ydsnet":55,"posteam":"BAL","desc":"(11:53) R.Rice left tackle to SF 20 for 10 yards (D.Goldson).","note":null,"players":{"00-0025513":[{"sequence":3,"clubcode":"SF","playerName":"D.Goldson","statId":79,"yards":0}],"0":[{"sequence":1,"clubcode":"BAL","playerName":"","statId":3,"yards":0}],"00-0026195":[{"sequence":2,"clubcode":"BAL","playerName":"R.Rice","statId":10,"yards":10}]}},"205":{"sp":0,"qtr":1,"down":1,"time":"11:19","yrdln":"SF 20","ydstogo":10,"ydsnet":55,"posteam":"BAL","desc":"(11:19) R.Williams right guard to SF 20 for no gain (R.McDonald, N.Bowman).","note":null,"players":{"00-0027894":[{"sequence":3,"clubcode":"SF","playerName":"N.Bowman","statId":82,"yards":0}],"00-0017915":[{"sequence":1,"clubcode":"BAL","playerName":"R.Williams","statId":10,"yards":0}],"00-0025484":[{"sequence":2,"clubcode":"SF","playerName":"R.McDonald","statId":80,"yards":0}]}},"231":{"sp":0,"qtr":1,"down":2,"time":"10:41","yrdln":"SF 20","ydstogo":10,"ydsnet":55,"posteam":"BAL","desc":"(10:41) J.Flacco pass incomplete short middle to R.Williams (P.Willis).","note":null,"players":{"00-0017915":[{"sequence":2,"clubcode":"BAL","playerName":"R.Williams","statId":115,"yards":0}],"00-0025398":[{"sequence":3,"clubcode":"SF","playerName":"P.Willis","statId":85,"yards":0}],"00-0026158":[{"sequence":1,"clubcode":"BAL","playerName":"J.Flacco","statId":14,"yards":0},{"sequence":4,"clubcode":"BAL","playerName":"J.Flacco","statId":112,"yards":1}]}},"253":{"sp":0,"qtr":1,"down":3,"time":"10:33","yrdln":"SF 20","ydstogo":10,"ydsnet":55,"posteam":"BAL","desc":"(10:33) (Shotgun) J.Flacco pass incomplete deep right to A.Boldin [A.Brooks].","note":null,"players":{"00-0024495":[{"sequence":4,"clubcode":"SF","playerName":"A.Brooks","statId":110,"yards":0}],"00-0022084":[{"sequence":3,"clubcode":"BAL","playerName":"A.Boldin","statId":115,"yards":0}],"0":[{"sequence":1,"clubcode":"BAL","playerName":"","statId":7,"yards":0}],"00-0026158":[{"sequence":2,"clubcode":"BAL","playerName":"J.Flacco","statId":14,"yards":0},{"sequence":5,"clubcode":"BAL","playerName":"J.Flacco","statId":112,"yards":19}]}},"275":{"sp":1,"qtr":1,"down":4,"time":"10:26","yrdln":"SF 20","ydstogo":10,"ydsnet":55,"posteam":"BAL","desc":"(10:26) (Field Goal formation) B.Cundiff 39 yard field goal is GOOD, Center-M.Cox, Holder-S.Koch.","note":"FG","players":{"00-0020972":[{"sequence":1,"clubcode":"BAL","playerName":"B.Cundiff","statId":70,"yards":39}]}}},"fds":3,"result":"Field Goal","penyds":0,"ydsgained":55,"numplays":11,"postime":"4:39","start":{"qtr":1,"time":"15:00","yrdln":"BAL 25","team":"BAL"},"end":{"qtr":1,"time":"10:21","yrdln":"SF 20","team":"BAL"}},"2":{"posteam":"SF","qtr":1,"redzone":true,"plays":{"294":{"sp":0,"qtr":1,"down":0,"time":"10:21","yrdln":"BAL 35","ydstogo":0,"ydsnet":0,"posteam":"BAL","desc":"B.Cundiff kicks 64 yards from BAL 35 to SF 1. T.Ginn to SF 29 for 28 yards (H.Nakamura).","note":"KICKOFF","players":{"00-0025396":[{"sequence":2,"clubcode":"SF","playerName":"T.Ginn","statId":45,"yards":28}],"00-0026346":[{"sequence":3,"clubcode":"BAL","playerName":"H.Nakamura","statId":79,"yards":0}],"00-0020972":[{"sequence":1,"clubcode":"BAL","playerName":"B.Cundiff","statId":41,"yards":64}]}},"316":{"sp":0,"qtr":1,"down":1,"time":"10:21","yrdln":"SF 29","ydstogo":10,"ydsnet":2,"posteam":"SF","desc":"(10:21) Alex Smith pass short right to V.Davis to SF 31 for 2 yards (L.Webb).","note":null,"players":{"00-0023436":[{"sequence":1,"clubcode":"SF","playerName":"Alex Smith","statId":15,"yards":2},{"sequence":2,"clubcode":"SF","playerName":"Alex Smith","statId":111,"yards":1}],"00-0027060":[{"sequence":6,"clubcode":"BAL","playerName":"L.Webb","statId":79,"yards":0}],"00-0024221":[{"sequence":3,"clubcode":"SF","playerName":"V.Davis","statId":21,"yards":2},{"sequence":4,"clubcode":"SF","playerName":"V.Davis","statId":115,"yards":0},{"sequence":5,"clubcode":"SF","playerName":"V.Davis","statId":113,"yards":1}]}},"340":{"sp":0,"qtr":1,"down":2,"time":"09:41","yrdln":"SF 31","ydstogo":8,"ydsnet":7,"posteam":"SF","desc":"(9:41) Alex Smith pass short right to M.Crabtree to SF 36 for 5 yards (L.Webb, B.Pollard).","note":null,"players":{"00-0023436":[{"sequence":1,"clubcode":"SF","playerName":"Alex Smith","statId":15,"yards":5},{"sequence":2,"clubcode":"SF","playerName":"Alex Smith","statId":111,"yards":4}],"00-0027060":[{"sequence":6,"clubcode":"BAL","playerName":"L.Webb","statId":80,"yards":0}],"00-0024269":[{"sequence":7,"clubcode":"BAL","playerName":"B.Pollard","statId":82,"yards":0}],"00-0026986":[{"sequence":3,"clubcode":"SF","playerName":"M.Crabtree","statId":21,"yards":5},{"sequence":4,"clubcode":"SF","playerName":"M.Crabtree","statId":115,"yards":0},{"sequence":5,"clubcode":"SF","playerName":"M.Crabtree","statId":113,"yards":1}]}},"364":{"sp":0,"qtr":1,"down":3,"time":"09:04","yrdln":"SF 36","ydstogo":3,"ydsnet":6,"posteam":"SF","desc":"(9:04) (Shotgun) Alex Smith sacked at SF 35 for -1 yards (T.Zbikowski).","note":null,"players":{"00-0026226":[{"sequence":3,"clubcode":"BAL","playerName":"T.Zbikowski","statId":83,"yards":-1},{"sequence":4,"clubcode":"BAL","playerName":"T.Zbikowski","statId":110,"yards":0},{"sequence":5,"clubcode":"BAL","playerName":"T.Zbikowski","statId":79,"yards":0},{"sequence":6,"clubcode":"BAL","playerName":"T.Zbikowski","statId":120,"yards":0}],"00-0023436":[{"sequence":2,"clubcode":"SF","playerName":"Alex Smith","statId":20,"yards":-1}],"0":[{"sequence":1,"clubcode":"SF","playerName":"","statId":7,"yards":0}]}},"392":{"sp":0,"qtr":1,"down":4,"time":"08:25","yrdln":"SF 35","ydstogo":4,"ydsnet":6,"posteam":"SF","desc":"(8:25) (Punt formation) A.Lee punts 59 yards to BAL 6, Center-B.Jennings. L.Webb to BAL 10 for 4 yards (B.Costanzo).","note":"PUNT","players":{"00-0027060":[{"sequence":2,"clubcode":"BAL","playerName":"L.Webb","statId":33,"yards":4}],"00-0024129":[{"sequence":4,"clubcode":"SF","playerName":"B.Costanzo","statId":79,"yards":0}],"00-0022824":[{"sequence":1,"clubcode":"SF","playerName":"A.Lee","statId":29,"yards":59},{"sequence":3,"clubcode":"SF","playerName":"A.Lee","statId":30,"yards":0}]}}},"fds":0,"result":"Punt","penyds":0,"ydsgained":6,"numplays":5,"postime":"2:08","start":{"qtr":1,"time":"10:21","yrdln":"SF 29","team":"SF"},"end":{"qtr":1,"time":"08:13","yrdln":"SF 35","team":"SF"}},"3":{"posteam":"BAL","qtr":1,"redzone":true,"plays":{"417":{"sp":0,"qtr":1,"down":1,"time":"08:13","yrdln":"BAL 10","ydstogo":10,"ydsnet":1,"posteam":"BAL","desc":"(8:13) R.Rice left guard to BAL 11 for 1 yard (R.McDonald).","note":null,"players":{"00-0025484":[{"sequence":2,"clubcode":"SF","playerName":"R.McDonald","statId":79,"yards":0}],"00-0026195":[{"sequence":1,"clubcode":"BAL","playerName":"R.Rice","statId":10,"yards":1}]}},"438":{"sp":0,"qtr":1,"down":2,"time":"07:37","yrdln":"BAL 11","ydstogo":9,"ydsnet":8,"posteam":"BAL","desc":"(7:37) R.Rice left tackle to BAL 18 for 7 yards (A.Brooks, P.Willis).","note":null,"players":{"00-0024495":[{"sequence":2,"clubcode":"SF","playerName":"A.Brooks","statId":80,"yards":0}],"00-0025398":[{"sequence":3,"clubcode":"SF","playerName":"P.Willis","statId":82,"yards":0}],"00-0026195":[{"sequence":1,"clubcode":"BAL","playerName":"R.Rice","statId":10,"yards":7}]}},"459":{"sp":0,"qtr":1,"down":3,"time":"06:54","yrdln":"BAL 18","ydstogo":2,"ydsnet":8,"posteam":"BAL","desc":"(6:54) (Shotgun) J.Flacco pass incomplete short right to A.Boldin.","note":null,"players":{"00-0022084":[{"sequence":3,"clubcode":"BAL","playerName":"A.Boldin","statId":115,"yards":0}],"0":[{"sequence":1,"clubcode":"BAL","playerName":"","statId":7,"yards":0}],"00-0026158":[{"sequence":2,"clubcode":"BAL","playerName":"J.Flacco","statId":14,"yards":0},{"sequence":4,"clubcode":"BAL","playerName":"J.Flacco","statId":112,"yards":6}]}},"481":{"sp":0,"qtr":1,"down":4,"time":"06:50","yrdln":"BAL 18","ydstogo":2,"ydsnet":8,"posteam":"BAL","desc":"(6:50) (Punt formation) S.Koch punts 50 yards to SF 32, Center-M.Cox, fair catch by T.Ginn.","note":"PUNT","players":{"00-0025396":[{"sequence":2,"clubcode":"SF","playerName":"T.Ginn","statId":39,"yards":0}],"00-0024417":[{"sequence":1,"clubcode":"BAL","playerName":"S.Koch","statId":29,"yards":50}]}}},"fds":0,"result":"Punt","penyds":0,"ydsgained":8,"numplays":4,"postime":"1:32","start":{"qtr":1,"time":"08:13","yrdln":"BAL 10","team":"BAL"},"end":{"qtr":1,"time":"06:41","yrdln":"BAL 18","team":"BAL"}},"4":{"posteam":"SF","qtr":1,"redzone":true,"plays":{"500":{"sp":0,"qtr":1,"down":1,"time":"06:41","yrdln":"SF 32","ydstogo":10,"ydsnet":4,"posteam":"SF","desc":"(6:41) F.Gore left tackle to SF 36 for 4 yards (J.Johnson).","note":null,"players":{"00-0022139":[{"sequence":2,"clubcode":"BAL","playerName":"J.Johnson","statId":79,"yards":0}],"00-0023500":[{"sequence":1,"clubcode":"SF","playerName":"F.Gore","statId":10,"yards":4}]}},"521":{"sp":0,"qtr":1,"down":2,"time":"05:57","yrdln":"SF 36","ydstogo":6,"ydsnet":8,"posteam":"SF","desc":"(5:57) F.Gore right tackle to SF 40 for 4 yards (H.Ngata).","note":null,"players":{"00-0024227":[{"sequence":2,"clubcode":"BAL","playerName":"H.Ngata","statId":79,"yards":0}],"00-0023500":[{"sequence":1,"clubcode":"SF","playerName":"F.Gore","statId":10,"yards":4}]}},"542":{"sp":0,"qtr":1,"down":0,"time":"05:07","yrdln":"","ydstogo":0,"ydsnet":8,"posteam":"","desc":"Timeout #1 by SF at 05:07.","note":"TIMEOUT","players":{"0":[{"sequence":1,"clubcode":"SF","playerName":"","statId":68,"yards":0}]}},"559":{"sp":0,"qtr":1,"down":3,"time":"05:07","yrdln":"SF 40","ydstogo":2,"ydsnet":28,"posteam":"SF","desc":"(5:07) (Shotgun) Alex Smith pass short right to V.Davis pushed ob at BAL 40 for 20 yards (T.Zbikowski).","note":null,"players":{"00-0026226":[{"sequence":8,"clubcode":"BAL","playerName":"T.Zbikowski","statId":79,"yards":0}],"00-0023436":[{"sequence":3,"clubcode":"SF","playerName":"Alex Smith","statId":15,"yards":20},{"sequence":4,"clubcode":"SF","playerName":"Alex Smith","statId":111,"yards":5}],"00-0024221":[{"sequence":5,"clubcode":"SF","playerName":"V.Davis","statId":21,"yards":20},{"sequence":6,"clubcode":"SF","playerName":"V.Davis","statId":115,"yards":0},{"sequence":7,"clubcode":"SF","playerName":"V.Davis","statId":113,"yards":15}],"0":[{"sequence":1,"clubcode":"SF","playerName":"","statId":4,"yards":0},{"sequence":2,"clubcode":"SF","playerName":"","statId":6,"yards":0}]}},"583":{"sp":0,"qtr":1,"down":1,"time":"04:35","yrdln":"BAL 40","ydstogo":10,"ydsnet":37,"posteam":"SF","desc":"(4:35) T.Ginn left end pushed ob at BAL 31 for 9 yards (B.Pollard). Ginn runs around left end on reverse.","note":null,"players":{"00-0025396":[{"sequence":1,"clubcode":"SF","playerName":"T.Ginn","statId":10,"yards":9}],"00-0024269":[{"sequence":2,"clubcode":"BAL","playerName":"B.Pollard","statId":79,"yards":0}]}},"613":{"sp":0,"qtr":1,"down":2,"time":"04:07","yrdln":"BAL 31","ydstogo":1,"ydsnet":40,"posteam":"SF","desc":"(4:07) F.Gore up the middle to BAL 28 for 3 yards (B.Pollard, J.McClain).","note":null,"players":{"0":[{"sequence":1,"clubcode":"SF","playerName":"","statId":3,"yards":0}],"00-0024269":[{"sequence":3,"clubcode":"BAL","playerName":"B.Pollard","statId":80,"yards":0}],"00-0023500":[{"sequence":2,"clubcode":"SF","playerName":"F.Gore","statId":10,"yards":3}],"00-0026407":[{"sequence":4,"clubcode":"BAL","playerName":"J.McClain","statId":82,"yards":0}]}},"634":{"sp":0,"qtr":1,"down":1,"time":"03:26","yrdln":"BAL 28","ydstogo":10,"ydsnet":40,"posteam":"SF","desc":"(3:26) Alex Smith pass incomplete short right to V.Davis [C.Redding].","note":null,"players":{"00-0021998":[{"sequence":3,"clubcode":"BAL","playerName":"C.Redding","statId":110,"yards":0}],"00-0023436":[{"sequence":1,"clubcode":"SF","playerName":"Alex Smith","statId":14,"yards":0},{"sequence":4,"clubcode":"SF","playerName":"Alex Smith","statId":112,"yards":11}],"00-0024221":[{"sequence":2,"clubcode":"SF","playerName":"V.Davis","statId":115,"yards":0}]}},"656":{"sp":0,"qtr":1,"down":2,"time":"03:20","yrdln":"BAL 28","ydstogo":10,"ydsnet":46,"posteam":"SF","desc":"(3:20) F.Gore right guard to BAL 22 for 6 yards (C.Redding, J.McClain).","note":null,"players":{"00-0021998":[{"sequence":2,"clubcode":"BAL","playerName":"C.Redding","statId":80,"yards":0}],"00-0023500":[{"sequence":1,"clubcode":"SF","playerName":"F.Gore","statId":10,"yards":6}],"00-0026407":[{"sequence":3,"clubcode":"BAL","playerName":"J.McClain","statId":82,"yards":0}]}},"677":{"sp":0,"qtr":1,"down":3,"time":"02:38","yrdln":"BAL 22","ydstogo":4,"ydsnet":41,"posteam":"SF","desc":"(2:38) (Shotgun) Alex Smith sacked at BAL 27 for -5 yards (H.Ngata).","note":null,"players":{"00-0024227":[{"sequence":3,"clubcode":"BAL","playerName":"H.Ngata","statId":83,"yards":-5},{"sequence":4,"clubcode":"BAL","playerName":"H.Ngata","statId":110,"yards":0},{"sequence":5,"clubcode":"BAL","playerName":"H.Ngata","statId":79,"yards":0},{"sequence":6,"clubcode":"BAL","playerName":"H.Ngata","statId":120,"yards":0}],"00-0023436":[{"sequence":2,"clubcode":"SF","playerName":"Alex Smith","statId":20,"yards":-5}],"0":[{"sequence":1,"clubcode":"SF","playerName":"","statId":7,"yards":0}]}},"696":{"sp":1,"qtr":1,"down":4,"time":"02:04","yrdln":"BAL 27","ydstogo":9,"ydsnet":41,"posteam":"SF","desc":"(2:04) (Field Goal formation) D.Akers 45 yard field goal is GOOD, Center-B.Jennings, Holder-A.Lee.","note":"FG","players":{"00-0000108":[{"sequence":1,"clubcode":"SF","playerName":"D.Akers","statId":70,"yards":45}]}}},"fds":2,"result":"Field Goal","penyds":0,"ydsgained":41,"numplays":10,"postime":"4:42","start":{"qtr":1,"time":"06:41","yrdln":"SF 32","team":"SF"},"end":{"qtr":1,"time":"01:59","yrdln":"BAL 27","team":"SF"}},"5":{"posteam":"BAL","qtr":2,"redzone":true,"plays":{"715":{"sp":0,"qtr":1,"down":0,"time":"01:59","yrdln":"SF 35","ydstogo":0,"ydsnet":0,"posteam":"SF","desc":"D.Akers kicks 71 yards from SF 35 to BAL -6. T.Zbikowski, Touchback. PENALTY on SF-C.Spillman, Offside on Free Kick, 5 yards, enforced at BAL 20.","note":"KICKOFF","players":{"00-0026758":[{"sequence":3,"clubcode":"SF","playerName":"C.Spillman","statId":93,"yards":5}],"00-0000108":[{"sequence":1,"clubcode":"SF","playerName":"D.Akers","statId":44,"yards":65}],"0":[{"sequence":2,"clubcode":"BAL","playerName":"","statId":51,"yards":0}]}},"744":{"sp":0,"qtr":1,"down":1,"time":"01:59","yrdln":"BAL 25","ydstogo":10,"ydsnet":12,"posteam":"BAL","desc":"(1:59) J.Flacco pass short right to T.Smith to BAL 37 for 12 yards (N.Bowman).","note":null,"players":{"00-0027894":[{"sequence":7,"clubcode":"SF","playerName":"N.Bowman","statId":79,"yards":0}],"0":[{"sequence":1,"clubcode":"BAL","playerName":"","statId":4,"yards":0}],"00-0027996":[{"sequence":4,"clubcode":"BAL","playerName":"T.Smith","statId":21,"yards":12},{"sequence":5,"clubcode":"BAL","playerName":"T.Smith","statId":115,"yards":0},{"sequence":6,"clubcode":"BAL","playerName":"T.Smith","statId":113,"yards":5}],"00-0026158":[{"sequence":2,"clubcode":"BAL","playerName":"J.Flacco","statId":15,"yards":12},{"sequence":3,"clubcode":"BAL","playerName":"J.Flacco","statId":111,"yards":7}]}},"768":{"sp":0,"qtr":1,"down":1,"time":"01:22","yrdln":"BAL 37","ydstogo":10,"ydsnet":30,"posteam":"BAL","desc":"(1:22) J.Flacco pass short middle to A.Boldin to SF 45 for 18 yards (D.Goldson).","note":null,"players":{"00-0025513":[{"sequence":7,"clubcode":"SF","playerName":"D.Goldson","statId":79,"yards":0}],"00-0022084":[{"sequence":4,"clubcode":"BAL","playerName":"A.Boldin","statId":21,"yards":18},{"sequence":5,"clubcode":"BAL","playerName":"A.Boldin","statId":115,"yards":0},{"sequence":6,"clubcode":"BAL","playerName":"A.Boldin","statId":113,"yards":5}],"0":[{"sequence":1,"clubcode":"BAL","playerName":"","statId":4,"yards":0}],"00-0026158":[{"sequence":2,"clubcode":"BAL","playerName":"J.Flacco","statId":15,"yards":18},{"sequence":3,"clubcode":"BAL","playerName":"J.Flacco","statId":111,"yards":13}]}},"792":{"sp":0,"qtr":1,"down":1,"time":"00:43","yrdln":"SF 45","ydstogo":10,"ydsnet":31,"posteam":"BAL","desc":"(:43) R.Rice left guard to SF 44 for 1 yard (A.Brooks, P.Haralson).","note":null,"players":{"00-0024495":[{"sequence":2,"clubcode":"SF","playerName":"A.Brooks","statId":80,"yards":0}],"00-0024354":[{"sequence":3,"clubcode":"SF","playerName":"P.Haralson","statId":82,"yards":0}],"00-0026195":[{"sequence":1,"clubcode":"BAL","playerName":"R.Rice","statId":10,"yards":1}]}},"813":{"sp":0,"qtr":1,"down":2,"time":"00:03","yrdln":"SF 44","ydstogo":9,"ydsnet":34,"posteam":"BAL","desc":"(:03) R.Rice left guard to SF 41 for 3 yards (R.McDonald).","note":null,"players":{"00-0025484":[{"sequence":2,"clubcode":"SF","playerName":"R.McDonald","statId":79,"yards":0}],"00-0026195":[{"sequence":1,"clubcode":"BAL","playerName":"R.Rice","statId":10,"yards":3}]}},"834":{"sp":0,"qtr":1,"down":0,"time":"","yrdln":"","ydstogo":0,"ydsnet":34,"posteam":"","desc":"END QUARTER 1","note":null,"players":{}},"850":{"sp":0,"qtr":2,"down":3,"time":"15:00","yrdln":"SF 41","ydstogo":6,"ydsnet":34,"posteam":"BAL","desc":"(15:00) (Shotgun) J.Flacco pass incomplete short left to A.Boldin [J.Smith].","note":null,"players":{"00-0020535":[{"sequence":4,"clubcode":"SF","playerName":"J.Smith","statId":110,"yards":0}],"00-0022084":[{"sequence":3,"clubcode":"BAL","playerName":"A.Boldin","statId":115,"yards":0}],"0":[{"sequence":1,"clubcode":"BAL","playerName":"","statId":7,"yards":0}],"00-0026158":[{"sequence":2,"clubcode":"BAL","playerName":"J.Flacco","statId":14,"yards":0},{"sequence":5,"clubcode":"BAL","playerName":"J.Flacco","statId":112,"yards":3}]}},"872":{"sp":0,"qtr":2,"down":4,"time":"15:00","yrdln":"SF 41","ydstogo":6,"ydsnet":34,"posteam":"BAL","desc":"(15:00) (Punt formation) S.Koch punts 41 yards to end zone, Center-M.Cox, Touchback.","note":"PUNT","players":{"0":[{"sequence":2,"clubcode":"SF","playerName":"","statId":40,"yards":0}],"00-0024417":[{"sequence":1,"clubcode":"BAL","playerName":"S.Koch","statId":32,"yards":41}]}}},"fds":2,"result":"Punt","penyds":0,"ydsgained":34,"numplays":8,"postime":"2:13","start":{"qtr":1,"time":"01:59","yrdln":"BAL 25","team":"BAL"},"end":{"qtr":1,"time":"14:46","yrdln":"SF 41","team":"BAL"}},"6":{"posteam":"SF","qtr":2,"redzone":true,"plays":{"889":{"sp":0,"qtr":2,"down":1,"time":"14:46","yrdln":"SF 20","ydstogo":10,"ydsnet":5,"posteam":"SF","desc":"(14:46) Alex Smith pass short right to M.Crabtree to SF 25 for 5 yards (J.Johnson).","note":null,"players":{"00-0022139":[{"sequence":6,"clubcode":"BAL","playerName":"J.Johnson","statId":79,"yards":0}],"00-0023436":[{"sequence":1,"clubcode":"SF","playerName":"Alex Smith","statId":15,"yards":5},{"sequence":2,"clubcode":"SF","playerName":"Alex Smith","statId":111,"yards":6}],"00-0026986":[{"sequence":3,"clubcode":"SF","playerName":"M.Crabtree","statId":21,"yards":5},{"sequence":4,"clubcode":"SF","playerName":"M.Crabtree","statId":115,"yards":0},{"sequence":5,"clubcode":"SF","playerName":"M.Crabtree","statId":113,"yards":-1}]}},"913":{"sp":0,"qtr":2,"down":2,"time":"14:08","yrdln":"SF 25","ydstogo":5,"ydsnet":-7,"posteam":"SF","desc":"(14:08) Alex Smith pass deep middle to T.Ginn for 75 yards, TOUCHDOWN NULLIFIED by Penalty. PENALTY on SF-F.Gore, Chop Block, 12 yards, enforced at SF 25 - No Play.","note":"PENALTY","players":{"00-0023500":[{"sequence":1,"clubcode":"SF","playerName":"F.Gore","statId":93,"yards":12}]}},"944":{"sp":0,"qtr":2,"down":2,"time":"13:55","yrdln":"SF 13","ydstogo":17,"ydsnet":-8,"posteam":"SF","desc":"(13:55) F.Gore up the middle to SF 12 for -1 yards (H.Ngata).","note":null,"players":{"00-0024227":[{"sequence":3,"clubcode":"BAL","playerName":"H.Ngata","statId":79,"yards":0},{"sequence":4,"clubcode":"BAL","playerName":"H.Ngata","statId":120,"yards":0}],"0":[{"sequence":2,"clubcode":"SF","playerName":"","statId":95,"yards":-1}],"00-0023500":[{"sequence":1,"clubcode":"SF","playerName":"F.Gore","statId":10,"yards":-1}]}},"965":{"sp":0,"qtr":2,"down":3,"time":"13:15","yrdln":"SF 12","ydstogo":18,"ydsnet":-3,"posteam":"SF","desc":"(13:15) F.Gore right tackle to SF 16 for 4 yards (T.Suggs). PENALTY on BAL-T.Suggs, Defensive Offside, 5 yards, enforced at SF 12 - No Play.","note":"PENALTY","players":{"00-0022161":[{"sequence":1,"clubcode":"BAL","playerName":"T.Suggs","statId":93,"yards":5}]}},"998":{"sp":0,"qtr":2,"down":3,"time":"12:47","yrdln":"SF 17","ydstogo":13,"ydsnet":-11,"posteam":"SF","desc":"(12:47) (Shotgun) Alex Smith sacked at SF 9 for -8 yards (C.Redding).","note":null,"players":{"00-0021998":[{"sequence":3,"clubcode":"BAL","playerName":"C.Redding","statId":83,"yards":-8},{"sequence":4,"clubcode":"BAL","playerName":"C.Redding","statId":110,"yards":0},{"sequence":5,"clubcode":"BAL","playerName":"C.Redding","statId":79,"yards":0},{"sequence":6,"clubcode":"BAL","playerName":"C.Redding","statId":120,"yards":0}],"00-0023436":[{"sequence":2,"clubcode":"SF","playerName":"Alex Smith","statId":20,"yards":-8}],"0":[{"sequence":1,"clubcode":"SF","playerName":"","statId":7,"yards":0}]}},"1017":{"sp":0,"qtr":2,"down":4,"time":"12:16","yrdln":"SF 9","ydstogo":21,"ydsnet":-11,"posteam":"SF","desc":"(12:16) (Punt formation) A.Lee punts 57 yards to BAL 34, Center-B.Jennings. L.Webb to SF 41 for 25 yards (A.Dixon). PENALTY on BAL-K.Wilson, Illegal Block Above the Waist, 10 yards, enforced at BAL 45.","note":"PUNT","players":{"00-0027772":[{"sequence":3,"clubcode":"SF","playerName":"A.Dixon","statId":79,"yards":0}],"00-0027060":[{"sequence":2,"clubcode":"BAL","playerName":"L.Webb","statId":33,"yards":11}],"00-0022824":[{"sequence":1,"clubcode":"SF","playerName":"A.Lee","statId":29,"yards":57}],"00-0022714":[{"sequence":4,"clubcode":"BAL","playerName":"K.Wilson","statId":93,"yards":10}]}}},"fds":0,"result":"Punt","penyds":-7,"ydsgained":-4,"numplays":6,"postime":"2:43","start":{"qtr":2,"time":"14:46","yrdln":"SF 20","team":"SF"},"end":{"qtr":2,"time":"12:03","yrdln":"SF 9","team":"SF"}},"7":{"posteam":"BAL","qtr":2,"redzone":true,"plays":{"1053":{"sp":0,"qtr":2,"down":1,"time":"12:03","yrdln":"BAL 35","ydstogo":10,"ydsnet":0,"posteam":"BAL","desc":"(12:03) R.Rice left tackle to BAL 35 for no gain (I.Sopoaga, J.Smith).","note":null,"players":{"00-0020535":[{"sequence":3,"clubcode":"SF","playerName":"J.Smith","statId":82,"yards":0}],"00-0022863":[{"sequence":2,"clubcode":"SF","playerName":"I.Sopoaga","statId":80,"yards":0}],"00-0026195":[{"sequence":1,"clubcode":"BAL","playerName":"R.Rice","statId":10,"yards":0}]}},"1074":{"sp":0,"qtr":2,"down":2,"time":"11:25","yrdln":"BAL 35","ydstogo":10,"ydsnet":3,"posteam":"BAL","desc":"(11:25) R.Rice right guard to BAL 38 for 3 yards (P.Haralson).","note":null,"players":{"00-0024354":[{"sequence":2,"clubcode":"SF","playerName":"P.Haralson","statId":79,"yards":0}],"00-0026195":[{"sequence":1,"clubcode":"BAL","playerName":"R.Rice","statId":10,"yards":3}]}},"1095":{"sp":0,"qtr":2,"down":3,"time":"10:44","yrdln":"BAL 38","ydstogo":7,"ydsnet":9,"posteam":"BAL","desc":"(10:44) (Shotgun) J.Flacco scrambles up the middle to BAL 44 for 6 yards (D.Whitner).","note":null,"players":{"0":[{"sequence":1,"clubcode":"BAL","playerName":"","statId":7,"yards":0}],"00-0026158":[{"sequence":2,"clubcode":"BAL","playerName":"J.Flacco","statId":10,"yards":6}],"00-0024223":[{"sequence":3,"clubcode":"SF","playerName":"D.Whitner","statId":79,"yards":0}]}},"1116":{"sp":0,"qtr":2,"down":4,"time":"10:01","yrdln":"BAL 44","ydstogo":1,"ydsnet":9,"posteam":"BAL","desc":"(10:01) (Punt formation) S.Koch punts 43 yards to SF 13, Center-M.Cox, fair catch by T.Ginn.","note":"PUNT","players":{"00-0025396":[{"sequence":3,"clubcode":"SF","playerName":"T.Ginn","statId":39,"yards":0}],"00-0024417":[{"sequence":1,"clubcode":"BAL","playerName":"S.Koch","statId":29,"yards":43},{"sequence":2,"clubcode":"BAL","playerName":"S.Koch","statId":30,"yards":0}]}}},"fds":0,"result":"Punt","penyds":0,"ydsgained":9,"numplays":4,"postime":"2:11","start":{"qtr":2,"time":"12:03","yrdln":"BAL 35","team":"BAL"},"end":{"qtr":2,"time":"09:52","yrdln":"BAL 44","team":"BAL"}},"8":{"posteam":"SF","qtr":2,"redzone":true,"plays":{"1135":{"sp":0,"qtr":2,"down":1,"time":"09:52","yrdln":"SF 13","ydstogo":10,"ydsnet":9,"posteam":"SF","desc":"(9:52) K.Hunter right end pushed ob at SF 22 for 9 yards (J.McClain).","note":null,"players":{"00-0028053":[{"sequence":1,"clubcode":"SF","playerName":"K.Hunter","statId":10,"yards":9}],"00-0026407":[{"sequence":2,"clubcode":"BAL","playerName":"J.McClain","statId":79,"yards":0}]}},"1161":{"sp":0,"qtr":2,"down":2,"time":"09:22","yrdln":"SF 22","ydstogo":1,"ydsnet":11,"posteam":"SF","desc":"(9:22) K.Hunter left end to SF 24 for 2 yards (B.Pollard).","note":null,"players":{"0":[{"sequence":1,"clubcode":"SF","playerName":"","statId":3,"yards":0}],"00-0024269":[{"sequence":3,"clubcode":"BAL","playerName":"B.Pollard","statId":79,"yards":0}],"00-0028053":[{"sequence":2,"clubcode":"SF","playerName":"K.Hunter","statId":10,"yards":2}]}},"1182":{"sp":0,"qtr":2,"down":1,"time":"08:42","yrdln":"SF 24","ydstogo":10,"ydsnet":9,"posteam":"SF","desc":"(8:42) Alex Smith sacked at SF 22 for -2 yards (C.Redding).","note":null,"players":{"00-0021998":[{"sequence":2,"clubcode":"BAL","playerName":"C.Redding","statId":83,"yards":-2},{"sequence":3,"clubcode":"BAL","playerName":"C.Redding","statId":110,"yards":0},{"sequence":4,"clubcode":"BAL","playerName":"C.Redding","statId":79,"yards":0},{"sequence":5,"clubcode":"BAL","playerName":"C.Redding","statId":120,"yards":0}],"00-0023436":[{"sequence":1,"clubcode":"SF","playerName":"Alex Smith","statId":20,"yards":-2}]}},"1201":{"sp":0,"qtr":2,"down":2,"time":"08:12","yrdln":"SF 22","ydstogo":12,"ydsnet":9,"posteam":"SF","desc":"(8:12) F.Gore right end to SF 22 for no gain (B.Pollard).","note":null,"players":{"00-0024269":[{"sequence":2,"clubcode":"BAL","playerName":"B.Pollard","statId":79,"yards":0}],"00-0023500":[{"sequence":1,"clubcode":"SF","playerName":"F.Gore","statId":10,"yards":0}]}},"1222":{"sp":0,"qtr":2,"down":3,"time":"07:28","yrdln":"SF 22","ydstogo":12,"ydsnet":4,"posteam":"SF","desc":"(7:28) (Shotgun) PENALTY on SF-D.Walker, False Start, 5 yards, enforced at SF 22 - No Play.","note":"PENALTY","players":{"00-0024389":[{"sequence":1,"clubcode":"SF","playerName":"D.Walker","statId":93,"yards":5}]}},"1245":{"sp":0,"qtr":2,"down":3,"time":"07:02","yrdln":"SF 17","ydstogo":17,"ydsnet":7,"posteam":"SF","desc":"(7:02) F.Gore left end to SF 20 for 3 yards (P.McPhee).","note":null,"players":{"00-0028103":[{"sequence":3,"clubcode":"BAL","playerName":"P.McPhee","statId":79,"yards":0}],"0":[{"sequence":1,"clubcode":"SF","playerName":"","statId":7,"yards":0}],"00-0023500":[{"sequence":2,"clubcode":"SF","playerName":"F.Gore","statId":10,"yards":3}]}},"1266":{"sp":0,"qtr":2,"down":4,"time":"06:23","yrdln":"SF 20","ydstogo":14,"ydsnet":7,"posteam":"SF","desc":"(6:23) (Punt formation) A.Lee punts 54 yards to BAL 26, Center-B.Jennings. L.Webb to BAL 35 for 9 yards (B.Costanzo).","note":"PUNT","players":{"00-0027060":[{"sequence":2,"clubcode":"BAL","playerName":"L.Webb","statId":33,"yards":9}],"00-0024129":[{"sequence":3,"clubcode":"SF","playerName":"B.Costanzo","statId":79,"yards":0}],"00-0022824":[{"sequence":1,"clubcode":"SF","playerName":"A.Lee","statId":29,"yards":54}]}}},"fds":1,"result":"Punt","penyds":-5,"ydsgained":12,"numplays":7,"postime":"3:37","start":{"qtr":2,"time":"09:52","yrdln":"SF 13","team":"SF"},"end":{"qtr":2,"time":"06:15","yrdln":"SF 20","team":"SF"}},"9":{"posteam":"BAL","qtr":2,"redzone":true,"plays":{"1291":{"sp":0,"qtr":2,"down":1,"time":"06:15","yrdln":"BAL 35","ydstogo":10,"ydsnet":50,"posteam":"BAL","desc":"(6:15) J.Flacco pass deep middle intended for T.Smith INTERCEPTED by T.Brown at SF 10. T.Brown ran ob at SF 41 for 31 yards (E.Dickson). PENALTY on SF-T.Brown, Defensive Pass Interference, 50 yards, enforced at BAL 35 - No Play.","note":"PENALTY","players":{"0":[{"sequence":1,"clubcode":"BAL","playerName":"","statId":5,"yards":0}],"00-0025534":[{"sequence":2,"clubcode":"SF","playerName":"T.Brown","statId":93,"yards":50}]}},"1333":{"sp":0,"qtr":2,"down":1,"time":"05:58","yrdln":"SF 15","ydstogo":10,"ydsnet":59,"posteam":"BAL","desc":"(5:58) R.Rice right tackle to SF 6 for 9 yards (D.Whitner).","note":null,"players":{"00-0024223":[{"sequence":2,"clubcode":"SF","playerName":"D.Whitner","statId":79,"yards":0}],"00-0026195":[{"sequence":1,"clubcode":"BAL","playerName":"R.Rice","statId":10,"yards":9}]}},"1354":{"sp":0,"qtr":2,"down":2,"time":"05:20","yrdln":"SF 6","ydstogo":1,"ydsnet":61,"posteam":"BAL","desc":"(5:20) V.Leach up the middle to SF 4 for 2 yards (J.Smith).","note":null,"players":{"00-0020535":[{"sequence":3,"clubcode":"SF","playerName":"J.Smith","statId":79,"yards":0}],"0":[{"sequence":1,"clubcode":"BAL","playerName":"","statId":3,"yards":0}],"00-0022397":[{"sequence":2,"clubcode":"BAL","playerName":"V.Leach","statId":10,"yards":2}]}},"1375":{"sp":0,"qtr":2,"down":1,"time":"04:47","yrdln":"SF 4","ydstogo":4,"ydsnet":64,"posteam":"BAL","desc":"(4:47) R.Rice right guard to SF 1 for 3 yards (P.Willis).","note":null,"players":{"00-0025398":[{"sequence":2,"clubcode":"SF","playerName":"P.Willis","statId":79,"yards":0}],"00-0026195":[{"sequence":1,"clubcode":"BAL","playerName":"R.Rice","statId":10,"yards":3}]}},"1396":{"sp":0,"qtr":2,"down":2,"time":"04:10","yrdln":"SF 1","ydstogo":1,"ydsnet":60,"posteam":"BAL","desc":"(4:10) #76 Jah Reid reports as eligible for BAL R.Rice right end to SF 5 for -4 yards (C.Spillman).","note":null,"players":{"00-0026758":[{"sequence":3,"clubcode":"SF","playerName":"C.Spillman","statId":79,"yards":0},{"sequence":4,"clubcode":"SF","playerName":"C.Spillman","statId":120,"yards":0}],"0":[{"sequence":2,"clubcode":"BAL","playerName":"","statId":95,"yards":-4}],"00-0026195":[{"sequence":1,"clubcode":"BAL","playerName":"R.Rice","statId":10,"yards":-4}]}},"1421":{"sp":0,"qtr":2,"down":3,"time":"03:30","yrdln":"SF 5","ydstogo":5,"ydsnet":60,"posteam":"BAL","desc":"(3:30) J.Flacco up the middle to SF 5 for no gain (Ald.Smith).","note":null,"players":{"00-0027945":[{"sequence":3,"clubcode":"SF","playerName":"Ald.Smith","statId":79,"yards":0}],"0":[{"sequence":1,"clubcode":"BAL","playerName":"","statId":7,"yards":0}],"00-0026158":[{"sequence":2,"clubcode":"BAL","playerName":"J.Flacco","statId":10,"yards":0}]}},"1442":{"sp":1,"qtr":2,"down":4,"time":"02:56","yrdln":"SF 5","ydstogo":5,"ydsnet":60,"posteam":"BAL","desc":"(2:56) (Field Goal formation) B.Cundiff 23 yard field goal is GOOD, Center-M.Cox, Holder-S.Koch.","note":"FG","players":{"00-0020972":[{"sequence":1,"clubcode":"BAL","playerName":"B.Cundiff","statId":70,"yards":23}]}}},"fds":2,"result":"Field Goal","penyds":50,"ydsgained":10,"numplays":7,"postime":"3:24","start":{"qtr":2,"time":"06:15","yrdln":"BAL 35","team":"BAL"},"end":{"qtr":2,"time":"02:51","yrdln":"SF 5","team":"BAL"}},"10":{"posteam":"SF","qtr":2,"redzone":true,"plays":{"1461":{"sp":0,"qtr":2,"down":0,"time":"02:51","yrdln":"BAL 35","ydstogo":0,"ydsnet":0,"posteam":"BAL","desc":"B.Cundiff kicks 74 yards from BAL 35 to SF -9. T.Ginn, Touchback.","note":"KICKOFF","players":{"0":[{"sequence":2,"clubcode":"SF","playerName":"","statId":51,"yards":0}],"00-0020972":[{"sequence":1,"clubcode":"BAL","playerName":"B.Cundiff","statId":44,"yards":65}]}},"1479":{"sp":0,"qtr":2,"down":1,"time":"02:51","yrdln":"SF 20","ydstogo":10,"ydsnet":2,"posteam":"SF","desc":"(2:51) F.Gore right guard to SF 22 for 2 yards (J.McClain).","note":null,"players":{"00-0023500":[{"sequence":1,"clubcode":"SF","playerName":"F.Gore","statId":10,"yards":2}],"00-0026407":[{"sequence":2,"clubcode":"BAL","playerName":"J.McClain","statId":79,"yards":0}]}},"1500":{"sp":0,"qtr":2,"down":2,"time":"02:14","yrdln":"SF 22","ydstogo":8,"ydsnet":11,"posteam":"SF","desc":"(2:14) Alex Smith pass short right to F.Gore to SF 31 for 9 yards (J.Johnson).","note":null,"players":{"00-0022139":[{"sequence":7,"clubcode":"BAL","playerName":"J.Johnson","statId":79,"yards":0}],"00-0023436":[{"sequence":2,"clubcode":"SF","playerName":"Alex Smith","statId":15,"yards":9},{"sequence":3,"clubcode":"SF","playerName":"Alex Smith","statId":111,"yards":9}],"0":[{"sequence":1,"clubcode":"SF","playerName":"","statId":4,"yards":0}],"00-0023500":[{"sequence":4,"clubcode":"SF","playerName":"F.Gore","statId":21,"yards":9},{"sequence":5,"clubcode":"SF","playerName":"F.Gore","statId":115,"yards":0},{"sequence":6,"clubcode":"SF","playerName":"F.Gore","statId":113,"yards":0}]}},"1524":{"sp":0,"qtr":2,"down":0,"time":"02:00","yrdln":"","ydstogo":0,"ydsnet":11,"posteam":"","desc":"Two-Minute Warning","note":null,"players":{}},"1541":{"sp":0,"qtr":2,"down":1,"time":"02:00","yrdln":"SF 31","ydstogo":10,"ydsnet":11,"posteam":"SF","desc":"(2:00) Alex Smith pass incomplete short left to F.Gore. Pressure by Suggs","note":null,"players":{"00-0023436":[{"sequence":1,"clubcode":"SF","playerName":"Alex Smith","statId":14,"yards":0},{"sequence":3,"clubcode":"SF","playerName":"Alex Smith","statId":112,"yards":1}],"00-0023500":[{"sequence":2,"clubcode":"SF","playerName":"F.Gore","statId":115,"yards":0}]}},"1563":{"sp":0,"qtr":2,"down":2,"time":"01:55","yrdln":"SF 31","ydstogo":10,"ydsnet":23,"posteam":"SF","desc":"(1:55) (Shotgun) Alex Smith pass short middle to T.Ginn to SF 43 for 12 yards (Ca.Williams).","note":null,"players":{"00-0025396":[{"sequence":4,"clubcode":"SF","playerName":"T.Ginn","statId":21,"yards":12},{"sequence":5,"clubcode":"SF","playerName":"T.Ginn","statId":115,"yards":0},{"sequence":6,"clubcode":"SF","playerName":"T.Ginn","statId":113,"yards":0}],"00-0023436":[{"sequence":2,"clubcode":"SF","playerName":"Alex Smith","statId":15,"yards":12},{"sequence":3,"clubcode":"SF","playerName":"Alex Smith","statId":111,"yards":12}],"00-0026369":[{"sequence":7,"clubcode":"BAL","playerName":"Ca.Williams","statId":79,"yards":0}],"0":[{"sequence":1,"clubcode":"SF","playerName":"","statId":4,"yards":0}]}},"1591":{"sp":0,"qtr":2,"down":1,"time":"01:27","yrdln":"SF 43","ydstogo":10,"ydsnet":33,"posteam":"SF","desc":"(1:27) (No Huddle, Shotgun) Alex Smith pass short middle to M.Crabtree to BAL 47 for 10 yards (P.McPhee).","note":null,"players":{"00-0028103":[{"sequence":7,"clubcode":"BAL","playerName":"P.McPhee","statId":79,"yards":0}],"00-0023436":[{"sequence":2,"clubcode":"SF","playerName":"Alex Smith","statId":15,"yards":10},{"sequence":3,"clubcode":"SF","playerName":"Alex Smith","statId":111,"yards":3}],"0":[{"sequence":1,"clubcode":"SF","playerName":"","statId":4,"yards":0}],"00-0026986":[{"sequence":4,"clubcode":"SF","playerName":"M.Crabtree","statId":21,"yards":10},{"sequence":5,"clubcode":"SF","playerName":"M.Crabtree","statId":115,"yards":0},{"sequence":6,"clubcode":"SF","playerName":"M.Crabtree","statId":113,"yards":7}]}},"1615":{"sp":0,"qtr":2,"down":1,"time":"00:45","yrdln":"BAL 47","ydstogo":10,"ydsnet":40,"posteam":"SF","desc":"(:45) (No Huddle, Shotgun) Alex Smith pass short right to V.Davis to BAL 40 for 7 yards.","note":null,"players":{"00-0023436":[{"sequence":1,"clubcode":"SF","playerName":"Alex Smith","statId":15,"yards":7},{"sequence":2,"clubcode":"SF","playerName":"Alex Smith","statId":111,"yards":7}],"00-0024221":[{"sequence":3,"clubcode":"SF","playerName":"V.Davis","statId":21,"yards":7},{"sequence":4,"clubcode":"SF","playerName":"V.Davis","statId":115,"yards":0},{"sequence":5,"clubcode":"SF","playerName":"V.Davis","statId":113,"yards":0}]}},"1639":{"sp":0,"qtr":2,"down":2,"time":"00:39","yrdln":"BAL 40","ydstogo":3,"ydsnet":40,"posteam":"SF","desc":"(:39) (No Huddle, Shotgun) Alex Smith pass incomplete short left to B.Edwards.","note":null,"players":{"00-0023436":[{"sequence":1,"clubcode":"SF","playerName":"Alex Smith","statId":14,"yards":0},{"sequence":3,"clubcode":"SF","playerName":"Alex Smith","statId":112,"yards":10}],"00-0023438":[{"sequence":2,"clubcode":"SF","playerName":"B.Edwards","statId":115,"yards":0}]}},"1661":{"sp":0,"qtr":2,"down":3,"time":"00:32","yrdln":"BAL 40","ydstogo":3,"ydsnet":40,"posteam":"SF","desc":"(:32) (Shotgun) F.Gore right guard to BAL 40 for no gain (P.Kruger, J.McClain).","note":null,"players":{"00-0027033":[{"sequence":3,"clubcode":"BAL","playerName":"P.Kruger","statId":80,"yards":0}],"0":[{"sequence":1,"clubcode":"SF","playerName":"","statId":7,"yards":0}],"00-0023500":[{"sequence":2,"clubcode":"SF","playerName":"F.Gore","statId":10,"yards":0}],"00-0026407":[{"sequence":4,"clubcode":"BAL","playerName":"J.McClain","statId":82,"yards":0}]}},"1682":{"sp":0,"qtr":2,"down":0,"time":"00:23","yrdln":"","ydstogo":0,"ydsnet":40,"posteam":"","desc":"Timeout #1 by BAL at 00:23.","note":"TIMEOUT","players":{"0":[{"sequence":1,"clubcode":"BAL","playerName":"","statId":68,"yards":0}]}},"1699":{"sp":0,"qtr":2,"down":4,"time":"00:23","yrdln":"BAL 40","ydstogo":3,"ydsnet":45,"posteam":"SF","desc":"(:23) Alex Smith pass short right to D.Walker to BAL 37 for 3 yards (B.Pollard). PENALTY on BAL-T.Zbikowski, Defensive 12 On-field, 5 yards, enforced at BAL 40 - No Play.","note":"PENALTY","players":{"00-0026226":[{"sequence":2,"clubcode":"BAL","playerName":"T.Zbikowski","statId":93,"yards":5}],"0":[{"sequence":1,"clubcode":"SF","playerName":"","statId":5,"yards":0}]}},"1734":{"sp":0,"qtr":2,"down":1,"time":"00:18","yrdln":"BAL 35","ydstogo":10,"ydsnet":45,"posteam":"SF","desc":"(:18) (Shotgun) Alex Smith pass deep right intended for B.Edwards INTERCEPTED by L.Webb at BAL 0. Touchback.","note":"INT","players":{"00-0023436":[{"sequence":1,"clubcode":"SF","playerName":"Alex Smith","statId":19,"yards":0},{"sequence":3,"clubcode":"SF","playerName":"Alex Smith","statId":112,"yards":35}],"00-0027060":[{"sequence":4,"clubcode":"BAL","playerName":"L.Webb","statId":25,"yards":0},{"sequence":5,"clubcode":"BAL","playerName":"L.Webb","statId":85,"yards":0}],"00-0023438":[{"sequence":2,"clubcode":"SF","playerName":"B.Edwards","statId":115,"yards":0}]}}},"fds":4,"result":"Interception","penyds":5,"ydsgained":40,"numplays":13,"postime":"2:40","start":{"qtr":2,"time":"02:51","yrdln":"SF 20","team":"SF"},"end":{"qtr":2,"time":"00:11","yrdln":"BAL 35","team":"SF"}},"11":{"posteam":"BAL","qtr":2,"redzone":true,"plays":{"1756":{"sp":0,"qtr":2,"down":1,"time":"00:11","yrdln":"BAL 20","ydstogo":10,"ydsnet":-1,"posteam":"BAL","desc":"(:11) J.Flacco kneels to BAL 19 for -1 yards.","note":null,"players":{"00-0026158":[{"sequence":1,"clubcode":"BAL","playerName":"J.Flacco","statId":10,"yards":-1}]}},"1777":{"sp":0,"qtr":2,"down":0,"time":"","yrdln":"","ydstogo":0,"ydsnet":-1,"posteam":"","desc":"END QUARTER 2","note":null,"players":{}}},"fds":0,"result":"End of Half","penyds":0,"ydsgained":-1,"numplays":2,"postime":"0:11","start":{"qtr":2,"time":"00:11","yrdln":"BAL 20","team":"BAL"},"end":{"qtr":2,"time":"00:00","yrdln":"BAL 20","team":"BAL"}},"12":{"posteam":"SF","qtr":3,"redzone":true,"plays":{"1793":{"sp":0,"qtr":3,"down":0,"time":"15:00","yrdln":"BAL 35","ydstogo":0,"ydsnet":0,"posteam":"BAL","desc":"B.Cundiff kicks 74 yards from BAL 35 to SF -9. T.Ginn, Touchback.","note":"KICKOFF","players":{"0":[{"sequence":2,"clubcode":"SF","playerName":"","statId":51,"yards":0}],"00-0020972":[{"sequence":1,"clubcode":"BAL","playerName":"B.Cundiff","statId":44,"yards":65}]}},"1816":{"sp":0,"qtr":3,"down":1,"time":"15:00","yrdln":"SF 20","ydstogo":10,"ydsnet":5,"posteam":"SF","desc":"(15:00) F.Gore left guard to SF 25 for 5 yards (A.McClellan, J.McClain).","note":null,"players":{"00-0027560":[{"sequence":2,"clubcode":"BAL","playerName":"A.McClellan","statId":80,"yards":0}],"00-0023500":[{"sequence":1,"clubcode":"SF","playerName":"F.Gore","statId":10,"yards":5}],"00-0026407":[{"sequence":3,"clubcode":"BAL","playerName":"J.McClain","statId":82,"yards":0}]}},"1837":{"sp":0,"qtr":3,"down":2,"time":"14:26","yrdln":"SF 25","ydstogo":5,"ydsnet":13,"posteam":"SF","desc":"(14:26) (Shotgun) Alex Smith pass short right to M.Crabtree to SF 33 for 8 yards (J.Smith, B.Pollard).","note":null,"players":{"00-0027965":[{"sequence":7,"clubcode":"BAL","playerName":"J.Smith","statId":80,"yards":0}],"00-0023436":[{"sequence":2,"clubcode":"SF","playerName":"Alex Smith","statId":15,"yards":8},{"sequence":3,"clubcode":"SF","playerName":"Alex Smith","statId":111,"yards":-2}],"0":[{"sequence":1,"clubcode":"SF","playerName":"","statId":4,"yards":0}],"00-0024269":[{"sequence":8,"clubcode":"BAL","playerName":"B.Pollard","statId":82,"yards":0}],"00-0026986":[{"sequence":4,"clubcode":"SF","playerName":"M.Crabtree","statId":21,"yards":8},{"sequence":5,"clubcode":"SF","playerName":"M.Crabtree","statId":115,"yards":0},{"sequence":6,"clubcode":"SF","playerName":"M.Crabtree","statId":113,"yards":10}]}},"1861":{"sp":0,"qtr":3,"down":1,"time":"13:58","yrdln":"SF 33","ydstogo":10,"ydsnet":12,"posteam":"SF","desc":"(13:58) F.Gore up the middle to SF 32 for -1 yards (C.Redding).","note":null,"players":{"00-0021998":[{"sequence":3,"clubcode":"BAL","playerName":"C.Redding","statId":79,"yards":0},{"sequence":4,"clubcode":"BAL","playerName":"C.Redding","statId":120,"yards":0}],"0":[{"sequence":2,"clubcode":"SF","playerName":"","statId":95,"yards":-1}],"00-0023500":[{"sequence":1,"clubcode":"SF","playerName":"F.Gore","statId":10,"yards":-1}]}},"1882":{"sp":0,"qtr":3,"down":2,"time":"13:15","yrdln":"SF 32","ydstogo":11,"ydsnet":6,"posteam":"SF","desc":"(13:15) (Shotgun) Alex Smith sacked at SF 26 for -6 yards (H.Ngata).","note":null,"players":{"00-0024227":[{"sequence":2,"clubcode":"BAL","playerName":"H.Ngata","statId":83,"yards":-6},{"sequence":3,"clubcode":"BAL","playerName":"H.Ngata","statId":110,"yards":0},{"sequence":4,"clubcode":"BAL","playerName":"H.Ngata","statId":79,"yards":0},{"sequence":5,"clubcode":"BAL","playerName":"H.Ngata","statId":120,"yards":0}],"00-0023436":[{"sequence":1,"clubcode":"SF","playerName":"Alex Smith","statId":20,"yards":-6}]}},"1901":{"sp":0,"qtr":3,"down":3,"time":"12:36","yrdln":"SF 26","ydstogo":17,"ydsnet":24,"posteam":"SF","desc":"(12:36) (Shotgun) Alex Smith pass deep right to M.Crabtree to SF 44 for 18 yards (L.Webb).","note":null,"players":{"00-0023436":[{"sequence":3,"clubcode":"SF","playerName":"Alex Smith","statId":15,"yards":18},{"sequence":4,"clubcode":"SF","playerName":"Alex Smith","statId":111,"yards":16}],"00-0027060":[{"sequence":8,"clubcode":"BAL","playerName":"L.Webb","statId":79,"yards":0}],"0":[{"sequence":1,"clubcode":"SF","playerName":"","statId":4,"yards":0},{"sequence":2,"clubcode":"SF","playerName":"","statId":6,"yards":0}],"00-0026986":[{"sequence":5,"clubcode":"SF","playerName":"M.Crabtree","statId":21,"yards":18},{"sequence":6,"clubcode":"SF","playerName":"M.Crabtree","statId":115,"yards":0},{"sequence":7,"clubcode":"SF","playerName":"M.Crabtree","statId":113,"yards":2}]}},"1925":{"sp":0,"qtr":3,"down":1,"time":"11:57","yrdln":"SF 44","ydstogo":10,"ydsnet":27,"posteam":"SF","desc":"(11:57) F.Gore right guard to SF 47 for 3 yards (J.McClain).","note":null,"players":{"00-0023500":[{"sequence":1,"clubcode":"SF","playerName":"F.Gore","statId":10,"yards":3}],"00-0026407":[{"sequence":2,"clubcode":"BAL","playerName":"J.McClain","statId":79,"yards":0}]}},"1946":{"sp":0,"qtr":3,"down":2,"time":"11:16","yrdln":"SF 47","ydstogo":7,"ydsnet":35,"posteam":"SF","desc":"(11:16) Alex Smith scrambles left end ran ob at BAL 45 for 8 yards (P.Kruger).","note":null,"players":{"00-0023436":[{"sequence":2,"clubcode":"SF","playerName":"Alex Smith","statId":10,"yards":8}],"00-0027033":[{"sequence":3,"clubcode":"BAL","playerName":"P.Kruger","statId":79,"yards":0}],"0":[{"sequence":1,"clubcode":"SF","playerName":"","statId":3,"yards":0}]}},"1972":{"sp":0,"qtr":3,"down":1,"time":"10:48","yrdln":"BAL 45","ydstogo":10,"ydsnet":44,"posteam":"SF","desc":"(10:48) Alex Smith pass short right to T.Ginn to BAL 36 for 9 yards (A.McClellan, E.Reed).","note":null,"players":{"00-0025396":[{"sequence":3,"clubcode":"SF","playerName":"T.Ginn","statId":21,"yards":9},{"sequence":4,"clubcode":"SF","playerName":"T.Ginn","statId":115,"yards":0},{"sequence":5,"clubcode":"SF","playerName":"T.Ginn","statId":113,"yards":9}],"00-0023436":[{"sequence":1,"clubcode":"SF","playerName":"Alex Smith","statId":15,"yards":9},{"sequence":2,"clubcode":"SF","playerName":"Alex Smith","statId":111,"yards":0}],"00-0021377":[{"sequence":7,"clubcode":"BAL","playerName":"E.Reed","statId":82,"yards":0}],"00-0027560":[{"sequence":6,"clubcode":"BAL","playerName":"A.McClellan","statId":80,"yards":0}]}},"2000":{"sp":0,"qtr":3,"down":2,"time":"10:22","yrdln":"BAL 36","ydstogo":1,"ydsnet":53,"posteam":"SF","desc":"(10:22) F.Gore right guard to BAL 27 for 9 yards (B.Pollard, A.McClellan).","note":null,"players":{"0":[{"sequence":1,"clubcode":"SF","playerName":"","statId":3,"yards":0}],"00-0027560":[{"sequence":4,"clubcode":"BAL","playerName":"A.McClellan","statId":82,"yards":0}],"00-0024269":[{"sequence":3,"clubcode":"BAL","playerName":"B.Pollard","statId":80,"yards":0}],"00-0023500":[{"sequence":2,"clubcode":"SF","playerName":"F.Gore","statId":10,"yards":9}]}},"2021":{"sp":0,"qtr":3,"down":1,"time":"09:42","yrdln":"BAL 27","ydstogo":10,"ydsnet":55,"posteam":"SF","desc":"(9:42) K.Hunter left guard to BAL 25 for 2 yards (B.Pollard, A.McClellan).","note":null,"players":{"00-0027560":[{"sequence":3,"clubcode":"BAL","playerName":"A.McClellan","statId":82,"yards":0}],"00-0024269":[{"sequence":2,"clubcode":"BAL","playerName":"B.Pollard","statId":80,"yards":0}],"00-0028053":[{"sequence":1,"clubcode":"SF","playerName":"K.Hunter","statId":10,"yards":2}]}},"2042":{"sp":0,"qtr":3,"down":2,"time":"08:56","yrdln":"BAL 25","ydstogo":8,"ydsnet":45,"posteam":"SF","desc":"(8:56) Alex Smith sacked at BAL 35 for -10 yards (T.Suggs).","note":null,"players":{"00-0022161":[{"sequence":2,"clubcode":"BAL","playerName":"T.Suggs","statId":83,"yards":-10},{"sequence":3,"clubcode":"BAL","playerName":"T.Suggs","statId":110,"yards":0},{"sequence":4,"clubcode":"BAL","playerName":"T.Suggs","statId":79,"yards":0},{"sequence":5,"clubcode":"BAL","playerName":"T.Suggs","statId":120,"yards":0}],"00-0023436":[{"sequence":1,"clubcode":"SF","playerName":"Alex Smith","statId":20,"yards":-10}]}},"2061":{"sp":0,"qtr":3,"down":3,"time":"08:16","yrdln":"BAL 35","ydstogo":18,"ydsnet":46,"posteam":"SF","desc":"(8:16) K.Hunter left tackle to BAL 34 for 1 yard (B.Ayanbadejo, J.McClain).","note":null,"players":{"00-0000551":[{"sequence":3,"clubcode":"BAL","playerName":"B.Ayanbadejo","statId":80,"yards":0}],"0":[{"sequence":1,"clubcode":"SF","playerName":"","statId":7,"yards":0}],"00-0028053":[{"sequence":2,"clubcode":"SF","playerName":"K.Hunter","statId":10,"yards":1}],"00-0026407":[{"sequence":4,"clubcode":"BAL","playerName":"J.McClain","statId":82,"yards":0}]}},"2082":{"sp":1,"qtr":3,"down":4,"time":"07:35","yrdln":"BAL 34","ydstogo":17,"ydsnet":46,"posteam":"SF","desc":"(7:35) (Field Goal formation) D.Akers 52 yard field goal is GOOD, Center-B.Jennings, Holder-A.Lee.","note":"FG","players":{"00-0000108":[{"sequence":1,"clubcode":"SF","playerName":"D.Akers","statId":70,"yards":52}]}}},"fds":4,"result":"Field Goal","penyds":0,"ydsgained":46,"numplays":14,"postime":"7:30","start":{"qtr":3,"time":"15:00","yrdln":"SF 20","team":"SF"},"end":{"qtr":3,"time":"07:30","yrdln":"BAL 34","team":"SF"}},"13":{"posteam":"BAL","qtr":4,"redzone":true,"plays":{"2101":{"sp":0,"qtr":3,"down":0,"time":"07:30","yrdln":"SF 35","ydstogo":0,"ydsnet":0,"posteam":"SF","desc":"D.Akers kicks 57 yards from SF 35 to BAL 8. T.Zbikowski to BAL 24 for 16 yards (D.Walker).","note":"KICKOFF","players":{"00-0026226":[{"sequence":2,"clubcode":"BAL","playerName":"T.Zbikowski","statId":45,"yards":16}],"00-0000108":[{"sequence":1,"clubcode":"SF","playerName":"D.Akers","statId":41,"yards":57}],"00-0024389":[{"sequence":3,"clubcode":"SF","playerName":"D.Walker","statId":79,"yards":0}]}},"2123":{"sp":0,"qtr":3,"down":1,"time":"07:25","yrdln":"BAL 24","ydstogo":10,"ydsnet":4,"posteam":"BAL","desc":"(7:25) R.Rice right guard to BAL 28 for 4 yards (R.McDonald, N.Bowman).","note":null,"players":{"00-0027894":[{"sequence":3,"clubcode":"SF","playerName":"N.Bowman","statId":82,"yards":0}],"00-0025484":[{"sequence":2,"clubcode":"SF","playerName":"R.McDonald","statId":80,"yards":0}],"00-0026195":[{"sequence":1,"clubcode":"BAL","playerName":"R.Rice","statId":10,"yards":4}]}},"2144":{"sp":0,"qtr":3,"down":2,"time":"06:49","yrdln":"BAL 28","ydstogo":6,"ydsnet":4,"posteam":"BAL","desc":"(6:49) J.Flacco pass incomplete short left to A.Boldin.","note":null,"players":{"00-0022084":[{"sequence":2,"clubcode":"BAL","playerName":"A.Boldin","statId":115,"yards":0}],"00-0026158":[{"sequence":1,"clubcode":"BAL","playerName":"J.Flacco","statId":14,"yards":0},{"sequence":3,"clubcode":"BAL","playerName":"J.Flacco","statId":112,"yards":9}]}},"2166":{"sp":0,"qtr":3,"down":3,"time":"06:43","yrdln":"BAL 28","ydstogo":6,"ydsnet":11,"posteam":"BAL","desc":"(6:43) (Shotgun) J.Flacco pass short right to A.Boldin to BAL 35 for 7 yards (C.Culliver).","note":null,"players":{"00-0022084":[{"sequence":5,"clubcode":"BAL","playerName":"A.Boldin","statId":21,"yards":7},{"sequence":6,"clubcode":"BAL","playerName":"A.Boldin","statId":115,"yards":0},{"sequence":7,"clubcode":"BAL","playerName":"A.Boldin","statId":113,"yards":6}],"00-0028018":[{"sequence":8,"clubcode":"SF","playerName":"C.Culliver","statId":79,"yards":0}],"0":[{"sequence":1,"clubcode":"BAL","playerName":"","statId":4,"yards":0},{"sequence":2,"clubcode":"BAL","playerName":"","statId":6,"yards":0}],"00-0026158":[{"sequence":3,"clubcode":"BAL","playerName":"J.Flacco","statId":15,"yards":7},{"sequence":4,"clubcode":"BAL","playerName":"J.Flacco","statId":111,"yards":1}]}},"2190":{"sp":0,"qtr":3,"down":1,"time":"06:03","yrdln":"BAL 35","ydstogo":10,"ydsnet":14,"posteam":"BAL","desc":"(6:03) R.Rice right guard to BAL 38 for 3 yards (I.Sopoaga, J.Smith).","note":null,"players":{"00-0020535":[{"sequence":3,"clubcode":"SF","playerName":"J.Smith","statId":82,"yards":0}],"00-0022863":[{"sequence":2,"clubcode":"SF","playerName":"I.Sopoaga","statId":80,"yards":0}],"00-0026195":[{"sequence":1,"clubcode":"BAL","playerName":"R.Rice","statId":10,"yards":3}]}},"2211":{"sp":0,"qtr":3,"down":2,"time":"05:26","yrdln":"BAL 38","ydstogo":7,"ydsnet":14,"posteam":"BAL","desc":"(5:26) J.Flacco pass incomplete short right to A.Boldin (C.Rogers).","note":null,"players":{"00-0022084":[{"sequence":2,"clubcode":"BAL","playerName":"A.Boldin","statId":115,"yards":0}],"00-0023444":[{"sequence":3,"clubcode":"SF","playerName":"C.Rogers","statId":85,"yards":0}],"00-0026158":[{"sequence":1,"clubcode":"BAL","playerName":"J.Flacco","statId":14,"yards":0},{"sequence":4,"clubcode":"BAL","playerName":"J.Flacco","statId":112,"yards":15}]}},"2233":{"sp":0,"qtr":3,"down":3,"time":"05:19","yrdln":"BAL 38","ydstogo":7,"ydsnet":22,"posteam":"BAL","desc":"(5:19) J.Flacco pass short left to L.Evans to BAL 46 for 8 yards (C.Rogers).","note":null,"players":{"00-0022910":[{"sequence":5,"clubcode":"BAL","playerName":"L.Evans","statId":21,"yards":8},{"sequence":6,"clubcode":"BAL","playerName":"L.Evans","statId":115,"yards":0},{"sequence":7,"clubcode":"BAL","playerName":"L.Evans","statId":113,"yards":4}],"00-0023444":[{"sequence":8,"clubcode":"SF","playerName":"C.Rogers","statId":79,"yards":0}],"0":[{"sequence":1,"clubcode":"BAL","playerName":"","statId":4,"yards":0},{"sequence":2,"clubcode":"BAL","playerName":"","statId":6,"yards":0}],"00-0026158":[{"sequence":3,"clubcode":"BAL","playerName":"J.Flacco","statId":15,"yards":8},{"sequence":4,"clubcode":"BAL","playerName":"J.Flacco","statId":111,"yards":4}]}},"2257":{"sp":0,"qtr":3,"down":1,"time":"04:38","yrdln":"BAL 46","ydstogo":10,"ydsnet":21,"posteam":"BAL","desc":"(4:38) J.Flacco pass short right to R.Williams to BAL 45 for -1 yards (P.Willis) [I.Sopoaga].","note":null,"players":{"00-0017915":[{"sequence":3,"clubcode":"BAL","playerName":"R.Williams","statId":21,"yards":-1},{"sequence":4,"clubcode":"BAL","playerName":"R.Williams","statId":115,"yards":0},{"sequence":5,"clubcode":"BAL","playerName":"R.Williams","statId":113,"yards":0}],"00-0025398":[{"sequence":7,"clubcode":"SF","playerName":"P.Willis","statId":79,"yards":0},{"sequence":8,"clubcode":"SF","playerName":"P.Willis","statId":120,"yards":0}],"00-0022863":[{"sequence":6,"clubcode":"SF","playerName":"I.Sopoaga","statId":110,"yards":0}],"00-0026158":[{"sequence":1,"clubcode":"BAL","playerName":"J.Flacco","statId":15,"yards":-1},{"sequence":2,"clubcode":"BAL","playerName":"J.Flacco","statId":111,"yards":-1}]}},"2281":{"sp":0,"qtr":3,"down":2,"time":"03:53","yrdln":"BAL 45","ydstogo":11,"ydsnet":26,"posteam":"BAL","desc":"(3:53) R.Williams right tackle to BAL 50 for 5 yards (N.Bowman).","note":null,"players":{"00-0027894":[{"sequence":2,"clubcode":"SF","playerName":"N.Bowman","statId":79,"yards":0}],"00-0017915":[{"sequence":1,"clubcode":"BAL","playerName":"R.Williams","statId":10,"yards":5}]}},"2302":{"sp":0,"qtr":3,"down":3,"time":"03:14","yrdln":"BAL 50","ydstogo":6,"ydsnet":37,"posteam":"BAL","desc":"(3:14) (Shotgun) J.Flacco pass short right to D.Pitta to SF 39 for 11 yards (C.Culliver).","note":null,"players":{"00-0028018":[{"sequence":8,"clubcode":"SF","playerName":"C.Culliver","statId":79,"yards":0}],"0":[{"sequence":1,"clubcode":"BAL","playerName":"","statId":4,"yards":0},{"sequence":2,"clubcode":"BAL","playerName":"","statId":6,"yards":0}],"00-0026158":[{"sequence":3,"clubcode":"BAL","playerName":"J.Flacco","statId":15,"yards":11},{"sequence":4,"clubcode":"BAL","playerName":"J.Flacco","statId":111,"yards":11}],"00-0027714":[{"sequence":5,"clubcode":"BAL","playerName":"D.Pitta","statId":21,"yards":11},{"sequence":6,"clubcode":"BAL","playerName":"D.Pitta","statId":115,"yards":0},{"sequence":7,"clubcode":"BAL","playerName":"D.Pitta","statId":113,"yards":0}]}},"2326":{"sp":0,"qtr":3,"down":1,"time":"02:32","yrdln":"SF 39","ydstogo":10,"ydsnet":68,"posteam":"BAL","desc":"(2:32) (Shotgun) J.Flacco pass short middle to R.Rice to SF 33 for 6 yards (A.Brooks).","note":null,"players":{"00-0024495":[{"sequence":6,"clubcode":"SF","playerName":"A.Brooks","statId":79,"yards":0}],"00-0026158":[{"sequence":1,"clubcode":"BAL","playerName":"J.Flacco","statId":15,"yards":6},{"sequence":2,"clubcode":"BAL","playerName":"J.Flacco","statId":111,"yards":1}],"00-0026195":[{"sequence":3,"clubcode":"BAL","playerName":"R.Rice","statId":21,"yards":6},{"sequence":4,"clubcode":"BAL","playerName":"R.Rice","statId":115,"yards":0},{"sequence":5,"clubcode":"BAL","playerName":"R.Rice","statId":113,"yards":5}]}},"2350":{"sp":0,"qtr":3,"down":2,"time":"01:52","yrdln":"SF 33","ydstogo":4,"ydsnet":53,"posteam":"BAL","desc":"(1:52) J.Flacco pass short right to V.Leach ran ob at SF 23 for 10 yards (P.Willis).","note":null,"players":{"00-0025398":[{"sequence":7,"clubcode":"SF","playerName":"P.Willis","statId":79,"yards":0}],"0":[{"sequence":1,"clubcode":"BAL","playerName":"","statId":4,"yards":0}],"00-0026158":[{"sequence":2,"clubcode":"BAL","playerName":"J.Flacco","statId":15,"yards":10},{"sequence":3,"clubcode":"BAL","playerName":"J.Flacco","statId":111,"yards":-1}],"00-0022397":[{"sequence":4,"clubcode":"BAL","playerName":"V.Leach","statId":21,"yards":10},{"sequence":5,"clubcode":"BAL","playerName":"V.Leach","statId":115,"yards":0},{"sequence":6,"clubcode":"BAL","playerName":"V.Leach","statId":113,"yards":11}]}},"2374":{"sp":0,"qtr":3,"down":1,"time":"01:22","yrdln":"SF 23","ydstogo":10,"ydsnet":53,"posteam":"BAL","desc":"(1:22) J.Flacco pass incomplete short right to E.Dickson.","note":null,"players":{"00-0026158":[{"sequence":1,"clubcode":"BAL","playerName":"J.Flacco","statId":14,"yards":0},{"sequence":3,"clubcode":"BAL","playerName":"J.Flacco","statId":112,"yards":15}],"00-0027675":[{"sequence":2,"clubcode":"BAL","playerName":"E.Dickson","statId":115,"yards":0}]}},"2396":{"sp":0,"qtr":3,"down":2,"time":"01:19","yrdln":"SF 23","ydstogo":10,"ydsnet":68,"posteam":"BAL","desc":"(1:19) (Shotgun) J.Flacco pass short right to E.Dickson to SF 8 for 15 yards (C.Culliver, P.Willis).","note":null,"players":{"00-0025398":[{"sequence":8,"clubcode":"SF","playerName":"P.Willis","statId":82,"yards":0}],"00-0028018":[{"sequence":7,"clubcode":"SF","playerName":"C.Culliver","statId":80,"yards":0}],"0":[{"sequence":1,"clubcode":"BAL","playerName":"","statId":4,"yards":0}],"00-0026158":[{"sequence":2,"clubcode":"BAL","playerName":"J.Flacco","statId":15,"yards":15},{"sequence":3,"clubcode":"BAL","playerName":"J.Flacco","statId":111,"yards":11}],"00-0027675":[{"sequence":4,"clubcode":"BAL","playerName":"E.Dickson","statId":21,"yards":15},{"sequence":5,"clubcode":"BAL","playerName":"E.Dickson","statId":115,"yards":0},{"sequence":6,"clubcode":"BAL","playerName":"E.Dickson","statId":113,"yards":4}]}},"2420":{"sp":0,"qtr":3,"down":1,"time":"00:45","yrdln":"SF 8","ydstogo":8,"ydsnet":68,"posteam":"BAL","desc":"(:45) (No Huddle, Shotgun) J.Flacco pass incomplete short right to T.Smith (C.Culliver).","note":null,"players":{"00-0028018":[{"sequence":3,"clubcode":"SF","playerName":"C.Culliver","statId":85,"yards":0}],"00-0027996":[{"sequence":2,"clubcode":"BAL","playerName":"T.Smith","statId":115,"yards":0}],"00-0026158":[{"sequence":1,"clubcode":"BAL","playerName":"J.Flacco","statId":14,"yards":0},{"sequence":4,"clubcode":"BAL","playerName":"J.Flacco","statId":112,"yards":8}]}},"2442":{"sp":0,"qtr":3,"down":2,"time":"00:41","yrdln":"SF 8","ydstogo":8,"ydsnet":68,"posteam":"BAL","desc":"(:41) (Shotgun) R.Rice right guard to SF 8 for no gain (Ald.Smith).","note":null,"players":{"00-0027945":[{"sequence":2,"clubcode":"SF","playerName":"Ald.Smith","statId":79,"yards":0}],"00-0026195":[{"sequence":1,"clubcode":"BAL","playerName":"R.Rice","statId":10,"yards":0}]}},"2463":{"sp":0,"qtr":3,"down":0,"time":"","yrdln":"","ydstogo":0,"ydsnet":68,"posteam":"","desc":"END QUARTER 3","note":null,"players":{}},"2479":{"sp":1,"qtr":4,"down":3,"time":"15:00","yrdln":"SF 8","ydstogo":8,"ydsnet":76,"posteam":"BAL","desc":"(15:00) (Shotgun) J.Flacco pass short middle to D.Pitta for 8 yards, TOUCHDOWN. Dennis Pitta catches first TD pass of career.","note":"TD","players":{"0":[{"sequence":1,"clubcode":"BAL","playerName":"","statId":4,"yards":0},{"sequence":2,"clubcode":"BAL","playerName":"","statId":6,"yards":0}],"00-0026158":[{"sequence":3,"clubcode":"BAL","playerName":"J.Flacco","statId":16,"yards":8},{"sequence":4,"clubcode":"BAL","playerName":"J.Flacco","statId":111,"yards":8}],"00-0027714":[{"sequence":5,"clubcode":"BAL","playerName":"D.Pitta","statId":22,"yards":8},{"sequence":6,"clubcode":"BAL","playerName":"D.Pitta","statId":115,"yards":0},{"sequence":7,"clubcode":"BAL","playerName":"D.Pitta","statId":113,"yards":0}]}},"2499":{"sp":1,"qtr":4,"down":0,"time":"14:56","yrdln":"SF 2","ydstogo":0,"ydsnet":76,"posteam":"BAL","desc":"B.Cundiff extra point is GOOD, Center-M.Cox, Holder-S.Koch.","note":"XP","players":{"00-0020972":[{"sequence":1,"clubcode":"BAL","playerName":"B.Cundiff","statId":72,"yards":0}]}}},"fds":6,"result":"Touchdown","penyds":0,"ydsgained":76,"numplays":19,"postime":"7:34","start":{"qtr":3,"time":"07:30","yrdln":"BAL 24","team":"BAL"},"end":{"qtr":3,"time":"14:56","yrdln":"SF 8","team":"BAL"}},"14":{"posteam":"SF","qtr":4,"redzone":true,"plays":{"2515":{"sp":0,"qtr":4,"down":0,"time":"14:56","yrdln":"BAL 35","ydstogo":0,"ydsnet":0,"posteam":"BAL","desc":"B.Cundiff kicks 66 yards from BAL 35 to SF -1. T.Ginn to SF 28 for 29 yards (D.Reed).","note":"KICKOFF","players":{"00-0025396":[{"sequence":2,"clubcode":"SF","playerName":"T.Ginn","statId":45,"yards":29}],"00-0027755":[{"sequence":3,"clubcode":"BAL","playerName":"D.Reed","statId":79,"yards":0}],"00-0020972":[{"sequence":1,"clubcode":"BAL","playerName":"B.Cundiff","statId":43,"yards":66}]}},"2541":{"sp":0,"qtr":4,"down":1,"time":"14:49","yrdln":"SF 28","ydstogo":10,"ydsnet":8,"posteam":"SF","desc":"(14:49) Alex Smith pass short left to M.Crabtree to SF 36 for 8 yards (Ca.Williams).","note":null,"players":{"00-0023436":[{"sequence":1,"clubcode":"SF","playerName":"Alex Smith","statId":15,"yards":8},{"sequence":2,"clubcode":"SF","playerName":"Alex Smith","statId":111,"yards":4}],"00-0026369":[{"sequence":6,"clubcode":"BAL","playerName":"Ca.Williams","statId":79,"yards":0}],"00-0026986":[{"sequence":3,"clubcode":"SF","playerName":"M.Crabtree","statId":21,"yards":8},{"sequence":4,"clubcode":"SF","playerName":"M.Crabtree","statId":115,"yards":0},{"sequence":5,"clubcode":"SF","playerName":"M.Crabtree","statId":113,"yards":4}]}},"2565":{"sp":0,"qtr":4,"down":2,"time":"14:08","yrdln":"SF 36","ydstogo":2,"ydsnet":3,"posteam":"SF","desc":"(14:08) F.Gore right guard to SF 36 for no gain (T.Suggs). PENALTY on SF-D.Walker, Illegal Shift, 5 yards, enforced at SF 36 - No Play.","note":"PENALTY","players":{"00-0024389":[{"sequence":1,"clubcode":"SF","playerName":"D.Walker","statId":93,"yards":5}]}},"2597":{"sp":0,"qtr":4,"down":2,"time":"13:40","yrdln":"SF 31","ydstogo":7,"ydsnet":3,"posteam":"SF","desc":"(13:40) (Shotgun) Alex Smith pass incomplete short left to K.Williams.","note":null,"players":{"00-0023436":[{"sequence":1,"clubcode":"SF","playerName":"Alex Smith","statId":14,"yards":0},{"sequence":3,"clubcode":"SF","playerName":"Alex Smith","statId":112,"yards":-3}],"00-0027608":[{"sequence":2,"clubcode":"SF","playerName":"K.Williams","statId":115,"yards":0}]}},"2619":{"sp":0,"qtr":4,"down":3,"time":"13:35","yrdln":"SF 31","ydstogo":7,"ydsnet":1,"posteam":"SF","desc":"(13:35) (Shotgun) Alex Smith sacked at SF 29 for -2 yards (sack split by L.Webb and C.Redding).","note":null,"players":{"00-0021998":[{"sequence":4,"clubcode":"BAL","playerName":"C.Redding","statId":84,"yards":-2},{"sequence":6,"clubcode":"BAL","playerName":"C.Redding","statId":110,"yards":0},{"sequence":8,"clubcode":"BAL","playerName":"C.Redding","statId":82,"yards":0}],"00-0023436":[{"sequence":2,"clubcode":"SF","playerName":"Alex Smith","statId":20,"yards":-2}],"00-0027060":[{"sequence":3,"clubcode":"BAL","playerName":"L.Webb","statId":84,"yards":-2},{"sequence":5,"clubcode":"BAL","playerName":"L.Webb","statId":110,"yards":0},{"sequence":7,"clubcode":"BAL","playerName":"L.Webb","statId":82,"yards":0}],"0":[{"sequence":1,"clubcode":"SF","playerName":"","statId":7,"yards":0}]}},"2638":{"sp":0,"qtr":4,"down":4,"time":"13:07","yrdln":"SF 29","ydstogo":9,"ydsnet":1,"posteam":"SF","desc":"(13:07) (Punt formation) A.Lee punts 61 yards to BAL 10, Center-B.Jennings. L.Webb to BAL 28 for 18 yards (C.Jones).","note":"PUNT","players":{"00-0027060":[{"sequence":2,"clubcode":"BAL","playerName":"L.Webb","statId":33,"yards":18}],"00-0022824":[{"sequence":1,"clubcode":"SF","playerName":"A.Lee","statId":29,"yards":61}],"00-0028128":[{"sequence":3,"clubcode":"SF","playerName":"C.Jones","statId":79,"yards":0}]}}},"fds":0,"result":"Punt","penyds":-5,"ydsgained":6,"numplays":6,"postime":"2:02","start":{"qtr":4,"time":"14:56","yrdln":"SF 28","team":"SF"},"end":{"qtr":4,"time":"12:54","yrdln":"SF 29","team":"SF"}},"15":{"posteam":"BAL","qtr":4,"redzone":true,"plays":{"2663":{"sp":0,"qtr":4,"down":1,"time":"12:54","yrdln":"BAL 28","ydstogo":10,"ydsnet":3,"posteam":"BAL","desc":"(12:54) R.Rice left guard to BAL 31 for 3 yards (N.Bowman, R.McDonald).","note":null,"players":{"00-0027894":[{"sequence":2,"clubcode":"SF","playerName":"N.Bowman","statId":80,"yards":0}],"00-0025484":[{"sequence":3,"clubcode":"SF","playerName":"R.McDonald","statId":82,"yards":0}],"00-0026195":[{"sequence":1,"clubcode":"BAL","playerName":"R.Rice","statId":10,"yards":3}]}},"2684":{"sp":0,"qtr":4,"down":2,"time":"12:18","yrdln":"BAL 31","ydstogo":7,"ydsnet":6,"posteam":"BAL","desc":"(12:18) R.Rice right guard to BAL 34 for 3 yards (J.Smith, P.Willis).","note":null,"players":{"00-0020535":[{"sequence":2,"clubcode":"SF","playerName":"J.Smith","statId":80,"yards":0}],"00-0025398":[{"sequence":3,"clubcode":"SF","playerName":"P.Willis","statId":82,"yards":0}],"00-0026195":[{"sequence":1,"clubcode":"BAL","playerName":"R.Rice","statId":10,"yards":3}]}},"2705":{"sp":0,"qtr":4,"down":3,"time":"11:37","yrdln":"BAL 34","ydstogo":4,"ydsnet":17,"posteam":"BAL","desc":"(11:37) (Shotgun) J.Flacco pass short left to T.Smith pushed ob at BAL 45 for 11 yards (T.Brown).","note":null,"players":{"0":[{"sequence":1,"clubcode":"BAL","playerName":"","statId":4,"yards":0},{"sequence":2,"clubcode":"BAL","playerName":"","statId":6,"yards":0}],"00-0027996":[{"sequence":5,"clubcode":"BAL","playerName":"T.Smith","statId":21,"yards":11},{"sequence":6,"clubcode":"BAL","playerName":"T.Smith","statId":115,"yards":0},{"sequence":7,"clubcode":"BAL","playerName":"T.Smith","statId":113,"yards":2}],"00-0026158":[{"sequence":3,"clubcode":"BAL","playerName":"J.Flacco","statId":15,"yards":11},{"sequence":4,"clubcode":"BAL","playerName":"J.Flacco","statId":111,"yards":9}],"00-0025534":[{"sequence":8,"clubcode":"SF","playerName":"T.Brown","statId":79,"yards":0}]}},"2729":{"sp":0,"qtr":4,"down":1,"time":"11:08","yrdln":"BAL 45","ydstogo":10,"ydsnet":24,"posteam":"BAL","desc":"(11:08) R.Williams left guard to SF 48 for 7 yards (D.Whitner).","note":null,"players":{"00-0017915":[{"sequence":1,"clubcode":"BAL","playerName":"R.Williams","statId":10,"yards":7}],"00-0024223":[{"sequence":2,"clubcode":"SF","playerName":"D.Whitner","statId":79,"yards":0}]}},"2750":{"sp":0,"qtr":4,"down":2,"time":"10:31","yrdln":"SF 48","ydstogo":3,"ydsnet":26,"posteam":"BAL","desc":"(10:31) R.Williams right guard to SF 46 for 2 yards (J.Smith; N.Bowman).","note":null,"players":{"00-0027894":[{"sequence":3,"clubcode":"SF","playerName":"N.Bowman","statId":82,"yards":0}],"00-0017915":[{"sequence":1,"clubcode":"BAL","playerName":"R.Williams","statId":10,"yards":2}],"00-0020535":[{"sequence":2,"clubcode":"SF","playerName":"J.Smith","statId":82,"yards":0}]}},"2771":{"sp":0,"qtr":4,"down":0,"time":"09:52","yrdln":"","ydstogo":0,"ydsnet":26,"posteam":"","desc":"Timeout #1 by BAL at 09:52.","note":"TIMEOUT","players":{"0":[{"sequence":1,"clubcode":"BAL","playerName":"","statId":68,"yards":0}]}},"2788":{"sp":0,"qtr":4,"down":3,"time":"09:52","yrdln":"SF 46","ydstogo":1,"ydsnet":26,"posteam":"BAL","desc":"(9:52) R.Williams right end to SF 46 for no gain (N.Bowman).","note":null,"players":{"00-0027894":[{"sequence":3,"clubcode":"SF","playerName":"N.Bowman","statId":79,"yards":0}],"00-0017915":[{"sequence":2,"clubcode":"BAL","playerName":"R.Williams","statId":10,"yards":0}],"0":[{"sequence":1,"clubcode":"BAL","playerName":"","statId":7,"yards":0}]}},"2809":{"sp":0,"qtr":4,"down":4,"time":"09:10","yrdln":"SF 46","ydstogo":1,"ydsnet":26,"posteam":"BAL","desc":"(9:10) (Punt formation) S.Koch punts 36 yards to SF 10, Center-M.Cox, fair catch by T.Ginn.","note":"PUNT","players":{"00-0025396":[{"sequence":3,"clubcode":"SF","playerName":"T.Ginn","statId":39,"yards":0}],"00-0024417":[{"sequence":1,"clubcode":"BAL","playerName":"S.Koch","statId":29,"yards":36},{"sequence":2,"clubcode":"BAL","playerName":"S.Koch","statId":30,"yards":0}]}}},"fds":1,"result":"Punt","penyds":0,"ydsgained":26,"numplays":8,"postime":"3:53","start":{"qtr":4,"time":"12:54","yrdln":"BAL 28","team":"BAL"},"end":{"qtr":4,"time":"09:01","yrdln":"SF 46","team":"BAL"}},"16":{"posteam":"SF","qtr":4,"redzone":true,"plays":{"2828":{"sp":0,"qtr":4,"down":1,"time":"09:01","yrdln":"SF 10","ydstogo":10,"ydsnet":2,"posteam":"SF","desc":"(9:01) F.Gore left tackle to SF 12 for 2 yards (J.Johnson).","note":null,"players":{"00-0022139":[{"sequence":2,"clubcode":"BAL","playerName":"J.Johnson","statId":79,"yards":0}],"00-0023500":[{"sequence":1,"clubcode":"SF","playerName":"F.Gore","statId":10,"yards":2}]}},"2849":{"sp":0,"qtr":4,"down":2,"time":"08:19","yrdln":"SF 12","ydstogo":8,"ydsnet":2,"posteam":"SF","desc":"(8:19) Alex Smith pass incomplete short right to M.Crabtree (E.Reed).","note":null,"players":{"00-0023436":[{"sequence":1,"clubcode":"SF","playerName":"Alex Smith","statId":14,"yards":0},{"sequence":4,"clubcode":"SF","playerName":"Alex Smith","statId":112,"yards":15}],"00-0021377":[{"sequence":3,"clubcode":"BAL","playerName":"E.Reed","statId":85,"yards":0}],"00-0026986":[{"sequence":2,"clubcode":"SF","playerName":"M.Crabtree","statId":115,"yards":0}]}},"2871":{"sp":0,"qtr":4,"down":3,"time":"08:12","yrdln":"SF 12","ydstogo":8,"ydsnet":-1,"posteam":"SF","desc":"(8:12) (Shotgun) Alex Smith sacked at SF 9 for -3 yards (T.Suggs). FUMBLES (T.Suggs) [T.Suggs], ball out of bounds at SF 9. Suggs' sack is Ravens' 8th of game.","note":"FUMBLE","players":{"00-0022161":[{"sequence":3,"clubcode":"BAL","playerName":"T.Suggs","statId":83,"yards":-3},{"sequence":4,"clubcode":"BAL","playerName":"T.Suggs","statId":110,"yards":0},{"sequence":5,"clubcode":"BAL","playerName":"T.Suggs","statId":79,"yards":0},{"sequence":8,"clubcode":"BAL","playerName":"T.Suggs","statId":91,"yards":0}],"00-0023436":[{"sequence":2,"clubcode":"SF","playerName":"Alex Smith","statId":20,"yards":-3},{"sequence":6,"clubcode":"SF","playerName":"Alex Smith","statId":52,"yards":0},{"sequence":7,"clubcode":"SF","playerName":"Alex Smith","statId":54,"yards":0}],"0":[{"sequence":1,"clubcode":"SF","playerName":"","statId":7,"yards":0}]}},"2896":{"sp":0,"qtr":4,"down":4,"time":"07:37","yrdln":"SF 9","ydstogo":11,"ydsnet":-1,"posteam":"SF","desc":"(7:37) (Punt formation) A.Lee punts 57 yards to BAL 34, Center-B.Jennings. L.Webb to BAL 40 for 6 yards (C.Spillman).","note":"PUNT","players":{"00-0027060":[{"sequence":2,"clubcode":"BAL","playerName":"L.Webb","statId":33,"yards":6}],"00-0026758":[{"sequence":3,"clubcode":"SF","playerName":"C.Spillman","statId":79,"yards":0}],"00-0022824":[{"sequence":1,"clubcode":"SF","playerName":"A.Lee","statId":29,"yards":57}]}}},"fds":0,"result":"Punt","penyds":0,"ydsgained":-1,"numplays":4,"postime":"1:35","start":{"qtr":4,"time":"09:01","yrdln":"SF 10","team":"SF"},"end":{"qtr":4,"time":"07:26","yrdln":"SF 9","team":"SF"}},"17":{"posteam":"BAL","qtr":4,"redzone":true,"plays":{"2921":{"sp":0,"qtr":4,"down":1,"time":"07:26","yrdln":"BAL 40","ydstogo":10,"ydsnet":4,"posteam":"BAL","desc":"(7:26) R.Rice right guard to BAL 44 for 4 yards (R.McDonald, P.Willis).","note":null,"players":{"00-0025398":[{"sequence":3,"clubcode":"SF","playerName":"P.Willis","statId":82,"yards":0}],"00-0025484":[{"sequence":2,"clubcode":"SF","playerName":"R.McDonald","statId":80,"yards":0}],"00-0026195":[{"sequence":1,"clubcode":"BAL","playerName":"R.Rice","statId":10,"yards":4}]}},"2946":{"sp":0,"qtr":4,"down":2,"time":"06:48","yrdln":"BAL 44","ydstogo":6,"ydsnet":6,"posteam":"BAL","desc":"(6:48) R.Rice right tackle to BAL 46 for 2 yards (C.Rogers).","note":null,"players":{"00-0023444":[{"sequence":2,"clubcode":"SF","playerName":"C.Rogers","statId":79,"yards":0}],"00-0026195":[{"sequence":1,"clubcode":"BAL","playerName":"R.Rice","statId":10,"yards":2}]}},"2967":{"sp":0,"qtr":4,"down":3,"time":"06:04","yrdln":"BAL 46","ydstogo":4,"ydsnet":23,"posteam":"BAL","desc":"(6:04) (Shotgun) J.Flacco pass short right to R.Rice to SF 37 for 17 yards (C.Culliver).","note":null,"players":{"00-0028018":[{"sequence":8,"clubcode":"SF","playerName":"C.Culliver","statId":79,"yards":0}],"0":[{"sequence":1,"clubcode":"BAL","playerName":"","statId":4,"yards":0},{"sequence":2,"clubcode":"BAL","playerName":"","statId":6,"yards":0}],"00-0026158":[{"sequence":3,"clubcode":"BAL","playerName":"J.Flacco","statId":15,"yards":17},{"sequence":4,"clubcode":"BAL","playerName":"J.Flacco","statId":111,"yards":6}],"00-0026195":[{"sequence":5,"clubcode":"BAL","playerName":"R.Rice","statId":21,"yards":17},{"sequence":6,"clubcode":"BAL","playerName":"R.Rice","statId":115,"yards":0},{"sequence":7,"clubcode":"BAL","playerName":"R.Rice","statId":113,"yards":11}]}},"2991":{"sp":0,"qtr":4,"down":1,"time":"05:24","yrdln":"SF 37","ydstogo":10,"ydsnet":35,"posteam":"BAL","desc":"(5:24) R.Williams left guard to SF 25 for 12 yards (T.Brown, D.Whitner).","note":null,"players":{"00-0017915":[{"sequence":2,"clubcode":"BAL","playerName":"R.Williams","statId":10,"yards":12}],"0":[{"sequence":1,"clubcode":"BAL","playerName":"","statId":3,"yards":0}],"00-0024223":[{"sequence":4,"clubcode":"SF","playerName":"D.Whitner","statId":82,"yards":0}],"00-0025534":[{"sequence":3,"clubcode":"SF","playerName":"T.Brown","statId":80,"yards":0}]}},"3012":{"sp":0,"qtr":4,"down":1,"time":"04:41","yrdln":"SF 25","ydstogo":10,"ydsnet":38,"posteam":"BAL","desc":"(4:41) R.Williams left guard to SF 22 for 3 yards (I.Sopoaga, R.McDonald).","note":null,"players":{"00-0017915":[{"sequence":1,"clubcode":"BAL","playerName":"R.Williams","statId":10,"yards":3}],"00-0022863":[{"sequence":2,"clubcode":"SF","playerName":"I.Sopoaga","statId":80,"yards":0}],"00-0025484":[{"sequence":3,"clubcode":"SF","playerName":"R.McDonald","statId":82,"yards":0}]}},"3033":{"sp":0,"qtr":4,"down":2,"time":"04:02","yrdln":"SF 22","ydstogo":7,"ydsnet":40,"posteam":"BAL","desc":"(4:02) R.Rice right guard to SF 20 for 2 yards (I.Sopoaga).","note":null,"players":{"00-0022863":[{"sequence":2,"clubcode":"SF","playerName":"I.Sopoaga","statId":79,"yards":0}],"00-0026195":[{"sequence":1,"clubcode":"BAL","playerName":"R.Rice","statId":10,"yards":2}]}},"3054":{"sp":0,"qtr":4,"down":3,"time":"03:20","yrdln":"SF 20","ydstogo":5,"ydsnet":39,"posteam":"BAL","desc":"(3:20) R.Rice left guard to SF 21 for -1 yards (Ald.Smith).","note":null,"players":{"00-0027945":[{"sequence":4,"clubcode":"SF","playerName":"Ald.Smith","statId":79,"yards":0},{"sequence":5,"clubcode":"SF","playerName":"Ald.Smith","statId":120,"yards":0}],"0":[{"sequence":1,"clubcode":"BAL","playerName":"","statId":7,"yards":0},{"sequence":3,"clubcode":"BAL","playerName":"","statId":95,"yards":-1}],"00-0026195":[{"sequence":2,"clubcode":"BAL","playerName":"R.Rice","statId":10,"yards":-1}]}},"3075":{"sp":0,"qtr":4,"down":0,"time":"03:14","yrdln":"","ydstogo":0,"ydsnet":39,"posteam":"","desc":"Timeout #1 by SF at 03:14.","note":"TIMEOUT","players":{"0":[{"sequence":1,"clubcode":"SF","playerName":"","statId":68,"yards":0}]}},"3092":{"sp":1,"qtr":4,"down":4,"time":"03:14","yrdln":"SF 21","ydstogo":6,"ydsnet":39,"posteam":"BAL","desc":"(3:14) (Field Goal formation) B.Cundiff 39 yard field goal is GOOD, Center-M.Cox, Holder-S.Koch.","note":"FG","players":{"00-0020972":[{"sequence":1,"clubcode":"BAL","playerName":"B.Cundiff","statId":70,"yards":39}]}}},"fds":2,"result":"Field Goal","penyds":0,"ydsgained":39,"numplays":9,"postime":"4:16","start":{"qtr":4,"time":"07:26","yrdln":"BAL 40","team":"BAL"},"end":{"qtr":4,"time":"03:10","yrdln":"SF 21","team":"BAL"}},"18":{"posteam":"SF","qtr":4,"redzone":true,"plays":{"3111":{"sp":0,"qtr":4,"down":0,"time":"03:10","yrdln":"BAL 35","ydstogo":0,"ydsnet":0,"posteam":"BAL","desc":"B.Cundiff kicks 70 yards from BAL 35 to SF -5. T.Ginn to SF 31 for 36 yards (H.Nakamura).","note":"KICKOFF","players":{"00-0025396":[{"sequence":2,"clubcode":"SF","playerName":"T.Ginn","statId":45,"yards":36}],"00-0026346":[{"sequence":3,"clubcode":"BAL","playerName":"H.Nakamura","statId":79,"yards":0}],"00-0020972":[{"sequence":1,"clubcode":"BAL","playerName":"B.Cundiff","statId":43,"yards":70}]}},"3133":{"sp":0,"qtr":4,"down":1,"time":"03:05","yrdln":"SF 31","ydstogo":10,"ydsnet":6,"posteam":"SF","desc":"*** play under review ***","note":null,"players":{"00-0022161":[{"sequence":2,"clubcode":"BAL","playerName":"T.Suggs","statId":83,"yards":-7},{"sequence":3,"clubcode":"BAL","playerName":"T.Suggs","statId":110,"yards":0},{"sequence":4,"clubcode":"BAL","playerName":"T.Suggs","statId":79,"yards":0},{"sequence":5,"clubcode":"BAL","playerName":"T.Suggs","statId":120,"yards":0}],"00-0023436":[{"sequence":1,"clubcode":"SF","playerName":"Alex Smith","statId":20,"yards":-7}]}},"3152":{"sp":0,"qtr":4,"down":2,"time":"02:48","yrdln":"SF 24","ydstogo":17,"ydsnet":6,"posteam":"SF","desc":"(2:48) (Shotgun) Alex Smith pass short middle to K.Hunter to SF 37 for 13 yards (B.Ayanbadejo).","note":null,"players":{"00-0023436":[{"sequence":1,"clubcode":"SF","playerName":"Alex Smith","statId":15,"yards":13},{"sequence":2,"clubcode":"SF","playerName":"Alex Smith","statId":111,"yards":2}],"00-0000551":[{"sequence":6,"clubcode":"BAL","playerName":"B.Ayanbadejo","statId":79,"yards":0}],"00-0028053":[{"sequence":3,"clubcode":"SF","playerName":"K.Hunter","statId":21,"yards":13},{"sequence":4,"clubcode":"SF","playerName":"K.Hunter","statId":115,"yards":0},{"sequence":5,"clubcode":"SF","playerName":"K.Hunter","statId":113,"yards":11}]}},"3176":{"sp":0,"qtr":4,"down":3,"time":"02:20","yrdln":"SF 37","ydstogo":4,"ydsnet":6,"posteam":"SF","desc":"(2:20) (No Huddle, Shotgun) Alex Smith pass incomplete short middle to M.Crabtree (L.Webb).","note":null,"players":{"00-0023436":[{"sequence":2,"clubcode":"SF","playerName":"Alex Smith","statId":14,"yards":0},{"sequence":5,"clubcode":"SF","playerName":"Alex Smith","statId":112,"yards":5}],"00-0027060":[{"sequence":4,"clubcode":"BAL","playerName":"L.Webb","statId":85,"yards":0}],"0":[{"sequence":1,"clubcode":"SF","playerName":"","statId":7,"yards":0}],"00-0026986":[{"sequence":3,"clubcode":"SF","playerName":"M.Crabtree","statId":115,"yards":0}]}},"3198":{"sp":0,"qtr":4,"down":4,"time":"02:17","yrdln":"SF 37","ydstogo":4,"ydsnet":11,"posteam":"SF","desc":"(2:17) (Shotgun) Alex Smith pass short left to B.Edwards to SF 42 for 5 yards (Ca.Williams). Baltimore challenged the first down ruling, and the play was Upheld. (Timeout #2.)","note":"TIMEOUT","players":{"00-0023436":[{"sequence":4,"clubcode":"SF","playerName":"Alex Smith","statId":15,"yards":5},{"sequence":5,"clubcode":"SF","playerName":"Alex Smith","statId":111,"yards":4}],"00-0026369":[{"sequence":9,"clubcode":"BAL","playerName":"Ca.Williams","statId":79,"yards":0}],"0":[{"sequence":1,"clubcode":"BAL","playerName":"","statId":68,"yards":0},{"sequence":2,"clubcode":"SF","playerName":"","statId":4,"yards":0},{"sequence":3,"clubcode":"SF","playerName":"","statId":8,"yards":0}],"00-0023438":[{"sequence":6,"clubcode":"SF","playerName":"B.Edwards","statId":21,"yards":5},{"sequence":7,"clubcode":"SF","playerName":"B.Edwards","statId":115,"yards":0},{"sequence":8,"clubcode":"SF","playerName":"B.Edwards","statId":113,"yards":1}]}},"3222":{"sp":0,"qtr":4,"down":0,"time":"02:00","yrdln":"","ydstogo":0,"ydsnet":11,"posteam":"","desc":"Two-Minute Warning","note":null,"players":{}},"3239":{"sp":0,"qtr":4,"down":1,"time":"02:00","yrdln":"SF 42","ydstogo":10,"ydsnet":15,"posteam":"SF","desc":"(2:00) (Shotgun) Alex Smith scrambles left end to SF 46 for 4 yards (B.Ayanbadejo).","note":null,"players":{"00-0023436":[{"sequence":1,"clubcode":"SF","playerName":"Alex Smith","statId":10,"yards":4}],"00-0000551":[{"sequence":2,"clubcode":"BAL","playerName":"B.Ayanbadejo","statId":79,"yards":0}]}},"3269":{"sp":0,"qtr":4,"down":2,"time":"01:34","yrdln":"SF 46","ydstogo":6,"ydsnet":0,"posteam":"SF","desc":"(1:34) (No Huddle, Shotgun) Alex Smith pass incomplete short right to M.Crabtree [P.Kruger]. PENALTY on SF-Alex Smith, Intentional Grounding, 15 yards, enforced at SF 46.","note":"PENALTY","players":{"00-0023436":[{"sequence":1,"clubcode":"SF","playerName":"Alex Smith","statId":14,"yards":0},{"sequence":4,"clubcode":"SF","playerName":"Alex Smith","statId":112,"yards":0},{"sequence":5,"clubcode":"SF","playerName":"Alex Smith","statId":93,"yards":15}],"00-0027033":[{"sequence":3,"clubcode":"BAL","playerName":"P.Kruger","statId":110,"yards":0}],"00-0026986":[{"sequence":2,"clubcode":"SF","playerName":"M.Crabtree","statId":115,"yards":0}]}},"3302":{"sp":0,"qtr":4,"down":3,"time":"01:26","yrdln":"SF 31","ydstogo":21,"ydsnet":9,"posteam":"SF","desc":"(1:26) (Shotgun) Alex Smith pass short middle to V.Davis to SF 40 for 9 yards (B.Ayanbadejo).","note":null,"players":{"00-0023436":[{"sequence":2,"clubcode":"SF","playerName":"Alex Smith","statId":15,"yards":9},{"sequence":3,"clubcode":"SF","playerName":"Alex Smith","statId":111,"yards":9}],"00-0000551":[{"sequence":7,"clubcode":"BAL","playerName":"B.Ayanbadejo","statId":79,"yards":0}],"00-0024221":[{"sequence":4,"clubcode":"SF","playerName":"V.Davis","statId":21,"yards":9},{"sequence":5,"clubcode":"SF","playerName":"V.Davis","statId":115,"yards":0},{"sequence":6,"clubcode":"SF","playerName":"V.Davis","statId":113,"yards":0}],"0":[{"sequence":1,"clubcode":"SF","playerName":"","statId":7,"yards":0}]}},"3330":{"sp":0,"qtr":4,"down":0,"time":"01:18","yrdln":"","ydstogo":0,"ydsnet":9,"posteam":"","desc":"Timeout #2 by SF at 01:18.","note":"TIMEOUT","players":{"0":[{"sequence":1,"clubcode":"SF","playerName":"","statId":68,"yards":0}]}},"3347":{"sp":0,"qtr":4,"down":4,"time":"01:18","yrdln":"SF 40","ydstogo":12,"ydsnet":9,"posteam":"SF","desc":"(1:18) (Shotgun) Alex Smith pass incomplete short right to T.Ginn (J.Smith).","note":null,"players":{"00-0027965":[{"sequence":4,"clubcode":"BAL","playerName":"J.Smith","statId":85,"yards":0}],"00-0025396":[{"sequence":3,"clubcode":"SF","playerName":"T.Ginn","statId":115,"yards":0}],"00-0023436":[{"sequence":2,"clubcode":"SF","playerName":"Alex Smith","statId":14,"yards":0},{"sequence":5,"clubcode":"SF","playerName":"Alex Smith","statId":112,"yards":7}],"0":[{"sequence":1,"clubcode":"SF","playerName":"","statId":9,"yards":0}]}}},"fds":1,"result":"Downs","penyds":-15,"ydsgained":24,"numplays":11,"postime":"1:55","start":{"qtr":4,"time":"03:10","yrdln":"SF 31","team":"SF"},"end":{"qtr":4,"time":"01:15","yrdln":"SF 40","team":"SF"}},"19":{"posteam":"BAL","qtr":4,"redzone":true,"plays":{"3369":{"sp":0,"qtr":4,"down":1,"time":"01:15","yrdln":"SF 40","ydstogo":10,"ydsnet":-1,"posteam":"BAL","desc":"(1:15) J.Flacco kneels to SF 41 for -1 yards. Ravens in victory formation.","note":null,"players":{"00-0026158":[{"sequence":1,"clubcode":"BAL","playerName":"J.Flacco","statId":10,"yards":-1}]}},"3394":{"sp":0,"qtr":4,"down":0,"time":"01:13","yrdln":"","ydstogo":0,"ydsnet":-1,"posteam":"","desc":"Timeout #3 by SF at 01:13.","note":"TIMEOUT","players":{"0":[{"sequence":1,"clubcode":"SF","playerName":"","statId":68,"yards":0}]}},"3411":{"sp":0,"qtr":4,"down":2,"time":"01:13","yrdln":"SF 41","ydstogo":11,"ydsnet":-2,"posteam":"BAL","desc":"(1:13) J.Flacco kneels to SF 42 for -1 yards.","note":null,"players":{"00-0026158":[{"sequence":1,"clubcode":"BAL","playerName":"J.Flacco","statId":10,"yards":-1}]}},"3432":{"sp":0,"qtr":4,"down":3,"time":"00:38","yrdln":"SF 42","ydstogo":12,"ydsnet":-3,"posteam":"BAL","desc":"(:38) Ravens in victory formation J.Flacco kneels to SF 43 for -1 yards.","note":null,"players":{"0":[{"sequence":1,"clubcode":"BAL","playerName":"","statId":7,"yards":0}],"00-0026158":[{"sequence":2,"clubcode":"BAL","playerName":"J.Flacco","statId":10,"yards":-1}]}},"3457":{"sp":0,"qtr":4,"down":0,"time":"00:00","yrdln":"","ydstogo":0,"ydsnet":-3,"posteam":"","desc":"END GAME","note":null,"players":{}}},"fds":0,"result":"End of Game","penyds":0,"ydsgained":-3,"numplays":5,"postime":"1:15","start":{"qtr":4,"time":"01:15","yrdln":"SF 40","team":"BAL"},"end":{"qtr":4,"time":"00:00","yrdln":"","team":"BAL"}},"crntdrv":19},"scrsummary":{"275":{"type":"FG","desc":"B.Cundiff 39 yd. Field Goal Drive: 10 plays, 55 yards in 4:39","qtr":1,"team":"BAL","players":{"B.Cundiff":"00-0020972"}},"696":{"type":"FG","desc":"D.Akers 45 yd. Field Goal Drive: 9 plays, 41 yards in 4:42","qtr":1,"team":"SF","players":{"D.Akers":"00-0000108"}},"1442":{"type":"FG","desc":"B.Cundiff 23 yd. Field Goal Drive: 6 plays, 60 yards in 3:24","qtr":2,"team":"BAL","players":{"B.Cundiff":"00-0020972"}},"2082":{"type":"FG","desc":"D.Akers 52 yd. Field Goal Drive: 13 plays, 46 yards in 7:30","qtr":3,"team":"SF","players":{"D.Akers":"00-0000108"}},"2479":{"type":"TD","desc":"D.Pitta 8 yd. pass from J.Flacco (B.Cundiff kick is good) Drive: 16 plays, 76 yards in 7:34","qtr":4,"team":"BAL","players":{"":"0","J.Flacco":"00-0026158","D.Pitta":"00-0027714","B.Cundiff":"00-0020972"}},"3092":{"type":"FG","desc":"B.Cundiff 39 yd. Field Goal Drive: 8 plays, 39 yards in 4:16","qtr":4,"team":"BAL","players":{"B.Cundiff":"00-0020972"}}},"weather":null,"media":null,"yl":"","qtr":"Final","note":null,"down":0,"togo":0,"redzone":true,"clock":"00:38","posteam":"BAL","stadium":null},"nextupdate":261}