{"2011110601":{"home":{"score":{"1":14,"2":10,"3":3,"4":3,"5":0,"T":30},"abbr":"HOU","to":2,"stats":{"passing":{"00-0022787":{"name":"M.Schaub","att":23,"cmp":14,"yds":119,"tds":0,"ints":1,"twopta":0,"twoptm":0}},"rushing":{"00-0026796":{"name":"A.Foster","att":19,"yds":124,"tds":1,"lng":27,"lngtd":19,"twopta":0,"twoptm":0},"00-0027890":{"name":"B.Tate","att":12,"yds":115,"tds":1,"lng":27,"lngtd":27,"twopta":0,"twoptm":0},"00-0022770":{"name":"D.Ward","att":6,"yds":22,"tds":0,"lng":9,"lngtd":0,"twopta":0,"twoptm":0},"00-0022787":{"name":"M.Schaub","att":3,"yds":0,"tds":1,"lng":2,"lngtd":2,"twopta":0,"twoptm":0}},"receiving":{"00-0026796":{"name":"A.Foster","rec":5,"yds":26,"tds":0,"lng":8,"lngtd":0,"twopta":0,"twoptm":0},"00-0024313":{"name":"O.Daniels","rec":3,"yds":32,"tds":0,"lng":12,"lngtd":0,"twopta":0,"twoptm":0},"00-0025460":{"name":"J.Jones","rec":2,"yds":28,"tds":0,"lng":16,"lngtd":0,"twopta":0,"twoptm":0},"00-0023630":{"name":"J.Dreessen","rec":2,"yds":27,"tds":0,"lng":22,"lngtd":0,"twopta":0,"twoptm":0},"00-0021931":{"name":"K.Walter","rec":1,"yds":5,"tds":0,"lng":5,"lngtd":0,"twopta":0,"twoptm":0},"00-0027109":{"name":"J.Casey","rec":1,"yds":1,"tds":0,"lng":1,"lngtd":0,"twopta":0,"twoptm":0}},"fumbles":{"00-0027949":{"name":"J.Watt","tot":0,"rcv":0,"trcv":1,"yds":0,"lost":0}},"kicking":{"00-0019676":{"name":"N.Rackers","fgm":3,"fga":3,"fgyds":50,"totpfg":9,"xpmade":3,"xpmissed":0,"xpa":3,"xpb":0,"xptot":3}},"punting":{"00-0028540":{"name":"B.Hartmann","pts":2,"yds":95,"avg":36,"i20":0,"lng":49}},"kickret":{"00-0027743":{"name":"S.McManis","ret":3,"avg":22,"tds":0,"lng":26,"lngtd":0},"00-0023630":{"name":"J.Dreessen","ret":1,"avg":0,"tds":0,"lng":0,"lngtd":0}},"puntret":{"00-0025460":{"name":"J.Jones","ret":2,"avg":28,"tds":0,"lng":50,"lngtd":0}},"defense":{"00-0026991":{"name":"B.Cushing","tkl":4,"ast":3,"sk":1,"int":0,"ffum":0},"00-0027081":{"name":"G.Quin","tkl":6,"ast":0,"sk":0,"int":0,"ffum":0},"00-0027872":{"name":"K.Jackson","tkl":5,"ast":0,"sk":0,"int":0,"ffum":0},"00-0027980":{"name":"B.Reed","tkl":4,"ast":1,"sk":2,"int":0,"ffum":0},"00-0024239":{"name":"J.Joseph","tkl":4,"ast":0,"sk":0,"int":0,"ffum":0},"00-0027022":{"name":"C.Barwin","tkl":3,"ast":0,"sk":1,"int":0,"ffum":0},"00-0027684":{"name":"E.Mitchell","tkl":3,"ast":0,"sk":0,"int":0,"ffum":0},"00-0027949":{"name":"J.Watt","tkl":2,"ast":1,"sk":0,"int":0,"ffum":0},"00-0026257":{"name":"Q.Demps","tkl":2,"ast":0,"sk":0,"int":1,"ffum":0},"00-0024248":{"name":"D.Ryans","tkl":1,"ast":1,"sk":0,"int":0,"ffum":1},"00-0023472":{"name":"S.Cody","tkl":1,"ast":1,"sk":0,"int":0,"ffum":0},"00-0026948":{"name":"T.Nolan","tkl":1,"ast":1,"sk":0,"int":0,"ffum":0},"00-0023219":{"name":"T.Bulman","tkl":1,"ast":0,"sk":0,"int":0,"ffum":0}},"team":{"totfd":21,"totyds":380,"pyds":119,"ryds":261,"pen":2,"penyds":15,"trnovr":1,"pt":2,"ptyds":95,"ptavg":36,"top":"35:15"}},"players":null},"away":{"score":{"1":3,"2":0,"3":3,"4":6,"5":0,"T":12},"abbr":"CLE","to":0,"stats":{"passing":{"00-0027688":{"name":"C.McCoy","att":22,"cmp":14,"yds":146,"tds":1,"ints":1,"twopta":1,"twoptm":0}},"rushing":{"00-0027140":{"name":"C.Ogbonnaya","att":13,"yds":28,"tds":0,"lng":10,"lngtd":0,"twopta":0,"twoptm":0},"00-0025573":{"name":"T.Clayton","att":5,"yds":10,"tds":0,"lng":4,"lngtd":0,"twopta":0,"twoptm":0},"00-0027688":{"name":"C.McCoy","att":3,"yds":6,"tds":0,"lng":4,"lngtd":0,"twopta":0,"twoptm":0}},"receiving":{"00-0023176":{"name":"J.Cribbs","rec":5,"yds":50,"tds":1,"lng":20,"lngtd":2,"twopta":1,"twoptm":0},"00-0027997":{"name":"G.Little","rec":2,"yds":33,"tds":0,"lng":24,"lngtd":0,"twopta":0,"twoptm":0},"00-0022943":{"name":"B.Watson","rec":2,"yds":26,"tds":0,"lng":13,"lngtd":0,"twopta":0,"twoptm":0},"00-0026123":{"name":"E.Moore","rec":2,"yds":11,"tds":0,"lng":6,"lngtd":0,"twopta":0,"twoptm":0},"00-0027140":{"name":"C.Ogbonnaya","rec":1,"yds":13,"tds":0,"lng":13,"lngtd":0,"twopta":0,"twoptm":0},"00-0028040":{"name":"J.Cameron","rec":1,"yds":7,"tds":0,"lng":7,"lngtd":0,"twopta":0,"twoptm":0},"00-0026739":{"name":"J.Norwood","rec":1,"yds":6,"tds":0,"lng":6,"lngtd":0,"twopta":0,"twoptm":0}},"fumbles":{"00-0027140":{"name":"C.Ogbonnaya","tot":1,"rcv":0,"trcv":0,"yds":0,"lost":1}},"kicking":{"00-0004091":{"name":"P.Dawson","fgm":2,"fga":2,"fgyds":51,"totpfg":6,"xpmade":0,"xpmissed":0,"xpa":0,"xpb":0,"xptot":0}},"punting":{"00-0010609":{"name":"B.Maynard","pts":4,"yds":175,"avg":30,"i20":1,"lng":52}},"kickret":{"00-0028062":{"name":"O.Marecic","ret":3,"avg":12,"tds":0,"lng":13,"lngtd":0},"00-0023176":{"name":"J.Cribbs","ret":2,"avg":47,"tds":0,"lng":63,"lngtd":0},"00-0022247":{"name":"M.Adams","ret":1,"avg":12,"tds":0,"lng":12,"lngtd":0}},"puntret":{"00-0023176":{"name":"J.Cribbs","ret":1,"avg":3,"tds":0,"lng":3,"lngtd":0}},"defense":{"00-0021259":{"name":"S.Fujita","tkl":7,"ast":2,"sk":0,"int":0,"ffum":0},"00-0024249":{"name":"D.Jackson","tkl":8,"ast":0,"sk":0,"int":1,"ffum":0},"00-0027860":{"name":"J.Haden","tkl":7,"ast":0,"sk":0,"int":0,"ffum":0},"00-0027653":{"name":"T.Ward","tkl":3,"ast":2,"sk":0,"int":0,"ffum":0},"00-0027204":{"name":"E.Stephens","tkl":3,"ast":1,"sk":0,"int":0,"ffum":0},"00-0026330":{"name":"A.Rubin","tkl":3,"ast":1,"sk":0,"int":0,"ffum":0},"00-0025453":{"name":"U.Young","tkl":2,"ast":2,"sk":0,"int":0,"ffum":0},"00-0024286":{"name":"C.Gocong","tkl":3,"ast":0,"sk":0,"int":0,"ffum":0},"00-0027975":{"name":"J.Sheard","tkl":3,"ast":0,"sk":0,"int":0,"ffum":0},"00-0021186":{"name":"S.Brown","tkl":3,"ast":0,"sk":0,"int":0,"ffum":0},"00-0026084":{"name":"B.Schaefering","tkl":2,"ast":1,"sk":0,"int":0,"ffum":0},"00-0022247":{"name":"M.Adams","tkl":1,"ast":1,"sk":0,"int":0,"ffum":0},"00-0028075":{"name":"B.Skrine","tkl":1,"ast":1,"sk":0,"int":0,"ffum":0},"00-0027959":{"name":"P.Taylor","tkl":1,"ast":0,"sk":0,"int":0,"ffum":0},"00-0023893":{"name":"J.Mitchell","tkl":1,"ast":0,"sk":0,"int":0,"ffum":0}},"team":{"totfd":10,"totyds":172,"pyds":128,"ryds":44,"pen":4,"penyds":35,"trnovr":2,"pt":4,"ptyds":175,"ptavg":30,"top":"24:45"}},"players":null},"drives":{"1":{"posteam":"HOU","qtr":1,"redzone":true,"plays":{"36":{"sp":0,"qtr":1,"down":0,"time":"15:00","yrdln":"CLE 35","ydstogo":0,"ydsnet":0,"posteam":"CLE","desc":"P.Dawson kicks 67 yards from CLE 35 to HOU -2. S.McManis to HOU 18 for 20 yards (J.Cribbs).","note":"KICKOFF","players":{"00-0027743":[{"sequence":1,"clubcode":"HOU","playerName":"S.McManis","statId":45,"yards":20}],"00-0004091":[{"sequence":2,"clubcode":"CLE","playerName":"P.Dawson","statId":42,"yards":0},{"sequence":4,"clubcode":"CLE","playerName":"P.Dawson","statId":43,"yards":67}],"00-0023176":[{"sequence":3,"clubcode":"CLE","playerName":"J.Cribbs","statId":79,"yards":0}]}},"58":{"sp":0,"qtr":1,"down":1,"time":"14:55","yrdln":"HOU 18","ydstogo":10,"ydsnet":5,"posteam":"HOU","desc":"(14:55) M.Schaub pass short right to J.Dreessen to HOU 23 for 5 yards (T.Ward).","note":null,"players":{"00-0022787":[{"sequence":3,"clubcode":"HOU","playerName":"M.Schaub","statId":111,"yards":0},{"sequence":5,"clubcode":"HOU","playerName":"M.Schaub","statId":15,"yards":5}],"00-0023630":[{"sequence":1,"clubcode":"HOU","playerName":"J.Dreessen","statId":115,"yards":0},{"sequence":2,"clubcode":"HOU","playerName":"J.Dreessen","statId":113,"yards":5},{"sequence":6,"clubcode":"HOU","playerName":"J.Dreessen","statId":21,"yards":5}],"00-0027653":[{"sequence":4,"clubcode":"CLE","playerName":"T.Ward","statId":79,"yards":0}]}},"82":{"sp":0,"qtr":1,"down":2,"time":"14:11","yrdln":"HOU 23","ydstogo":5,"ydsnet":27,"posteam":"HOU","desc":"(14:11) M.Schaub pass deep middle to J.Dreessen to HOU 45 for 22 yards (T.Ward).","note":null,"players":{"00-0022787":[{"sequence":2,"clubcode":"HOU","playerName":"M.Schaub","statId":15,"yards":22},{"sequence":3,"clubcode":"HOU","playerName":"M.Schaub","statId":111,"yards":16}],"00-0023630":[{"sequence":4,"clubcode":"HOU","playerName":"J.Dreessen","statId":21,"yards":22},{"sequence":5,"clubcode":"HOU","playerName":"J.Dreessen","statId":115,"yards":0},{"sequence":6,"clubcode":"HOU","playerName":"J.Dreessen","statId":113,"yards":6}],"0":[{"sequence":1,"clubcode":"HOU","playerName":"","statId":4,"yards":0}],"00-0027653":[{"sequence":7,"clubcode":"CLE","playerName":"T.Ward","statId":79,"yards":0}]}},"106":{"sp":0,"qtr":1,"down":1,"time":"13:38","yrdln":"HOU 45","ydstogo":10,"ydsnet":32,"posteam":"HOU","desc":"(13:38) M.Schaub pass short left to K.Walter to 50 for 5 yards (C.Gocong).","note":null,"players":{"00-0021931":[{"sequence":3,"clubcode":"HOU","playerName":"K.Walter","statId":21,"yards":5},{"sequence":4,"clubcode":"HOU","playerName":"K.Walter","statId":115,"yards":0},{"sequence":5,"clubcode":"HOU","playerName":"K.Walter","statId":113,"yards":1}],"00-0024286":[{"sequence":6,"clubcode":"CLE","playerName":"C.Gocong","statId":79,"yards":0}],"00-0022787":[{"sequence":1,"clubcode":"HOU","playerName":"M.Schaub","statId":15,"yards":5},{"sequence":2,"clubcode":"HOU","playerName":"M.Schaub","statId":111,"yards":4}]}},"130":{"sp":0,"qtr":1,"down":2,"time":"13:05","yrdln":"50","ydstogo":5,"ydsnet":38,"posteam":"HOU","desc":"(13:05) M.Schaub pass short middle to A.Foster to CLE 44 for 6 yards (S.Fujita).","note":null,"players":{"00-0021259":[{"sequence":7,"clubcode":"CLE","playerName":"S.Fujita","statId":79,"yards":0}],"00-0026796":[{"sequence":4,"clubcode":"HOU","playerName":"A.Foster","statId":21,"yards":6},{"sequence":5,"clubcode":"HOU","playerName":"A.Foster","statId":115,"yards":0},{"sequence":6,"clubcode":"HOU","playerName":"A.Foster","statId":113,"yards":3}],"00-0022787":[{"sequence":2,"clubcode":"HOU","playerName":"M.Schaub","statId":15,"yards":6},{"sequence":3,"clubcode":"HOU","playerName":"M.Schaub","statId":111,"yards":3}],"0":[{"sequence":1,"clubcode":"HOU","playerName":"","statId":4,"yards":0}]}},"154":{"sp":0,"qtr":1,"down":1,"time":"12:22","yrdln":"CLE 44","ydstogo":10,"ydsnet":45,"posteam":"HOU","desc":"(12:22) A.Foster right tackle pushed ob at CLE 37 for 7 yards (J.Haden).","note":null,"players":{"00-0027860":[{"sequence":2,"clubcode":"CLE","playerName":"J.Haden","statId":79,"yards":0}],"00-0026796":[{"sequence":1,"clubcode":"HOU","playerName":"A.Foster","statId":10,"yards":7}]}},"175":{"sp":0,"qtr":1,"down":2,"time":"11:52","yrdln":"CLE 37","ydstogo":3,"ydsnet":47,"posteam":"HOU","desc":"(11:52) A.Foster left guard to CLE 35 for 2 yards (B.Schaefering).","note":null,"players":{"00-0026796":[{"sequence":1,"clubcode":"HOU","playerName":"A.Foster","statId":10,"yards":2}],"00-0026084":[{"sequence":2,"clubcode":"CLE","playerName":"B.Schaefering","statId":79,"yards":0}]}},"196":{"sp":0,"qtr":1,"down":3,"time":"11:11","yrdln":"CLE 35","ydstogo":1,"ydsnet":49,"posteam":"HOU","desc":"(11:11) A.Foster right tackle to CLE 33 for 2 yards (J.Haden, S.Fujita).","note":null,"players":{"00-0021259":[{"sequence":5,"clubcode":"CLE","playerName":"S.Fujita","statId":82,"yards":0}],"00-0027860":[{"sequence":4,"clubcode":"CLE","playerName":"J.Haden","statId":80,"yards":0}],"00-0026796":[{"sequence":3,"clubcode":"HOU","playerName":"A.Foster","statId":10,"yards":2}],"0":[{"sequence":1,"clubcode":"HOU","playerName":"","statId":3,"yards":0},{"sequence":2,"clubcode":"HOU","playerName":"","statId":6,"yards":0}]}},"217":{"sp":0,"qtr":1,"down":1,"time":"10:29","yrdln":"CLE 33","ydstogo":10,"ydsnet":55,"posteam":"HOU","desc":"(10:29) B.Tate right end pushed ob at CLE 27 for 6 yards (U.Young).","note":null,"players":{"00-0027890":[{"sequence":1,"clubcode":"HOU","playerName":"B.Tate","statId":10,"yards":6}],"00-0025453":[{"sequence":2,"clubcode":"CLE","playerName":"U.Young","statId":79,"yards":0}]}},"238":{"sp":1,"qtr":1,"down":2,"time":"09:57","yrdln":"CLE 27","ydstogo":4,"ydsnet":82,"posteam":"HOU","desc":"(9:57) B.Tate right guard for 27 yards, TOUCHDOWN.","note":"TD","players":{"0":[{"sequence":1,"clubcode":"HOU","playerName":"","statId":3,"yards":0}],"00-0027890":[{"sequence":2,"clubcode":"HOU","playerName":"B.Tate","statId":11,"yards":27}]}},"255":{"sp":1,"qtr":1,"down":0,"time":"09:50","yrdln":"CLE 2","ydstogo":0,"ydsnet":82,"posteam":"HOU","desc":"N.Rackers extra point is GOOD, Center-J.Weeks, Holder-B.Hartmann.","note":"XP","players":{"00-0019676":[{"sequence":1,"clubcode":"HOU","playerName":"N.Rackers","statId":72,"yards":0}]}}},"fds":4,"result":"Touchdown","penyds":0,"ydsgained":82,"numplays":11,"postime":"5:10","start":{"qtr":1,"time":"15:00","yrdln":"HOU 18","team":"HOU"},"end":{"qtr":1,"time":"09:50","yrdln":"CLE 27","team":"HOU"}},"2":{"posteam":"CLE","qtr":1,"redzone":true,"plays":{"271":{"sp":0,"qtr":1,"down":0,"time":"09:50","yrdln":"HOU 35","ydstogo":0,"ydsnet":0,"posteam":"HOU","desc":"N.Rackers kicks 71 yards from HOU 35 to CLE -6. J.Cribbs pushed ob at CLE 25 for 31 yards (N.Rackers).","note":"KICKOFF","players":{"00-0023176":[{"sequence":2,"clubcode":"CLE","playerName":"J.Cribbs","statId":45,"yards":31}],"00-0019676":[{"sequence":1,"clubcode":"HOU","playerName":"N.Rackers","statId":43,"yards":71},{"sequence":3,"clubcode":"HOU","playerName":"N.Rackers","statId":79,"yards":0}]}},"298":{"sp":0,"qtr":1,"down":1,"time":"09:43","yrdln":"CLE 25","ydstogo":10,"ydsnet":1,"posteam":"CLE","desc":"(9:43) C.Ogbonnaya left guard to CLE 26 for 1 yard (D.Ryans). FUMBLES (D.Ryans), RECOVERED by HOU-J.Watt at CLE 28. J.Watt to CLE 28 for no gain (B.Watson).","note":"FUMBLE","players":{"00-0027949":[{"sequence":6,"clubcode":"HOU","playerName":"J.Watt","statId":59,"yards":0}],"00-0024248":[{"sequence":2,"clubcode":"HOU","playerName":"D.Ryans","statId":79,"yards":0},{"sequence":5,"clubcode":"HOU","playerName":"D.Ryans","statId":91,"yards":0}],"00-0027140":[{"sequence":1,"clubcode":"CLE","playerName":"C.Ogbonnaya","statId":10,"yards":1},{"sequence":3,"clubcode":"CLE","playerName":"C.Ogbonnaya","statId":52,"yards":0},{"sequence":4,"clubcode":"CLE","playerName":"C.Ogbonnaya","statId":106,"yards":0}],"00-0022943":[{"sequence":7,"clubcode":"CLE","playerName":"B.Watson","statId":79,"yards":0}]}}},"fds":0,"result":"Fumble","penyds":0,"ydsgained":1,"numplays":2,"postime":"0:10","start":{"qtr":1,"time":"09:50","yrdln":"CLE 25","team":"CLE"},"end":{"qtr":1,"time":"09:40","yrdln":"CLE 25","team":"CLE"}},"3":{"posteam":"HOU","qtr":1,"redzone":true,"plays":{"330":{"sp":0,"qtr":1,"down":1,"time":"09:40","yrdln":"CLE 28","ydstogo":10,"ydsnet":0,"posteam":"HOU","desc":"(9:40) M.Schaub pass incomplete short right.","note":null,"players":{"00-0022787":[{"sequence":1,"clubcode":"HOU","playerName":"M.Schaub","statId":14,"yards":0},{"sequence":2,"clubcode":"HOU","playerName":"M.Schaub","statId":112,"yards":0}]}},"356":{"sp":0,"qtr":1,"down":2,"time":"09:33","yrdln":"CLE 28","ydstogo":10,"ydsnet":6,"posteam":"HOU","desc":"(9:33) A.Foster left guard to CLE 22 for 6 yards (S.Fujita).","note":null,"players":{"00-0021259":[{"sequence":2,"clubcode":"CLE","playerName":"S.Fujita","statId":79,"yards":0}],"00-0026796":[{"sequence":1,"clubcode":"HOU","playerName":"A.Foster","statId":10,"yards":6}]}},"377":{"sp":0,"qtr":1,"down":3,"time":"08:48","yrdln":"CLE 22","ydstogo":4,"ydsnet":28,"posteam":"HOU","desc":"(8:48) (Shotgun) M.Schaub pass short left to O.Daniels to CLE 10 for 12 yards (S.Brown).","note":null,"players":{"00-0022787":[{"sequence":3,"clubcode":"HOU","playerName":"M.Schaub","statId":15,"yards":12},{"sequence":4,"clubcode":"HOU","playerName":"M.Schaub","statId":111,"yards":5}],"00-0021186":[{"sequence":8,"clubcode":"CLE","playerName":"S.Brown","statId":79,"yards":0}],"0":[{"sequence":1,"clubcode":"HOU","playerName":"","statId":4,"yards":0},{"sequence":2,"clubcode":"HOU","playerName":"","statId":6,"yards":0}],"00-0024313":[{"sequence":5,"clubcode":"HOU","playerName":"O.Daniels","statId":21,"yards":12},{"sequence":6,"clubcode":"HOU","playerName":"O.Daniels","statId":115,"yards":0},{"sequence":7,"clubcode":"HOU","playerName":"O.Daniels","statId":113,"yards":7}]}},"401":{"sp":0,"qtr":1,"down":1,"time":"08:07","yrdln":"CLE 10","ydstogo":10,"ydsnet":26,"posteam":"HOU","desc":"(8:07) A.Foster left guard to CLE 2 for 8 yards (J.Sheard, M.Adams).","note":null,"players":{"00-0026796":[{"sequence":1,"clubcode":"HOU","playerName":"A.Foster","statId":10,"yards":8}],"00-0027975":[{"sequence":2,"clubcode":"CLE","playerName":"J.Sheard","statId":80,"yards":0}],"00-0022247":[{"sequence":3,"clubcode":"CLE","playerName":"M.Adams","statId":82,"yards":0}]}},"422":{"sp":0,"qtr":1,"down":2,"time":"07:23","yrdln":"CLE 2","ydstogo":2,"ydsnet":26,"posteam":"HOU","desc":"(7:23) M.Schaub pass incomplete short right to A.Foster.","note":null,"players":{"00-0026796":[{"sequence":2,"clubcode":"HOU","playerName":"A.Foster","statId":115,"yards":0}],"00-0022787":[{"sequence":1,"clubcode":"HOU","playerName":"M.Schaub","statId":14,"yards":0},{"sequence":3,"clubcode":"HOU","playerName":"M.Schaub","statId":112,"yards":2}]}},"448":{"sp":1,"qtr":1,"down":3,"time":"07:16","yrdln":"CLE 2","ydstogo":2,"ydsnet":28,"posteam":"HOU","desc":"(7:16) (Shotgun) M.Schaub up the middle for 2 yards, TOUCHDOWN.","note":"TD","players":{"00-0022787":[{"sequence":3,"clubcode":"HOU","playerName":"M.Schaub","statId":11,"yards":2}],"0":[{"sequence":1,"clubcode":"HOU","playerName":"","statId":3,"yards":0},{"sequence":2,"clubcode":"HOU","playerName":"","statId":6,"yards":0}]}},"465":{"sp":1,"qtr":1,"down":0,"time":"07:11","yrdln":"CLE 2","ydstogo":0,"ydsnet":28,"posteam":"HOU","desc":"N.Rackers extra point is GOOD, Center-J.Weeks, Holder-B.Hartmann.","note":"XP","players":{"00-0019676":[{"sequence":1,"clubcode":"HOU","playerName":"N.Rackers","statId":72,"yards":0}]}}},"fds":2,"result":"Touchdown","penyds":0,"ydsgained":28,"numplays":7,"postime":"2:29","start":{"qtr":1,"time":"09:40","yrdln":"CLE 28","team":"HOU"},"end":{"qtr":1,"time":"07:11","yrdln":"CLE 2","team":"HOU"}},"4":{"posteam":"CLE","qtr":1,"redzone":true,"plays":{"481":{"sp":0,"qtr":1,"down":0,"time":"07:11","yrdln":"HOU 35","ydstogo":0,"ydsnet":11,"posteam":"HOU","desc":"N.Rackers kicks 65 yards from HOU 35 to CLE 0. J.Cribbs to HOU 37 for 63 yards (B.McCain). PENALTY on CLE-J.Cribbs, Personal Foul, 15 yards, enforced at HOU 37.","note":"KICKOFF","players":{"00-0026935":[{"sequence":3,"clubcode":"HOU","playerName":"B.McCain","statId":79,"yards":0}],"00-0023176":[{"sequence":2,"clubcode":"CLE","playerName":"J.Cribbs","statId":45,"yards":63},{"sequence":4,"clubcode":"CLE","playerName":"J.Cribbs","statId":93,"yards":15}],"00-0019676":[{"sequence":1,"clubcode":"HOU","playerName":"N.Rackers","statId":43,"yards":65}]}},"514":{"sp":0,"qtr":1,"down":1,"time":"06:59","yrdln":"CLE 48","ydstogo":10,"ydsnet":0,"posteam":"CLE","desc":"(6:59) C.Ogbonnaya left guard to CLE 48 for no gain (J.Watt; B.Cushing).","note":null,"players":{"00-0027949":[{"sequence":2,"clubcode":"HOU","playerName":"J.Watt","statId":82,"yards":0}],"00-0026991":[{"sequence":3,"clubcode":"HOU","playerName":"B.Cushing","statId":82,"yards":0}],"00-0027140":[{"sequence":1,"clubcode":"CLE","playerName":"C.Ogbonnaya","statId":10,"yards":0}]}},"535":{"sp":0,"qtr":1,"down":2,"time":"06:25","yrdln":"CLE 48","ydstogo":10,"ydsnet":9,"posteam":"CLE","desc":"(6:25) C.McCoy pass short left to G.Little to HOU 43 for 9 yards (K.Jackson).","note":null,"players":{"00-0027997":[{"sequence":3,"clubcode":"CLE","playerName":"G.Little","statId":21,"yards":9},{"sequence":4,"clubcode":"CLE","playerName":"G.Little","statId":115,"yards":0},{"sequence":5,"clubcode":"CLE","playerName":"G.Little","statId":113,"yards":1}],"00-0027872":[{"sequence":6,"clubcode":"HOU","playerName":"K.Jackson","statId":79,"yards":0}],"00-0027688":[{"sequence":1,"clubcode":"CLE","playerName":"C.McCoy","statId":15,"yards":9},{"sequence":2,"clubcode":"CLE","playerName":"C.McCoy","statId":111,"yards":8}]}},"559":{"sp":0,"qtr":1,"down":3,"time":"05:46","yrdln":"HOU 43","ydstogo":1,"ydsnet":11,"posteam":"CLE","desc":"(5:46) C.Ogbonnaya up the middle to HOU 41 for 2 yards (K.Jackson).","note":null,"players":{"00-0027872":[{"sequence":4,"clubcode":"HOU","playerName":"K.Jackson","statId":79,"yards":0}],"0":[{"sequence":1,"clubcode":"CLE","playerName":"","statId":3,"yards":0},{"sequence":2,"clubcode":"CLE","playerName":"","statId":6,"yards":0}],"00-0027140":[{"sequence":3,"clubcode":"CLE","playerName":"C.Ogbonnaya","statId":10,"yards":2}]}},"580":{"sp":0,"qtr":1,"down":1,"time":"05:12","yrdln":"HOU 41","ydstogo":10,"ydsnet":13,"posteam":"CLE","desc":"(5:12) C.Ogbonnaya right tackle to HOU 39 for 2 yards (G.Quin).","note":null,"players":{"00-0027081":[{"sequence":2,"clubcode":"HOU","playerName":"G.Quin","statId":79,"yards":0}],"00-0027140":[{"sequence":1,"clubcode":"CLE","playerName":"C.Ogbonnaya","statId":10,"yards":2}]}},"601":{"sp":0,"qtr":1,"down":2,"time":"04:37","yrdln":"HOU 39","ydstogo":8,"ydsnet":20,"posteam":"CLE","desc":"(4:37) C.McCoy pass short left to J.Cribbs to HOU 32 for 7 yards (K.Jackson).","note":null,"players":{"00-0027872":[{"sequence":6,"clubcode":"HOU","playerName":"K.Jackson","statId":79,"yards":0}],"00-0027688":[{"sequence":1,"clubcode":"CLE","playerName":"C.McCoy","statId":15,"yards":7},{"sequence":2,"clubcode":"CLE","playerName":"C.McCoy","statId":111,"yards":6}],"00-0023176":[{"sequence":3,"clubcode":"CLE","playerName":"J.Cribbs","statId":21,"yards":7},{"sequence":4,"clubcode":"CLE","playerName":"J.Cribbs","statId":115,"yards":0},{"sequence":5,"clubcode":"CLE","playerName":"J.Cribbs","statId":113,"yards":1}]}},"625":{"sp":0,"qtr":1,"down":3,"time":"03:53","yrdln":"HOU 32","ydstogo":1,"ydsnet":20,"posteam":"CLE","desc":"(3:53) C.McCoy pass incomplete short right to G.Little.","note":null,"players":{"00-0027997":[{"sequence":3,"clubcode":"CLE","playerName":"G.Little","statId":115,"yards":0}],"00-0027688":[{"sequence":2,"clubcode":"CLE","playerName":"C.McCoy","statId":14,"yards":0},{"sequence":4,"clubcode":"CLE","playerName":"C.McCoy","statId":112,"yards":2}],"0":[{"sequence":1,"clubcode":"CLE","playerName":"","statId":7,"yards":0}]}},"647":{"sp":1,"qtr":1,"down":4,"time":"03:48","yrdln":"HOU 32","ydstogo":1,"ydsnet":20,"posteam":"CLE","desc":"(3:48) P.Dawson 50 yard field goal is GOOD, Center-R.Pontbriand, Holder-B.Maynard.","note":"FG","players":{"00-0004091":[{"sequence":1,"clubcode":"CLE","playerName":"P.Dawson","statId":70,"yards":50}]}}},"fds":1,"result":"Field Goal","penyds":0,"ydsgained":20,"numplays":8,"postime":"3:28","start":{"qtr":1,"time":"07:11","yrdln":"CLE 48","team":"CLE"},"end":{"qtr":1,"time":"03:43","yrdln":"HOU 32","team":"CLE"}},"5":{"posteam":"HOU","qtr":1,"redzone":true,"plays":{"666":{"sp":0,"qtr":1,"down":0,"time":"03:43","yrdln":"CLE 35","ydstogo":0,"ydsnet":0,"posteam":"CLE","desc":"P.Dawson kicks 60 yards from CLE 35 to HOU 5. S.McManis to HOU 26 for 21 yards (U.Young).","note":"KICKOFF","players":{"00-0027743":[{"sequence":2,"clubcode":"HOU","playerName":"S.McManis","statId":45,"yards":21}],"00-0004091":[{"sequence":1,"clubcode":"CLE","playerName":"P.Dawson","statId":41,"yards":60}],"00-0025453":[{"sequence":3,"clubcode":"CLE","playerName":"U.Young","statId":79,"yards":0}]}},"688":{"sp":0,"qtr":1,"down":1,"time":"03:36","yrdln":"HOU 26","ydstogo":10,"ydsnet":16,"posteam":"HOU","desc":"(3:36) M.Schaub pass deep left to J.Jones pushed ob at HOU 42 for 16 yards (S.Brown).","note":null,"players":{"00-0022787":[{"sequence":2,"clubcode":"HOU","playerName":"M.Schaub","statId":15,"yards":16},{"sequence":3,"clubcode":"HOU","playerName":"M.Schaub","statId":111,"yards":16}],"00-0025460":[{"sequence":4,"clubcode":"HOU","playerName":"J.Jones","statId":21,"yards":16},{"sequence":5,"clubcode":"HOU","playerName":"J.Jones","statId":115,"yards":0},{"sequence":6,"clubcode":"HOU","playerName":"J.Jones","statId":113,"yards":0}],"00-0021186":[{"sequence":7,"clubcode":"CLE","playerName":"S.Brown","statId":79,"yards":0}],"0":[{"sequence":1,"clubcode":"HOU","playerName":"","statId":4,"yards":0}]}},"712":{"sp":0,"qtr":1,"down":1,"time":"03:07","yrdln":"HOU 42","ydstogo":10,"ydsnet":25,"posteam":"HOU","desc":"(3:07) A.Foster right end to HOU 47 for 5 yards (J.Mitchell). PENALTY on HOU-E.Winston, Offensive Holding, 10 yards, enforced at HOU 42 - No Play.","note":"PENALTY","players":{"00-0024281":[{"sequence":1,"clubcode":"HOU","playerName":"E.Winston","statId":93,"yards":10}]}},"744":{"sp":0,"qtr":1,"down":1,"time":"02:38","yrdln":"HOU 32","ydstogo":20,"ydsnet":9,"posteam":"HOU","desc":"(2:38) M.Schaub pass short middle to A.Foster to HOU 35 for 3 yards (D.Jackson).","note":null,"players":{"00-0026796":[{"sequence":3,"clubcode":"HOU","playerName":"A.Foster","statId":21,"yards":3},{"sequence":4,"clubcode":"HOU","playerName":"A.Foster","statId":115,"yards":0},{"sequence":5,"clubcode":"HOU","playerName":"A.Foster","statId":113,"yards":0}],"00-0022787":[{"sequence":1,"clubcode":"HOU","playerName":"M.Schaub","statId":15,"yards":3},{"sequence":2,"clubcode":"HOU","playerName":"M.Schaub","statId":111,"yards":3}],"00-0024249":[{"sequence":6,"clubcode":"CLE","playerName":"D.Jackson","statId":79,"yards":0}]}},"768":{"sp":0,"qtr":1,"down":2,"time":"01:56","yrdln":"HOU 35","ydstogo":17,"ydsnet":17,"posteam":"HOU","desc":"(1:56) (Shotgun) A.Foster left guard to HOU 43 for 8 yards (P.Taylor).","note":null,"players":{"00-0027959":[{"sequence":2,"clubcode":"CLE","playerName":"P.Taylor","statId":79,"yards":0}],"00-0026796":[{"sequence":1,"clubcode":"HOU","playerName":"A.Foster","statId":10,"yards":8}]}},"789":{"sp":0,"qtr":1,"down":3,"time":"01:16","yrdln":"HOU 43","ydstogo":9,"ydsnet":25,"posteam":"HOU","desc":"(1:16) (Shotgun) M.Schaub pass short left to A.Foster pushed ob at CLE 49 for 8 yards (S.Fujita).","note":null,"players":{"00-0021259":[{"sequence":7,"clubcode":"CLE","playerName":"S.Fujita","statId":79,"yards":0}],"00-0026796":[{"sequence":4,"clubcode":"HOU","playerName":"A.Foster","statId":21,"yards":8},{"sequence":5,"clubcode":"HOU","playerName":"A.Foster","statId":115,"yards":0},{"sequence":6,"clubcode":"HOU","playerName":"A.Foster","statId":113,"yards":1}],"00-0022787":[{"sequence":2,"clubcode":"HOU","playerName":"M.Schaub","statId":15,"yards":8},{"sequence":3,"clubcode":"HOU","playerName":"M.Schaub","statId":111,"yards":7}],"0":[{"sequence":1,"clubcode":"HOU","playerName":"","statId":7,"yards":0}]}},"813":{"sp":0,"qtr":1,"down":4,"time":"00:45","yrdln":"CLE 49","ydstogo":1,"ydsnet":25,"posteam":"HOU","desc":"(:45) B.Hartmann punts 49 yards to end zone, Center-J.Weeks, Touchback. (The punt hang time was 4.56 seconds.)","note":"PUNT","players":{"00-0028540":[{"sequence":1,"clubcode":"HOU","playerName":"B.Hartmann","statId":32,"yards":49}],"0":[{"sequence":2,"clubcode":"CLE","playerName":"","statId":40,"yards":0}]}}},"fds":1,"result":"Punt","penyds":-10,"ydsgained":35,"numplays":7,"postime":"3:07","start":{"qtr":1,"time":"03:43","yrdln":"HOU 26","team":"HOU"},"end":{"qtr":1,"time":"00:36","yrdln":"CLE 49","team":"HOU"}},"6":{"posteam":"CLE","qtr":2,"redzone":true,"plays":{"830":{"sp":0,"qtr":1,"down":1,"time":"00:36","yrdln":"CLE 20","ydstogo":10,"ydsnet":4,"posteam":"CLE","desc":"(:36) C.Ogbonnaya left guard to CLE 24 for 4 yards (B.Reed).","note":null,"players":{"00-0027980":[{"sequence":2,"clubcode":"HOU","playerName":"B.Reed","statId":79,"yards":0}],"00-0027140":[{"sequence":1,"clubcode":"CLE","playerName":"C.Ogbonnaya","statId":10,"yards":4}]}},"851":{"sp":0,"qtr":1,"down":0,"time":"","yrdln":"","ydstogo":0,"ydsnet":4,"posteam":"","desc":"END QUARTER 1","note":null,"players":{}},"871":{"sp":0,"qtr":2,"down":2,"time":"15:00","yrdln":"CLE 24","ydstogo":6,"ydsnet":8,"posteam":"CLE","desc":"(15:00) C.Ogbonnaya left guard to CLE 28 for 4 yards (C.Barwin, B.Cushing).","note":null,"players":{"00-0026991":[{"sequence":3,"clubcode":"HOU","playerName":"B.Cushing","statId":82,"yards":0}],"00-0027140":[{"sequence":1,"clubcode":"CLE","playerName":"C.Ogbonnaya","statId":10,"yards":4}],"00-0027022":[{"sequence":2,"clubcode":"HOU","playerName":"C.Barwin","statId":80,"yards":0}]}},"892":{"sp":0,"qtr":2,"down":3,"time":"14:23","yrdln":"CLE 28","ydstogo":2,"ydsnet":13,"posteam":"CLE","desc":"(14:23) C.McCoy pass incomplete short right to J.Cribbs [T.Nolan]. PENALTY on HOU-A.Smith, Defensive Offside, 5 yards, enforced at CLE 28 - No Play.","note":"PENALTY","players":{"00-0022793":[{"sequence":2,"clubcode":"HOU","playerName":"A.Smith","statId":93,"yards":5}],"0":[{"sequence":1,"clubcode":"CLE","playerName":"","statId":5,"yards":0}]}},"925":{"sp":0,"qtr":2,"down":1,"time":"14:17","yrdln":"CLE 33","ydstogo":10,"ydsnet":14,"posteam":"CLE","desc":"(14:17) C.McCoy scrambles up the middle to CLE 34 for 1 yard (T.Bulman).","note":null,"players":{"00-0023219":[{"sequence":2,"clubcode":"HOU","playerName":"T.Bulman","statId":79,"yards":0}],"00-0027688":[{"sequence":1,"clubcode":"CLE","playerName":"C.McCoy","statId":10,"yards":1}]}},"946":{"sp":0,"qtr":2,"down":2,"time":"13:40","yrdln":"CLE 34","ydstogo":9,"ydsnet":16,"posteam":"CLE","desc":"(13:40) C.Ogbonnaya left guard to CLE 36 for 2 yards (E.Mitchell).","note":null,"players":{"00-0027684":[{"sequence":2,"clubcode":"HOU","playerName":"E.Mitchell","statId":79,"yards":0}],"00-0027140":[{"sequence":1,"clubcode":"CLE","playerName":"C.Ogbonnaya","statId":10,"yards":2}]}},"967":{"sp":0,"qtr":2,"down":3,"time":"13:00","yrdln":"CLE 36","ydstogo":7,"ydsnet":22,"posteam":"CLE","desc":"(13:00) (Shotgun) C.McCoy pass short right to J.Cribbs to CLE 42 for 6 yards (J.Joseph).","note":null,"players":{"00-0024239":[{"sequence":7,"clubcode":"HOU","playerName":"J.Joseph","statId":79,"yards":0}],"00-0027688":[{"sequence":2,"clubcode":"CLE","playerName":"C.McCoy","statId":15,"yards":6},{"sequence":3,"clubcode":"CLE","playerName":"C.McCoy","statId":111,"yards":6}],"0":[{"sequence":1,"clubcode":"CLE","playerName":"","statId":7,"yards":0}],"00-0023176":[{"sequence":4,"clubcode":"CLE","playerName":"J.Cribbs","statId":21,"yards":6},{"sequence":5,"clubcode":"CLE","playerName":"J.Cribbs","statId":115,"yards":0},{"sequence":6,"clubcode":"CLE","playerName":"J.Cribbs","statId":113,"yards":0}]}},"991":{"sp":0,"qtr":2,"down":4,"time":"12:11","yrdln":"CLE 42","ydstogo":1,"ydsnet":22,"posteam":"CLE","desc":"(12:11) B.Maynard punts 35 yards to HOU 23, Center-R.Pontbriand. J.Jones to HOU 29 for 6 yards (C.Gocong). (The punt hang time was 4.1 seconds.)","note":"PUNT","players":{"00-0024286":[{"sequence":3,"clubcode":"CLE","playerName":"C.Gocong","statId":79,"yards":0}],"00-0025460":[{"sequence":2,"clubcode":"HOU","playerName":"J.Jones","statId":33,"yards":6}],"00-0010609":[{"sequence":1,"clubcode":"CLE","playerName":"B.Maynard","statId":29,"yards":35}]}}},"fds":1,"result":"Punt","penyds":5,"ydsgained":17,"numplays":8,"postime":"3:36","start":{"qtr":1,"time":"00:36","yrdln":"CLE 20","team":"CLE"},"end":{"qtr":1,"time":"12:00","yrdln":"CLE 42","team":"CLE"}},"7":{"posteam":"HOU","qtr":2,"redzone":true,"plays":{"1016":{"sp":0,"qtr":2,"down":1,"time":"12:00","yrdln":"HOU 29","ydstogo":10,"ydsnet":24,"posteam":"HOU","desc":"(12:00) B.Tate right guard to CLE 47 for 24 yards (U.Young).","note":null,"players":{"0":[{"sequence":1,"clubcode":"HOU","playerName":"","statId":3,"yards":0}],"00-0027890":[{"sequence":2,"clubcode":"HOU","playerName":"B.Tate","statId":10,"yards":24}],"00-0025453":[{"sequence":3,"clubcode":"CLE","playerName":"U.Young","statId":79,"yards":0}]}},"1047":{"sp":0,"qtr":2,"down":1,"time":"11:16","yrdln":"CLE 47","ydstogo":10,"ydsnet":30,"posteam":"HOU","desc":"(11:16) A.Foster right tackle to CLE 41 for 6 yards (E.Stephens).","note":null,"players":{"00-0026796":[{"sequence":1,"clubcode":"HOU","playerName":"A.Foster","statId":10,"yards":6}],"00-0027204":[{"sequence":2,"clubcode":"CLE","playerName":"E.Stephens","statId":79,"yards":0}]}},"1068":{"sp":0,"qtr":2,"down":2,"time":"10:39","yrdln":"CLE 41","ydstogo":4,"ydsnet":31,"posteam":"HOU","desc":"(10:39) M.Schaub pass short right to J.Casey to CLE 40 for 1 yard (J.Haden).","note":null,"players":{"00-0027860":[{"sequence":6,"clubcode":"CLE","playerName":"J.Haden","statId":79,"yards":0}],"00-0022787":[{"sequence":1,"clubcode":"HOU","playerName":"M.Schaub","statId":15,"yards":1},{"sequence":2,"clubcode":"HOU","playerName":"M.Schaub","statId":111,"yards":-2}],"00-0027109":[{"sequence":3,"clubcode":"HOU","playerName":"J.Casey","statId":21,"yards":1},{"sequence":4,"clubcode":"HOU","playerName":"J.Casey","statId":115,"yards":0},{"sequence":5,"clubcode":"HOU","playerName":"J.Casey","statId":113,"yards":3}]}},"1092":{"sp":0,"qtr":2,"down":3,"time":"09:53","yrdln":"CLE 40","ydstogo":3,"ydsnet":43,"posteam":"HOU","desc":"(9:53) (Shotgun) M.Schaub pass short middle to O.Daniels to CLE 28 for 12 yards (U.Young; B.Skrine) [D.Jackson].","note":null,"players":{"00-0022787":[{"sequence":3,"clubcode":"HOU","playerName":"M.Schaub","statId":15,"yards":12},{"sequence":4,"clubcode":"HOU","playerName":"M.Schaub","statId":111,"yards":5}],"00-0028075":[{"sequence":10,"clubcode":"CLE","playerName":"B.Skrine","statId":82,"yards":0}],"0":[{"sequence":1,"clubcode":"HOU","playerName":"","statId":4,"yards":0},{"sequence":2,"clubcode":"HOU","playerName":"","statId":6,"yards":0}],"00-0025453":[{"sequence":9,"clubcode":"CLE","playerName":"U.Young","statId":82,"yards":0}],"00-0024313":[{"sequence":5,"clubcode":"HOU","playerName":"O.Daniels","statId":21,"yards":12},{"sequence":6,"clubcode":"HOU","playerName":"O.Daniels","statId":115,"yards":0},{"sequence":7,"clubcode":"HOU","playerName":"O.Daniels","statId":113,"yards":7}],"00-0024249":[{"sequence":8,"clubcode":"CLE","playerName":"D.Jackson","statId":110,"yards":0}]}},"1116":{"sp":0,"qtr":2,"down":1,"time":"09:07","yrdln":"CLE 28","ydstogo":10,"ydsnet":43,"posteam":"HOU","desc":"(9:07) M.Schaub pass incomplete short right to B.Tate.","note":null,"players":{"00-0022787":[{"sequence":1,"clubcode":"HOU","playerName":"M.Schaub","statId":14,"yards":0},{"sequence":3,"clubcode":"HOU","playerName":"M.Schaub","statId":112,"yards":0}],"00-0027890":[{"sequence":2,"clubcode":"HOU","playerName":"B.Tate","statId":115,"yards":0}]}},"1138":{"sp":0,"qtr":2,"down":2,"time":"08:59","yrdln":"CLE 28","ydstogo":10,"ydsnet":52,"posteam":"HOU","desc":"(8:59) B.Tate left guard to CLE 19 for 9 yards (S.Fujita, U.Young).","note":null,"players":{"00-0021259":[{"sequence":2,"clubcode":"CLE","playerName":"S.Fujita","statId":80,"yards":0}],"00-0027890":[{"sequence":1,"clubcode":"HOU","playerName":"B.Tate","statId":10,"yards":9}],"00-0025453":[{"sequence":3,"clubcode":"CLE","playerName":"U.Young","statId":82,"yards":0}]}},"1159":{"sp":1,"qtr":2,"down":3,"time":"08:12","yrdln":"CLE 19","ydstogo":1,"ydsnet":71,"posteam":"HOU","desc":"(8:12) A.Foster right tackle for 19 yards, TOUCHDOWN.","note":"TD","players":{"00-0026796":[{"sequence":3,"clubcode":"HOU","playerName":"A.Foster","statId":11,"yards":19}],"0":[{"sequence":1,"clubcode":"HOU","playerName":"","statId":3,"yards":0},{"sequence":2,"clubcode":"HOU","playerName":"","statId":6,"yards":0}]}},"1176":{"sp":1,"qtr":2,"down":0,"time":"08:06","yrdln":"CLE 2","ydstogo":0,"ydsnet":71,"posteam":"HOU","desc":"N.Rackers extra point is GOOD, Center-J.Weeks, Holder-B.Hartmann.","note":"XP","players":{"00-0019676":[{"sequence":1,"clubcode":"HOU","playerName":"N.Rackers","statId":72,"yards":0}]}}},"fds":3,"result":"Touchdown","penyds":0,"ydsgained":71,"numplays":8,"postime":"3:54","start":{"qtr":2,"time":"12:00","yrdln":"HOU 29","team":"HOU"},"end":{"qtr":2,"time":"08:06","yrdln":"CLE 19","team":"HOU"}},"8":{"posteam":"CLE","qtr":2,"redzone":true,"plays":{"1192":{"sp":0,"qtr":2,"down":0,"time":"08:06","yrdln":"HOU 35","ydstogo":0,"ydsnet":0,"posteam":"HOU","desc":"N.Rackers kicks 48 yards from HOU 35 to CLE 17. O.Marecic to CLE 30 for 13 yards (M.Alexander).","note":"KICKOFF","players":{"00-0028062":[{"sequence":2,"clubcode":"CLE","playerName":"O.Marecic","statId":45,"yards":13}],"00-0028533":[{"sequence":3,"clubcode":"HOU","playerName":"M.Alexander","statId":79,"yards":0}],"00-0019676":[{"sequence":1,"clubcode":"HOU","playerName":"N.Rackers","statId":41,"yards":48}]}},"1214":{"sp":0,"qtr":2,"down":1,"time":"08:01","yrdln":"CLE 30","ydstogo":10,"ydsnet":-1,"posteam":"CLE","desc":"(8:01) T.Clayton up the middle to CLE 34 for 4 yards (G.Quin, B.Reed).","note":null,"players":{"00-0027081":[{"sequence":2,"clubcode":"HOU","playerName":"G.Quin","statId":80,"yards":0}],"00-0025573":[{"sequence":1,"clubcode":"CLE","playerName":"T.Clayton","statId":10,"yards":4}],"00-0027980":[{"sequence":3,"clubcode":"HOU","playerName":"B.Reed","statId":82,"yards":0}]}},"1235":{"sp":0,"qtr":2,"down":2,"time":"07:24","yrdln":"CLE 34","ydstogo":6,"ydsnet":-1,"posteam":"CLE","desc":"(7:24) C.McCoy sacked at CLE 29 for -5 yards (B.Cushing). Penalty on CLE-J.Pinkston, Offensive Holding, declined.","note":null,"players":{"00-0027688":[{"sequence":1,"clubcode":"CLE","playerName":"C.McCoy","statId":20,"yards":-5}],"00-0026991":[{"sequence":2,"clubcode":"HOU","playerName":"B.Cushing","statId":83,"yards":-5},{"sequence":3,"clubcode":"HOU","playerName":"B.Cushing","statId":110,"yards":0},{"sequence":4,"clubcode":"HOU","playerName":"B.Cushing","statId":79,"yards":0},{"sequence":5,"clubcode":"HOU","playerName":"B.Cushing","statId":120,"yards":0}]}},"1265":{"sp":0,"qtr":2,"down":3,"time":"06:49","yrdln":"CLE 29","ydstogo":11,"ydsnet":-1,"posteam":"CLE","desc":"(6:49) C.McCoy pass incomplete deep left to G.Little [Q.Demps].","note":null,"players":{"00-0026257":[{"sequence":4,"clubcode":"HOU","playerName":"Q.Demps","statId":110,"yards":0}],"00-0027997":[{"sequence":3,"clubcode":"CLE","playerName":"G.Little","statId":115,"yards":0}],"00-0027688":[{"sequence":2,"clubcode":"CLE","playerName":"C.McCoy","statId":14,"yards":0},{"sequence":5,"clubcode":"CLE","playerName":"C.McCoy","statId":112,"yards":18}],"0":[{"sequence":1,"clubcode":"CLE","playerName":"","statId":7,"yards":0}]}},"1287":{"sp":0,"qtr":2,"down":4,"time":"06:43","yrdln":"CLE 29","ydstogo":11,"ydsnet":-1,"posteam":"CLE","desc":"(6:43) B.Maynard punts 40 yards to HOU 31, Center-R.Pontbriand, out of bounds. (The punt hang time was 4.6 seconds.)","note":"PUNT","players":{"00-0010609":[{"sequence":1,"clubcode":"CLE","playerName":"B.Maynard","statId":29,"yards":40}],"0":[{"sequence":2,"clubcode":"HOU","playerName":"","statId":37,"yards":0}]}}},"fds":0,"result":"Punt","penyds":0,"ydsgained":-1,"numplays":5,"postime":"1:31","start":{"qtr":2,"time":"08:06","yrdln":"CLE 30","team":"CLE"},"end":{"qtr":2,"time":"06:35","yrdln":"CLE 29","team":"CLE"}},"9":{"posteam":"HOU","qtr":2,"redzone":true,"plays":{"1305":{"sp":0,"qtr":2,"down":1,"time":"06:35","yrdln":"HOU 31","ydstogo":10,"ydsnet":3,"posteam":"HOU","desc":"(6:35) A.Foster right tackle to HOU 34 for 3 yards (A.Rubin).","note":null,"players":{"00-0026330":[{"sequence":2,"clubcode":"CLE","playerName":"A.Rubin","statId":79,"yards":0}],"00-0026796":[{"sequence":1,"clubcode":"HOU","playerName":"A.Foster","statId":10,"yards":3}]}},"1326":{"sp":0,"qtr":2,"down":2,"time":"05:54","yrdln":"HOU 34","ydstogo":7,"ydsnet":6,"posteam":"HOU","desc":"(5:54) A.Foster right end pushed ob at HOU 37 for 3 yards (S.Fujita).","note":null,"players":{"00-0021259":[{"sequence":2,"clubcode":"CLE","playerName":"S.Fujita","statId":79,"yards":0}],"00-0026796":[{"sequence":1,"clubcode":"HOU","playerName":"A.Foster","statId":10,"yards":3}]}},"1347":{"sp":0,"qtr":2,"down":3,"time":"05:12","yrdln":"HOU 37","ydstogo":4,"ydsnet":6,"posteam":"HOU","desc":"(5:12) (Shotgun) M.Schaub pass incomplete short middle to A.Foster (S.Fujita).","note":null,"players":{"00-0021259":[{"sequence":4,"clubcode":"CLE","playerName":"S.Fujita","statId":85,"yards":0}],"00-0026796":[{"sequence":3,"clubcode":"HOU","playerName":"A.Foster","statId":115,"yards":0}],"00-0022787":[{"sequence":2,"clubcode":"HOU","playerName":"M.Schaub","statId":14,"yards":0},{"sequence":5,"clubcode":"HOU","playerName":"M.Schaub","statId":112,"yards":4}],"0":[{"sequence":1,"clubcode":"HOU","playerName":"","statId":7,"yards":0}]}},"1369":{"sp":0,"qtr":2,"down":4,"time":"05:06","yrdln":"HOU 37","ydstogo":4,"ydsnet":6,"posteam":"HOU","desc":"(5:06) B.Hartmann punts 46 yards to CLE 17, Center-J.Weeks. J.Cribbs to CLE 20 for 3 yards (M.Alexander). (The punt hang time was 4.3 seconds.)","note":"PUNT","players":{"00-0028540":[{"sequence":1,"clubcode":"HOU","playerName":"B.Hartmann","statId":29,"yards":46}],"00-0028533":[{"sequence":3,"clubcode":"HOU","playerName":"M.Alexander","statId":79,"yards":0}],"00-0023176":[{"sequence":2,"clubcode":"CLE","playerName":"J.Cribbs","statId":33,"yards":3}]}}},"fds":0,"result":"Punt","penyds":0,"ydsgained":6,"numplays":4,"postime":"1:40","start":{"qtr":2,"time":"06:35","yrdln":"HOU 31","team":"HOU"},"end":{"qtr":2,"time":"04:55","yrdln":"HOU 37","team":"HOU"}},"10":{"posteam":"CLE","qtr":2,"redzone":true,"plays":{"1394":{"sp":0,"qtr":2,"down":1,"time":"04:55","yrdln":"CLE 20","ydstogo":10,"ydsnet":1,"posteam":"CLE","desc":"(4:55) C.Ogbonnaya left tackle to CLE 21 for 1 yard (C.Barwin, D.Ryans).","note":null,"players":{"00-0024248":[{"sequence":3,"clubcode":"HOU","playerName":"D.Ryans","statId":82,"yards":0}],"00-0027140":[{"sequence":1,"clubcode":"CLE","playerName":"C.Ogbonnaya","statId":10,"yards":1}],"00-0027022":[{"sequence":2,"clubcode":"HOU","playerName":"C.Barwin","statId":80,"yards":0}]}},"1419":{"sp":0,"qtr":2,"down":2,"time":"04:21","yrdln":"CLE 21","ydstogo":9,"ydsnet":14,"posteam":"CLE","desc":"(4:21) C.McCoy pass short middle to B.Watson to CLE 34 for 13 yards (G.Quin).","note":null,"players":{"00-0027081":[{"sequence":7,"clubcode":"HOU","playerName":"G.Quin","statId":79,"yards":0}],"00-0027688":[{"sequence":2,"clubcode":"CLE","playerName":"C.McCoy","statId":15,"yards":13},{"sequence":3,"clubcode":"CLE","playerName":"C.McCoy","statId":111,"yards":11}],"0":[{"sequence":1,"clubcode":"CLE","playerName":"","statId":4,"yards":0}],"00-0022943":[{"sequence":4,"clubcode":"CLE","playerName":"B.Watson","statId":21,"yards":13},{"sequence":5,"clubcode":"CLE","playerName":"B.Watson","statId":115,"yards":0},{"sequence":6,"clubcode":"CLE","playerName":"B.Watson","statId":113,"yards":2}]}},"1443":{"sp":0,"qtr":2,"down":1,"time":"03:46","yrdln":"CLE 34","ydstogo":10,"ydsnet":18,"posteam":"CLE","desc":"(3:46) (Shotgun) C.Ogbonnaya right guard to CLE 38 for 4 yards (E.Mitchell).","note":null,"players":{"00-0027684":[{"sequence":2,"clubcode":"HOU","playerName":"E.Mitchell","statId":79,"yards":0}],"00-0027140":[{"sequence":1,"clubcode":"CLE","playerName":"C.Ogbonnaya","statId":10,"yards":4}]}},"1468":{"sp":0,"qtr":2,"down":2,"time":"03:09","yrdln":"CLE 38","ydstogo":6,"ydsnet":18,"posteam":"CLE","desc":"(3:09) C.McCoy pass incomplete short left to G.Little (K.Jackson) [T.Jamison].","note":null,"players":{"00-0026798":[{"sequence":4,"clubcode":"HOU","playerName":"T.Jamison","statId":110,"yards":0}],"00-0027997":[{"sequence":2,"clubcode":"CLE","playerName":"G.Little","statId":115,"yards":0}],"00-0027872":[{"sequence":3,"clubcode":"HOU","playerName":"K.Jackson","statId":85,"yards":0}],"00-0027688":[{"sequence":1,"clubcode":"CLE","playerName":"C.McCoy","statId":14,"yards":0},{"sequence":5,"clubcode":"CLE","playerName":"C.McCoy","statId":112,"yards":3}]}},"1490":{"sp":0,"qtr":2,"down":3,"time":"03:04","yrdln":"CLE 38","ydstogo":6,"ydsnet":18,"posteam":"CLE","desc":"(3:04) C.McCoy pass incomplete short left to G.Little.","note":null,"players":{"00-0027997":[{"sequence":3,"clubcode":"CLE","playerName":"G.Little","statId":115,"yards":0}],"00-0027688":[{"sequence":2,"clubcode":"CLE","playerName":"C.McCoy","statId":14,"yards":0},{"sequence":4,"clubcode":"CLE","playerName":"C.McCoy","statId":112,"yards":7}],"0":[{"sequence":1,"clubcode":"CLE","playerName":"","statId":7,"yards":0}]}},"1512":{"sp":0,"qtr":2,"down":4,"time":"02:59","yrdln":"CLE 38","ydstogo":6,"ydsnet":18,"posteam":"CLE","desc":"(2:59) B.Maynard punts 52 yards to HOU 10, Center-J.Pinkston. J.Jones to CLE 40 for 50 yards (Q.Spears, K.Maiava). (The punt hang time was 4.4 seconds.)","note":"PUNT","players":{"00-0028458":[{"sequence":3,"clubcode":"CLE","playerName":"Q.Spears","statId":80,"yards":0}],"00-0025460":[{"sequence":2,"clubcode":"HOU","playerName":"J.Jones","statId":33,"yards":50}],"00-0010609":[{"sequence":1,"clubcode":"CLE","playerName":"B.Maynard","statId":29,"yards":52}],"00-0027074":[{"sequence":4,"clubcode":"CLE","playerName":"K.Maiava","statId":82,"yards":0}]}}},"fds":1,"result":"Punt","penyds":0,"ydsgained":18,"numplays":6,"postime":"2:15","start":{"qtr":2,"time":"04:55","yrdln":"CLE 20","team":"CLE"},"end":{"qtr":2,"time":"02:40","yrdln":"CLE 38","team":"CLE"}},"11":{"posteam":"HOU","qtr":2,"redzone":true,"plays":{"1537":{"sp":0,"qtr":2,"down":1,"time":"02:40","yrdln":"CLE 40","ydstogo":10,"ydsnet":0,"posteam":"HOU","desc":"(2:40) M.Schaub pass deep middle intended for O.Daniels INTERCEPTED by D.Jackson (M.Adams) at CLE 18. D.Jackson to CLE 42 for 24 yards (A.Foster).","note":"INT","players":{"00-0026796":[{"sequence":7,"clubcode":"HOU","playerName":"A.Foster","statId":79,"yards":0}],"00-0022787":[{"sequence":1,"clubcode":"HOU","playerName":"M.Schaub","statId":19,"yards":0},{"sequence":4,"clubcode":"HOU","playerName":"M.Schaub","statId":112,"yards":22}],"00-0022247":[{"sequence":3,"clubcode":"CLE","playerName":"M.Adams","statId":85,"yards":0}],"00-0024313":[{"sequence":2,"clubcode":"HOU","playerName":"O.Daniels","statId":115,"yards":0}],"00-0024249":[{"sequence":5,"clubcode":"CLE","playerName":"D.Jackson","statId":25,"yards":24},{"sequence":6,"clubcode":"CLE","playerName":"D.Jackson","statId":85,"yards":0}]}}},"fds":0,"result":"Interception","penyds":0,"ydsgained":0,"numplays":1,"postime":"0:14","start":{"qtr":2,"time":"02:40","yrdln":"CLE 40","team":"HOU"},"end":{"qtr":2,"time":"02:26","yrdln":"CLE 40","team":"HOU"}},"12":{"posteam":"CLE","qtr":2,"redzone":true,"plays":{"1567":{"sp":0,"qtr":2,"down":1,"time":"02:26","yrdln":"CLE 42","ydstogo":10,"ydsnet":0,"posteam":"CLE","desc":"(2:26) C.Ogbonnaya up the middle to CLE 42 for no gain (S.Cody).","note":null,"players":{"00-0023472":[{"sequence":2,"clubcode":"HOU","playerName":"S.Cody","statId":79,"yards":0}],"00-0027140":[{"sequence":1,"clubcode":"CLE","playerName":"C.Ogbonnaya","statId":10,"yards":0}]}},"1588":{"sp":0,"qtr":2,"down":0,"time":"02:00","yrdln":"","ydstogo":0,"ydsnet":0,"posteam":"","desc":"Two-Minute Warning","note":null,"players":{}},"1605":{"sp":0,"qtr":2,"down":2,"time":"02:00","yrdln":"CLE 42","ydstogo":10,"ydsnet":0,"posteam":"CLE","desc":"(2:00) (Shotgun) C.McCoy pass incomplete short middle to G.Little.","note":null,"players":{"00-0027997":[{"sequence":2,"clubcode":"CLE","playerName":"G.Little","statId":115,"yards":0}],"00-0027688":[{"sequence":1,"clubcode":"CLE","playerName":"C.McCoy","statId":14,"yards":0},{"sequence":3,"clubcode":"CLE","playerName":"C.McCoy","statId":112,"yards":3}]}},"1634":{"sp":0,"qtr":2,"down":3,"time":"01:54","yrdln":"CLE 42","ydstogo":10,"ydsnet":-5,"posteam":"CLE","desc":"(1:54) (Shotgun) PENALTY on CLE-T.Pashos, False Start, 5 yards, enforced at CLE 42 - No Play.","note":"PENALTY","players":{"00-0022149":[{"sequence":1,"clubcode":"CLE","playerName":"T.Pashos","statId":93,"yards":5}]}},"1657":{"sp":0,"qtr":2,"down":3,"time":"01:54","yrdln":"CLE 37","ydstogo":15,"ydsnet":8,"posteam":"CLE","desc":"(1:54) (Shotgun) C.McCoy pass short middle to C.Ogbonnaya to 50 for 13 yards (G.Quin, B.Cushing).","note":null,"players":{"00-0027081":[{"sequence":7,"clubcode":"HOU","playerName":"G.Quin","statId":80,"yards":0}],"00-0027688":[{"sequence":2,"clubcode":"CLE","playerName":"C.McCoy","statId":15,"yards":13},{"sequence":3,"clubcode":"CLE","playerName":"C.McCoy","statId":111,"yards":-3}],"0":[{"sequence":1,"clubcode":"CLE","playerName":"","statId":7,"yards":0}],"00-0026991":[{"sequence":8,"clubcode":"HOU","playerName":"B.Cushing","statId":82,"yards":0}],"00-0027140":[{"sequence":4,"clubcode":"CLE","playerName":"C.Ogbonnaya","statId":21,"yards":13},{"sequence":5,"clubcode":"CLE","playerName":"C.Ogbonnaya","statId":115,"yards":0},{"sequence":6,"clubcode":"CLE","playerName":"C.Ogbonnaya","statId":113,"yards":16}]}},"1681":{"sp":0,"qtr":2,"down":0,"time":"01:06","yrdln":"","ydstogo":0,"ydsnet":8,"posteam":"","desc":"Timeout #1 by CLE at 01:06.","note":"TIMEOUT","players":{"0":[{"sequence":1,"clubcode":"CLE","playerName":"","statId":68,"yards":0}]}},"1698":{"sp":0,"qtr":2,"down":4,"time":"01:06","yrdln":"50","ydstogo":2,"ydsnet":14,"posteam":"CLE","desc":"(1:06) (Shotgun) C.McCoy pass short middle to E.Moore to HOU 44 for 6 yards (T.Nolan).","note":null,"players":{"00-0026123":[{"sequence":5,"clubcode":"CLE","playerName":"E.Moore","statId":21,"yards":6},{"sequence":6,"clubcode":"CLE","playerName":"E.Moore","statId":115,"yards":0},{"sequence":7,"clubcode":"CLE","playerName":"E.Moore","statId":113,"yards":2}],"00-0026948":[{"sequence":8,"clubcode":"HOU","playerName":"T.Nolan","statId":79,"yards":0}],"00-0027688":[{"sequence":3,"clubcode":"CLE","playerName":"C.McCoy","statId":15,"yards":6},{"sequence":4,"clubcode":"CLE","playerName":"C.McCoy","statId":111,"yards":4}],"0":[{"sequence":1,"clubcode":"CLE","playerName":"","statId":4,"yards":0},{"sequence":2,"clubcode":"CLE","playerName":"","statId":8,"yards":0}]}},"1722":{"sp":0,"qtr":2,"down":1,"time":"00:43","yrdln":"HOU 44","ydstogo":10,"ydsnet":9,"posteam":"CLE","desc":"(:43) (Shotgun) PENALTY on CLE-J.Thomas, False Start, 5 yards, enforced at HOU 44 - No Play.","note":"PENALTY","players":{"00-0025390":[{"sequence":1,"clubcode":"CLE","playerName":"J.Thomas","statId":93,"yards":5}]}},"1745":{"sp":0,"qtr":2,"down":1,"time":"00:41","yrdln":"HOU 49","ydstogo":15,"ydsnet":5,"posteam":"CLE","desc":"(:41) (Shotgun) C.McCoy sacked at CLE 47 for -4 yards (B.Reed).","note":null,"players":{"00-0027688":[{"sequence":1,"clubcode":"CLE","playerName":"C.McCoy","statId":20,"yards":-4}],"00-0027980":[{"sequence":2,"clubcode":"HOU","playerName":"B.Reed","statId":83,"yards":-4},{"sequence":3,"clubcode":"HOU","playerName":"B.Reed","statId":110,"yards":0},{"sequence":4,"clubcode":"HOU","playerName":"B.Reed","statId":79,"yards":0},{"sequence":5,"clubcode":"HOU","playerName":"B.Reed","statId":120,"yards":0}]}},"1764":{"sp":0,"qtr":2,"down":2,"time":"00:12","yrdln":"CLE 47","ydstogo":19,"ydsnet":5,"posteam":"CLE","desc":"(:12) (Shotgun) C.McCoy pass short right INTERCEPTED by Q.Demps at HOU 38. Q.Demps to CLE 20 for 42 yards. PENALTY on CLE-J.Pinkston, Unnecessary Roughness, 10 yards, enforced at CLE 20.","note":"INT","players":{"00-0026257":[{"sequence":3,"clubcode":"HOU","playerName":"Q.Demps","statId":25,"yards":42},{"sequence":4,"clubcode":"HOU","playerName":"Q.Demps","statId":85,"yards":0}],"00-0028088":[{"sequence":5,"clubcode":"CLE","playerName":"J.Pinkston","statId":93,"yards":10}],"00-0027688":[{"sequence":1,"clubcode":"CLE","playerName":"C.McCoy","statId":19,"yards":0},{"sequence":2,"clubcode":"CLE","playerName":"C.McCoy","statId":112,"yards":15}]}}},"fds":1,"result":"Interception","penyds":-10,"ydsgained":15,"numplays":10,"postime":"2:24","start":{"qtr":2,"time":"02:26","yrdln":"CLE 42","team":"CLE"},"end":{"qtr":2,"time":"00:02","yrdln":"CLE 47","team":"CLE"}},"13":{"posteam":"HOU","qtr":2,"redzone":true,"plays":{"1813":{"sp":1,"qtr":2,"down":1,"time":"00:02","yrdln":"CLE 10","ydstogo":10,"ydsnet":0,"posteam":"HOU","desc":"(:02) N.Rackers 28 yard field goal is GOOD, Center-J.Weeks, Holder-B.Hartmann.","note":"FG","players":{"00-0019676":[{"sequence":1,"clubcode":"HOU","playerName":"N.Rackers","statId":70,"yards":28}]}}},"fds":0,"result":"Field Goal","penyds":0,"ydsgained":0,"numplays":1,"postime":"0:02","start":{"qtr":2,"time":"00:02","yrdln":"CLE 10","team":"HOU"},"end":{"qtr":2,"time":"00:00","yrdln":"CLE 10","team":"HOU"}},"14":{"posteam":"CLE","qtr":3,"redzone":true,"plays":{"1860":{"sp":0,"qtr":3,"down":0,"time":"15:00","yrdln":"HOU 35","ydstogo":0,"ydsnet":0,"posteam":"HOU","desc":"N.Rackers kicks 47 yards from HOU 35 to CLE 18. M.Adams to CLE 30 for 12 yards (K.Jackson).","note":"KICKOFF","players":{"00-0027872":[{"sequence":3,"clubcode":"HOU","playerName":"K.Jackson","statId":79,"yards":0}],"00-0022247":[{"sequence":2,"clubcode":"CLE","playerName":"M.Adams","statId":45,"yards":12}],"00-0019676":[{"sequence":1,"clubcode":"HOU","playerName":"N.Rackers","statId":41,"yards":47}]}},"1882":{"sp":0,"qtr":3,"down":1,"time":"14:54","yrdln":"CLE 30","ydstogo":10,"ydsnet":-2,"posteam":"CLE","desc":"(14:54) C.Ogbonnaya left end to CLE 28 for -2 yards (K.Jackson).","note":null,"players":{"00-0027872":[{"sequence":3,"clubcode":"HOU","playerName":"K.Jackson","statId":79,"yards":0},{"sequence":4,"clubcode":"HOU","playerName":"K.Jackson","statId":120,"yards":0}],"0":[{"sequence":2,"clubcode":"CLE","playerName":"","statId":95,"yards":-2}],"00-0027140":[{"sequence":1,"clubcode":"CLE","playerName":"C.Ogbonnaya","statId":10,"yards":-2}]}},"1903":{"sp":0,"qtr":3,"down":2,"time":"14:20","yrdln":"CLE 28","ydstogo":12,"ydsnet":8,"posteam":"CLE","desc":"(14:20) (Shotgun) C.Ogbonnaya right tackle to CLE 38 for 10 yards (Q.Demps).","note":null,"players":{"00-0026257":[{"sequence":2,"clubcode":"HOU","playerName":"Q.Demps","statId":79,"yards":0}],"00-0027140":[{"sequence":1,"clubcode":"CLE","playerName":"C.Ogbonnaya","statId":10,"yards":10}]}},"1924":{"sp":0,"qtr":3,"down":3,"time":"13:42","yrdln":"CLE 38","ydstogo":2,"ydsnet":3,"posteam":"CLE","desc":"(13:42) (Shotgun) C.McCoy sacked at CLE 33 for -5 yards (B.Reed).","note":null,"players":{"00-0027688":[{"sequence":2,"clubcode":"CLE","playerName":"C.McCoy","statId":20,"yards":-5}],"0":[{"sequence":1,"clubcode":"CLE","playerName":"","statId":7,"yards":0}],"00-0027980":[{"sequence":3,"clubcode":"HOU","playerName":"B.Reed","statId":83,"yards":-5},{"sequence":4,"clubcode":"HOU","playerName":"B.Reed","statId":110,"yards":0},{"sequence":5,"clubcode":"HOU","playerName":"B.Reed","statId":79,"yards":0},{"sequence":6,"clubcode":"HOU","playerName":"B.Reed","statId":120,"yards":0}]}},"1943":{"sp":0,"qtr":3,"down":4,"time":"13:17","yrdln":"CLE 33","ydstogo":7,"ydsnet":3,"posteam":"CLE","desc":"(13:17) B.Maynard punts 48 yards to HOU 19, Center-R.Pontbriand, downed by CLE-B.Skrine. (The punt hang time was 4.6 seconds.)","note":"PUNT","players":{"00-0010609":[{"sequence":1,"clubcode":"CLE","playerName":"B.Maynard","statId":29,"yards":48},{"sequence":2,"clubcode":"CLE","playerName":"B.Maynard","statId":30,"yards":0}],"0":[{"sequence":3,"clubcode":"HOU","playerName":"","statId":38,"yards":0}]}}},"fds":0,"result":"Punt","penyds":0,"ydsgained":3,"numplays":5,"postime":"1:56","start":{"qtr":3,"time":"15:00","yrdln":"CLE 30","team":"CLE"},"end":{"qtr":3,"time":"13:04","yrdln":"CLE 33","team":"CLE"}},"15":{"posteam":"HOU","qtr":3,"redzone":true,"plays":{"1962":{"sp":0,"qtr":3,"down":1,"time":"13:04","yrdln":"HOU 19","ydstogo":10,"ydsnet":27,"posteam":"HOU","desc":"(13:04) A.Foster left guard to HOU 46 for 27 yards (M.Adams).","note":null,"players":{"00-0026796":[{"sequence":2,"clubcode":"HOU","playerName":"A.Foster","statId":10,"yards":27}],"0":[{"sequence":1,"clubcode":"HOU","playerName":"","statId":3,"yards":0}],"00-0022247":[{"sequence":3,"clubcode":"CLE","playerName":"M.Adams","statId":79,"yards":0}]}},"1987":{"sp":0,"qtr":3,"down":1,"time":"12:23","yrdln":"HOU 46","ydstogo":10,"ydsnet":38,"posteam":"HOU","desc":"(12:23) A.Foster right guard to CLE 43 for 11 yards (D.Jackson).","note":null,"players":{"00-0026796":[{"sequence":2,"clubcode":"HOU","playerName":"A.Foster","statId":10,"yards":11}],"0":[{"sequence":1,"clubcode":"HOU","playerName":"","statId":3,"yards":0}],"00-0024249":[{"sequence":3,"clubcode":"CLE","playerName":"D.Jackson","statId":79,"yards":0}]}},"2008":{"sp":0,"qtr":3,"down":1,"time":"11:38","yrdln":"CLE 43","ydstogo":10,"ydsnet":46,"posteam":"HOU","desc":"(11:38) B.Tate right guard to CLE 35 for 8 yards (J.Mitchell).","note":null,"players":{"00-0023893":[{"sequence":2,"clubcode":"CLE","playerName":"J.Mitchell","statId":79,"yards":0}],"00-0027890":[{"sequence":1,"clubcode":"HOU","playerName":"B.Tate","statId":10,"yards":8}]}},"2029":{"sp":0,"qtr":3,"down":2,"time":"10:56","yrdln":"CLE 35","ydstogo":2,"ydsnet":49,"posteam":"HOU","desc":"(10:56) B.Tate left tackle to CLE 32 for 3 yards (A.Rubin).","note":null,"players":{"00-0026330":[{"sequence":3,"clubcode":"CLE","playerName":"A.Rubin","statId":79,"yards":0}],"0":[{"sequence":1,"clubcode":"HOU","playerName":"","statId":3,"yards":0}],"00-0027890":[{"sequence":2,"clubcode":"HOU","playerName":"B.Tate","statId":10,"yards":3}]}},"2050":{"sp":0,"qtr":3,"down":1,"time":"10:15","yrdln":"CLE 32","ydstogo":10,"ydsnet":47,"posteam":"HOU","desc":"(10:15) A.Foster left tackle to CLE 34 for -2 yards (S.Fujita).","note":null,"players":{"00-0021259":[{"sequence":3,"clubcode":"CLE","playerName":"S.Fujita","statId":79,"yards":0},{"sequence":4,"clubcode":"CLE","playerName":"S.Fujita","statId":120,"yards":0}],"00-0026796":[{"sequence":1,"clubcode":"HOU","playerName":"A.Foster","statId":10,"yards":-2}],"0":[{"sequence":2,"clubcode":"HOU","playerName":"","statId":95,"yards":-2}]}},"2071":{"sp":0,"qtr":3,"down":2,"time":"09:35","yrdln":"CLE 34","ydstogo":12,"ydsnet":59,"posteam":"HOU","desc":"(9:35) M.Schaub pass short right to J.Jones to CLE 22 for 12 yards (J.Haden).","note":null,"players":{"00-0027860":[{"sequence":7,"clubcode":"CLE","playerName":"J.Haden","statId":79,"yards":0}],"00-0022787":[{"sequence":2,"clubcode":"HOU","playerName":"M.Schaub","statId":15,"yards":12},{"sequence":3,"clubcode":"HOU","playerName":"M.Schaub","statId":111,"yards":9}],"00-0025460":[{"sequence":4,"clubcode":"HOU","playerName":"J.Jones","statId":21,"yards":12},{"sequence":5,"clubcode":"HOU","playerName":"J.Jones","statId":115,"yards":0},{"sequence":6,"clubcode":"HOU","playerName":"J.Jones","statId":113,"yards":3}],"0":[{"sequence":1,"clubcode":"HOU","playerName":"","statId":4,"yards":0}]}},"2095":{"sp":0,"qtr":3,"down":1,"time":"08:53","yrdln":"CLE 22","ydstogo":10,"ydsnet":60,"posteam":"HOU","desc":"(8:53) A.Foster left guard to CLE 21 for 1 yard (D.Jackson).","note":null,"players":{"00-0026796":[{"sequence":1,"clubcode":"HOU","playerName":"A.Foster","statId":10,"yards":1}],"00-0024249":[{"sequence":2,"clubcode":"CLE","playerName":"D.Jackson","statId":79,"yards":0}]}},"2116":{"sp":0,"qtr":3,"down":2,"time":"08:10","yrdln":"CLE 21","ydstogo":9,"ydsnet":67,"posteam":"HOU","desc":"(8:10) M.Schaub pass short middle to A.Foster to CLE 14 for 7 yards (D.Jackson).","note":null,"players":{"00-0026796":[{"sequence":3,"clubcode":"HOU","playerName":"A.Foster","statId":21,"yards":7},{"sequence":4,"clubcode":"HOU","playerName":"A.Foster","statId":115,"yards":0},{"sequence":5,"clubcode":"HOU","playerName":"A.Foster","statId":113,"yards":6}],"00-0022787":[{"sequence":1,"clubcode":"HOU","playerName":"M.Schaub","statId":15,"yards":7},{"sequence":2,"clubcode":"HOU","playerName":"M.Schaub","statId":111,"yards":1}],"00-0024249":[{"sequence":6,"clubcode":"CLE","playerName":"D.Jackson","statId":79,"yards":0}]}},"2140":{"sp":0,"qtr":3,"down":3,"time":"07:28","yrdln":"CLE 14","ydstogo":2,"ydsnet":75,"posteam":"HOU","desc":"(7:28) M.Schaub pass short right to O.Daniels to CLE 6 for 8 yards (J.Haden).","note":null,"players":{"00-0027860":[{"sequence":8,"clubcode":"CLE","playerName":"J.Haden","statId":79,"yards":0}],"00-0022787":[{"sequence":3,"clubcode":"HOU","playerName":"M.Schaub","statId":15,"yards":8},{"sequence":4,"clubcode":"HOU","playerName":"M.Schaub","statId":111,"yards":6}],"0":[{"sequence":1,"clubcode":"HOU","playerName":"","statId":4,"yards":0},{"sequence":2,"clubcode":"HOU","playerName":"","statId":6,"yards":0}],"00-0024313":[{"sequence":5,"clubcode":"HOU","playerName":"O.Daniels","statId":21,"yards":8},{"sequence":6,"clubcode":"HOU","playerName":"O.Daniels","statId":115,"yards":0},{"sequence":7,"clubcode":"HOU","playerName":"O.Daniels","statId":113,"yards":2}]}},"2164":{"sp":0,"qtr":3,"down":1,"time":"06:43","yrdln":"CLE 6","ydstogo":6,"ydsnet":78,"posteam":"HOU","desc":"(6:43) A.Foster right guard to CLE 3 for 3 yards (D.Jackson, B.Schaefering).","note":null,"players":{"00-0026796":[{"sequence":1,"clubcode":"HOU","playerName":"A.Foster","statId":10,"yards":3}],"00-0026084":[{"sequence":3,"clubcode":"CLE","playerName":"B.Schaefering","statId":82,"yards":0}],"00-0024249":[{"sequence":2,"clubcode":"CLE","playerName":"D.Jackson","statId":80,"yards":0}]}},"2185":{"sp":0,"qtr":3,"down":0,"time":"06:05","yrdln":"","ydstogo":0,"ydsnet":78,"posteam":"","desc":"Timeout #1 by HOU at 06:05.","note":"TIMEOUT","players":{"0":[{"sequence":1,"clubcode":"HOU","playerName":"","statId":68,"yards":0}]}},"2202":{"sp":0,"qtr":3,"down":2,"time":"06:05","yrdln":"CLE 3","ydstogo":3,"ydsnet":78,"posteam":"HOU","desc":"(6:05) M.Schaub pass incomplete short right to L.Vickers.","note":null,"players":{"00-0022787":[{"sequence":1,"clubcode":"HOU","playerName":"M.Schaub","statId":14,"yards":0},{"sequence":3,"clubcode":"HOU","playerName":"M.Schaub","statId":112,"yards":3}],"00-0024394":[{"sequence":2,"clubcode":"HOU","playerName":"L.Vickers","statId":115,"yards":0}]}},"2224":{"sp":0,"qtr":3,"down":3,"time":"05:57","yrdln":"CLE 3","ydstogo":3,"ydsnet":78,"posteam":"HOU","desc":"(5:57) M.Schaub pass incomplete short right to J.Jones [D.Jackson].","note":null,"players":{"00-0022787":[{"sequence":2,"clubcode":"HOU","playerName":"M.Schaub","statId":14,"yards":0},{"sequence":5,"clubcode":"HOU","playerName":"M.Schaub","statId":112,"yards":3}],"00-0025460":[{"sequence":3,"clubcode":"HOU","playerName":"J.Jones","statId":115,"yards":0}],"0":[{"sequence":1,"clubcode":"HOU","playerName":"","statId":7,"yards":0}],"00-0024249":[{"sequence":4,"clubcode":"CLE","playerName":"D.Jackson","statId":110,"yards":0}]}},"2246":{"sp":1,"qtr":3,"down":4,"time":"05:50","yrdln":"CLE 3","ydstogo":3,"ydsnet":78,"posteam":"HOU","desc":"(5:50) N.Rackers 21 yard field goal is GOOD, Center-J.Weeks, Holder-B.Hartmann.","note":"FG","players":{"00-0019676":[{"sequence":1,"clubcode":"HOU","playerName":"N.Rackers","statId":70,"yards":21}]}}},"fds":5,"result":"Field Goal","penyds":0,"ydsgained":78,"numplays":14,"postime":"7:19","start":{"qtr":3,"time":"13:04","yrdln":"HOU 19","team":"HOU"},"end":{"qtr":3,"time":"05:45","yrdln":"CLE 3","team":"HOU"}},"16":{"posteam":"CLE","qtr":3,"redzone":true,"plays":{"2265":{"sp":0,"qtr":3,"down":0,"time":"05:45","yrdln":"HOU 35","ydstogo":0,"ydsnet":0,"posteam":"HOU","desc":"N.Rackers kicks 46 yards from HOU 35 to CLE 19. O.Marecic pushed ob at CLE 32 for 13 yards (T.Dobbins).","note":"KICKOFF","players":{"00-0028062":[{"sequence":2,"clubcode":"CLE","playerName":"O.Marecic","statId":45,"yards":13}],"00-0024365":[{"sequence":3,"clubcode":"HOU","playerName":"T.Dobbins","statId":79,"yards":0}],"00-0019676":[{"sequence":1,"clubcode":"HOU","playerName":"N.Rackers","statId":41,"yards":46}]}},"2287":{"sp":0,"qtr":3,"down":1,"time":"05:39","yrdln":"CLE 32","ydstogo":10,"ydsnet":0,"posteam":"CLE","desc":"(5:39) C.Ogbonnaya up the middle to CLE 32 for no gain (B.Cushing). CLE-A.Smith was injured during the play.","note":null,"players":{"00-0026991":[{"sequence":2,"clubcode":"HOU","playerName":"B.Cushing","statId":79,"yards":0}],"00-0027140":[{"sequence":1,"clubcode":"CLE","playerName":"C.Ogbonnaya","statId":10,"yards":0}]}},"2308":{"sp":0,"qtr":3,"down":2,"time":"05:09","yrdln":"CLE 32","ydstogo":10,"ydsnet":7,"posteam":"CLE","desc":"(5:09) C.McCoy pass short right to J.Cameron to CLE 39 for 7 yards (G.Quin).","note":null,"players":{"00-0027081":[{"sequence":6,"clubcode":"HOU","playerName":"G.Quin","statId":79,"yards":0}],"00-0027688":[{"sequence":1,"clubcode":"CLE","playerName":"C.McCoy","statId":15,"yards":7},{"sequence":2,"clubcode":"CLE","playerName":"C.McCoy","statId":111,"yards":7}],"00-0028040":[{"sequence":3,"clubcode":"CLE","playerName":"J.Cameron","statId":21,"yards":7},{"sequence":4,"clubcode":"CLE","playerName":"J.Cameron","statId":115,"yards":0},{"sequence":5,"clubcode":"CLE","playerName":"J.Cameron","statId":113,"yards":0}]}},"2336":{"sp":0,"qtr":3,"down":3,"time":"04:31","yrdln":"CLE 39","ydstogo":3,"ydsnet":20,"posteam":"CLE","desc":"(4:31) C.McCoy pass short right to B.Watson pushed ob at HOU 48 for 13 yards (Q.Demps).","note":null,"players":{"00-0026257":[{"sequence":8,"clubcode":"HOU","playerName":"Q.Demps","statId":79,"yards":0}],"00-0027688":[{"sequence":3,"clubcode":"CLE","playerName":"C.McCoy","statId":15,"yards":13},{"sequence":4,"clubcode":"CLE","playerName":"C.McCoy","statId":111,"yards":-3}],"0":[{"sequence":1,"clubcode":"CLE","playerName":"","statId":4,"yards":0},{"sequence":2,"clubcode":"CLE","playerName":"","statId":6,"yards":0}],"00-0022943":[{"sequence":5,"clubcode":"CLE","playerName":"B.Watson","statId":21,"yards":13},{"sequence":6,"clubcode":"CLE","playerName":"B.Watson","statId":115,"yards":0},{"sequence":7,"clubcode":"CLE","playerName":"B.Watson","statId":113,"yards":16}]}},"2360":{"sp":0,"qtr":3,"down":1,"time":"04:04","yrdln":"HOU 48","ydstogo":10,"ydsnet":35,"posteam":"CLE","desc":"(4:04) C.McCoy pass short middle to J.Cribbs to HOU 33 for 15 yards (B.Cushing, T.Nolan).","note":null,"players":{"00-0026948":[{"sequence":8,"clubcode":"HOU","playerName":"T.Nolan","statId":82,"yards":0}],"00-0027688":[{"sequence":2,"clubcode":"CLE","playerName":"C.McCoy","statId":15,"yards":15},{"sequence":3,"clubcode":"CLE","playerName":"C.McCoy","statId":111,"yards":9}],"0":[{"sequence":1,"clubcode":"CLE","playerName":"","statId":4,"yards":0}],"00-0026991":[{"sequence":7,"clubcode":"HOU","playerName":"B.Cushing","statId":80,"yards":0}],"00-0023176":[{"sequence":4,"clubcode":"CLE","playerName":"J.Cribbs","statId":21,"yards":15},{"sequence":5,"clubcode":"CLE","playerName":"J.Cribbs","statId":115,"yards":0},{"sequence":6,"clubcode":"CLE","playerName":"J.Cribbs","statId":113,"yards":6}]}},"2384":{"sp":0,"qtr":3,"down":1,"time":"03:29","yrdln":"HOU 33","ydstogo":10,"ydsnet":39,"posteam":"CLE","desc":"(3:29) C.McCoy scrambles up the middle to HOU 29 for 4 yards (B.Cushing).","note":null,"players":{"00-0027688":[{"sequence":1,"clubcode":"CLE","playerName":"C.McCoy","statId":10,"yards":4}],"00-0026991":[{"sequence":2,"clubcode":"HOU","playerName":"B.Cushing","statId":79,"yards":0}]}},"2405":{"sp":0,"qtr":3,"down":2,"time":"02:48","yrdln":"HOU 29","ydstogo":6,"ydsnet":39,"posteam":"CLE","desc":"(2:48) C.McCoy pass incomplete short middle to M.Massaquoi (J.Joseph).","note":null,"players":{"00-0027026":[{"sequence":2,"clubcode":"CLE","playerName":"M.Massaquoi","statId":115,"yards":0}],"00-0024239":[{"sequence":3,"clubcode":"HOU","playerName":"J.Joseph","statId":85,"yards":0}],"00-0027688":[{"sequence":1,"clubcode":"CLE","playerName":"C.McCoy","statId":14,"yards":0},{"sequence":4,"clubcode":"CLE","playerName":"C.McCoy","statId":112,"yards":4}]}},"2427":{"sp":0,"qtr":3,"down":3,"time":"02:42","yrdln":"HOU 29","ydstogo":6,"ydsnet":35,"posteam":"CLE","desc":"(2:42) C.McCoy sacked at HOU 33 for -4 yards (C.Barwin).","note":null,"players":{"00-0027688":[{"sequence":2,"clubcode":"CLE","playerName":"C.McCoy","statId":20,"yards":-4}],"0":[{"sequence":1,"clubcode":"CLE","playerName":"","statId":7,"yards":0}],"00-0027022":[{"sequence":3,"clubcode":"HOU","playerName":"C.Barwin","statId":83,"yards":-4},{"sequence":4,"clubcode":"HOU","playerName":"C.Barwin","statId":110,"yards":0},{"sequence":5,"clubcode":"HOU","playerName":"C.Barwin","statId":79,"yards":0},{"sequence":6,"clubcode":"HOU","playerName":"C.Barwin","statId":120,"yards":0}]}},"2446":{"sp":1,"qtr":3,"down":4,"time":"02:13","yrdln":"HOU 33","ydstogo":10,"ydsnet":35,"posteam":"CLE","desc":"(2:13) P.Dawson 51 yard field goal is GOOD, Center-R.Pontbriand, Holder-B.Maynard.","note":"FG","players":{"00-0004091":[{"sequence":1,"clubcode":"CLE","playerName":"P.Dawson","statId":70,"yards":51}]}}},"fds":2,"result":"Field Goal","penyds":0,"ydsgained":35,"numplays":9,"postime":"3:37","start":{"qtr":3,"time":"05:45","yrdln":"CLE 32","team":"CLE"},"end":{"qtr":3,"time":"02:08","yrdln":"HOU 33","team":"CLE"}},"17":{"posteam":"HOU","qtr":4,"redzone":true,"plays":{"2465":{"sp":0,"qtr":3,"down":0,"time":"02:08","yrdln":"CLE 35","ydstogo":0,"ydsnet":0,"posteam":"CLE","desc":"P.Dawson kicks 70 yards from CLE 35 to HOU -5. S.McManis to HOU 21 for 26 yards (T.Brown, J.Cribbs).","note":"KICKOFF","players":{"00-0026001":[{"sequence":3,"clubcode":"CLE","playerName":"T.Brown","statId":80,"yards":0}],"00-0027743":[{"sequence":2,"clubcode":"HOU","playerName":"S.McManis","statId":45,"yards":26}],"00-0004091":[{"sequence":1,"clubcode":"CLE","playerName":"P.Dawson","statId":43,"yards":70}],"00-0023176":[{"sequence":4,"clubcode":"CLE","playerName":"J.Cribbs","statId":82,"yards":0}]}},"2487":{"sp":0,"qtr":3,"down":1,"time":"02:00","yrdln":"HOU 21","ydstogo":10,"ydsnet":8,"posteam":"HOU","desc":"(2:00) B.Tate right guard to HOU 29 for 8 yards (S.Fujita, T.Ward).","note":null,"players":{"00-0021259":[{"sequence":2,"clubcode":"CLE","playerName":"S.Fujita","statId":80,"yards":0}],"00-0027890":[{"sequence":1,"clubcode":"HOU","playerName":"B.Tate","statId":10,"yards":8}],"00-0027653":[{"sequence":3,"clubcode":"CLE","playerName":"T.Ward","statId":82,"yards":0}]}},"2508":{"sp":0,"qtr":3,"down":2,"time":"01:20","yrdln":"HOU 29","ydstogo":2,"ydsnet":22,"posteam":"HOU","desc":"(1:20) B.Tate right guard to HOU 43 for 14 yards (S.Brown).","note":null,"players":{"00-0021186":[{"sequence":3,"clubcode":"CLE","playerName":"S.Brown","statId":79,"yards":0}],"0":[{"sequence":1,"clubcode":"HOU","playerName":"","statId":3,"yards":0}],"00-0027890":[{"sequence":2,"clubcode":"HOU","playerName":"B.Tate","statId":10,"yards":14}]}},"2529":{"sp":0,"qtr":3,"down":1,"time":"00:33","yrdln":"HOU 43","ydstogo":10,"ydsnet":33,"posteam":"HOU","desc":"(:33) A.Foster right guard to HOU 48 for 5 yards (T.Ward). Penalty on HOU, Unsportsmanlike Conduct, offsetting. Penalty on CLE-J.Mitchell, Unnecessary Roughness, offsetting.","note":null,"players":{"00-0026796":[{"sequence":1,"clubcode":"HOU","playerName":"A.Foster","statId":10,"yards":5}],"00-0027653":[{"sequence":2,"clubcode":"CLE","playerName":"T.Ward","statId":79,"yards":0}]}},"2573":{"sp":0,"qtr":3,"down":0,"time":"","yrdln":"","ydstogo":0,"ydsnet":27,"posteam":"","desc":"END QUARTER 3","note":null,"players":{}},"2589":{"sp":0,"qtr":4,"down":2,"time":"15:00","yrdln":"HOU 48","ydstogo":5,"ydsnet":29,"posteam":"HOU","desc":"(15:00) A.Foster left guard to 50 for 2 yards (D.Jackson, T.Ward).","note":null,"players":{"00-0026796":[{"sequence":1,"clubcode":"HOU","playerName":"A.Foster","statId":10,"yards":2}],"00-0027653":[{"sequence":3,"clubcode":"CLE","playerName":"T.Ward","statId":82,"yards":0}],"00-0024249":[{"sequence":2,"clubcode":"CLE","playerName":"D.Jackson","statId":80,"yards":0}]}},"2610":{"sp":0,"qtr":4,"down":3,"time":"14:21","yrdln":"50","ydstogo":3,"ydsnet":32,"posteam":"HOU","desc":"(14:21) A.Foster right end to CLE 47 for 3 yards (J.Sheard).","note":null,"players":{"00-0026796":[{"sequence":3,"clubcode":"HOU","playerName":"A.Foster","statId":10,"yards":3}],"00-0027975":[{"sequence":4,"clubcode":"CLE","playerName":"J.Sheard","statId":79,"yards":0}],"0":[{"sequence":1,"clubcode":"HOU","playerName":"","statId":3,"yards":0},{"sequence":2,"clubcode":"HOU","playerName":"","statId":6,"yards":0}]}},"2631":{"sp":0,"qtr":4,"down":1,"time":"13:37","yrdln":"CLE 47","ydstogo":10,"ydsnet":33,"posteam":"HOU","desc":"(13:37) B.Tate left guard to CLE 46 for 1 yard (J.Haden).","note":null,"players":{"00-0027860":[{"sequence":2,"clubcode":"CLE","playerName":"J.Haden","statId":79,"yards":0}],"00-0027890":[{"sequence":1,"clubcode":"HOU","playerName":"B.Tate","statId":10,"yards":1}]}},"2652":{"sp":0,"qtr":4,"down":2,"time":"12:58","yrdln":"CLE 46","ydstogo":9,"ydsnet":33,"posteam":"HOU","desc":"(12:58) M.Schaub pass incomplete short left to J.Jones.","note":null,"players":{"00-0022787":[{"sequence":1,"clubcode":"HOU","playerName":"M.Schaub","statId":14,"yards":0},{"sequence":3,"clubcode":"HOU","playerName":"M.Schaub","statId":112,"yards":3}],"00-0025460":[{"sequence":2,"clubcode":"HOU","playerName":"J.Jones","statId":115,"yards":0}]}},"2685":{"sp":0,"qtr":4,"down":3,"time":"12:53","yrdln":"CLE 46","ydstogo":9,"ydsnet":43,"posteam":"HOU","desc":"(12:53) (Shotgun) A.Foster up the middle to CLE 36 for 10 yards (C.Gocong).","note":null,"players":{"00-0024286":[{"sequence":4,"clubcode":"CLE","playerName":"C.Gocong","statId":79,"yards":0}],"00-0026796":[{"sequence":3,"clubcode":"HOU","playerName":"A.Foster","statId":10,"yards":10}],"0":[{"sequence":1,"clubcode":"HOU","playerName":"","statId":3,"yards":0},{"sequence":2,"clubcode":"HOU","playerName":"","statId":6,"yards":0}]}},"2707":{"sp":0,"qtr":4,"down":1,"time":"12:13","yrdln":"CLE 36","ydstogo":10,"ydsnet":45,"posteam":"HOU","desc":"(12:13) B.Tate left guard to CLE 34 for 2 yards (B.Schaefering, A.Rubin).","note":null,"players":{"00-0026330":[{"sequence":3,"clubcode":"CLE","playerName":"A.Rubin","statId":82,"yards":0}],"00-0026084":[{"sequence":2,"clubcode":"CLE","playerName":"B.Schaefering","statId":80,"yards":0}],"00-0027890":[{"sequence":1,"clubcode":"HOU","playerName":"B.Tate","statId":10,"yards":2}]}},"2728":{"sp":0,"qtr":4,"down":2,"time":"11:30","yrdln":"CLE 34","ydstogo":8,"ydsnet":45,"posteam":"HOU","desc":"(11:30) M.Schaub pass incomplete short right to B.Johnson [P.Taylor].","note":null,"players":{"00-0027959":[{"sequence":3,"clubcode":"CLE","playerName":"P.Taylor","statId":110,"yards":0}],"00-0022787":[{"sequence":1,"clubcode":"HOU","playerName":"M.Schaub","statId":14,"yards":0},{"sequence":4,"clubcode":"HOU","playerName":"M.Schaub","statId":112,"yards":1}],"00-0022156":[{"sequence":2,"clubcode":"HOU","playerName":"B.Johnson","statId":115,"yards":0}]}},"2750":{"sp":0,"qtr":4,"down":3,"time":"11:22","yrdln":"CLE 34","ydstogo":8,"ydsnet":47,"posteam":"HOU","desc":"(11:22) (Shotgun) M.Schaub pass short middle to A.Foster to CLE 32 for 2 yards (J.Haden).","note":null,"players":{"00-0027860":[{"sequence":7,"clubcode":"CLE","playerName":"J.Haden","statId":79,"yards":0}],"00-0026796":[{"sequence":4,"clubcode":"HOU","playerName":"A.Foster","statId":21,"yards":2},{"sequence":5,"clubcode":"HOU","playerName":"A.Foster","statId":115,"yards":0},{"sequence":6,"clubcode":"HOU","playerName":"A.Foster","statId":113,"yards":-1}],"00-0022787":[{"sequence":2,"clubcode":"HOU","playerName":"M.Schaub","statId":15,"yards":2},{"sequence":3,"clubcode":"HOU","playerName":"M.Schaub","statId":111,"yards":3}],"0":[{"sequence":1,"clubcode":"HOU","playerName":"","statId":7,"yards":0}]}},"2774":{"sp":1,"qtr":4,"down":4,"time":"10:41","yrdln":"CLE 32","ydstogo":6,"ydsnet":47,"posteam":"HOU","desc":"(10:41) N.Rackers 50 yard field goal is GOOD, Center-J.Weeks, Holder-B.Hartmann.","note":"FG","players":{"00-0019676":[{"sequence":1,"clubcode":"HOU","playerName":"N.Rackers","statId":70,"yards":50}]}}},"fds":3,"result":"Field Goal","penyds":0,"ydsgained":47,"numplays":14,"postime":"6:33","start":{"qtr":3,"time":"02:08","yrdln":"HOU 21","team":"HOU"},"end":{"qtr":3,"time":"10:35","yrdln":"CLE 32","team":"HOU"}},"18":{"posteam":"CLE","qtr":4,"redzone":true,"plays":{"2793":{"sp":0,"qtr":4,"down":0,"time":"10:35","yrdln":"HOU 35","ydstogo":0,"ydsnet":0,"posteam":"HOU","desc":"N.Rackers kicks 41 yards from HOU 35 to CLE 24. O.Marecic to CLE 36 for 12 yards (J.Allen).","note":"KICKOFF","players":{"00-0024231":[{"sequence":3,"clubcode":"HOU","playerName":"J.Allen","statId":79,"yards":0}],"00-0028062":[{"sequence":2,"clubcode":"CLE","playerName":"O.Marecic","statId":45,"yards":12}],"00-0019676":[{"sequence":1,"clubcode":"HOU","playerName":"N.Rackers","statId":41,"yards":41}]}},"2815":{"sp":0,"qtr":4,"down":1,"time":"10:28","yrdln":"CLE 36","ydstogo":10,"ydsnet":20,"posteam":"CLE","desc":"(10:28) C.McCoy pass short middle to J.Cribbs to HOU 44 for 20 yards (J.Joseph).","note":null,"players":{"00-0024239":[{"sequence":7,"clubcode":"HOU","playerName":"J.Joseph","statId":79,"yards":0}],"00-0027688":[{"sequence":2,"clubcode":"CLE","playerName":"C.McCoy","statId":15,"yards":20},{"sequence":3,"clubcode":"CLE","playerName":"C.McCoy","statId":111,"yards":14}],"0":[{"sequence":1,"clubcode":"CLE","playerName":"","statId":4,"yards":0}],"00-0023176":[{"sequence":4,"clubcode":"CLE","playerName":"J.Cribbs","statId":21,"yards":20},{"sequence":5,"clubcode":"CLE","playerName":"J.Cribbs","statId":115,"yards":0},{"sequence":6,"clubcode":"CLE","playerName":"J.Cribbs","statId":113,"yards":6}]}},"2839":{"sp":0,"qtr":4,"down":1,"time":"09:53","yrdln":"HOU 44","ydstogo":10,"ydsnet":23,"posteam":"CLE","desc":"(9:53) (Shotgun) T.Clayton right guard to HOU 41 for 3 yards (B.Reed).","note":null,"players":{"00-0025573":[{"sequence":1,"clubcode":"CLE","playerName":"T.Clayton","statId":10,"yards":3}],"00-0027980":[{"sequence":2,"clubcode":"HOU","playerName":"B.Reed","statId":79,"yards":0}]}},"2860":{"sp":0,"qtr":4,"down":2,"time":"09:12","yrdln":"HOU 41","ydstogo":7,"ydsnet":29,"posteam":"CLE","desc":"(9:12) (Shotgun) C.McCoy pass short middle to J.Norwood to HOU 35 for 6 yards (J.Joseph) [T.Jamison].","note":null,"players":{"00-0026798":[{"sequence":6,"clubcode":"HOU","playerName":"T.Jamison","statId":110,"yards":0}],"00-0024239":[{"sequence":7,"clubcode":"HOU","playerName":"J.Joseph","statId":79,"yards":0}],"00-0027688":[{"sequence":1,"clubcode":"CLE","playerName":"C.McCoy","statId":15,"yards":6},{"sequence":2,"clubcode":"CLE","playerName":"C.McCoy","statId":111,"yards":5}],"00-0026739":[{"sequence":3,"clubcode":"CLE","playerName":"J.Norwood","statId":21,"yards":6},{"sequence":4,"clubcode":"CLE","playerName":"J.Norwood","statId":115,"yards":0},{"sequence":5,"clubcode":"CLE","playerName":"J.Norwood","statId":113,"yards":1}]}},"2884":{"sp":0,"qtr":4,"down":3,"time":"08:39","yrdln":"HOU 35","ydstogo":1,"ydsnet":27,"posteam":"CLE","desc":"(8:39) (Shotgun) T.Clayton right guard to HOU 37 for -2 yards (J.Watt, S.Cody).","note":null,"players":{"00-0025573":[{"sequence":2,"clubcode":"CLE","playerName":"T.Clayton","statId":10,"yards":-2}],"00-0023472":[{"sequence":5,"clubcode":"HOU","playerName":"S.Cody","statId":82,"yards":0}],"0":[{"sequence":1,"clubcode":"CLE","playerName":"","statId":7,"yards":0},{"sequence":3,"clubcode":"CLE","playerName":"","statId":95,"yards":-2}],"00-0027949":[{"sequence":4,"clubcode":"HOU","playerName":"J.Watt","statId":80,"yards":0},{"sequence":6,"clubcode":"HOU","playerName":"J.Watt","statId":120,"yards":0}]}},"2905":{"sp":0,"qtr":4,"down":4,"time":"07:55","yrdln":"HOU 37","ydstogo":3,"ydsnet":30,"posteam":"CLE","desc":"(7:55) T.Clayton right guard to HOU 34 for 3 yards (G.Quin).","note":null,"players":{"00-0027081":[{"sequence":4,"clubcode":"HOU","playerName":"G.Quin","statId":79,"yards":0}],"00-0025573":[{"sequence":3,"clubcode":"CLE","playerName":"T.Clayton","statId":10,"yards":3}],"0":[{"sequence":1,"clubcode":"CLE","playerName":"","statId":3,"yards":0},{"sequence":2,"clubcode":"CLE","playerName":"","statId":8,"yards":0}]}},"2926":{"sp":0,"qtr":4,"down":1,"time":"07:16","yrdln":"HOU 34","ydstogo":10,"ydsnet":30,"posteam":"CLE","desc":"(7:16) C.McCoy pass incomplete deep left to G.Little (K.Jackson).","note":null,"players":{"00-0027997":[{"sequence":2,"clubcode":"CLE","playerName":"G.Little","statId":115,"yards":0}],"00-0027872":[{"sequence":3,"clubcode":"HOU","playerName":"K.Jackson","statId":85,"yards":0}],"00-0027688":[{"sequence":1,"clubcode":"CLE","playerName":"C.McCoy","statId":14,"yards":0},{"sequence":4,"clubcode":"CLE","playerName":"C.McCoy","statId":112,"yards":34}]}},"2948":{"sp":0,"qtr":4,"down":2,"time":"07:08","yrdln":"HOU 34","ydstogo":10,"ydsnet":35,"posteam":"CLE","desc":"(7:08) C.McCoy pass short right to E.Moore to HOU 29 for 5 yards (J.Joseph).","note":null,"players":{"00-0026123":[{"sequence":3,"clubcode":"CLE","playerName":"E.Moore","statId":21,"yards":5},{"sequence":4,"clubcode":"CLE","playerName":"E.Moore","statId":115,"yards":0},{"sequence":5,"clubcode":"CLE","playerName":"E.Moore","statId":113,"yards":0}],"00-0024239":[{"sequence":6,"clubcode":"HOU","playerName":"J.Joseph","statId":79,"yards":0}],"00-0027688":[{"sequence":1,"clubcode":"CLE","playerName":"C.McCoy","statId":15,"yards":5},{"sequence":2,"clubcode":"CLE","playerName":"C.McCoy","statId":111,"yards":5}]}},"2972":{"sp":0,"qtr":4,"down":3,"time":"06:29","yrdln":"HOU 29","ydstogo":5,"ydsnet":59,"posteam":"CLE","desc":"(6:29) C.McCoy pass deep left to G.Little pushed ob at HOU 5 for 24 yards (K.Jackson) [B.Reed].","note":null,"players":{"00-0027997":[{"sequence":5,"clubcode":"CLE","playerName":"G.Little","statId":21,"yards":24},{"sequence":6,"clubcode":"CLE","playerName":"G.Little","statId":115,"yards":0},{"sequence":7,"clubcode":"CLE","playerName":"G.Little","statId":113,"yards":2}],"00-0027872":[{"sequence":9,"clubcode":"HOU","playerName":"K.Jackson","statId":79,"yards":0}],"00-0027688":[{"sequence":3,"clubcode":"CLE","playerName":"C.McCoy","statId":15,"yards":24},{"sequence":4,"clubcode":"CLE","playerName":"C.McCoy","statId":111,"yards":22}],"0":[{"sequence":1,"clubcode":"CLE","playerName":"","statId":4,"yards":0},{"sequence":2,"clubcode":"CLE","playerName":"","statId":6,"yards":0}],"00-0027980":[{"sequence":8,"clubcode":"HOU","playerName":"B.Reed","statId":110,"yards":0}]}},"3005":{"sp":0,"qtr":4,"down":1,"time":"06:08","yrdln":"HOU 5","ydstogo":5,"ydsnet":61,"posteam":"CLE","desc":"(6:08) T.Clayton up the middle to HOU 3 for 2 yards (E.Mitchell).","note":null,"players":{"00-0027684":[{"sequence":2,"clubcode":"HOU","playerName":"E.Mitchell","statId":79,"yards":0}],"00-0025573":[{"sequence":1,"clubcode":"CLE","playerName":"T.Clayton","statId":10,"yards":2}]}},"3026":{"sp":0,"qtr":4,"down":2,"time":"05:27","yrdln":"HOU 3","ydstogo":3,"ydsnet":62,"posteam":"CLE","desc":"(5:27) (Shotgun) C.McCoy scrambles right end to HOU 2 for 1 yard (J.Watt).","note":null,"players":{"00-0027688":[{"sequence":1,"clubcode":"CLE","playerName":"C.McCoy","statId":10,"yards":1}],"00-0027949":[{"sequence":2,"clubcode":"HOU","playerName":"J.Watt","statId":79,"yards":0}]}},"3054":{"sp":1,"qtr":4,"down":3,"time":"04:51","yrdln":"HOU 2","ydstogo":2,"ydsnet":64,"posteam":"CLE","desc":"(4:51) C.McCoy pass short right to J.Cribbs for 2 yards, TOUCHDOWN.","note":"TD","players":{"00-0027688":[{"sequence":3,"clubcode":"CLE","playerName":"C.McCoy","statId":16,"yards":2},{"sequence":4,"clubcode":"CLE","playerName":"C.McCoy","statId":111,"yards":1}],"0":[{"sequence":1,"clubcode":"CLE","playerName":"","statId":4,"yards":0},{"sequence":2,"clubcode":"CLE","playerName":"","statId":6,"yards":0}],"00-0023176":[{"sequence":5,"clubcode":"CLE","playerName":"J.Cribbs","statId":22,"yards":2},{"sequence":6,"clubcode":"CLE","playerName":"J.Cribbs","statId":115,"yards":0},{"sequence":7,"clubcode":"CLE","playerName":"J.Cribbs","statId":113,"yards":1}]}},"3074":{"sp":0,"qtr":4,"down":0,"time":"04:47","yrdln":"HOU 2","ydstogo":0,"ydsnet":64,"posteam":"CLE","desc":"TWO-POINT CONVERSION ATTEMPT. C.McCoy pass to J.Cribbs is incomplete. ATTEMPT FAILS. (The pass was intercepted by No. 95, Cody.)","note":"2PPF","players":{"00-0027688":[{"sequence":1,"clubcode":"CLE","playerName":"C.McCoy","statId":78,"yards":0}],"00-0023176":[{"sequence":2,"clubcode":"CLE","playerName":"J.Cribbs","statId":105,"yards":0}]}}},"fds":4,"result":"Touchdown","penyds":0,"ydsgained":64,"numplays":13,"postime":"5:48","start":{"qtr":4,"time":"10:35","yrdln":"CLE 36","team":"CLE"},"end":{"qtr":4,"time":"04:47","yrdln":"HOU 2","team":"CLE"}},"19":{"posteam":"HOU","qtr":4,"redzone":true,"plays":{"3095":{"sp":0,"qtr":4,"down":0,"time":"04:47","yrdln":"CLE 35","ydstogo":0,"ydsnet":0,"posteam":"CLE","desc":"P.Dawson kicks onside 22 yards from CLE 35 to HOU 43. J.Dreessen (didn't try to advance) to HOU 43 for no gain (J.Cribbs).","note":"KICKOFF","players":{"00-0023630":[{"sequence":2,"clubcode":"HOU","playerName":"J.Dreessen","statId":45,"yards":0}],"00-0004091":[{"sequence":1,"clubcode":"CLE","playerName":"P.Dawson","statId":41,"yards":22}],"00-0023176":[{"sequence":3,"clubcode":"CLE","playerName":"J.Cribbs","statId":79,"yards":0}]}},"3121":{"sp":0,"qtr":4,"down":1,"time":"04:46","yrdln":"HOU 43","ydstogo":10,"ydsnet":11,"posteam":"HOU","desc":"(4:46) B.Tate right tackle to CLE 46 for 11 yards (E.Stephens).","note":null,"players":{"0":[{"sequence":1,"clubcode":"HOU","playerName":"","statId":3,"yards":0}],"00-0027890":[{"sequence":2,"clubcode":"HOU","playerName":"B.Tate","statId":10,"yards":11}],"00-0027204":[{"sequence":3,"clubcode":"CLE","playerName":"E.Stephens","statId":79,"yards":0}]}},"3142":{"sp":0,"qtr":4,"down":1,"time":"04:01","yrdln":"CLE 46","ydstogo":10,"ydsnet":13,"posteam":"HOU","desc":"(4:01) B.Tate left guard to CLE 44 for 2 yards (A.Rubin, E.Stephens).","note":null,"players":{"00-0026330":[{"sequence":2,"clubcode":"CLE","playerName":"A.Rubin","statId":80,"yards":0}],"00-0027890":[{"sequence":1,"clubcode":"HOU","playerName":"B.Tate","statId":10,"yards":2}],"00-0027204":[{"sequence":3,"clubcode":"CLE","playerName":"E.Stephens","statId":82,"yards":0}]}},"3163":{"sp":0,"qtr":4,"down":0,"time":"03:54","yrdln":"","ydstogo":0,"ydsnet":13,"posteam":"","desc":"Timeout #1 by CLE at 03:54.","note":"TIMEOUT","players":{"0":[{"sequence":1,"clubcode":"CLE","playerName":"","statId":68,"yards":0}]}},"3180":{"sp":0,"qtr":4,"down":2,"time":"03:54","yrdln":"CLE 44","ydstogo":8,"ydsnet":19,"posteam":"HOU","desc":"(3:54) D.Ward left tackle to CLE 38 for 6 yards (D.Jackson).","note":null,"players":{"00-0022770":[{"sequence":1,"clubcode":"HOU","playerName":"D.Ward","statId":10,"yards":6}],"00-0024249":[{"sequence":2,"clubcode":"CLE","playerName":"D.Jackson","statId":79,"yards":0}]}},"3201":{"sp":0,"qtr":4,"down":0,"time":"03:48","yrdln":"","ydstogo":0,"ydsnet":19,"posteam":"","desc":"Timeout #2 by CLE at 03:48.","note":"TIMEOUT","players":{"0":[{"sequence":1,"clubcode":"CLE","playerName":"","statId":68,"yards":0}]}},"3218":{"sp":0,"qtr":4,"down":3,"time":"03:48","yrdln":"CLE 38","ydstogo":2,"ydsnet":22,"posteam":"HOU","desc":"(3:48) D.Ward left tackle to CLE 35 for 3 yards (E.Stephens).","note":null,"players":{"00-0022770":[{"sequence":3,"clubcode":"HOU","playerName":"D.Ward","statId":10,"yards":3}],"0":[{"sequence":1,"clubcode":"HOU","playerName":"","statId":3,"yards":0},{"sequence":2,"clubcode":"HOU","playerName":"","statId":6,"yards":0}],"00-0027204":[{"sequence":4,"clubcode":"CLE","playerName":"E.Stephens","statId":79,"yards":0}]}},"3239":{"sp":0,"qtr":4,"down":0,"time":"03:35","yrdln":"","ydstogo":0,"ydsnet":22,"posteam":"","desc":"Timeout #3 by CLE at 03:35.","note":"TIMEOUT","players":{"0":[{"sequence":1,"clubcode":"CLE","playerName":"","statId":68,"yards":0}]}},"3256":{"sp":0,"qtr":4,"down":1,"time":"03:35","yrdln":"CLE 35","ydstogo":10,"ydsnet":20,"posteam":"HOU","desc":"(3:35) D.Ward up the middle to CLE 37 for -2 yards (J.Sheard).","note":null,"players":{"00-0022770":[{"sequence":1,"clubcode":"HOU","playerName":"D.Ward","statId":10,"yards":-2}],"00-0027975":[{"sequence":3,"clubcode":"CLE","playerName":"J.Sheard","statId":79,"yards":0},{"sequence":4,"clubcode":"CLE","playerName":"J.Sheard","statId":120,"yards":0}],"0":[{"sequence":2,"clubcode":"HOU","playerName":"","statId":95,"yards":-2}]}},"3277":{"sp":0,"qtr":4,"down":2,"time":"02:51","yrdln":"CLE 37","ydstogo":12,"ydsnet":26,"posteam":"HOU","desc":"(2:51) D.Ward right tackle to CLE 38 for -1 yards (C.Gocong). FUMBLES (C.Gocong), RECOVERED by CLE-P.Taylor at CLE 42. P.Taylor to HOU 47 for 11 yards (J.Dreessen). FUMBLES (J.Dreessen), recovered by CLE-E.Hagg at HOU 47. E.Hagg pushed ob at HOU 25 for 22 yards (M.Schaub). Houston challenged the fumble ruling, and the play was REVERSED. D.Ward right tackle to CLE 38 for -1 yards (C.Gocong).","note":null,"players":{"00-0024286":[{"sequence":3,"clubcode":"CLE","playerName":"C.Gocong","statId":79,"yards":0},{"sequence":4,"clubcode":"CLE","playerName":"C.Gocong","statId":120,"yards":0}],"00-0022770":[{"sequence":1,"clubcode":"HOU","playerName":"D.Ward","statId":10,"yards":-1}],"0":[{"sequence":2,"clubcode":"HOU","playerName":"","statId":95,"yards":-1}]}},"3367":{"sp":0,"qtr":4,"down":3,"time":"02:15","yrdln":"CLE 38","ydstogo":13,"ydsnet":26,"posteam":"HOU","desc":"(2:15) D.Ward left guard to CLE 31 for 7 yards (B.Skrine, S.Fujita).","note":null,"players":{"00-0021259":[{"sequence":4,"clubcode":"CLE","playerName":"S.Fujita","statId":82,"yards":0}],"00-0022770":[{"sequence":2,"clubcode":"HOU","playerName":"D.Ward","statId":10,"yards":7}],"00-0028075":[{"sequence":3,"clubcode":"CLE","playerName":"B.Skrine","statId":80,"yards":0}],"0":[{"sequence":1,"clubcode":"HOU","playerName":"","statId":7,"yards":0}]}},"3388":{"sp":0,"qtr":4,"down":0,"time":"02:00","yrdln":"","ydstogo":0,"ydsnet":26,"posteam":"","desc":"Two-Minute Warning","note":null,"players":{}},"3405":{"sp":0,"qtr":4,"down":4,"time":"02:00","yrdln":"CLE 31","ydstogo":6,"ydsnet":35,"posteam":"HOU","desc":"(2:00) D.Ward right end to CLE 22 for 9 yards (D.Jackson).","note":null,"players":{"00-0022770":[{"sequence":3,"clubcode":"HOU","playerName":"D.Ward","statId":10,"yards":9}],"0":[{"sequence":1,"clubcode":"HOU","playerName":"","statId":3,"yards":0},{"sequence":2,"clubcode":"HOU","playerName":"","statId":8,"yards":0}],"00-0024249":[{"sequence":4,"clubcode":"CLE","playerName":"D.Jackson","statId":79,"yards":0}]}},"3432":{"sp":0,"qtr":4,"down":1,"time":"01:16","yrdln":"CLE 22","ydstogo":10,"ydsnet":34,"posteam":"HOU","desc":"(1:16) M.Schaub kneels to CLE 23 for -1 yards.","note":null,"players":{"00-0022787":[{"sequence":1,"clubcode":"HOU","playerName":"M.Schaub","statId":10,"yards":-1}]}},"3453":{"sp":0,"qtr":4,"down":2,"time":"00:38","yrdln":"CLE 23","ydstogo":11,"ydsnet":33,"posteam":"HOU","desc":"(:38) M.Schaub kneels to CLE 24 for -1 yards.","note":null,"players":{"00-0022787":[{"sequence":1,"clubcode":"HOU","playerName":"M.Schaub","statId":10,"yards":-1}]}},"3474":{"sp":0,"qtr":4,"down":0,"time":"","yrdln":"","ydstogo":0,"ydsnet":33,"posteam":"","desc":"END GAME","note":null,"players":{}}},"fds":3,"result":"End of Game","penyds":0,"ydsgained":33,"numplays":16,"postime":"4:47","start":{"qtr":4,"time":"04:47","yrdln":"HOU 43","team":"HOU"},"end":{"qtr":4,"time":"00:00","yrdln":"","team":"HOU"}},"crntdrv":19},"scrsummary":{"238":{"type":"TD","desc":"B.Tate 27 yd. run (N.Rackers kick is good) Drive: 9 plays, 82 yards in 5:10","qtr":1,"team":"HOU","players":{"":"0","B.Tate":"00-0027890","N.Rackers":"00-0019676"}},"448":{"type":"TD","desc":"M.Schaub 2 yd. run (N.Rackers kick is good) Drive: 6 plays, 28 yards in 2:29","qtr":1,"team":"HOU","players":{"":"0","M.Schaub":"00-0022787","N.Rackers":"00-0019676"}},"647":{"type":"FG","desc":"P.Dawson 50 yd. Field Goal Drive: 7 plays, 20 yards in 3:28","qtr":1,"team":"CLE","players":{"P.Dawson":"00-0004091"}},"1159":{"type":"TD","desc":"A.Foster 19 yd. run (N.Rackers kick is good) Drive: 7 plays, 71 yards in 3:54","qtr":2,"team":"HOU","players":{"":"0","A.Foster":"00-0026796","N.Rackers":"00-0019676"}},"1813":{"type":"FG","desc":"N.Rackers 28 yd. Field Goal Drive: 1 plays, 0 yards in 0:02","qtr":2,"team":"HOU","players":{"N.Rackers":"00-0019676"}},"2246":{"type":"FG","desc":"N.Rackers 21 yd. Field Goal Drive: 13 plays, 78 yards in 7:19","qtr":3,"team":"HOU","players":{"N.Rackers":"00-0019676"}},"2446":{"type":"FG","desc":"P.Dawson 51 yd. Field Goal Drive: 8 plays, 35 yards in 3:37","qtr":3,"team":"CLE","players":{"P.Dawson":"00-0004091"}},"2774":{"type":"FG","desc":"N.Rackers 50 yd. Field Goal Drive: 12 plays, 47 yards in 6:33","qtr":4,"team":"HOU","players":{"N.Rackers":"00-0019676"}},"3054":{"type":"TD","desc":"J.Cribbs 2 yd. pass from C.McCoy (pass failed) Drive: 11 plays, 64 yards in 5:48","qtr":4,"team":"CLE","players":{"":"0","C.McCoy":"00-0027688","J.Cribbs":"00-0023176"}}},"weather":null,"media":null,"yl":"","qtr":"Final","note":null,"down":0,"togo":0,"redzone":true,"clock":"00:38","posteam":"HOU","stadium":null},"nextupdate":229}