{"2011010201":{"home":{"score":{"1":3,"2":14,"3":7,"4":14,"5":0,"T":38},"abbr":"NYJ","to":3,"stats":{"passing":{"00-0002110":{"name":"M.Brunell","att":12,"cmp":6,"yds":110,"tds":2,"ints":1,"twopta":0,"twoptm":0},"00-0024264":{"name":"K.Clemens","att":2,"cmp":1,"yds":6,"tds":0,"ints":0,"twopta":0,"twoptm":0},"00-0024318":{"name":"B.Smith","att":1,"cmp":1,"yds":3,"tds":0,"ints":0,"twopta":0,"twoptm":0}},"rushing":{"00-0027712":{"name":"J.McKnight","att":32,"yds":158,"tds":0,"lng":18,"lngtd":0,"twopta":0,"twoptm":0},"00-0024318":{"name":"B.Smith","att":5,"yds":60,"tds":0,"lng":40,"lngtd":0,"twopta":0,"twoptm":0},"00-0027739":{"name":"J.Conner","att":8,"yds":44,"tds":1,"lng":16,"lngtd":16,"twopta":0,"twoptm":0},"00-0024264":{"name":"K.Clemens","att":2,"yds":9,"tds":1,"lng":10,"lngtd":10,"twopta":0,"twoptm":0},"00-0013694":{"name":"T.Richardson","att":2,"yds":6,"tds":0,"lng":4,"lngtd":0,"twopta":0,"twoptm":0},"00-0022811":{"name":"J.Cotchery","att":1,"yds":-1,"tds":0,"lng":-1,"lngtd":0,"twopta":0,"twoptm":0}},"receiving":{"00-0022811":{"name":"J.Cotchery","rec":3,"yds":32,"tds":0,"lng":18,"lngtd":0,"twopta":0,"twoptm":0},"00-0027712":{"name":"J.McKnight","rec":2,"yds":15,"tds":0,"lng":9,"lngtd":0,"twopta":0,"twoptm":0},"00-0023438":{"name":"B.Edwards","rec":1,"yds":52,"tds":1,"lng":52,"lngtd":52,"twopta":0,"twoptm":0},"00-0024240":{"name":"S.Holmes","rec":1,"yds":17,"tds":1,"lng":17,"lngtd":17,"twopta":0,"twoptm":0},"00-0027321":{"name":"J.Cumberland","rec":1,"yds":3,"tds":0,"lng":3,"lngtd":0,"twopta":0,"twoptm":0}},"fumbles":{"00-0026253":{"name":"D.Lowery","tot":0,"rcv":0,"trcv":1,"yds":2,"lost":0},"00-0026662":{"name":"J.Westerman","tot":0,"rcv":0,"trcv":1,"yds":0,"lost":0}},"kicking":{"00-0025565":{"name":"N.Folk","fgm":1,"fga":1,"fgyds":28,"totpfg":3,"xpmade":5,"xpmissed":0,"xpa":5,"xpb":0,"xptot":5}},"punting":{"00-0024110":{"name":"S.Weatherford","pts":6,"yds":248,"avg":34,"i20":4,"lng":49}},"kickret":{"00-0026008":{"name":"M.Mulligan","ret":1,"avg":8,"tds":0,"lng":8,"lngtd":0},"00-0027739":{"name":"J.Conner","ret":1,"avg":7,"tds":0,"lng":7,"lngtd":0}},"puntret":{"00-0022811":{"name":"J.Cotchery","ret":3,"avg":7,"tds":0,"lng":15,"lngtd":0},"00-0027712":{"name":"J.McKnight","ret":1,"avg":25,"tds":0,"lng":25,"lngtd":0}},"defense":{"00-0024588":{"name":"M.Cole","tkl":5,"ast":0,"sk":0,"int":2,"ffum":0},"00-0025689":{"name":"M.Devito","tkl":3,"ast":2,"sk":0,"int":0,"ffum":1},"00-0023469":{"name":"B.Pool","tkl":3,"ast":1,"sk":0,"int":0,"ffum":0},"00-0026662":{"name":"J.Westerman","tkl":3,"ast":0,"sk":0,"int":0,"ffum":0},"00-0026043":{"name":"M.Dixon","tkl":3,"ast":0,"sk":0,"int":0,"ffum":0},"00-0016112":{"name":"J.Taylor","tkl":2,"ast":1,"sk":1,"int":0,"ffum":0},"00-0024403":{"name":"D.Coleman","tkl":2,"ast":0,"sk":1,"int":0,"ffum":1},"00-0026253":{"name":"D.Lowery","tkl":2,"ast":0,"sk":0,"int":1,"ffum":0},"00-0025434":{"name":"D.Harris","tkl":2,"ast":0,"sk":0,"int":0,"ffum":0},"00-0027170":{"name":"J.Mauga","tkl":1,"ast":1,"sk":0,"int":0,"ffum":0},"00-0020873":{"name":"B.Scott","tkl":1,"ast":1,"sk":0,"int":0,"ffum":0},"00-0026146":{"name":"V.Gholston","tkl":0,"ast":2,"sk":0,"int":0,"ffum":0},"00-0022120":{"name":"C.Pace","tkl":1,"ast":0,"sk":1,"int":1,"ffum":0},"00-0023903":{"name":"L.Laury","tkl":1,"ast":0,"sk":0,"int":0,"ffum":0},"00-0026648":{"name":"E.Cook","tkl":1,"ast":0,"sk":0,"int":0,"ffum":1},"00-0027879":{"name":"K.Wilson","tkl":1,"ast":0,"sk":0,"int":0,"ffum":0},"00-0026900":{"name":"J.Gilbert","tkl":1,"ast":0,"sk":0,"int":0,"ffum":0}},"team":{"totfd":17,"totyds":388,"pyds":112,"ryds":276,"pen":3,"penyds":25,"trnovr":1,"pt":6,"ptyds":248,"ptavg":34,"top":"35:35"}},"players":null},"away":{"score":{"1":0,"2":0,"3":7,"4":0,"5":0,"T":7},"abbr":"BUF","to":2,"stats":{"passing":{"00-0026196":{"name":"B.Brohm","att":23,"cmp":10,"yds":106,"tds":0,"ints":3,"twopta":0,"twoptm":0},"00-0027804":{"name":"L.Brown","att":3,"cmp":2,"yds":24,"tds":0,"ints":1,"twopta":0,"twoptm":0}},"rushing":{"00-0024204":{"name":"F.Jackson","att":13,"yds":35,"tds":0,"lng":6,"lngtd":0,"twopta":0,"twoptm":0},"00-0027861":{"name":"C.Spiller","att":3,"yds":5,"tds":0,"lng":2,"lngtd":0,"twopta":0,"twoptm":0},"00-0027220":{"name":"N.Roosevelt","att":1,"yds":3,"tds":0,"lng":3,"lngtd":0,"twopta":0,"twoptm":0},"00-0024460":{"name":"Q.Ganther","att":1,"yds":-6,"tds":0,"lng":-6,"lngtd":0,"twopta":0,"twoptm":0}},"receiving":{"00-0026364":{"name":"St. Johnson","rec":5,"yds":72,"tds":0,"lng":33,"lngtd":0,"twopta":0,"twoptm":0},"00-0027220":{"name":"N.Roosevelt","rec":3,"yds":30,"tds":0,"lng":14,"lngtd":0,"twopta":0,"twoptm":0},"00-0024204":{"name":"F.Jackson","rec":1,"yds":13,"tds":0,"lng":13,"lngtd":0,"twopta":0,"twoptm":0},"00-0026331":{"name":"P.Hubbard","rec":1,"yds":8,"tds":0,"lng":8,"lngtd":0,"twopta":0,"twoptm":0},"00-0025864":{"name":"J.Stupar","rec":1,"yds":7,"tds":0,"lng":7,"lngtd":0,"twopta":0,"twoptm":0},"00-0020332":{"name":"D.Martin","rec":1,"yds":0,"tds":0,"lng":0,"lngtd":0,"twopta":0,"twoptm":0}},"fumbles":{"00-0026364":{"name":"St. Johnson","tot":1,"rcv":0,"trcv":0,"yds":0,"lost":1},"00-0024204":{"name":"F.Jackson","tot":1,"rcv":0,"trcv":0,"yds":0,"lost":0},"00-0026196":{"name":"B.Brohm","tot":1,"rcv":0,"trcv":0,"yds":0,"lost":1},"00-0027004":{"name":"E.Wood","tot":0,"rcv":1,"trcv":1,"yds":0,"lost":0}},"kicking":{"00-0019310":{"name":"R.Lindell","fgm":0,"fga":0,"fgyds":0,"totpfg":0,"xpmade":1,"xpmissed":0,"xpa":1,"xpb":0,"xptot":1}},"punting":{"00-0011626":{"name":"B.Moorman","pts":6,"yds":296,"avg":42,"i20":1,"lng":59}},"kickret":{"00-0027861":{"name":"C.Spiller","ret":4,"avg":20,"tds":0,"lng":27,"lngtd":0},"00-0026012":{"name":"J.Caulcrick","ret":2,"avg":14,"tds":0,"lng":17,"lngtd":0},"00-0026151":{"name":"L.McKelvin","ret":1,"avg":14,"tds":0,"lng":14,"lngtd":0}},"puntret":{"00-0027861":{"name":"C.Spiller","ret":2,"avg":22,"tds":0,"lng":22,"lngtd":0}},"defense":{"00-0021214":{"name":"A.Ayodele","tkl":7,"ast":6,"sk":0,"int":0,"ffum":0},"00-0025421":{"name":"P.Posluszny","tkl":8,"ast":4,"sk":0,"int":0,"ffum":0},"00-0021995":{"name":"C.Kelsay","tkl":7,"ast":2,"sk":0,"int":0,"ffum":0},"00-0022610":{"name":"Sp.Johnson","tkl":7,"ast":1,"sk":1,"int":0,"ffum":0},"00-0027018":{"name":"J.Byrd","tkl":4,"ast":2,"sk":0,"int":1,"ffum":0},"00-0027777":{"name":"A.Moats","tkl":2,"ast":3,"sk":0,"int":0,"ffum":0},"00-0026151":{"name":"L.McKelvin","tkl":4,"ast":0,"sk":0,"int":0,"ffum":0},"00-0024223":{"name":"D.Whitner","tkl":4,"ast":0,"sk":0,"int":0,"ffum":0},"00-0027655":{"name":"T.Troup","tkl":2,"ast":2,"sk":0,"int":0,"ffum":0},"00-0024348":{"name":"K.Williams","tkl":2,"ast":0,"sk":0,"int":0,"ffum":0},"00-0021994":{"name":"D.Florence","tkl":2,"ast":0,"sk":0,"int":0,"ffum":0},"00-0020492":{"name":"M.Stroud","tkl":1,"ast":1,"sk":0,"int":0,"ffum":0},"00-0027677":{"name":"A.Carrington","tkl":1,"ast":0,"sk":0,"int":0,"ffum":0},"00-0026254":{"name":"R.Corner","tkl":1,"ast":0,"sk":0,"int":0,"ffum":0},"00-0021951":{"name":"B.Scott","tkl":1,"ast":0,"sk":0,"int":0,"ffum":0},"00-0022008":{"name":"T.McGee","tkl":1,"ast":0,"sk":0,"int":0,"ffum":0},"00-0024017":{"name":"P.Woods","tkl":0,"ast":1,"sk":0,"int":0,"ffum":0}},"team":{"totfd":6,"totyds":162,"pyds":125,"ryds":37,"pen":3,"penyds":15,"trnovr":6,"pt":6,"ptyds":296,"ptavg":42,"top":"24:25"}},"players":null},"drives":{"1":{"posteam":"BUF","qtr":1,"redzone":true,"plays":{"37":{"sp":0,"qtr":1,"down":0,"time":"15:00","yrdln":"NYJ 30","ydstogo":0,"ydsnet":0,"posteam":"NYJ","desc":"N.Folk kicks 60 yards from NYJ 30 to BUF 10. J.Caulcrick to BUF 27 for 17 yards (J.Mauga).","note":"KICKOFF","players":{"00-0027170":[{"sequence":3,"clubcode":"NYJ","playerName":"J.Mauga","statId":79,"yards":0}],"00-0026012":[{"sequence":2,"clubcode":"BUF","playerName":"J.Caulcrick","statId":45,"yards":17}],"00-0025565":[{"sequence":1,"clubcode":"NYJ","playerName":"N.Folk","statId":41,"yards":60}]}},"59":{"sp":0,"qtr":1,"down":1,"time":"14:55","yrdln":"BUF 27","ydstogo":10,"ydsnet":3,"posteam":"BUF","desc":"(14:55) F.Jackson up the middle to BUF 30 for 3 yards (J.Taylor, M.Devito).","note":null,"players":{"00-0025689":[{"sequence":3,"clubcode":"NYJ","playerName":"M.Devito","statId":82,"yards":0}],"00-0024204":[{"sequence":1,"clubcode":"BUF","playerName":"F.Jackson","statId":10,"yards":3}],"00-0016112":[{"sequence":2,"clubcode":"NYJ","playerName":"J.Taylor","statId":80,"yards":0}]}},"80":{"sp":0,"qtr":1,"down":2,"time":"14:15","yrdln":"BUF 30","ydstogo":7,"ydsnet":3,"posteam":"BUF","desc":"(14:15) (Shotgun) B.Brohm pass incomplete short left to St. Johnson.","note":null,"players":{"00-0026364":[{"sequence":2,"clubcode":"BUF","playerName":"St. Johnson","statId":115,"yards":0}],"00-0026196":[{"sequence":1,"clubcode":"BUF","playerName":"B.Brohm","statId":14,"yards":0},{"sequence":3,"clubcode":"BUF","playerName":"B.Brohm","statId":112,"yards":9}]}},"106":{"sp":0,"qtr":1,"down":3,"time":"14:10","yrdln":"BUF 30","ydstogo":7,"ydsnet":18,"posteam":"BUF","desc":"(14:10) (Shotgun) B.Brohm pass short left to St. Johnson to BUF 45 for 15 yards (D.Coleman).","note":null,"players":{"00-0026364":[{"sequence":5,"clubcode":"BUF","playerName":"St. Johnson","statId":21,"yards":15},{"sequence":6,"clubcode":"BUF","playerName":"St. Johnson","statId":115,"yards":0},{"sequence":7,"clubcode":"BUF","playerName":"St. Johnson","statId":113,"yards":0}],"00-0026196":[{"sequence":3,"clubcode":"BUF","playerName":"B.Brohm","statId":15,"yards":15},{"sequence":4,"clubcode":"BUF","playerName":"B.Brohm","statId":111,"yards":15}],"00-0024403":[{"sequence":8,"clubcode":"NYJ","playerName":"D.Coleman","statId":79,"yards":0}],"0":[{"sequence":1,"clubcode":"BUF","playerName":"","statId":4,"yards":0},{"sequence":2,"clubcode":"BUF","playerName":"","statId":6,"yards":0}]}},"130":{"sp":0,"qtr":1,"down":1,"time":"13:33","yrdln":"BUF 45","ydstogo":10,"ydsnet":22,"posteam":"BUF","desc":"(13:33) F.Jackson up the middle to BUF 49 for 4 yards (D.Harris, B.Scott).","note":null,"players":{"00-0025434":[{"sequence":2,"clubcode":"NYJ","playerName":"D.Harris","statId":80,"yards":0}],"00-0024204":[{"sequence":1,"clubcode":"BUF","playerName":"F.Jackson","statId":10,"yards":4}],"00-0020873":[{"sequence":3,"clubcode":"NYJ","playerName":"B.Scott","statId":82,"yards":0}]}},"151":{"sp":0,"qtr":1,"down":2,"time":"12:52","yrdln":"BUF 49","ydstogo":6,"ydsnet":22,"posteam":"BUF","desc":"(12:52) (Shotgun) B.Brohm pass incomplete short right to N.Roosevelt.","note":null,"players":{"00-0026196":[{"sequence":1,"clubcode":"BUF","playerName":"B.Brohm","statId":14,"yards":0},{"sequence":3,"clubcode":"BUF","playerName":"B.Brohm","statId":112,"yards":7}],"00-0027220":[{"sequence":2,"clubcode":"BUF","playerName":"N.Roosevelt","statId":115,"yards":0}]}},"173":{"sp":0,"qtr":1,"down":3,"time":"12:48","yrdln":"BUF 49","ydstogo":6,"ydsnet":55,"posteam":"BUF","desc":"(12:48) (Shotgun) B.Brohm pass deep middle to St. Johnson to NYJ 18 for 33 yards (E.Cook). FUMBLES (E.Cook), RECOVERED by NYJ-D.Lowery at NYJ 9. D.Lowery to NYJ 11 for 2 yards (A.Levitre).","note":"FUMBLE","players":{"00-0027027":[{"sequence":12,"clubcode":"BUF","playerName":"A.Levitre","statId":79,"yards":0}],"00-0026364":[{"sequence":4,"clubcode":"BUF","playerName":"St. Johnson","statId":21,"yards":33},{"sequence":5,"clubcode":"BUF","playerName":"St. Johnson","statId":115,"yards":0},{"sequence":6,"clubcode":"BUF","playerName":"St. Johnson","statId":113,"yards":14},{"sequence":8,"clubcode":"BUF","playerName":"St. Johnson","statId":52,"yards":0},{"sequence":9,"clubcode":"BUF","playerName":"St. Johnson","statId":106,"yards":0}],"00-0026196":[{"sequence":2,"clubcode":"BUF","playerName":"B.Brohm","statId":15,"yards":33},{"sequence":3,"clubcode":"BUF","playerName":"B.Brohm","statId":111,"yards":19}],"00-0026648":[{"sequence":7,"clubcode":"NYJ","playerName":"E.Cook","statId":79,"yards":0},{"sequence":10,"clubcode":"NYJ","playerName":"E.Cook","statId":91,"yards":0}],"0":[{"sequence":1,"clubcode":"BUF","playerName":"","statId":7,"yards":0}],"00-0026253":[{"sequence":11,"clubcode":"NYJ","playerName":"D.Lowery","statId":59,"yards":2}]}}},"fds":1,"result":"Fumble","penyds":0,"ydsgained":55,"numplays":7,"postime":"2:32","start":{"qtr":1,"time":"15:00","yrdln":"BUF 27","team":"BUF"},"end":{"qtr":1,"time":"12:28","yrdln":"BUF 49","team":"BUF"}},"2":{"posteam":"NYJ","qtr":1,"redzone":true,"plays":{"214":{"sp":0,"qtr":1,"down":1,"time":"12:28","yrdln":"NYJ 11","ydstogo":10,"ydsnet":9,"posteam":"NYJ","desc":"(12:28) J.McKnight left guard to NYJ 20 for 9 yards (L.McKelvin, A.Ayodele).","note":null,"players":{"00-0026151":[{"sequence":2,"clubcode":"BUF","playerName":"L.McKelvin","statId":80,"yards":0}],"00-0027712":[{"sequence":1,"clubcode":"NYJ","playerName":"J.McKnight","statId":10,"yards":9}],"00-0021214":[{"sequence":3,"clubcode":"BUF","playerName":"A.Ayodele","statId":82,"yards":0}]}},"235":{"sp":0,"qtr":1,"down":2,"time":"11:54","yrdln":"NYJ 20","ydstogo":1,"ydsnet":13,"posteam":"NYJ","desc":"(11:54) J.McKnight up the middle to NYJ 24 for 4 yards (Sp.Johnson, A.Moats).","note":null,"players":{"00-0027777":[{"sequence":4,"clubcode":"BUF","playerName":"A.Moats","statId":82,"yards":0}],"00-0027712":[{"sequence":2,"clubcode":"NYJ","playerName":"J.McKnight","statId":10,"yards":4}],"0":[{"sequence":1,"clubcode":"NYJ","playerName":"","statId":3,"yards":0}],"00-0022610":[{"sequence":3,"clubcode":"BUF","playerName":"Sp.Johnson","statId":80,"yards":0}]}},"256":{"sp":0,"qtr":1,"down":1,"time":"11:18","yrdln":"NYJ 24","ydstogo":10,"ydsnet":17,"posteam":"NYJ","desc":"(11:18) J.McKnight left tackle to NYJ 28 for 4 yards (C.Kelsay).","note":null,"players":{"00-0027712":[{"sequence":1,"clubcode":"NYJ","playerName":"J.McKnight","statId":10,"yards":4}],"00-0021995":[{"sequence":2,"clubcode":"BUF","playerName":"C.Kelsay","statId":79,"yards":0}]}},"277":{"sp":0,"qtr":1,"down":2,"time":"10:43","yrdln":"NYJ 28","ydstogo":6,"ydsnet":7,"posteam":"NYJ","desc":"(10:43) J.McKnight right tackle to NYJ 33 for 5 yards (A.Ayodele). PENALTY on NYJ-W.Hunter, Offensive Holding, 10 yards, enforced at NYJ 28 - No Play.","note":"PENALTY","players":{"00-0022000":[{"sequence":1,"clubcode":"NYJ","playerName":"W.Hunter","statId":93,"yards":10}]}},"309":{"sp":0,"qtr":1,"down":2,"time":"10:18","yrdln":"NYJ 18","ydstogo":16,"ydsnet":7,"posteam":"NYJ","desc":"(10:18) J.McKnight left guard to NYJ 18 for no gain (D.Whitner, P.Posluszny).","note":null,"players":{"00-0025421":[{"sequence":3,"clubcode":"BUF","playerName":"P.Posluszny","statId":82,"yards":0}],"00-0027712":[{"sequence":1,"clubcode":"NYJ","playerName":"J.McKnight","statId":10,"yards":0}],"00-0024223":[{"sequence":2,"clubcode":"BUF","playerName":"D.Whitner","statId":80,"yards":0}]}},"330":{"sp":0,"qtr":1,"down":3,"time":"09:42","yrdln":"NYJ 18","ydstogo":16,"ydsnet":47,"posteam":"NYJ","desc":"(9:42) Direct snap to B.Smith.  B.Smith right end to BUF 42 for 40 yards (L.McKelvin).","note":null,"players":{"00-0026151":[{"sequence":4,"clubcode":"BUF","playerName":"L.McKelvin","statId":79,"yards":0}],"0":[{"sequence":1,"clubcode":"NYJ","playerName":"","statId":3,"yards":0},{"sequence":2,"clubcode":"NYJ","playerName":"","statId":6,"yards":0}],"00-0024318":[{"sequence":3,"clubcode":"NYJ","playerName":"B.Smith","statId":10,"yards":40}]}},"353":{"sp":0,"qtr":1,"down":1,"time":"08:54","yrdln":"BUF 42","ydstogo":10,"ydsnet":49,"posteam":"NYJ","desc":"(8:54) J.Conner up the middle to BUF 40 for 2 yards (Sp.Johnson).","note":null,"players":{"00-0027739":[{"sequence":1,"clubcode":"NYJ","playerName":"J.Conner","statId":10,"yards":2}],"00-0022610":[{"sequence":2,"clubcode":"BUF","playerName":"Sp.Johnson","statId":79,"yards":0}]}},"374":{"sp":0,"qtr":1,"down":2,"time":"08:11","yrdln":"BUF 40","ydstogo":8,"ydsnet":50,"posteam":"NYJ","desc":"(8:11) J.McKnight up the middle to BUF 39 for 1 yard (A.Ayodele).","note":null,"players":{"00-0027712":[{"sequence":1,"clubcode":"NYJ","playerName":"J.McKnight","statId":10,"yards":1}],"00-0021214":[{"sequence":2,"clubcode":"BUF","playerName":"A.Ayodele","statId":79,"yards":0}]}},"395":{"sp":0,"qtr":1,"down":3,"time":"08:11","yrdln":"BUF 39","ydstogo":7,"ydsnet":70,"posteam":"NYJ","desc":"(8:11) Direct snap to B.Smith.  B.Smith right end pushed ob at BUF 19 for 20 yards (D.Whitner).","note":null,"players":{"0":[{"sequence":1,"clubcode":"NYJ","playerName":"","statId":3,"yards":0},{"sequence":2,"clubcode":"NYJ","playerName":"","statId":6,"yards":0}],"00-0024223":[{"sequence":4,"clubcode":"BUF","playerName":"D.Whitner","statId":79,"yards":0}],"00-0024318":[{"sequence":3,"clubcode":"NYJ","playerName":"B.Smith","statId":10,"yards":20}]}},"423":{"sp":0,"qtr":1,"down":1,"time":"06:59","yrdln":"BUF 19","ydstogo":10,"ydsnet":75,"posteam":"NYJ","desc":"(6:59) J.McKnight up the middle to BUF 14 for 5 yards (A.Ayodele, P.Posluszny).","note":null,"players":{"00-0025421":[{"sequence":3,"clubcode":"BUF","playerName":"P.Posluszny","statId":82,"yards":0}],"00-0027712":[{"sequence":1,"clubcode":"NYJ","playerName":"J.McKnight","statId":10,"yards":5}],"00-0021214":[{"sequence":2,"clubcode":"BUF","playerName":"A.Ayodele","statId":80,"yards":0}]}},"444":{"sp":0,"qtr":1,"down":2,"time":"06:19","yrdln":"BUF 14","ydstogo":5,"ydsnet":77,"posteam":"NYJ","desc":"(6:19) J.McKnight left guard to BUF 12 for 2 yards (A.Carrington).","note":null,"players":{"00-0027712":[{"sequence":1,"clubcode":"NYJ","playerName":"J.McKnight","statId":10,"yards":2}],"00-0027677":[{"sequence":2,"clubcode":"BUF","playerName":"A.Carrington","statId":79,"yards":0}]}},"465":{"sp":0,"qtr":1,"down":3,"time":"05:41","yrdln":"BUF 12","ydstogo":3,"ydsnet":79,"posteam":"NYJ","desc":"(5:41) Direct snap to B.Smith.  B.Smith right tackle to BUF 10 for 2 yards (L.McKelvin).","note":null,"players":{"00-0026151":[{"sequence":3,"clubcode":"BUF","playerName":"L.McKelvin","statId":79,"yards":0}],"0":[{"sequence":1,"clubcode":"NYJ","playerName":"","statId":7,"yards":0}],"00-0024318":[{"sequence":2,"clubcode":"NYJ","playerName":"B.Smith","statId":10,"yards":2}]}},"488":{"sp":1,"qtr":1,"down":4,"time":"05:03","yrdln":"BUF 10","ydstogo":1,"ydsnet":79,"posteam":"NYJ","desc":"(5:03) N.Folk 28 yard field goal is GOOD, Center-T.Purdum, Holder-S.Weatherford.","note":"FG","players":{"00-0025565":[{"sequence":1,"clubcode":"NYJ","playerName":"N.Folk","statId":70,"yards":28}]}}},"fds":3,"result":"Field Goal","penyds":-10,"ydsgained":89,"numplays":13,"postime":"7:30","start":{"qtr":1,"time":"12:28","yrdln":"NYJ 11","team":"NYJ"},"end":{"qtr":1,"time":"04:58","yrdln":"BUF 10","team":"NYJ"}},"3":{"posteam":"BUF","qtr":1,"redzone":true,"plays":{"507":{"sp":0,"qtr":1,"down":0,"time":"04:58","yrdln":"NYJ 30","ydstogo":0,"ydsnet":0,"posteam":"NYJ","desc":"N.Folk kicks 55 yards from NYJ 30 to BUF 15. J.Caulcrick to BUF 26 for 11 yards (I.Trufant).","note":"KICKOFF","players":{"00-0027915":[{"sequence":3,"clubcode":"NYJ","playerName":"I.Trufant","statId":79,"yards":0}],"00-0026012":[{"sequence":2,"clubcode":"BUF","playerName":"J.Caulcrick","statId":45,"yards":11}],"00-0025565":[{"sequence":1,"clubcode":"NYJ","playerName":"N.Folk","statId":41,"yards":55}]}},"529":{"sp":0,"qtr":1,"down":1,"time":"04:53","yrdln":"BUF 26","ydstogo":10,"ydsnet":4,"posteam":"BUF","desc":"(4:53) F.Jackson right tackle to BUF 30 for 4 yards (M.Dixon).","note":null,"players":{"00-0026043":[{"sequence":2,"clubcode":"NYJ","playerName":"M.Dixon","statId":79,"yards":0}],"00-0024204":[{"sequence":1,"clubcode":"BUF","playerName":"F.Jackson","statId":10,"yards":4}]}},"550":{"sp":0,"qtr":1,"down":2,"time":"04:18","yrdln":"BUF 30","ydstogo":6,"ydsnet":20,"posteam":"BUF","desc":"(4:18) (Shotgun) F.Jackson left end to BUF 35 for 5 yards (B.Pool).","note":null,"players":{"00-0024204":[{"sequence":1,"clubcode":"BUF","playerName":"F.Jackson","statId":10,"yards":5}],"00-0023469":[{"sequence":2,"clubcode":"NYJ","playerName":"B.Pool","statId":79,"yards":0}]}},"571":{"sp":0,"qtr":1,"down":3,"time":"03:31","yrdln":"BUF 35","ydstogo":1,"ydsnet":11,"posteam":"BUF","desc":"(3:31) C.Spiller right guard to BUF 37 for 2 yards (M.Dixon, M.Devito).","note":null,"players":{"00-0025689":[{"sequence":5,"clubcode":"NYJ","playerName":"M.Devito","statId":82,"yards":0}],"00-0026043":[{"sequence":4,"clubcode":"NYJ","playerName":"M.Dixon","statId":80,"yards":0}],"00-0027861":[{"sequence":3,"clubcode":"BUF","playerName":"C.Spiller","statId":10,"yards":2}],"0":[{"sequence":1,"clubcode":"BUF","playerName":"","statId":3,"yards":0},{"sequence":2,"clubcode":"BUF","playerName":"","statId":6,"yards":0}]}},"592":{"sp":0,"qtr":1,"down":1,"time":"02:49","yrdln":"BUF 37","ydstogo":10,"ydsnet":11,"posteam":"BUF","desc":"(2:49) (Shotgun) B.Brohm pass incomplete deep left to St. Johnson.","note":null,"players":{"00-0026364":[{"sequence":2,"clubcode":"BUF","playerName":"St. Johnson","statId":115,"yards":0}],"00-0026196":[{"sequence":1,"clubcode":"BUF","playerName":"B.Brohm","statId":14,"yards":0},{"sequence":3,"clubcode":"BUF","playerName":"B.Brohm","statId":112,"yards":43}]}},"614":{"sp":0,"qtr":1,"down":2,"time":"02:42","yrdln":"BUF 37","ydstogo":10,"ydsnet":11,"posteam":"BUF","desc":"(2:42) (Shotgun) B.Brohm pass short left to D.Martin to BUF 37 for no gain (D.Harris).","note":null,"players":{"00-0025434":[{"sequence":6,"clubcode":"NYJ","playerName":"D.Harris","statId":79,"yards":0}],"00-0020332":[{"sequence":3,"clubcode":"BUF","playerName":"D.Martin","statId":21,"yards":0},{"sequence":4,"clubcode":"BUF","playerName":"D.Martin","statId":115,"yards":0},{"sequence":5,"clubcode":"BUF","playerName":"D.Martin","statId":113,"yards":0}],"00-0026196":[{"sequence":1,"clubcode":"BUF","playerName":"B.Brohm","statId":15,"yards":0},{"sequence":2,"clubcode":"BUF","playerName":"B.Brohm","statId":111,"yards":0}]}},"638":{"sp":0,"qtr":1,"down":3,"time":"02:02","yrdln":"BUF 37","ydstogo":10,"ydsnet":20,"posteam":"BUF","desc":"(2:02) (Shotgun) B.Brohm pass short right to N.Roosevelt ran ob at BUF 46 for 9 yards.","note":null,"players":{"00-0026196":[{"sequence":2,"clubcode":"BUF","playerName":"B.Brohm","statId":15,"yards":9},{"sequence":3,"clubcode":"BUF","playerName":"B.Brohm","statId":111,"yards":9}],"0":[{"sequence":1,"clubcode":"BUF","playerName":"","statId":7,"yards":0}],"00-0027220":[{"sequence":4,"clubcode":"BUF","playerName":"N.Roosevelt","statId":21,"yards":9},{"sequence":5,"clubcode":"BUF","playerName":"N.Roosevelt","statId":115,"yards":0},{"sequence":6,"clubcode":"BUF","playerName":"N.Roosevelt","statId":113,"yards":0}]}},"662":{"sp":0,"qtr":1,"down":4,"time":"01:38","yrdln":"BUF 46","ydstogo":1,"ydsnet":20,"posteam":"BUF","desc":"(1:38) B.Moorman punts 46 yards to NYJ 8, Center-G.Sanborn, fair catch by J.Cotchery.","note":"PUNT","players":{"00-0011626":[{"sequence":1,"clubcode":"BUF","playerName":"B.Moorman","statId":29,"yards":46},{"sequence":2,"clubcode":"BUF","playerName":"B.Moorman","statId":30,"yards":0}],"00-0022811":[{"sequence":3,"clubcode":"NYJ","playerName":"J.Cotchery","statId":39,"yards":0}]}}},"fds":1,"result":"Punt","penyds":0,"ydsgained":20,"numplays":8,"postime":"3:28","start":{"qtr":1,"time":"04:58","yrdln":"BUF 26","team":"BUF"},"end":{"qtr":1,"time":"01:30","yrdln":"BUF 46","team":"BUF"}},"4":{"posteam":"NYJ","qtr":2,"redzone":true,"plays":{"690":{"sp":0,"qtr":1,"down":1,"time":"01:30","yrdln":"NYJ 8","ydstogo":10,"ydsnet":3,"posteam":"NYJ","desc":"(1:30) NYJ #8 Brunnell in at QB. J.McKnight right end to NYJ 11 for 3 yards (C.Kelsay, Sp.Johnson).","note":null,"players":{"00-0027712":[{"sequence":1,"clubcode":"NYJ","playerName":"J.McKnight","statId":10,"yards":3}],"00-0021995":[{"sequence":2,"clubcode":"BUF","playerName":"C.Kelsay","statId":80,"yards":0}],"00-0022610":[{"sequence":3,"clubcode":"BUF","playerName":"Sp.Johnson","statId":82,"yards":0}]}},"715":{"sp":0,"qtr":1,"down":2,"time":"00:55","yrdln":"NYJ 11","ydstogo":7,"ydsnet":3,"posteam":"NYJ","desc":"(:55) M.Brunell pass incomplete short right to J.Cotchery.","note":null,"players":{"00-0002110":[{"sequence":1,"clubcode":"NYJ","playerName":"M.Brunell","statId":14,"yards":0},{"sequence":3,"clubcode":"NYJ","playerName":"M.Brunell","statId":112,"yards":14}],"00-0022811":[{"sequence":2,"clubcode":"NYJ","playerName":"J.Cotchery","statId":115,"yards":0}]}},"737":{"sp":0,"qtr":1,"down":3,"time":"00:48","yrdln":"NYJ 11","ydstogo":7,"ydsnet":10,"posteam":"NYJ","desc":"(:48) M.Brunell pass short left to J.Cotchery to NYJ 18 for 7 yards (R.Corner).","note":null,"players":{"00-0002110":[{"sequence":3,"clubcode":"NYJ","playerName":"M.Brunell","statId":15,"yards":7},{"sequence":4,"clubcode":"NYJ","playerName":"M.Brunell","statId":111,"yards":7}],"00-0026254":[{"sequence":8,"clubcode":"BUF","playerName":"R.Corner","statId":79,"yards":0}],"0":[{"sequence":1,"clubcode":"NYJ","playerName":"","statId":4,"yards":0},{"sequence":2,"clubcode":"NYJ","playerName":"","statId":6,"yards":0}],"00-0022811":[{"sequence":5,"clubcode":"NYJ","playerName":"J.Cotchery","statId":21,"yards":7},{"sequence":6,"clubcode":"NYJ","playerName":"J.Cotchery","statId":115,"yards":0},{"sequence":7,"clubcode":"NYJ","playerName":"J.Cotchery","statId":113,"yards":0}]}},"761":{"sp":0,"qtr":1,"down":1,"time":"00:27","yrdln":"NYJ 18","ydstogo":10,"ydsnet":14,"posteam":"NYJ","desc":"(:27) J.McKnight right guard to NYJ 22 for 4 yards (C.Kelsay).","note":null,"players":{"00-0027712":[{"sequence":1,"clubcode":"NYJ","playerName":"J.McKnight","statId":10,"yards":4}],"00-0021995":[{"sequence":2,"clubcode":"BUF","playerName":"C.Kelsay","statId":79,"yards":0}]}},"782":{"sp":0,"qtr":1,"down":0,"time":"","yrdln":"","ydstogo":0,"ydsnet":14,"posteam":"","desc":"END QUARTER 1","note":null,"players":{}},"798":{"sp":0,"qtr":2,"down":2,"time":"15:00","yrdln":"NYJ 22","ydstogo":6,"ydsnet":19,"posteam":"NYJ","desc":"(15:00) J.McKnight left guard to NYJ 27 for 5 yards (Sp.Johnson).","note":null,"players":{"00-0027712":[{"sequence":1,"clubcode":"NYJ","playerName":"J.McKnight","statId":10,"yards":5}],"00-0022610":[{"sequence":2,"clubcode":"BUF","playerName":"Sp.Johnson","statId":79,"yards":0}]}},"819":{"sp":0,"qtr":2,"down":3,"time":"14:25","yrdln":"NYJ 27","ydstogo":1,"ydsnet":37,"posteam":"NYJ","desc":"(14:25) J.McKnight left guard to NYJ 45 for 18 yards (L.McKelvin).","note":null,"players":{"00-0026151":[{"sequence":4,"clubcode":"BUF","playerName":"L.McKelvin","statId":79,"yards":0}],"00-0027712":[{"sequence":3,"clubcode":"NYJ","playerName":"J.McKnight","statId":10,"yards":18}],"0":[{"sequence":1,"clubcode":"NYJ","playerName":"","statId":3,"yards":0},{"sequence":2,"clubcode":"NYJ","playerName":"","statId":6,"yards":0}]}},"841":{"sp":0,"qtr":2,"down":1,"time":"13:38","yrdln":"NYJ 45","ydstogo":10,"ydsnet":37,"posteam":"NYJ","desc":"(13:38) M.Brunell pass incomplete deep left to J.Cotchery.","note":null,"players":{"00-0002110":[{"sequence":1,"clubcode":"NYJ","playerName":"M.Brunell","statId":14,"yards":0},{"sequence":3,"clubcode":"NYJ","playerName":"M.Brunell","statId":112,"yards":35}],"00-0022811":[{"sequence":2,"clubcode":"NYJ","playerName":"J.Cotchery","statId":115,"yards":0}]}},"863":{"sp":0,"qtr":2,"down":2,"time":"13:31","yrdln":"NYJ 45","ydstogo":10,"ydsnet":41,"posteam":"NYJ","desc":"(13:31) J.Conner right guard to NYJ 49 for 4 yards (J.Byrd, A.Ayodele).","note":null,"players":{"00-0027739":[{"sequence":1,"clubcode":"NYJ","playerName":"J.Conner","statId":10,"yards":4}],"00-0027018":[{"sequence":2,"clubcode":"BUF","playerName":"J.Byrd","statId":80,"yards":0}],"00-0021214":[{"sequence":3,"clubcode":"BUF","playerName":"A.Ayodele","statId":82,"yards":0}]}},"884":{"sp":0,"qtr":2,"down":3,"time":"12:49","yrdln":"NYJ 49","ydstogo":6,"ydsnet":41,"posteam":"NYJ","desc":"(12:49) (Shotgun) M.Brunell pass incomplete short right to J.Cumberland.","note":null,"players":{"00-0027321":[{"sequence":3,"clubcode":"NYJ","playerName":"J.Cumberland","statId":115,"yards":0}],"00-0002110":[{"sequence":2,"clubcode":"NYJ","playerName":"M.Brunell","statId":14,"yards":0},{"sequence":4,"clubcode":"NYJ","playerName":"M.Brunell","statId":112,"yards":9}],"0":[{"sequence":1,"clubcode":"NYJ","playerName":"","statId":7,"yards":0}]}},"906":{"sp":0,"qtr":2,"down":4,"time":"12:44","yrdln":"NYJ 49","ydstogo":6,"ydsnet":41,"posteam":"NYJ","desc":"(12:44) S.Weatherford punts 41 yards to BUF 10, Center-T.Purdum, fair catch by C.Spiller.","note":"PUNT","players":{"00-0024110":[{"sequence":1,"clubcode":"NYJ","playerName":"S.Weatherford","statId":29,"yards":41},{"sequence":2,"clubcode":"NYJ","playerName":"S.Weatherford","statId":30,"yards":0}],"00-0027861":[{"sequence":3,"clubcode":"BUF","playerName":"C.Spiller","statId":39,"yards":0}]}}},"fds":2,"result":"Punt","penyds":0,"ydsgained":41,"numplays":11,"postime":"3:54","start":{"qtr":1,"time":"01:30","yrdln":"NYJ 8","team":"NYJ"},"end":{"qtr":1,"time":"12:36","yrdln":"NYJ 49","team":"NYJ"}},"5":{"posteam":"BUF","qtr":2,"redzone":true,"plays":{"930":{"sp":0,"qtr":2,"down":1,"time":"12:36","yrdln":"BUF 10","ydstogo":10,"ydsnet":2,"posteam":"BUF","desc":"(12:36) F.Jackson right guard to BUF 12 for 2 yards (M.Devito). FUMBLES (M.Devito), recovered by BUF-E.Wood at BUF 12. E.Wood to BUF 12 for no gain (M.Cole).","note":"FUMBLE","players":{"00-0025689":[{"sequence":2,"clubcode":"NYJ","playerName":"M.Devito","statId":79,"yards":0},{"sequence":4,"clubcode":"NYJ","playerName":"M.Devito","statId":91,"yards":0}],"00-0027004":[{"sequence":5,"clubcode":"BUF","playerName":"E.Wood","statId":55,"yards":0}],"00-0024204":[{"sequence":1,"clubcode":"BUF","playerName":"F.Jackson","statId":10,"yards":2},{"sequence":3,"clubcode":"BUF","playerName":"F.Jackson","statId":52,"yards":0}],"00-0024588":[{"sequence":6,"clubcode":"NYJ","playerName":"M.Cole","statId":79,"yards":0}]}},"962":{"sp":0,"qtr":2,"down":2,"time":"11:49","yrdln":"BUF 12","ydstogo":8,"ydsnet":15,"posteam":"BUF","desc":"(11:49) (Shotgun) B.Brohm pass short middle to F.Jackson to BUF 25 for 13 yards (B.Scott).","note":null,"players":{"00-0024204":[{"sequence":4,"clubcode":"BUF","playerName":"F.Jackson","statId":21,"yards":13},{"sequence":5,"clubcode":"BUF","playerName":"F.Jackson","statId":115,"yards":0},{"sequence":6,"clubcode":"BUF","playerName":"F.Jackson","statId":113,"yards":9}],"00-0026196":[{"sequence":2,"clubcode":"BUF","playerName":"B.Brohm","statId":15,"yards":13},{"sequence":3,"clubcode":"BUF","playerName":"B.Brohm","statId":111,"yards":4}],"0":[{"sequence":1,"clubcode":"BUF","playerName":"","statId":4,"yards":0}],"00-0020873":[{"sequence":7,"clubcode":"NYJ","playerName":"B.Scott","statId":79,"yards":0}]}},"986":{"sp":0,"qtr":2,"down":1,"time":"11:12","yrdln":"BUF 25","ydstogo":10,"ydsnet":18,"posteam":"BUF","desc":"(11:12) Reverse N.Roosevelt right end to BUF 28 for 3 yards (B.Pool).","note":null,"players":{"00-0023469":[{"sequence":2,"clubcode":"NYJ","playerName":"B.Pool","statId":79,"yards":0}],"00-0027220":[{"sequence":1,"clubcode":"BUF","playerName":"N.Roosevelt","statId":10,"yards":3}]}},"1007":{"sp":0,"qtr":2,"down":2,"time":"10:28","yrdln":"BUF 28","ydstogo":7,"ydsnet":13,"posteam":"BUF","desc":"(10:28) PENALTY on BUF-A.Levitre, False Start, 5 yards, enforced at BUF 28 - No Play.","note":"PENALTY","players":{"00-0027027":[{"sequence":1,"clubcode":"BUF","playerName":"A.Levitre","statId":93,"yards":5}]}},"1041":{"sp":0,"qtr":2,"down":2,"time":"10:01","yrdln":"BUF 23","ydstogo":12,"ydsnet":19,"posteam":"BUF","desc":"(10:01) F.Jackson right guard to BUF 29 for 6 yards (B.Pool).","note":null,"players":{"00-0024204":[{"sequence":1,"clubcode":"BUF","playerName":"F.Jackson","statId":10,"yards":6}],"00-0023469":[{"sequence":2,"clubcode":"NYJ","playerName":"B.Pool","statId":79,"yards":0}]}},"1062":{"sp":1,"qtr":2,"down":3,"time":"09:19","yrdln":"BUF 29","ydstogo":6,"ydsnet":19,"posteam":"BUF","desc":"(9:19) (Shotgun) B.Brohm pass short right intended for St. Johnson INTERCEPTED by M.Cole (C.Pace) [C.Pace] at BUF 35. M.Cole for 35 yards, TOUCHDOWN.","note":"TD","players":{"00-0026364":[{"sequence":3,"clubcode":"BUF","playerName":"St. Johnson","statId":115,"yards":0}],"00-0026196":[{"sequence":2,"clubcode":"BUF","playerName":"B.Brohm","statId":19,"yards":0},{"sequence":6,"clubcode":"BUF","playerName":"B.Brohm","statId":112,"yards":6}],"0":[{"sequence":1,"clubcode":"BUF","playerName":"","statId":7,"yards":0}],"00-0022120":[{"sequence":4,"clubcode":"NYJ","playerName":"C.Pace","statId":85,"yards":0},{"sequence":5,"clubcode":"NYJ","playerName":"C.Pace","statId":110,"yards":0}],"00-0024588":[{"sequence":7,"clubcode":"NYJ","playerName":"M.Cole","statId":26,"yards":35},{"sequence":8,"clubcode":"NYJ","playerName":"M.Cole","statId":85,"yards":0}]}}},"fds":1,"result":"Interception","penyds":-5,"ydsgained":24,"numplays":6,"postime":"3:29","start":{"qtr":2,"time":"12:36","yrdln":"BUF 10","team":"BUF"},"end":{"qtr":2,"time":"09:07","yrdln":"BUF 29","team":"BUF"}},"6":{"posteam":"BUF","qtr":2,"redzone":true,"plays":{"1106":{"sp":0,"qtr":2,"down":0,"time":"09:07","yrdln":"NYJ 30","ydstogo":0,"ydsnet":0,"posteam":"NYJ","desc":"N.Folk kicks 65 yards from NYJ 30 to BUF 5. L.McKelvin to BUF 19 for 14 yards (E.Cook).","note":"KICKOFF","players":{"00-0026151":[{"sequence":2,"clubcode":"BUF","playerName":"L.McKelvin","statId":45,"yards":14}],"00-0026648":[{"sequence":4,"clubcode":"NYJ","playerName":"E.Cook","statId":79,"yards":0}],"00-0025565":[{"sequence":1,"clubcode":"NYJ","playerName":"N.Folk","statId":41,"yards":65},{"sequence":3,"clubcode":"NYJ","playerName":"N.Folk","statId":42,"yards":0}]}},"1128":{"sp":0,"qtr":2,"down":1,"time":"09:02","yrdln":"BUF 19","ydstogo":10,"ydsnet":1,"posteam":"BUF","desc":"(9:02) C.Spiller left guard to BUF 20 for 1 yard (M.Devito, V.Gholston).","note":null,"players":{"00-0025689":[{"sequence":2,"clubcode":"NYJ","playerName":"M.Devito","statId":80,"yards":0}],"00-0026146":[{"sequence":3,"clubcode":"NYJ","playerName":"V.Gholston","statId":82,"yards":0}],"00-0027861":[{"sequence":1,"clubcode":"BUF","playerName":"C.Spiller","statId":10,"yards":1}]}},"1149":{"sp":0,"qtr":2,"down":2,"time":"08:22","yrdln":"BUF 20","ydstogo":9,"ydsnet":-1,"posteam":"BUF","desc":"(8:22) (Shotgun) B.Brohm sacked at BUF 18 for -2 yards (C.Pace).","note":null,"players":{"00-0026196":[{"sequence":1,"clubcode":"BUF","playerName":"B.Brohm","statId":20,"yards":-2}],"00-0022120":[{"sequence":2,"clubcode":"NYJ","playerName":"C.Pace","statId":83,"yards":-2},{"sequence":3,"clubcode":"NYJ","playerName":"C.Pace","statId":110,"yards":0},{"sequence":4,"clubcode":"NYJ","playerName":"C.Pace","statId":79,"yards":0},{"sequence":5,"clubcode":"NYJ","playerName":"C.Pace","statId":120,"yards":0}]}},"1168":{"sp":0,"qtr":2,"down":3,"time":"07:46","yrdln":"BUF 18","ydstogo":11,"ydsnet":-1,"posteam":"BUF","desc":"(7:46) (Shotgun) B.Brohm pass incomplete short right to P.Hubbard.","note":null,"players":{"00-0026196":[{"sequence":2,"clubcode":"BUF","playerName":"B.Brohm","statId":14,"yards":0},{"sequence":4,"clubcode":"BUF","playerName":"B.Brohm","statId":112,"yards":9}],"00-0026331":[{"sequence":3,"clubcode":"BUF","playerName":"P.Hubbard","statId":115,"yards":0}],"0":[{"sequence":1,"clubcode":"BUF","playerName":"","statId":7,"yards":0}]}},"1190":{"sp":0,"qtr":2,"down":4,"time":"07:41","yrdln":"BUF 18","ydstogo":11,"ydsnet":-1,"posteam":"BUF","desc":"(7:41) B.Moorman punts 59 yards to NYJ 23, Center-G.Sanborn. J.Cotchery to NYJ 38 for 15 yards (J.Stupar, G.Sanborn).","note":"PUNT","players":{"00-0026844":[{"sequence":4,"clubcode":"BUF","playerName":"G.Sanborn","statId":82,"yards":0}],"00-0025864":[{"sequence":3,"clubcode":"BUF","playerName":"J.Stupar","statId":80,"yards":0}],"00-0011626":[{"sequence":1,"clubcode":"BUF","playerName":"B.Moorman","statId":29,"yards":59}],"00-0022811":[{"sequence":2,"clubcode":"NYJ","playerName":"J.Cotchery","statId":33,"yards":15}]}}},"fds":0,"result":"Punt","penyds":0,"ydsgained":-1,"numplays":5,"postime":"1:39","start":{"qtr":2,"time":"09:07","yrdln":"BUF 19","team":"BUF"},"end":{"qtr":2,"time":"07:28","yrdln":"BUF 18","team":"BUF"}},"7":{"posteam":"NYJ","qtr":2,"redzone":true,"plays":{"1216":{"sp":0,"qtr":2,"down":1,"time":"07:28","yrdln":"NYJ 38","ydstogo":10,"ydsnet":-7,"posteam":"NYJ","desc":"(7:28) M.Brunell sacked at NYJ 31 for -7 yards (Sp.Johnson).","note":null,"players":{"00-0002110":[{"sequence":1,"clubcode":"NYJ","playerName":"M.Brunell","statId":20,"yards":-7}],"00-0022610":[{"sequence":2,"clubcode":"BUF","playerName":"Sp.Johnson","statId":83,"yards":-7},{"sequence":3,"clubcode":"BUF","playerName":"Sp.Johnson","statId":110,"yards":0},{"sequence":4,"clubcode":"BUF","playerName":"Sp.Johnson","statId":79,"yards":0},{"sequence":5,"clubcode":"BUF","playerName":"Sp.Johnson","statId":120,"yards":0}]}},"1235":{"sp":0,"qtr":2,"down":2,"time":"06:57","yrdln":"NYJ 31","ydstogo":17,"ydsnet":-7,"posteam":"NYJ","desc":"(6:57) Direct snap to B.Smith.  J.McKnight right end pushed ob at NYJ 31 for no gain (P.Posluszny).","note":null,"players":{"00-0025421":[{"sequence":2,"clubcode":"BUF","playerName":"P.Posluszny","statId":79,"yards":0}],"00-0027712":[{"sequence":1,"clubcode":"NYJ","playerName":"J.McKnight","statId":10,"yards":0}]}},"1258":{"sp":0,"qtr":2,"down":3,"time":"06:30","yrdln":"NYJ 31","ydstogo":17,"ydsnet":5,"posteam":"NYJ","desc":"(6:30) (Shotgun) J.McKnight right tackle to NYJ 43 for 12 yards (B.Scott).","note":null,"players":{"00-0021951":[{"sequence":3,"clubcode":"BUF","playerName":"B.Scott","statId":79,"yards":0}],"00-0027712":[{"sequence":2,"clubcode":"NYJ","playerName":"J.McKnight","statId":10,"yards":12}],"0":[{"sequence":1,"clubcode":"NYJ","playerName":"","statId":7,"yards":0}]}},"1279":{"sp":0,"qtr":2,"down":4,"time":"06:24","yrdln":"NYJ 43","ydstogo":5,"ydsnet":5,"posteam":"NYJ","desc":"(6:24) S.Weatherford punts 44 yards to BUF 13, Center-T.Purdum, fair catch by C.Spiller.","note":"PUNT","players":{"00-0024110":[{"sequence":1,"clubcode":"NYJ","playerName":"S.Weatherford","statId":29,"yards":44},{"sequence":2,"clubcode":"NYJ","playerName":"S.Weatherford","statId":30,"yards":0}],"00-0027861":[{"sequence":3,"clubcode":"BUF","playerName":"C.Spiller","statId":39,"yards":0}]}}},"fds":0,"result":"Punt","penyds":0,"ydsgained":5,"numplays":4,"postime":"1:12","start":{"qtr":2,"time":"07:28","yrdln":"NYJ 38","team":"NYJ"},"end":{"qtr":2,"time":"06:16","yrdln":"NYJ 43","team":"NYJ"}},"8":{"posteam":"BUF","qtr":2,"redzone":true,"plays":{"1299":{"sp":0,"qtr":2,"down":1,"time":"06:16","yrdln":"BUF 13","ydstogo":10,"ydsnet":0,"posteam":"BUF","desc":"(6:16) B.Brohm pass incomplete short left to St. Johnson [J.Taylor].","note":null,"players":{"00-0026364":[{"sequence":2,"clubcode":"BUF","playerName":"St. Johnson","statId":115,"yards":0}],"00-0026196":[{"sequence":1,"clubcode":"BUF","playerName":"B.Brohm","statId":14,"yards":0},{"sequence":4,"clubcode":"BUF","playerName":"B.Brohm","statId":112,"yards":8}],"00-0016112":[{"sequence":3,"clubcode":"NYJ","playerName":"J.Taylor","statId":110,"yards":0}]}},"1321":{"sp":0,"qtr":2,"down":2,"time":"06:11","yrdln":"BUF 13","ydstogo":10,"ydsnet":0,"posteam":"BUF","desc":"(6:11) (Shotgun) B.Brohm pass incomplete short right to N.Roosevelt (C.Pace).","note":null,"players":{"00-0026196":[{"sequence":1,"clubcode":"BUF","playerName":"B.Brohm","statId":14,"yards":0},{"sequence":4,"clubcode":"BUF","playerName":"B.Brohm","statId":112,"yards":0}],"00-0022120":[{"sequence":3,"clubcode":"NYJ","playerName":"C.Pace","statId":85,"yards":0}],"00-0027220":[{"sequence":2,"clubcode":"BUF","playerName":"N.Roosevelt","statId":115,"yards":0}]}},"1343":{"sp":0,"qtr":2,"down":3,"time":"06:07","yrdln":"BUF 13","ydstogo":10,"ydsnet":0,"posteam":"BUF","desc":"(6:07) (Shotgun) B.Brohm pass incomplete deep right to S.Chandler (D.Lowery).","note":null,"players":{"00-0025516":[{"sequence":3,"clubcode":"BUF","playerName":"S.Chandler","statId":115,"yards":0}],"00-0026196":[{"sequence":2,"clubcode":"BUF","playerName":"B.Brohm","statId":14,"yards":0},{"sequence":5,"clubcode":"BUF","playerName":"B.Brohm","statId":112,"yards":27}],"0":[{"sequence":1,"clubcode":"BUF","playerName":"","statId":7,"yards":0}],"00-0026253":[{"sequence":4,"clubcode":"NYJ","playerName":"D.Lowery","statId":85,"yards":0}]}},"1365":{"sp":0,"qtr":2,"down":4,"time":"06:00","yrdln":"BUF 13","ydstogo":10,"ydsnet":0,"posteam":"BUF","desc":"(6:00) B.Moorman punts 39 yards to NYJ 48, Center-G.Sanborn, fair catch by J.Cotchery.","note":"PUNT","players":{"00-0011626":[{"sequence":1,"clubcode":"BUF","playerName":"B.Moorman","statId":29,"yards":39}],"00-0022811":[{"sequence":2,"clubcode":"NYJ","playerName":"J.Cotchery","statId":39,"yards":0}]}}},"fds":0,"result":"Punt","penyds":0,"ydsgained":0,"numplays":4,"postime":"0:24","start":{"qtr":2,"time":"06:16","yrdln":"BUF 13","team":"BUF"},"end":{"qtr":2,"time":"05:52","yrdln":"BUF 13","team":"BUF"}},"9":{"posteam":"NYJ","qtr":2,"redzone":true,"plays":{"1385":{"sp":0,"qtr":2,"down":1,"time":"05:52","yrdln":"NYJ 48","ydstogo":10,"ydsnet":2,"posteam":"NYJ","desc":"(5:52) J.McKnight left end to 50 for 2 yards (K.Williams, A.Moats).","note":null,"players":{"00-0027777":[{"sequence":3,"clubcode":"BUF","playerName":"A.Moats","statId":82,"yards":0}],"00-0027712":[{"sequence":1,"clubcode":"NYJ","playerName":"J.McKnight","statId":10,"yards":2}],"00-0024348":[{"sequence":2,"clubcode":"BUF","playerName":"K.Williams","statId":80,"yards":0}]}},"1406":{"sp":0,"qtr":2,"down":2,"time":"05:11","yrdln":"50","ydstogo":8,"ydsnet":7,"posteam":"NYJ","desc":"(5:11) J.McKnight left guard to BUF 45 for 5 yards (T.Troup, C.Kelsay).","note":null,"players":{"00-0027712":[{"sequence":1,"clubcode":"NYJ","playerName":"J.McKnight","statId":10,"yards":5}],"00-0021995":[{"sequence":3,"clubcode":"BUF","playerName":"C.Kelsay","statId":82,"yards":0}],"00-0027655":[{"sequence":2,"clubcode":"BUF","playerName":"T.Troup","statId":80,"yards":0}]}},"1427":{"sp":0,"qtr":2,"down":3,"time":"04:35","yrdln":"BUF 45","ydstogo":3,"ydsnet":7,"posteam":"NYJ","desc":"(4:35) M.Brunell pass incomplete short left to J.Cotchery.","note":null,"players":{"00-0002110":[{"sequence":2,"clubcode":"NYJ","playerName":"M.Brunell","statId":14,"yards":0},{"sequence":4,"clubcode":"NYJ","playerName":"M.Brunell","statId":112,"yards":0}],"0":[{"sequence":1,"clubcode":"NYJ","playerName":"","statId":7,"yards":0}],"00-0022811":[{"sequence":3,"clubcode":"NYJ","playerName":"J.Cotchery","statId":115,"yards":0}]}},"1449":{"sp":0,"qtr":2,"down":4,"time":"04:23","yrdln":"BUF 45","ydstogo":3,"ydsnet":7,"posteam":"NYJ","desc":"(4:23) S.Weatherford punts 34 yards to BUF 11, Center-T.Purdum, fair catch by C.Spiller.","note":"PUNT","players":{"00-0024110":[{"sequence":1,"clubcode":"NYJ","playerName":"S.Weatherford","statId":29,"yards":34},{"sequence":2,"clubcode":"NYJ","playerName":"S.Weatherford","statId":30,"yards":0}],"00-0027861":[{"sequence":3,"clubcode":"BUF","playerName":"C.Spiller","statId":39,"yards":0}]}}},"fds":0,"result":"Punt","penyds":0,"ydsgained":7,"numplays":4,"postime":"1:37","start":{"qtr":2,"time":"05:52","yrdln":"NYJ 48","team":"NYJ"},"end":{"qtr":2,"time":"04:15","yrdln":"BUF 45","team":"NYJ"}},"10":{"posteam":"BUF","qtr":2,"redzone":true,"plays":{"1469":{"sp":0,"qtr":2,"down":1,"time":"04:15","yrdln":"BUF 11","ydstogo":10,"ydsnet":-2,"posteam":"BUF","desc":"(4:15) F.Jackson left guard to BUF 9 for -2 yards (J.Gilbert).","note":null,"players":{"00-0024204":[{"sequence":1,"clubcode":"BUF","playerName":"F.Jackson","statId":10,"yards":-2}],"0":[{"sequence":2,"clubcode":"BUF","playerName":"","statId":95,"yards":-2}],"00-0026900":[{"sequence":3,"clubcode":"NYJ","playerName":"J.Gilbert","statId":79,"yards":0},{"sequence":4,"clubcode":"NYJ","playerName":"J.Gilbert","statId":120,"yards":0}]}},"1490":{"sp":0,"qtr":2,"down":2,"time":"03:36","yrdln":"BUF 9","ydstogo":12,"ydsnet":5,"posteam":"BUF","desc":"(3:36) (Shotgun) B.Brohm pass short left to J.Stupar to BUF 16 for 7 yards (D.Lowery).","note":null,"players":{"00-0025864":[{"sequence":3,"clubcode":"BUF","playerName":"J.Stupar","statId":21,"yards":7},{"sequence":4,"clubcode":"BUF","playerName":"J.Stupar","statId":115,"yards":0},{"sequence":5,"clubcode":"BUF","playerName":"J.Stupar","statId":113,"yards":11}],"00-0026196":[{"sequence":1,"clubcode":"BUF","playerName":"B.Brohm","statId":15,"yards":7},{"sequence":2,"clubcode":"BUF","playerName":"B.Brohm","statId":111,"yards":-4}],"00-0026253":[{"sequence":6,"clubcode":"NYJ","playerName":"D.Lowery","statId":79,"yards":0}]}},"1514":{"sp":0,"qtr":2,"down":3,"time":"02:53","yrdln":"BUF 16","ydstogo":5,"ydsnet":9,"posteam":"BUF","desc":"(2:53) (Shotgun) B.Brohm pass short right to St. Johnson to BUF 20 for 4 yards (M.Cole) [E.Cook].","note":null,"players":{"00-0026364":[{"sequence":4,"clubcode":"BUF","playerName":"St. Johnson","statId":21,"yards":4},{"sequence":5,"clubcode":"BUF","playerName":"St. Johnson","statId":115,"yards":0},{"sequence":6,"clubcode":"BUF","playerName":"St. Johnson","statId":113,"yards":0}],"00-0026196":[{"sequence":2,"clubcode":"BUF","playerName":"B.Brohm","statId":15,"yards":4},{"sequence":3,"clubcode":"BUF","playerName":"B.Brohm","statId":111,"yards":4}],"00-0026648":[{"sequence":7,"clubcode":"NYJ","playerName":"E.Cook","statId":110,"yards":0}],"0":[{"sequence":1,"clubcode":"BUF","playerName":"","statId":7,"yards":0}],"00-0024588":[{"sequence":8,"clubcode":"NYJ","playerName":"M.Cole","statId":79,"yards":0}]}},"1538":{"sp":0,"qtr":2,"down":4,"time":"02:15","yrdln":"BUF 20","ydstogo":1,"ydsnet":9,"posteam":"BUF","desc":"(2:15) B.Moorman punts 42 yards to NYJ 38, Center-G.Sanborn. J.Cotchery to NYJ 41 for 3 yards (S.Chandler, G.Sanborn).","note":"PUNT","players":{"00-0026844":[{"sequence":4,"clubcode":"BUF","playerName":"G.Sanborn","statId":82,"yards":0}],"00-0011626":[{"sequence":1,"clubcode":"BUF","playerName":"B.Moorman","statId":29,"yards":42}],"00-0025516":[{"sequence":3,"clubcode":"BUF","playerName":"S.Chandler","statId":80,"yards":0}],"00-0022811":[{"sequence":2,"clubcode":"NYJ","playerName":"J.Cotchery","statId":33,"yards":3}]}}},"fds":0,"result":"Punt","penyds":0,"ydsgained":9,"numplays":4,"postime":"2:15","start":{"qtr":2,"time":"04:15","yrdln":"BUF 11","team":"BUF"},"end":{"qtr":2,"time":"02:00","yrdln":"BUF 20","team":"BUF"}},"11":{"posteam":"NYJ","qtr":2,"redzone":true,"plays":{"1581":{"sp":0,"qtr":2,"down":1,"time":"02:00","yrdln":"NYJ 41","ydstogo":10,"ydsnet":-1,"posteam":"NYJ","desc":"(2:00) Reverse J.Cotchery left end to NYJ 40 for -1 yards (P.Posluszny).","note":null,"players":{"00-0025421":[{"sequence":3,"clubcode":"BUF","playerName":"P.Posluszny","statId":79,"yards":0},{"sequence":4,"clubcode":"BUF","playerName":"P.Posluszny","statId":120,"yards":0}],"0":[{"sequence":2,"clubcode":"NYJ","playerName":"","statId":95,"yards":-1}],"00-0022811":[{"sequence":1,"clubcode":"NYJ","playerName":"J.Cotchery","statId":10,"yards":-1}]}},"1602":{"sp":0,"qtr":2,"down":2,"time":"01:26","yrdln":"NYJ 40","ydstogo":11,"ydsnet":17,"posteam":"NYJ","desc":"(1:26) M.Brunell pass deep middle to J.Cotchery to BUF 42 for 18 yards (J.Byrd).","note":null,"players":{"00-0002110":[{"sequence":2,"clubcode":"NYJ","playerName":"M.Brunell","statId":15,"yards":18},{"sequence":3,"clubcode":"NYJ","playerName":"M.Brunell","statId":111,"yards":18}],"00-0027018":[{"sequence":7,"clubcode":"BUF","playerName":"J.Byrd","statId":79,"yards":0}],"0":[{"sequence":1,"clubcode":"NYJ","playerName":"","statId":4,"yards":0}],"00-0022811":[{"sequence":4,"clubcode":"NYJ","playerName":"J.Cotchery","statId":21,"yards":18},{"sequence":5,"clubcode":"NYJ","playerName":"J.Cotchery","statId":115,"yards":0},{"sequence":6,"clubcode":"NYJ","playerName":"J.Cotchery","statId":113,"yards":0}]}},"1630":{"sp":0,"qtr":2,"down":0,"time":"01:18","yrdln":"","ydstogo":0,"ydsnet":17,"posteam":"","desc":"Timeout #1 by NYJ at 01:18.","note":"TIMEOUT","players":{"0":[{"sequence":1,"clubcode":"NYJ","playerName":"","statId":68,"yards":0}]}},"1647":{"sp":0,"qtr":2,"down":1,"time":"01:17","yrdln":"BUF 42","ydstogo":10,"ydsnet":20,"posteam":"NYJ","desc":"(1:17) Direct snap to B.Smith.  B.Smith right end pushed ob at BUF 39 for 3 yards (P.Posluszny).","note":null,"players":{"00-0025421":[{"sequence":2,"clubcode":"BUF","playerName":"P.Posluszny","statId":79,"yards":0}],"00-0024318":[{"sequence":1,"clubcode":"NYJ","playerName":"B.Smith","statId":10,"yards":3}]}},"1670":{"sp":0,"qtr":2,"down":2,"time":"01:12","yrdln":"BUF 39","ydstogo":7,"ydsnet":20,"posteam":"NYJ","desc":"(1:12) M.Brunell pass incomplete short right to B.Edwards [A.Moats].","note":null,"players":{"00-0027777":[{"sequence":3,"clubcode":"BUF","playerName":"A.Moats","statId":110,"yards":0}],"00-0002110":[{"sequence":1,"clubcode":"NYJ","playerName":"M.Brunell","statId":14,"yards":0},{"sequence":4,"clubcode":"NYJ","playerName":"M.Brunell","statId":112,"yards":9}],"00-0023438":[{"sequence":2,"clubcode":"NYJ","playerName":"B.Edwards","statId":115,"yards":0}]}},"1692":{"sp":0,"qtr":2,"down":3,"time":"01:06","yrdln":"BUF 39","ydstogo":7,"ydsnet":27,"posteam":"NYJ","desc":"(1:06) (Shotgun) M.Brunell pass short left to J.Cotchery to BUF 32 for 7 yards (D.Whitner).","note":null,"players":{"00-0002110":[{"sequence":3,"clubcode":"NYJ","playerName":"M.Brunell","statId":15,"yards":7},{"sequence":4,"clubcode":"NYJ","playerName":"M.Brunell","statId":111,"yards":7}],"0":[{"sequence":1,"clubcode":"NYJ","playerName":"","statId":4,"yards":0},{"sequence":2,"clubcode":"NYJ","playerName":"","statId":6,"yards":0}],"00-0022811":[{"sequence":5,"clubcode":"NYJ","playerName":"J.Cotchery","statId":21,"yards":7},{"sequence":6,"clubcode":"NYJ","playerName":"J.Cotchery","statId":115,"yards":0},{"sequence":7,"clubcode":"NYJ","playerName":"J.Cotchery","statId":113,"yards":0}],"00-0024223":[{"sequence":8,"clubcode":"BUF","playerName":"D.Whitner","statId":79,"yards":0}]}},"1716":{"sp":0,"qtr":2,"down":0,"time":"00:57","yrdln":"","ydstogo":0,"ydsnet":27,"posteam":"","desc":"Timeout #2 by NYJ at 00:57.","note":"TIMEOUT","players":{"0":[{"sequence":1,"clubcode":"NYJ","playerName":"","statId":68,"yards":0}]}},"1733":{"sp":0,"qtr":2,"down":1,"time":"00:57","yrdln":"BUF 32","ydstogo":10,"ydsnet":33,"posteam":"NYJ","desc":"(:57) Direct snap to B.Smith.  J.Conner left tackle to BUF 26 for 6 yards (A.Moats, P.Posluszny).","note":null,"players":{"00-0025421":[{"sequence":3,"clubcode":"BUF","playerName":"P.Posluszny","statId":82,"yards":0}],"00-0027777":[{"sequence":2,"clubcode":"BUF","playerName":"A.Moats","statId":80,"yards":0}],"00-0027739":[{"sequence":1,"clubcode":"NYJ","playerName":"J.Conner","statId":10,"yards":6}]}},"1756":{"sp":0,"qtr":2,"down":2,"time":"00:31","yrdln":"BUF 26","ydstogo":4,"ydsnet":42,"posteam":"NYJ","desc":"(:31) (No Huddle, Shotgun) M.Brunell pass short left to J.McKnight pushed ob at BUF 17 for 9 yards (J.Byrd).","note":null,"players":{"00-0002110":[{"sequence":2,"clubcode":"NYJ","playerName":"M.Brunell","statId":15,"yards":9},{"sequence":3,"clubcode":"NYJ","playerName":"M.Brunell","statId":111,"yards":6}],"00-0027712":[{"sequence":4,"clubcode":"NYJ","playerName":"J.McKnight","statId":21,"yards":9},{"sequence":5,"clubcode":"NYJ","playerName":"J.McKnight","statId":115,"yards":0},{"sequence":6,"clubcode":"NYJ","playerName":"J.McKnight","statId":113,"yards":3}],"00-0027018":[{"sequence":7,"clubcode":"BUF","playerName":"J.Byrd","statId":79,"yards":0}],"0":[{"sequence":1,"clubcode":"NYJ","playerName":"","statId":4,"yards":0}]}},"1780":{"sp":0,"qtr":2,"down":1,"time":"00:26","yrdln":"BUF 17","ydstogo":10,"ydsnet":42,"posteam":"NYJ","desc":"(:26) (Shotgun) M.Brunell pass incomplete short left [C.Kelsay]. Penalty on BUF-C.Kelsay, Roughing the Passer, offsetting, enforced at BUF 17 - No Play. Penalty on NYJ-M.Brunell, Intentional Grounding, offsetting.","note":null,"players":{}},"1813":{"sp":1,"qtr":2,"down":1,"time":"00:22","yrdln":"BUF 17","ydstogo":10,"ydsnet":59,"posteam":"NYJ","desc":"(:22) (Shotgun) M.Brunell pass deep left to S.Holmes for 17 yards, TOUCHDOWN.","note":"TD","players":{"00-0002110":[{"sequence":2,"clubcode":"NYJ","playerName":"M.Brunell","statId":16,"yards":17},{"sequence":3,"clubcode":"NYJ","playerName":"M.Brunell","statId":111,"yards":17}],"00-0024240":[{"sequence":4,"clubcode":"NYJ","playerName":"S.Holmes","statId":22,"yards":17},{"sequence":5,"clubcode":"NYJ","playerName":"S.Holmes","statId":115,"yards":0},{"sequence":6,"clubcode":"NYJ","playerName":"S.Holmes","statId":113,"yards":0}],"0":[{"sequence":1,"clubcode":"NYJ","playerName":"","statId":4,"yards":0}]}},"1834":{"sp":1,"qtr":2,"down":0,"time":"00:15","yrdln":"BUF 2","ydstogo":0,"ydsnet":59,"posteam":"NYJ","desc":"N.Folk extra point is GOOD, Center-T.Purdum, Holder-S.Weatherford.","note":"XP","players":{"00-0025565":[{"sequence":1,"clubcode":"NYJ","playerName":"N.Folk","statId":72,"yards":0}]}}},"fds":4,"result":"Touchdown","penyds":0,"ydsgained":59,"numplays":12,"postime":"1:45","start":{"qtr":2,"time":"02:00","yrdln":"NYJ 41","team":"NYJ"},"end":{"qtr":2,"time":"00:15","yrdln":"BUF 17","team":"NYJ"}},"12":{"posteam":"BUF","qtr":2,"redzone":true,"plays":{"1850":{"sp":0,"qtr":2,"down":0,"time":"00:15","yrdln":"NYJ 30","ydstogo":0,"ydsnet":0,"posteam":"NYJ","desc":"N.Folk kicks 45 yards from NYJ 30 to BUF 25. C.Spiller to BUF 32 for 7 yards (I.Trufant).","note":"KICKOFF","players":{"00-0027861":[{"sequence":2,"clubcode":"BUF","playerName":"C.Spiller","statId":45,"yards":7}],"00-0027915":[{"sequence":3,"clubcode":"NYJ","playerName":"I.Trufant","statId":79,"yards":0}],"00-0025565":[{"sequence":1,"clubcode":"NYJ","playerName":"N.Folk","statId":41,"yards":45}]}},"1872":{"sp":0,"qtr":2,"down":1,"time":"00:10","yrdln":"BUF 32","ydstogo":10,"ydsnet":3,"posteam":"BUF","desc":"(:10) F.Jackson left guard to BUF 35 for 3 yards (M.Dixon, J.Taylor).","note":null,"players":{"00-0026043":[{"sequence":2,"clubcode":"NYJ","playerName":"M.Dixon","statId":80,"yards":0}],"00-0024204":[{"sequence":1,"clubcode":"BUF","playerName":"F.Jackson","statId":10,"yards":3}],"00-0016112":[{"sequence":3,"clubcode":"NYJ","playerName":"J.Taylor","statId":82,"yards":0}]}},"1894":{"sp":0,"qtr":2,"down":0,"time":"","yrdln":"","ydstogo":0,"ydsnet":3,"posteam":"","desc":"END QUARTER 2","note":null,"players":{}}},"fds":0,"result":"End of Half","penyds":0,"ydsgained":3,"numplays":3,"postime":"0:15","start":{"qtr":2,"time":"00:15","yrdln":"BUF 32","team":"BUF"},"end":{"qtr":2,"time":"00:00","yrdln":"BUF 32","team":"BUF"}},"13":{"posteam":"NYJ","qtr":3,"redzone":true,"plays":{"1914":{"sp":0,"qtr":3,"down":0,"time":"15:00","yrdln":"BUF 30","ydstogo":0,"ydsnet":0,"posteam":"BUF","desc":"R.Lindell kicks 43 yards from BUF 30 to NYJ 27. J.Conner to NYJ 34 for 7 yards (P.Woods).","note":"KICKOFF","players":{"00-0019310":[{"sequence":1,"clubcode":"BUF","playerName":"R.Lindell","statId":41,"yards":43}],"00-0027739":[{"sequence":2,"clubcode":"NYJ","playerName":"J.Conner","statId":45,"yards":7}],"00-0024017":[{"sequence":3,"clubcode":"BUF","playerName":"P.Woods","statId":79,"yards":0}]}},"1936":{"sp":0,"qtr":3,"down":1,"time":"14:56","yrdln":"NYJ 34","ydstogo":10,"ydsnet":6,"posteam":"NYJ","desc":"(14:56) J.McKnight left tackle to NYJ 40 for 6 yards (A.Ayodele).","note":null,"players":{"00-0027712":[{"sequence":1,"clubcode":"NYJ","playerName":"J.McKnight","statId":10,"yards":6}],"00-0021214":[{"sequence":2,"clubcode":"BUF","playerName":"A.Ayodele","statId":79,"yards":0}]}},"1957":{"sp":0,"qtr":3,"down":2,"time":"14:56","yrdln":"NYJ 40","ydstogo":4,"ydsnet":1,"posteam":"NYJ","desc":"(14:56) PENALTY on NYJ-M.Mulligan, False Start, 5 yards, enforced at NYJ 40 - No Play.","note":"PENALTY","players":{"00-0026008":[{"sequence":1,"clubcode":"NYJ","playerName":"M.Mulligan","statId":93,"yards":5}]}},"1980":{"sp":0,"qtr":3,"down":2,"time":"13:57","yrdln":"NYJ 35","ydstogo":9,"ydsnet":5,"posteam":"NYJ","desc":"(13:57) J.McKnight right tackle to NYJ 39 for 4 yards (A.Moats).","note":null,"players":{"00-0027777":[{"sequence":2,"clubcode":"BUF","playerName":"A.Moats","statId":79,"yards":0}],"00-0027712":[{"sequence":1,"clubcode":"NYJ","playerName":"J.McKnight","statId":10,"yards":4}]}},"2001":{"sp":1,"qtr":3,"down":3,"time":"13:15","yrdln":"NYJ 39","ydstogo":5,"ydsnet":5,"posteam":"NYJ","desc":"(13:15) (Shotgun) M.Brunell pass short right intended for J.McKnight INTERCEPTED by J.Byrd [C.Kelsay] at NYJ 37. J.Byrd for 37 yards, TOUCHDOWN.","note":"TD","players":{"00-0002110":[{"sequence":2,"clubcode":"NYJ","playerName":"M.Brunell","statId":19,"yards":0},{"sequence":5,"clubcode":"NYJ","playerName":"M.Brunell","statId":112,"yards":-2}],"00-0027712":[{"sequence":3,"clubcode":"NYJ","playerName":"J.McKnight","statId":115,"yards":0}],"00-0027018":[{"sequence":6,"clubcode":"BUF","playerName":"J.Byrd","statId":26,"yards":37},{"sequence":7,"clubcode":"BUF","playerName":"J.Byrd","statId":85,"yards":0}],"0":[{"sequence":1,"clubcode":"NYJ","playerName":"","statId":7,"yards":0}],"00-0021995":[{"sequence":4,"clubcode":"BUF","playerName":"C.Kelsay","statId":110,"yards":0}]}}},"fds":0,"result":"Interception","penyds":-5,"ydsgained":10,"numplays":5,"postime":"1:54","start":{"qtr":3,"time":"15:00","yrdln":"NYJ 34","team":"NYJ"},"end":{"qtr":3,"time":"13:06","yrdln":"NYJ 39","team":"NYJ"}},"14":{"posteam":"NYJ","qtr":3,"redzone":true,"plays":{"2040":{"sp":0,"qtr":3,"down":0,"time":"13:06","yrdln":"BUF 30","ydstogo":0,"ydsnet":0,"posteam":"BUF","desc":"R.Lindell kicks 40 yards from BUF 30 to NYJ 30. M.Mulligan to NYJ 38 for 8 yards (A.Youboty, G.Wilson).","note":"KICKOFF","players":{"00-0019310":[{"sequence":1,"clubcode":"BUF","playerName":"R.Lindell","statId":41,"yards":40}],"00-0024285":[{"sequence":3,"clubcode":"BUF","playerName":"A.Youboty","statId":80,"yards":0}],"00-0026008":[{"sequence":2,"clubcode":"NYJ","playerName":"M.Mulligan","statId":45,"yards":8}],"00-0022341":[{"sequence":4,"clubcode":"BUF","playerName":"G.Wilson","statId":82,"yards":0}]}},"2062":{"sp":0,"qtr":3,"down":1,"time":"13:02","yrdln":"NYJ 38","ydstogo":10,"ydsnet":2,"posteam":"NYJ","desc":"(13:02) J.McKnight up the middle to NYJ 40 for 2 yards (A.Ayodele, C.Kelsay).","note":null,"players":{"00-0027712":[{"sequence":1,"clubcode":"NYJ","playerName":"J.McKnight","statId":10,"yards":2}],"00-0021995":[{"sequence":3,"clubcode":"BUF","playerName":"C.Kelsay","statId":82,"yards":0}],"00-0021214":[{"sequence":2,"clubcode":"BUF","playerName":"A.Ayodele","statId":80,"yards":0}]}},"2083":{"sp":0,"qtr":3,"down":2,"time":"12:28","yrdln":"NYJ 40","ydstogo":8,"ydsnet":16,"posteam":"NYJ","desc":"(12:28) PENALTY on BUF-D.Florence, Defensive Offside, 5 yards, enforced at NYJ 40 - No Play.","note":"PENALTY","players":{"00-0021994":[{"sequence":1,"clubcode":"BUF","playerName":"D.Florence","statId":93,"yards":5}]}},"2106":{"sp":0,"qtr":3,"down":2,"time":"12:11","yrdln":"NYJ 45","ydstogo":3,"ydsnet":16,"posteam":"NYJ","desc":"(12:11) J.McKnight right tackle to BUF 46 for 9 yards (T.McGee).","note":null,"players":{"00-0022008":[{"sequence":3,"clubcode":"BUF","playerName":"T.McGee","statId":79,"yards":0}],"00-0027712":[{"sequence":2,"clubcode":"NYJ","playerName":"J.McKnight","statId":10,"yards":9}],"0":[{"sequence":1,"clubcode":"NYJ","playerName":"","statId":3,"yards":0}]}},"2127":{"sp":0,"qtr":3,"down":1,"time":"11:33","yrdln":"BUF 46","ydstogo":10,"ydsnet":13,"posteam":"NYJ","desc":"(11:33) Direct snap to B.Smith.  B.Smith left end to BUF 29 for 17 yards (A.Carrington, M.Stroud). PENALTY on NYJ-W.Hunter, Illegal Block Above the Waist, 10 yards, enforced at BUF 46 - No Play.","note":"PENALTY","players":{"00-0022000":[{"sequence":1,"clubcode":"NYJ","playerName":"W.Hunter","statId":93,"yards":10}]}},"2164":{"sp":0,"qtr":3,"down":1,"time":"10:56","yrdln":"NYJ 44","ydstogo":20,"ydsnet":13,"posteam":"NYJ","desc":"(10:56) J.McKnight right guard to BUF 49 for 7 yards (C.Kelsay, P.Woods).","note":null,"players":{"00-0027712":[{"sequence":1,"clubcode":"NYJ","playerName":"J.McKnight","statId":10,"yards":7}],"00-0024017":[{"sequence":3,"clubcode":"BUF","playerName":"P.Woods","statId":82,"yards":0}],"00-0021995":[{"sequence":2,"clubcode":"BUF","playerName":"C.Kelsay","statId":80,"yards":0}]}},"2185":{"sp":0,"qtr":3,"down":2,"time":"10:24","yrdln":"BUF 49","ydstogo":13,"ydsnet":17,"posteam":"NYJ","desc":"(10:24) J.Conner up the middle to BUF 45 for 4 yards (P.Posluszny, J.Byrd).","note":null,"players":{"00-0025421":[{"sequence":2,"clubcode":"BUF","playerName":"P.Posluszny","statId":80,"yards":0}],"00-0027739":[{"sequence":1,"clubcode":"NYJ","playerName":"J.Conner","statId":10,"yards":4}],"00-0027018":[{"sequence":3,"clubcode":"BUF","playerName":"J.Byrd","statId":82,"yards":0}]}},"2207":{"sp":0,"qtr":3,"down":3,"time":"09:43","yrdln":"BUF 45","ydstogo":9,"ydsnet":23,"posteam":"NYJ","desc":"(9:43) Direct snap to B.Smith.  J.Conner right guard to BUF 39 for 6 yards (K.Williams, A.Ayodele).","note":null,"players":{"00-0027739":[{"sequence":2,"clubcode":"NYJ","playerName":"J.Conner","statId":10,"yards":6}],"0":[{"sequence":1,"clubcode":"NYJ","playerName":"","statId":7,"yards":0}],"00-0024348":[{"sequence":3,"clubcode":"BUF","playerName":"K.Williams","statId":80,"yards":0}],"00-0021214":[{"sequence":4,"clubcode":"BUF","playerName":"A.Ayodele","statId":82,"yards":0}]}},"2230":{"sp":0,"qtr":3,"down":4,"time":"09:12","yrdln":"BUF 39","ydstogo":3,"ydsnet":23,"posteam":"NYJ","desc":"(9:12) S.Weatherford punts 36 yards to BUF 3, Center-T.Purdum, downed by NYJ-M.Cole.","note":"PUNT","players":{"00-0024110":[{"sequence":1,"clubcode":"NYJ","playerName":"S.Weatherford","statId":29,"yards":36},{"sequence":2,"clubcode":"NYJ","playerName":"S.Weatherford","statId":30,"yards":0}],"0":[{"sequence":3,"clubcode":"BUF","playerName":"","statId":38,"yards":0}]}}},"fds":1,"result":"Punt","penyds":-5,"ydsgained":28,"numplays":9,"postime":"4:02","start":{"qtr":3,"time":"13:06","yrdln":"NYJ 38","team":"NYJ"},"end":{"qtr":3,"time":"09:04","yrdln":"BUF 39","team":"NYJ"}},"15":{"posteam":"BUF","qtr":3,"redzone":true,"plays":{"2250":{"sp":0,"qtr":3,"down":1,"time":"09:04","yrdln":"BUF 3","ydstogo":10,"ydsnet":2,"posteam":"BUF","desc":"(9:04) F.Jackson left guard to BUF 5 for 2 yards (M.Devito, J.Mauga).","note":null,"players":{"00-0025689":[{"sequence":2,"clubcode":"NYJ","playerName":"M.Devito","statId":80,"yards":0}],"00-0024204":[{"sequence":1,"clubcode":"BUF","playerName":"F.Jackson","statId":10,"yards":2}],"00-0027170":[{"sequence":3,"clubcode":"NYJ","playerName":"J.Mauga","statId":82,"yards":0}]}},"2271":{"sp":0,"qtr":3,"down":2,"time":"08:29","yrdln":"BUF 5","ydstogo":8,"ydsnet":4,"posteam":"BUF","desc":"(8:29) F.Jackson up the middle to BUF 7 for 2 yards (J.Westerman, V.Gholston).","note":null,"players":{"00-0026146":[{"sequence":3,"clubcode":"NYJ","playerName":"V.Gholston","statId":82,"yards":0}],"00-0026662":[{"sequence":2,"clubcode":"NYJ","playerName":"J.Westerman","statId":80,"yards":0}],"00-0024204":[{"sequence":1,"clubcode":"BUF","playerName":"F.Jackson","statId":10,"yards":2}]}},"2292":{"sp":0,"qtr":3,"down":3,"time":"07:43","yrdln":"BUF 7","ydstogo":6,"ydsnet":4,"posteam":"BUF","desc":"(7:43) (Shotgun) B.Brohm pass incomplete short left to P.Hubbard [J.Mauga].","note":null,"players":{"00-0026196":[{"sequence":2,"clubcode":"BUF","playerName":"B.Brohm","statId":14,"yards":0},{"sequence":5,"clubcode":"BUF","playerName":"B.Brohm","statId":112,"yards":3}],"00-0026331":[{"sequence":3,"clubcode":"BUF","playerName":"P.Hubbard","statId":115,"yards":0}],"00-0027170":[{"sequence":4,"clubcode":"NYJ","playerName":"J.Mauga","statId":110,"yards":0}],"0":[{"sequence":1,"clubcode":"BUF","playerName":"","statId":7,"yards":0}]}},"2314":{"sp":0,"qtr":3,"down":4,"time":"07:39","yrdln":"BUF 7","ydstogo":6,"ydsnet":4,"posteam":"BUF","desc":"(7:39) B.Moorman punts 54 yards to NYJ 39, Center-G.Sanborn. J.Cotchery to NYJ 42 for 3 yards (S.Chandler).","note":"PUNT","players":{"00-0011626":[{"sequence":1,"clubcode":"BUF","playerName":"B.Moorman","statId":29,"yards":54}],"00-0025516":[{"sequence":3,"clubcode":"BUF","playerName":"S.Chandler","statId":79,"yards":0}],"00-0022811":[{"sequence":2,"clubcode":"NYJ","playerName":"J.Cotchery","statId":33,"yards":3}]}}},"fds":0,"result":"Punt","penyds":0,"ydsgained":4,"numplays":4,"postime":"1:37","start":{"qtr":3,"time":"09:04","yrdln":"BUF 3","team":"BUF"},"end":{"qtr":3,"time":"07:27","yrdln":"BUF 7","team":"BUF"}},"16":{"posteam":"NYJ","qtr":3,"redzone":true,"plays":{"2340":{"sp":0,"qtr":3,"down":1,"time":"07:27","yrdln":"NYJ 42","ydstogo":10,"ydsnet":6,"posteam":"NYJ","desc":"(7:27) J.McKnight up the middle to NYJ 48 for 6 yards (P.Posluszny, T.Troup).","note":null,"players":{"00-0025421":[{"sequence":2,"clubcode":"BUF","playerName":"P.Posluszny","statId":80,"yards":0}],"00-0027712":[{"sequence":1,"clubcode":"NYJ","playerName":"J.McKnight","statId":10,"yards":6}],"00-0027655":[{"sequence":3,"clubcode":"BUF","playerName":"T.Troup","statId":82,"yards":0}]}},"2361":{"sp":1,"qtr":3,"down":2,"time":"06:50","yrdln":"NYJ 48","ydstogo":4,"ydsnet":58,"posteam":"NYJ","desc":"(6:50) M.Brunell pass deep left to B.Edwards for 52 yards, TOUCHDOWN.","note":"TD","players":{"00-0002110":[{"sequence":2,"clubcode":"NYJ","playerName":"M.Brunell","statId":16,"yards":52},{"sequence":3,"clubcode":"NYJ","playerName":"M.Brunell","statId":111,"yards":33}],"0":[{"sequence":1,"clubcode":"NYJ","playerName":"","statId":4,"yards":0}],"00-0023438":[{"sequence":4,"clubcode":"NYJ","playerName":"B.Edwards","statId":22,"yards":52},{"sequence":5,"clubcode":"NYJ","playerName":"B.Edwards","statId":115,"yards":0},{"sequence":6,"clubcode":"NYJ","playerName":"B.Edwards","statId":113,"yards":19}]}},"2382":{"sp":1,"qtr":3,"down":0,"time":"06:41","yrdln":"BUF 2","ydstogo":0,"ydsnet":58,"posteam":"NYJ","desc":"N.Folk extra point is GOOD, Center-T.Purdum, Holder-S.Weatherford.","note":"XP","players":{"00-0025565":[{"sequence":1,"clubcode":"NYJ","playerName":"N.Folk","statId":72,"yards":0}]}}},"fds":1,"result":"Touchdown","penyds":0,"ydsgained":58,"numplays":3,"postime":"0:46","start":{"qtr":3,"time":"07:27","yrdln":"NYJ 42","team":"NYJ"},"end":{"qtr":3,"time":"06:41","yrdln":"NYJ 48","team":"NYJ"}},"17":{"posteam":"BUF","qtr":3,"redzone":true,"plays":{"2398":{"sp":0,"qtr":3,"down":0,"time":"06:41","yrdln":"NYJ 30","ydstogo":0,"ydsnet":0,"posteam":"NYJ","desc":"N.Folk kicks 68 yards from NYJ 30 to BUF 2. C.Spiller pushed ob at BUF 29 for 27 yards (J.Mauga).","note":"KICKOFF","players":{"00-0027861":[{"sequence":2,"clubcode":"BUF","playerName":"C.Spiller","statId":45,"yards":27}],"00-0027170":[{"sequence":3,"clubcode":"NYJ","playerName":"J.Mauga","statId":79,"yards":0}],"00-0025565":[{"sequence":1,"clubcode":"NYJ","playerName":"N.Folk","statId":41,"yards":68}]}},"2425":{"sp":0,"qtr":3,"down":1,"time":"06:34","yrdln":"BUF 29","ydstogo":10,"ydsnet":7,"posteam":"BUF","desc":"(6:34) B.Brohm pass short left to N.Roosevelt to BUF 36 for 7 yards (K.Wilson).","note":null,"players":{"00-0026196":[{"sequence":1,"clubcode":"BUF","playerName":"B.Brohm","statId":15,"yards":7},{"sequence":2,"clubcode":"BUF","playerName":"B.Brohm","statId":111,"yards":7}],"00-0027879":[{"sequence":6,"clubcode":"NYJ","playerName":"K.Wilson","statId":79,"yards":0}],"00-0027220":[{"sequence":3,"clubcode":"BUF","playerName":"N.Roosevelt","statId":21,"yards":7},{"sequence":4,"clubcode":"BUF","playerName":"N.Roosevelt","statId":115,"yards":0},{"sequence":5,"clubcode":"BUF","playerName":"N.Roosevelt","statId":113,"yards":0}]}},"2449":{"sp":0,"qtr":3,"down":2,"time":"05:58","yrdln":"BUF 36","ydstogo":3,"ydsnet":5,"posteam":"BUF","desc":"(5:58) F.Jackson up the middle to BUF 34 for -2 yards (J.Mauga, B.Pool).","note":null,"players":{"00-0024204":[{"sequence":1,"clubcode":"BUF","playerName":"F.Jackson","statId":10,"yards":-2}],"00-0023469":[{"sequence":4,"clubcode":"NYJ","playerName":"B.Pool","statId":82,"yards":0}],"00-0027170":[{"sequence":3,"clubcode":"NYJ","playerName":"J.Mauga","statId":80,"yards":0},{"sequence":5,"clubcode":"NYJ","playerName":"J.Mauga","statId":120,"yards":0}],"0":[{"sequence":2,"clubcode":"BUF","playerName":"","statId":95,"yards":-2}]}},"2470":{"sp":0,"qtr":3,"down":3,"time":"05:58","yrdln":"BUF 34","ydstogo":5,"ydsnet":0,"posteam":"BUF","desc":"(5:58) (Shotgun) PENALTY on BUF-D.Bell, False Start, 5 yards, enforced at BUF 34 - No Play.","note":"PENALTY","players":{"00-0026359":[{"sequence":1,"clubcode":"BUF","playerName":"D.Bell","statId":93,"yards":5}]}},"2493":{"sp":0,"qtr":3,"down":3,"time":"04:56","yrdln":"BUF 29","ydstogo":10,"ydsnet":0,"posteam":"BUF","desc":"(4:56) (Shotgun) B.Brohm pass incomplete short right to N.Roosevelt (M.Cole) [C.Pace].","note":null,"players":{"00-0026196":[{"sequence":2,"clubcode":"BUF","playerName":"B.Brohm","statId":14,"yards":0},{"sequence":6,"clubcode":"BUF","playerName":"B.Brohm","statId":112,"yards":10}],"0":[{"sequence":1,"clubcode":"BUF","playerName":"","statId":7,"yards":0}],"00-0022120":[{"sequence":5,"clubcode":"NYJ","playerName":"C.Pace","statId":110,"yards":0}],"00-0024588":[{"sequence":4,"clubcode":"NYJ","playerName":"M.Cole","statId":85,"yards":0}],"00-0027220":[{"sequence":3,"clubcode":"BUF","playerName":"N.Roosevelt","statId":115,"yards":0}]}},"2515":{"sp":0,"qtr":3,"down":4,"time":"04:49","yrdln":"BUF 29","ydstogo":10,"ydsnet":0,"posteam":"BUF","desc":"(4:49) B.Moorman punts 56 yards to NYJ 15, Center-G.Sanborn. J.McKnight to NYJ 40 for 25 yards (G.Wilson).","note":"PUNT","players":{"00-0011626":[{"sequence":1,"clubcode":"BUF","playerName":"B.Moorman","statId":29,"yards":56}],"00-0027712":[{"sequence":2,"clubcode":"NYJ","playerName":"J.McKnight","statId":33,"yards":25}],"00-0022341":[{"sequence":3,"clubcode":"BUF","playerName":"G.Wilson","statId":79,"yards":0}]}}},"fds":0,"result":"Punt","penyds":-5,"ydsgained":5,"numplays":6,"postime":"2:10","start":{"qtr":3,"time":"06:41","yrdln":"BUF 29","team":"BUF"},"end":{"qtr":3,"time":"04:31","yrdln":"BUF 29","team":"BUF"}},"18":{"posteam":"NYJ","qtr":3,"redzone":true,"plays":{"2541":{"sp":0,"qtr":3,"down":1,"time":"04:31","yrdln":"NYJ 40","ydstogo":10,"ydsnet":4,"posteam":"NYJ","desc":"(4:31) T.Richardson up the middle to NYJ 44 for 4 yards (Sp.Johnson, M.Stroud).","note":null,"players":{"00-0013694":[{"sequence":1,"clubcode":"NYJ","playerName":"T.Richardson","statId":10,"yards":4}],"00-0020492":[{"sequence":3,"clubcode":"BUF","playerName":"M.Stroud","statId":82,"yards":0}],"00-0022610":[{"sequence":2,"clubcode":"BUF","playerName":"Sp.Johnson","statId":80,"yards":0}]}},"2562":{"sp":0,"qtr":3,"down":2,"time":"03:56","yrdln":"NYJ 44","ydstogo":6,"ydsnet":4,"posteam":"NYJ","desc":"(3:56) Direct snap to B.Smith.  J.McKnight right end to NYJ 44 for no gain (M.Stroud).","note":null,"players":{"00-0020492":[{"sequence":2,"clubcode":"BUF","playerName":"M.Stroud","statId":79,"yards":0}],"00-0027712":[{"sequence":1,"clubcode":"NYJ","playerName":"J.McKnight","statId":10,"yards":0}]}},"2585":{"sp":0,"qtr":3,"down":3,"time":"03:13","yrdln":"NYJ 44","ydstogo":6,"ydsnet":5,"posteam":"NYJ","desc":"(3:13) J.McKnight up the middle to NYJ 45 for 1 yard (C.Kelsay).","note":null,"players":{"00-0027712":[{"sequence":2,"clubcode":"NYJ","playerName":"J.McKnight","statId":10,"yards":1}],"0":[{"sequence":1,"clubcode":"NYJ","playerName":"","statId":7,"yards":0}],"00-0021995":[{"sequence":3,"clubcode":"BUF","playerName":"C.Kelsay","statId":79,"yards":0}]}},"2606":{"sp":0,"qtr":3,"down":4,"time":"02:42","yrdln":"NYJ 45","ydstogo":5,"ydsnet":5,"posteam":"NYJ","desc":"(2:42) S.Weatherford punts 49 yards to BUF 6, Center-T.Purdum. C.Spiller pushed ob at BUF 28 for 22 yards (B.Smith).","note":"PUNT","players":{"00-0024110":[{"sequence":1,"clubcode":"NYJ","playerName":"S.Weatherford","statId":29,"yards":49}],"00-0027861":[{"sequence":2,"clubcode":"BUF","playerName":"C.Spiller","statId":33,"yards":22}],"00-0024318":[{"sequence":3,"clubcode":"NYJ","playerName":"B.Smith","statId":79,"yards":0}]}}},"fds":0,"result":"Punt","penyds":0,"ydsgained":5,"numplays":4,"postime":"2:02","start":{"qtr":3,"time":"04:31","yrdln":"NYJ 40","team":"NYJ"},"end":{"qtr":3,"time":"02:29","yrdln":"NYJ 45","team":"NYJ"}},"19":{"posteam":"BUF","qtr":4,"redzone":true,"plays":{"2632":{"sp":0,"qtr":3,"down":1,"time":"02:29","yrdln":"BUF 28","ydstogo":10,"ydsnet":0,"posteam":"BUF","desc":"(2:29) B.Brohm pass incomplete deep middle to St. Johnson (K.Wilson) [B.Scott].","note":null,"players":{"00-0026364":[{"sequence":2,"clubcode":"BUF","playerName":"St. Johnson","statId":115,"yards":0}],"00-0026196":[{"sequence":1,"clubcode":"BUF","playerName":"B.Brohm","statId":14,"yards":0},{"sequence":5,"clubcode":"BUF","playerName":"B.Brohm","statId":112,"yards":17}],"00-0020873":[{"sequence":4,"clubcode":"NYJ","playerName":"B.Scott","statId":110,"yards":0}],"00-0027879":[{"sequence":3,"clubcode":"NYJ","playerName":"K.Wilson","statId":85,"yards":0}]}},"2654":{"sp":0,"qtr":3,"down":2,"time":"02:23","yrdln":"BUF 28","ydstogo":10,"ydsnet":14,"posteam":"BUF","desc":"(2:23) B.Brohm pass short right to N.Roosevelt to BUF 42 for 14 yards (M.Cole) [B.Pool].","note":null,"players":{"00-0026196":[{"sequence":2,"clubcode":"BUF","playerName":"B.Brohm","statId":15,"yards":14},{"sequence":3,"clubcode":"BUF","playerName":"B.Brohm","statId":111,"yards":9}],"00-0023469":[{"sequence":7,"clubcode":"NYJ","playerName":"B.Pool","statId":110,"yards":0}],"0":[{"sequence":1,"clubcode":"BUF","playerName":"","statId":4,"yards":0}],"00-0024588":[{"sequence":8,"clubcode":"NYJ","playerName":"M.Cole","statId":79,"yards":0}],"00-0027220":[{"sequence":4,"clubcode":"BUF","playerName":"N.Roosevelt","statId":21,"yards":14},{"sequence":5,"clubcode":"BUF","playerName":"N.Roosevelt","statId":115,"yards":0},{"sequence":6,"clubcode":"BUF","playerName":"N.Roosevelt","statId":113,"yards":5}]}},"2678":{"sp":0,"qtr":3,"down":1,"time":"01:43","yrdln":"BUF 42","ydstogo":10,"ydsnet":17,"posteam":"BUF","desc":"(1:43) F.Jackson right end to BUF 45 for 3 yards (M.Cole).","note":null,"players":{"00-0024204":[{"sequence":1,"clubcode":"BUF","playerName":"F.Jackson","statId":10,"yards":3}],"00-0024588":[{"sequence":2,"clubcode":"NYJ","playerName":"M.Cole","statId":79,"yards":0}]}},"2699":{"sp":0,"qtr":3,"down":2,"time":"01:07","yrdln":"BUF 45","ydstogo":7,"ydsnet":22,"posteam":"BUF","desc":"(1:07) F.Jackson left guard to 50 for 5 yards (J.Westerman).","note":null,"players":{"00-0026662":[{"sequence":2,"clubcode":"NYJ","playerName":"J.Westerman","statId":79,"yards":0}],"00-0024204":[{"sequence":1,"clubcode":"BUF","playerName":"F.Jackson","statId":10,"yards":5}]}},"2720":{"sp":0,"qtr":3,"down":3,"time":"00:28","yrdln":"50","ydstogo":2,"ydsnet":26,"posteam":"BUF","desc":"(:28) B.Brohm pass short right to St. Johnson to NYJ 46 for 4 yards (D.Lowery).","note":null,"players":{"00-0026364":[{"sequence":5,"clubcode":"BUF","playerName":"St. Johnson","statId":21,"yards":4},{"sequence":6,"clubcode":"BUF","playerName":"St. Johnson","statId":115,"yards":0},{"sequence":7,"clubcode":"BUF","playerName":"St. Johnson","statId":113,"yards":0}],"00-0026196":[{"sequence":3,"clubcode":"BUF","playerName":"B.Brohm","statId":15,"yards":4},{"sequence":4,"clubcode":"BUF","playerName":"B.Brohm","statId":111,"yards":4}],"0":[{"sequence":1,"clubcode":"BUF","playerName":"","statId":4,"yards":0},{"sequence":2,"clubcode":"BUF","playerName":"","statId":6,"yards":0}],"00-0026253":[{"sequence":8,"clubcode":"NYJ","playerName":"D.Lowery","statId":79,"yards":0}]}},"2744":{"sp":0,"qtr":3,"down":0,"time":"","yrdln":"","ydstogo":0,"ydsnet":26,"posteam":"","desc":"END QUARTER 3","note":null,"players":{}},"2760":{"sp":0,"qtr":4,"down":1,"time":"15:00","yrdln":"NYJ 46","ydstogo":10,"ydsnet":26,"posteam":"BUF","desc":"(15:00) B.Brohm sacked at NYJ 46 for 0 yards (J.Taylor).","note":null,"players":{"00-0026196":[{"sequence":1,"clubcode":"BUF","playerName":"B.Brohm","statId":20,"yards":0}],"00-0016112":[{"sequence":2,"clubcode":"NYJ","playerName":"J.Taylor","statId":83,"yards":0},{"sequence":3,"clubcode":"NYJ","playerName":"J.Taylor","statId":110,"yards":0},{"sequence":4,"clubcode":"NYJ","playerName":"J.Taylor","statId":79,"yards":0}]}},"2779":{"sp":0,"qtr":4,"down":2,"time":"14:19","yrdln":"NYJ 46","ydstogo":10,"ydsnet":23,"posteam":"BUF","desc":"(14:19) (Shotgun) B.Brohm sacked at NYJ 49 for -3 yards (D.Coleman). FUMBLES (D.Coleman), RECOVERED by NYJ-J.Westerman at NYJ 49.","note":"FUMBLE","players":{"00-0026662":[{"sequence":7,"clubcode":"NYJ","playerName":"J.Westerman","statId":59,"yards":0}],"00-0026196":[{"sequence":1,"clubcode":"BUF","playerName":"B.Brohm","statId":20,"yards":-3},{"sequence":4,"clubcode":"BUF","playerName":"B.Brohm","statId":52,"yards":0},{"sequence":5,"clubcode":"BUF","playerName":"B.Brohm","statId":106,"yards":0}],"00-0024403":[{"sequence":2,"clubcode":"NYJ","playerName":"D.Coleman","statId":83,"yards":-3},{"sequence":3,"clubcode":"NYJ","playerName":"D.Coleman","statId":79,"yards":0},{"sequence":6,"clubcode":"NYJ","playerName":"D.Coleman","statId":91,"yards":0}]}}},"fds":2,"result":"Fumble","penyds":0,"ydsgained":23,"numplays":8,"postime":"3:18","start":{"qtr":3,"time":"02:29","yrdln":"BUF 28","team":"BUF"},"end":{"qtr":3,"time":"14:11","yrdln":"NYJ 46","team":"BUF"}},"20":{"posteam":"NYJ","qtr":4,"redzone":true,"plays":{"2809":{"sp":0,"qtr":4,"down":1,"time":"14:11","yrdln":"NYJ 49","ydstogo":10,"ydsnet":2,"posteam":"NYJ","desc":"(14:11) NYJ #11 Clemens in at QB. T.Richardson right guard to BUF 49 for 2 yards (C.Kelsay, A.Moats).","note":null,"players":{"00-0013694":[{"sequence":1,"clubcode":"NYJ","playerName":"T.Richardson","statId":10,"yards":2}],"00-0027777":[{"sequence":3,"clubcode":"BUF","playerName":"A.Moats","statId":82,"yards":0}],"00-0021995":[{"sequence":2,"clubcode":"BUF","playerName":"C.Kelsay","statId":80,"yards":0}]}},"2835":{"sp":0,"qtr":4,"down":2,"time":"13:29","yrdln":"BUF 49","ydstogo":8,"ydsnet":6,"posteam":"NYJ","desc":"(13:29) J.Conner left guard to BUF 45 for 4 yards (C.Kelsay).","note":null,"players":{"00-0027739":[{"sequence":1,"clubcode":"NYJ","playerName":"J.Conner","statId":10,"yards":4}],"00-0021995":[{"sequence":2,"clubcode":"BUF","playerName":"C.Kelsay","statId":79,"yards":0}]}},"2856":{"sp":0,"qtr":4,"down":3,"time":"12:46","yrdln":"BUF 45","ydstogo":4,"ydsnet":1,"posteam":"NYJ","desc":"(12:46) B.Smith left end to 50 for -5 yards (J.Byrd).","note":null,"players":{"00-0027018":[{"sequence":4,"clubcode":"BUF","playerName":"J.Byrd","statId":79,"yards":0},{"sequence":5,"clubcode":"BUF","playerName":"J.Byrd","statId":120,"yards":0}],"0":[{"sequence":1,"clubcode":"NYJ","playerName":"","statId":7,"yards":0},{"sequence":3,"clubcode":"NYJ","playerName":"","statId":95,"yards":-5}],"00-0024318":[{"sequence":2,"clubcode":"NYJ","playerName":"B.Smith","statId":10,"yards":-5}]}},"2877":{"sp":0,"qtr":4,"down":4,"time":"12:10","yrdln":"50","ydstogo":9,"ydsnet":1,"posteam":"NYJ","desc":"(12:10) S.Weatherford punts 44 yards to BUF 6, Center-T.Purdum. C.Spiller pushed ob at BUF 28 for 22 yards (B.Smith).","note":"PUNT","players":{"00-0024110":[{"sequence":1,"clubcode":"NYJ","playerName":"S.Weatherford","statId":29,"yards":44}],"00-0027861":[{"sequence":2,"clubcode":"BUF","playerName":"C.Spiller","statId":33,"yards":22}],"00-0024318":[{"sequence":3,"clubcode":"NYJ","playerName":"B.Smith","statId":79,"yards":0}]}}},"fds":0,"result":"Punt","penyds":0,"ydsgained":1,"numplays":4,"postime":"2:15","start":{"qtr":4,"time":"14:11","yrdln":"NYJ 49","team":"NYJ"},"end":{"qtr":4,"time":"11:56","yrdln":"50","team":"NYJ"}},"21":{"posteam":"BUF","qtr":4,"redzone":true,"plays":{"2903":{"sp":0,"qtr":4,"down":1,"time":"11:56","yrdln":"BUF 28","ydstogo":10,"ydsnet":0,"posteam":"BUF","desc":"(11:56) B.Brohm pass short left intended for J.Stupar INTERCEPTED by C.Pace (J.Taylor) at BUF 28. C.Pace to BUF 27 for 1 yard (J.Stupar).","note":"INT","players":{"00-0025864":[{"sequence":2,"clubcode":"BUF","playerName":"J.Stupar","statId":115,"yards":0},{"sequence":7,"clubcode":"BUF","playerName":"J.Stupar","statId":79,"yards":0}],"00-0026196":[{"sequence":1,"clubcode":"BUF","playerName":"B.Brohm","statId":19,"yards":0},{"sequence":4,"clubcode":"BUF","playerName":"B.Brohm","statId":112,"yards":0}],"00-0016112":[{"sequence":3,"clubcode":"NYJ","playerName":"J.Taylor","statId":85,"yards":0}],"00-0022120":[{"sequence":5,"clubcode":"NYJ","playerName":"C.Pace","statId":25,"yards":1},{"sequence":6,"clubcode":"NYJ","playerName":"C.Pace","statId":85,"yards":0}]}}},"fds":0,"result":"Interception","penyds":0,"ydsgained":0,"numplays":1,"postime":"0:07","start":{"qtr":4,"time":"11:56","yrdln":"BUF 28","team":"BUF"},"end":{"qtr":4,"time":"11:49","yrdln":"BUF 28","team":"BUF"}},"22":{"posteam":"NYJ","qtr":4,"redzone":true,"plays":{"2930":{"sp":0,"qtr":4,"down":1,"time":"11:49","yrdln":"BUF 27","ydstogo":10,"ydsnet":4,"posteam":"NYJ","desc":"(11:49) J.McKnight right end pushed ob at BUF 23 for 4 yards (D.Whitner).","note":null,"players":{"00-0027712":[{"sequence":1,"clubcode":"NYJ","playerName":"J.McKnight","statId":10,"yards":4}],"00-0024223":[{"sequence":2,"clubcode":"BUF","playerName":"D.Whitner","statId":79,"yards":0}]}},"2952":{"sp":0,"qtr":4,"down":2,"time":"11:25","yrdln":"BUF 23","ydstogo":6,"ydsnet":7,"posteam":"NYJ","desc":"(11:25) B.Smith pass short right to J.Cumberland to BUF 20 for 3 yards (A.Ayodele) [A.Moats].","note":null,"players":{"00-0027777":[{"sequence":6,"clubcode":"BUF","playerName":"A.Moats","statId":110,"yards":0}],"00-0027321":[{"sequence":3,"clubcode":"NYJ","playerName":"J.Cumberland","statId":21,"yards":3},{"sequence":4,"clubcode":"NYJ","playerName":"J.Cumberland","statId":115,"yards":0},{"sequence":5,"clubcode":"NYJ","playerName":"J.Cumberland","statId":113,"yards":3}],"00-0021214":[{"sequence":7,"clubcode":"BUF","playerName":"A.Ayodele","statId":79,"yards":0}],"00-0024318":[{"sequence":1,"clubcode":"NYJ","playerName":"B.Smith","statId":15,"yards":3},{"sequence":2,"clubcode":"NYJ","playerName":"B.Smith","statId":111,"yards":0}]}},"2976":{"sp":0,"qtr":4,"down":3,"time":"10:54","yrdln":"BUF 20","ydstogo":3,"ydsnet":13,"posteam":"NYJ","desc":"(10:54) (Shotgun) K.Clemens pass short left to J.McKnight to BUF 14 for 6 yards (P.Posluszny).","note":null,"players":{"00-0025421":[{"sequence":8,"clubcode":"BUF","playerName":"P.Posluszny","statId":79,"yards":0}],"00-0024264":[{"sequence":3,"clubcode":"NYJ","playerName":"K.Clemens","statId":15,"yards":6},{"sequence":4,"clubcode":"NYJ","playerName":"K.Clemens","statId":111,"yards":4}],"00-0027712":[{"sequence":5,"clubcode":"NYJ","playerName":"J.McKnight","statId":21,"yards":6},{"sequence":6,"clubcode":"NYJ","playerName":"J.McKnight","statId":115,"yards":0},{"sequence":7,"clubcode":"NYJ","playerName":"J.McKnight","statId":113,"yards":2}],"0":[{"sequence":1,"clubcode":"NYJ","playerName":"","statId":4,"yards":0},{"sequence":2,"clubcode":"NYJ","playerName":"","statId":6,"yards":0}]}},"3000":{"sp":0,"qtr":4,"down":1,"time":"10:12","yrdln":"BUF 14","ydstogo":10,"ydsnet":17,"posteam":"NYJ","desc":"(10:12) J.McKnight right guard to BUF 10 for 4 yards (A.Ayodele, T.Troup).","note":null,"players":{"00-0027712":[{"sequence":1,"clubcode":"NYJ","playerName":"J.McKnight","statId":10,"yards":4}],"00-0027655":[{"sequence":3,"clubcode":"BUF","playerName":"T.Troup","statId":82,"yards":0}],"00-0021214":[{"sequence":2,"clubcode":"BUF","playerName":"A.Ayodele","statId":80,"yards":0}]}},"3021":{"sp":1,"qtr":4,"down":2,"time":"09:28","yrdln":"BUF 10","ydstogo":6,"ydsnet":27,"posteam":"NYJ","desc":"(9:28) K.Clemens scrambles left guard for 10 yards, TOUCHDOWN.","note":"TD","players":{"00-0024264":[{"sequence":2,"clubcode":"NYJ","playerName":"K.Clemens","statId":11,"yards":10}],"0":[{"sequence":1,"clubcode":"NYJ","playerName":"","statId":3,"yards":0}]}},"3039":{"sp":1,"qtr":4,"down":0,"time":"09:18","yrdln":"BUF 2","ydstogo":0,"ydsnet":27,"posteam":"NYJ","desc":"N.Folk extra point is GOOD, Center-T.Purdum, Holder-S.Weatherford.","note":"XP","players":{"00-0025565":[{"sequence":1,"clubcode":"NYJ","playerName":"N.Folk","statId":72,"yards":0}]}}},"fds":2,"result":"Touchdown","penyds":0,"ydsgained":27,"numplays":6,"postime":"2:31","start":{"qtr":4,"time":"11:49","yrdln":"BUF 27","team":"NYJ"},"end":{"qtr":4,"time":"09:18","yrdln":"BUF 10","team":"NYJ"}},"23":{"posteam":"BUF","qtr":4,"redzone":true,"plays":{"3055":{"sp":0,"qtr":4,"down":0,"time":"09:18","yrdln":"NYJ 30","ydstogo":0,"ydsnet":0,"posteam":"NYJ","desc":"N.Folk kicks 65 yards from NYJ 30 to BUF 5. C.Spiller to BUF 26 for 21 yards (V.Gholston).","note":"KICKOFF","players":{"00-0026146":[{"sequence":3,"clubcode":"NYJ","playerName":"V.Gholston","statId":79,"yards":0}],"00-0027861":[{"sequence":2,"clubcode":"BUF","playerName":"C.Spiller","statId":45,"yards":21}],"00-0025565":[{"sequence":1,"clubcode":"NYJ","playerName":"N.Folk","statId":41,"yards":65}]}},"3077":{"sp":0,"qtr":4,"down":1,"time":"09:13","yrdln":"BUF 26","ydstogo":10,"ydsnet":0,"posteam":"BUF","desc":"(9:13) B.Brohm pass deep middle intended for St. Johnson INTERCEPTED by M.Cole (L.Laury) [L.Laury] at BUF 48. M.Cole to BUF 34 for 14 yards (D.Martin).","note":"INT","players":{"00-0020332":[{"sequence":8,"clubcode":"BUF","playerName":"D.Martin","statId":79,"yards":0}],"00-0026364":[{"sequence":2,"clubcode":"BUF","playerName":"St. Johnson","statId":115,"yards":0}],"00-0026196":[{"sequence":1,"clubcode":"BUF","playerName":"B.Brohm","statId":19,"yards":0},{"sequence":5,"clubcode":"BUF","playerName":"B.Brohm","statId":112,"yards":22}],"00-0023903":[{"sequence":3,"clubcode":"NYJ","playerName":"L.Laury","statId":85,"yards":0},{"sequence":4,"clubcode":"NYJ","playerName":"L.Laury","statId":110,"yards":0}],"00-0024588":[{"sequence":6,"clubcode":"NYJ","playerName":"M.Cole","statId":25,"yards":14},{"sequence":7,"clubcode":"NYJ","playerName":"M.Cole","statId":85,"yards":0}]}}},"fds":0,"result":"Interception","penyds":0,"ydsgained":0,"numplays":2,"postime":"0:16","start":{"qtr":4,"time":"09:18","yrdln":"BUF 26","team":"BUF"},"end":{"qtr":4,"time":"09:02","yrdln":"BUF 26","team":"BUF"}},"24":{"posteam":"NYJ","qtr":4,"redzone":true,"plays":{"3104":{"sp":0,"qtr":4,"down":1,"time":"09:02","yrdln":"BUF 34","ydstogo":10,"ydsnet":9,"posteam":"NYJ","desc":"(9:02) J.McKnight left tackle to BUF 25 for 9 yards (D.Florence, A.Ayodele).","note":null,"players":{"00-0027712":[{"sequence":1,"clubcode":"NYJ","playerName":"J.McKnight","statId":10,"yards":9}],"00-0021994":[{"sequence":2,"clubcode":"BUF","playerName":"D.Florence","statId":80,"yards":0}],"00-0021214":[{"sequence":3,"clubcode":"BUF","playerName":"A.Ayodele","statId":82,"yards":0}]}},"3125":{"sp":0,"qtr":4,"down":2,"time":"08:22","yrdln":"BUF 25","ydstogo":1,"ydsnet":11,"posteam":"NYJ","desc":"(8:22) J.Conner left tackle to BUF 23 for 2 yards (P.Posluszny, J.Byrd).","note":null,"players":{"00-0025421":[{"sequence":3,"clubcode":"BUF","playerName":"P.Posluszny","statId":80,"yards":0}],"00-0027739":[{"sequence":2,"clubcode":"NYJ","playerName":"J.Conner","statId":10,"yards":2}],"00-0027018":[{"sequence":4,"clubcode":"BUF","playerName":"J.Byrd","statId":82,"yards":0}],"0":[{"sequence":1,"clubcode":"NYJ","playerName":"","statId":3,"yards":0}]}},"3146":{"sp":0,"qtr":4,"down":1,"time":"07:41","yrdln":"BUF 23","ydstogo":10,"ydsnet":18,"posteam":"NYJ","desc":"(7:41) J.McKnight left tackle to BUF 16 for 7 yards (P.Posluszny).","note":null,"players":{"00-0025421":[{"sequence":2,"clubcode":"BUF","playerName":"P.Posluszny","statId":79,"yards":0}],"00-0027712":[{"sequence":1,"clubcode":"NYJ","playerName":"J.McKnight","statId":10,"yards":7}]}},"3167":{"sp":0,"qtr":4,"down":2,"time":"06:59","yrdln":"BUF 16","ydstogo":3,"ydsnet":18,"posteam":"NYJ","desc":"(6:59) K.Clemens pass incomplete deep right to J.Cotchery.","note":null,"players":{"00-0024264":[{"sequence":1,"clubcode":"NYJ","playerName":"K.Clemens","statId":14,"yards":0},{"sequence":3,"clubcode":"NYJ","playerName":"K.Clemens","statId":112,"yards":16}],"00-0022811":[{"sequence":2,"clubcode":"NYJ","playerName":"J.Cotchery","statId":115,"yards":0}]}},"3189":{"sp":1,"qtr":4,"down":3,"time":"06:51","yrdln":"BUF 16","ydstogo":3,"ydsnet":34,"posteam":"NYJ","desc":"(6:51) Direct snap to B.Smith.  J.Conner left guard for 16 yards, TOUCHDOWN. Buffalo challenged the runner broke the plane ruling, and the play was Upheld. (Timeout #1 at 06:45.)","note":"TD","players":{"00-0027739":[{"sequence":4,"clubcode":"NYJ","playerName":"J.Conner","statId":11,"yards":16}],"0":[{"sequence":1,"clubcode":"BUF","playerName":"","statId":68,"yards":0},{"sequence":2,"clubcode":"NYJ","playerName":"","statId":3,"yards":0},{"sequence":3,"clubcode":"NYJ","playerName":"","statId":6,"yards":0}]}},"3209":{"sp":1,"qtr":4,"down":0,"time":"06:45","yrdln":"BUF 2","ydstogo":0,"ydsnet":34,"posteam":"NYJ","desc":"N.Folk extra point is GOOD, Center-T.Purdum, Holder-S.Weatherford.","note":"XP","players":{"00-0025565":[{"sequence":1,"clubcode":"NYJ","playerName":"N.Folk","statId":72,"yards":0}]}}},"fds":2,"result":"Touchdown","penyds":0,"ydsgained":34,"numplays":6,"postime":"2:17","start":{"qtr":4,"time":"09:02","yrdln":"BUF 34","team":"NYJ"},"end":{"qtr":4,"time":"06:45","yrdln":"BUF 16","team":"NYJ"}},"25":{"posteam":"BUF","qtr":4,"redzone":true,"plays":{"3257":{"sp":0,"qtr":4,"down":0,"time":"06:45","yrdln":"NYJ 30","ydstogo":0,"ydsnet":0,"posteam":"NYJ","desc":"N.Folk kicks 67 yards from NYJ 30 to BUF 3. C.Spiller to BUF 29 for 26 yards (M.Cole).","note":"KICKOFF","players":{"00-0027861":[{"sequence":2,"clubcode":"BUF","playerName":"C.Spiller","statId":45,"yards":26}],"00-0025565":[{"sequence":1,"clubcode":"NYJ","playerName":"N.Folk","statId":41,"yards":67}],"00-0024588":[{"sequence":3,"clubcode":"NYJ","playerName":"M.Cole","statId":79,"yards":0}]}},"3279":{"sp":0,"qtr":4,"down":1,"time":"06:31","yrdln":"BUF 29","ydstogo":10,"ydsnet":2,"posteam":"BUF","desc":"(6:31) Buf #10 Brown in at QB. C.Spiller right guard to BUF 31 for 2 yards (L.Laury).","note":null,"players":{"00-0027861":[{"sequence":1,"clubcode":"BUF","playerName":"C.Spiller","statId":10,"yards":2}],"00-0023903":[{"sequence":2,"clubcode":"NYJ","playerName":"L.Laury","statId":79,"yards":0}]}},"3304":{"sp":0,"qtr":4,"down":2,"time":"05:59","yrdln":"BUF 31","ydstogo":8,"ydsnet":-4,"posteam":"BUF","desc":"(5:59) Q.Ganther right end to BUF 25 for -6 yards (J.Westerman).","note":null,"players":{"00-0026662":[{"sequence":3,"clubcode":"NYJ","playerName":"J.Westerman","statId":79,"yards":0},{"sequence":4,"clubcode":"NYJ","playerName":"J.Westerman","statId":120,"yards":0}],"0":[{"sequence":2,"clubcode":"BUF","playerName":"","statId":95,"yards":-6}],"00-0024460":[{"sequence":1,"clubcode":"BUF","playerName":"Q.Ganther","statId":10,"yards":-6}]}},"3325":{"sp":0,"qtr":4,"down":3,"time":"05:15","yrdln":"BUF 25","ydstogo":14,"ydsnet":12,"posteam":"BUF","desc":"(5:15) L.Brown pass short right to St. Johnson ran ob at BUF 41 for 16 yards.","note":null,"players":{"00-0026364":[{"sequence":5,"clubcode":"BUF","playerName":"St. Johnson","statId":21,"yards":16},{"sequence":6,"clubcode":"BUF","playerName":"St. Johnson","statId":115,"yards":0},{"sequence":7,"clubcode":"BUF","playerName":"St. Johnson","statId":113,"yards":1}],"0":[{"sequence":1,"clubcode":"BUF","playerName":"","statId":4,"yards":0},{"sequence":2,"clubcode":"BUF","playerName":"","statId":6,"yards":0}],"00-0027804":[{"sequence":3,"clubcode":"BUF","playerName":"L.Brown","statId":15,"yards":16},{"sequence":4,"clubcode":"BUF","playerName":"L.Brown","statId":111,"yards":15}]}},"3349":{"sp":0,"qtr":4,"down":1,"time":"04:46","yrdln":"BUF 41","ydstogo":10,"ydsnet":20,"posteam":"BUF","desc":"(4:46) L.Brown pass short right to P.Hubbard to BUF 49 for 8 yards (M.Cole).","note":null,"players":{"00-0026331":[{"sequence":3,"clubcode":"BUF","playerName":"P.Hubbard","statId":21,"yards":8},{"sequence":4,"clubcode":"BUF","playerName":"P.Hubbard","statId":115,"yards":0},{"sequence":5,"clubcode":"BUF","playerName":"P.Hubbard","statId":113,"yards":2}],"00-0027804":[{"sequence":1,"clubcode":"BUF","playerName":"L.Brown","statId":15,"yards":8},{"sequence":2,"clubcode":"BUF","playerName":"L.Brown","statId":111,"yards":6}],"00-0024588":[{"sequence":6,"clubcode":"NYJ","playerName":"M.Cole","statId":79,"yards":0}]}},"3373":{"sp":0,"qtr":4,"down":2,"time":"04:05","yrdln":"BUF 49","ydstogo":2,"ydsnet":20,"posteam":"BUF","desc":"(4:05) L.Brown pass deep left intended for St. Johnson INTERCEPTED by D.Lowery at NYJ 17. D.Lowery to BUF 42 for 41 yards (J.Stupar).","note":"INT","players":{"00-0025864":[{"sequence":6,"clubcode":"BUF","playerName":"J.Stupar","statId":79,"yards":0}],"00-0026364":[{"sequence":2,"clubcode":"BUF","playerName":"St. Johnson","statId":115,"yards":0}],"00-0026253":[{"sequence":4,"clubcode":"NYJ","playerName":"D.Lowery","statId":25,"yards":41},{"sequence":5,"clubcode":"NYJ","playerName":"D.Lowery","statId":85,"yards":0}],"00-0027804":[{"sequence":1,"clubcode":"BUF","playerName":"L.Brown","statId":19,"yards":0},{"sequence":3,"clubcode":"BUF","playerName":"L.Brown","statId":112,"yards":34}]}}},"fds":1,"result":"Interception","penyds":0,"ydsgained":20,"numplays":6,"postime":"2:55","start":{"qtr":4,"time":"06:45","yrdln":"BUF 29","team":"BUF"},"end":{"qtr":4,"time":"03:50","yrdln":"BUF 49","team":"BUF"}},"26":{"posteam":"NYJ","qtr":4,"redzone":true,"plays":{"3400":{"sp":0,"qtr":4,"down":1,"time":"03:50","yrdln":"BUF 42","ydstogo":10,"ydsnet":9,"posteam":"NYJ","desc":"(3:50) J.McKnight right guard to BUF 33 for 9 yards (A.Ayodele).","note":null,"players":{"00-0027712":[{"sequence":1,"clubcode":"NYJ","playerName":"J.McKnight","statId":10,"yards":9}],"00-0021214":[{"sequence":2,"clubcode":"BUF","playerName":"A.Ayodele","statId":79,"yards":0}]}},"3421":{"sp":0,"qtr":4,"down":2,"time":"03:07","yrdln":"BUF 33","ydstogo":1,"ydsnet":14,"posteam":"NYJ","desc":"(3:07) J.McKnight right guard to BUF 28 for 5 yards (Sp.Johnson).","note":null,"players":{"00-0027712":[{"sequence":2,"clubcode":"NYJ","playerName":"J.McKnight","statId":10,"yards":5}],"0":[{"sequence":1,"clubcode":"NYJ","playerName":"","statId":3,"yards":0}],"00-0022610":[{"sequence":3,"clubcode":"BUF","playerName":"Sp.Johnson","statId":79,"yards":0}]}},"3442":{"sp":0,"qtr":4,"down":1,"time":"02:25","yrdln":"BUF 28","ydstogo":10,"ydsnet":19,"posteam":"NYJ","desc":"(2:25) J.McKnight right end to BUF 23 for 5 yards (D.Florence, P.Posluszny).","note":null,"players":{"00-0025421":[{"sequence":3,"clubcode":"BUF","playerName":"P.Posluszny","statId":82,"yards":0}],"00-0027712":[{"sequence":1,"clubcode":"NYJ","playerName":"J.McKnight","statId":10,"yards":5}],"00-0021994":[{"sequence":2,"clubcode":"BUF","playerName":"D.Florence","statId":80,"yards":0}]}},"3464":{"sp":0,"qtr":4,"down":0,"time":"02:00","yrdln":"","ydstogo":0,"ydsnet":19,"posteam":"","desc":"Two-Minute Warning","note":null,"players":{}},"3481":{"sp":0,"qtr":4,"down":2,"time":"02:00","yrdln":"BUF 23","ydstogo":5,"ydsnet":21,"posteam":"NYJ","desc":"(2:00) J.McKnight up the middle to BUF 21 for 2 yards (Sp.Johnson, A.Ayodele).","note":null,"players":{"00-0027712":[{"sequence":1,"clubcode":"NYJ","playerName":"J.McKnight","statId":10,"yards":2}],"00-0022610":[{"sequence":2,"clubcode":"BUF","playerName":"Sp.Johnson","statId":80,"yards":0}],"00-0021214":[{"sequence":3,"clubcode":"BUF","playerName":"A.Ayodele","statId":82,"yards":0}]}},"3502":{"sp":0,"qtr":4,"down":3,"time":"01:16","yrdln":"BUF 21","ydstogo":3,"ydsnet":25,"posteam":"NYJ","desc":"(1:16) J.McKnight right guard to BUF 17 for 4 yards (T.Troup, A.Ayodele).","note":null,"players":{"00-0027712":[{"sequence":3,"clubcode":"NYJ","playerName":"J.McKnight","statId":10,"yards":4}],"0":[{"sequence":1,"clubcode":"NYJ","playerName":"","statId":3,"yards":0},{"sequence":2,"clubcode":"NYJ","playerName":"","statId":6,"yards":0}],"00-0027655":[{"sequence":4,"clubcode":"BUF","playerName":"T.Troup","statId":80,"yards":0}],"00-0021214":[{"sequence":5,"clubcode":"BUF","playerName":"A.Ayodele","statId":82,"yards":0}]}},"3523":{"sp":0,"qtr":4,"down":1,"time":"00:33","yrdln":"BUF 17","ydstogo":10,"ydsnet":24,"posteam":"NYJ","desc":"(:33) K.Clemens kneels to BUF 18 for -1 yards.","note":null,"players":{"00-0024264":[{"sequence":1,"clubcode":"NYJ","playerName":"K.Clemens","statId":10,"yards":-1}]}},"3544":{"sp":0,"qtr":4,"down":0,"time":"00:00","yrdln":"","ydstogo":0,"ydsnet":24,"posteam":"","desc":"END GAME","note":null,"players":{}}},"fds":2,"result":"End of Game","penyds":0,"ydsgained":24,"numplays":8,"postime":"3:50","start":{"qtr":4,"time":"03:50","yrdln":"BUF 42","team":"NYJ"},"end":{"qtr":4,"time":"00:00","yrdln":"","team":"NYJ"}},"crntdrv":26},"scrsummary":{"488":{"type":"FG","desc":"N.Folk 28 yd. Field Goal Drive: 12 plays, 79 yards in 7:30","qtr":1,"team":"NYJ","players":{"N.Folk":"00-0025565"}},"1062":{"type":"TD","desc":"M.Cole 35 yd. interception return (N.Folk kick is good)","qtr":2,"team":"NYJ","players":{"":"0","B.Brohm":"00-0026196","C.Pace":"00-0022120","M.Cole":"00-0024588","N.Folk":"00-0025565"}},"1813":{"type":"TD","desc":"S.Holmes 17 yd. pass from M.Brunell (N.Folk kick is good) Drive: 8 plays, 59 yards in 1:45","qtr":2,"team":"NYJ","players":{"":"0","M.Brunell":"00-0002110","S.Holmes":"00-0024240","N.Folk":"00-0025565"}},"2001":{"type":"TD","desc":"J.Byrd 37 yd. interception return (R.Lindell kick is good)","qtr":3,"team":"BUF","players":{"":"0","M.Brunell":"00-0002110","J.McKnight":"00-0027712","C.Kelsay":"00-0021995","J.Byrd":"00-0027018","R.Lindell":"00-0019310"}},"2361":{"type":"TD","desc":"B.Edwards 52 yd. pass from M.Brunell (N.Folk kick is good) Drive: 2 plays, 58 yards in 0:46","qtr":3,"team":"NYJ","players":{"":"0","M.Brunell":"00-0002110","B.Edwards":"00-0023438","N.Folk":"00-0025565"}},"3021":{"type":"TD","desc":"K.Clemens 10 yd. run (N.Folk kick is good) Drive: 5 plays, 27 yards in 2:31","qtr":4,"team":"NYJ","players":{"":"0","K.Clemens":"00-0024264","N.Folk":"00-0025565"}},"3189":{"type":"TD","desc":"J.Conner 16 yd. run (N.Folk kick is good) Drive: 5 plays, 34 yards in 2:17","qtr":4,"team":"NYJ","players":{"":"0","J.Conner":"00-0027739","N.Folk":"00-0025565"}}},"weather":null,"media":null,"yl":"","qtr":"Final","note":null,"down":0,"togo":0,"redzone":true,"clock":"00:33","posteam":"NYJ","stadium":null},"nextupdate":242}