{"2011091102":{"home":{"score":{"1":17,"2":17,"3":0,"4":0,"5":0,"T":34},"abbr":"HOU","to":3,"stats":{"passing":{"00-0022787":{"name":"M.Schaub","att":24,"cmp":17,"yds":220,"tds":1,"ints":2,"twopta":0,"twoptm":0}},"rushing":{"00-0027890":{"name":"B.Tate","att":24,"yds":116,"tds":1,"lng":18,"lngtd":2,"twopta":0,"twoptm":0},"00-0022770":{"name":"D.Ward","att":11,"yds":39,"tds":1,"lng":9,"lngtd":1,"twopta":0,"twoptm":0},"00-0026229":{"name":"S.Slaton","att":2,"yds":12,"tds":0,"lng":13,"lngtd":0,"twopta":0,"twoptm":0},"00-0022787":{"name":"M.Schaub","att":4,"yds":0,"tds":0,"lng":3,"lngtd":0,"twopta":0,"twoptm":0}},"receiving":{"00-0022044":{"name":"A.Johnson","rec":7,"yds":95,"tds":1,"lng":21,"lngtd":4,"twopta":0,"twoptm":0},"00-0025460":{"name":"J.Jones","rec":3,"yds":43,"tds":0,"lng":25,"lngtd":0,"twopta":0,"twoptm":0},"00-0027109":{"name":"J.Casey","rec":3,"yds":29,"tds":0,"lng":13,"lngtd":0,"twopta":0,"twoptm":0},"00-0023630":{"name":"J.Dreessen","rec":1,"yds":21,"tds":0,"lng":21,"lngtd":0,"twopta":0,"twoptm":0},"00-0021931":{"name":"K.Walter","rec":1,"yds":14,"tds":0,"lng":14,"lngtd":0,"twopta":0,"twoptm":0},"00-0024313":{"name":"O.Daniels","rec":1,"yds":12,"tds":0,"lng":12,"lngtd":0,"twopta":0,"twoptm":0},"00-0026229":{"name":"S.Slaton","rec":1,"yds":6,"tds":0,"lng":6,"lngtd":0,"twopta":0,"twoptm":0}},"fumbles":{"00-0027890":{"name":"B.Tate","tot":1,"rcv":0,"trcv":0,"yds":0,"lost":1},"00-0023472":{"name":"S.Cody","tot":0,"rcv":0,"trcv":1,"yds":0,"lost":0},"00-0027949":{"name":"J.Watt","tot":0,"rcv":0,"trcv":1,"yds":2,"lost":0}},"kicking":{"00-0019676":{"name":"N.Rackers","fgm":2,"fga":2,"fgyds":29,"totpfg":6,"xpmade":4,"xpmissed":0,"xpa":4,"xpb":0,"xptot":4}},"punting":{"00-0028540":{"name":"B.Hartmann","pts":2,"yds":89,"avg":35,"i20":0,"lng":54}},"kickret":{"00-0024257":{"name":"D.Manning","ret":1,"avg":46,"tds":0,"lng":46,"lngtd":0}},"puntret":{"00-0025460":{"name":"J.Jones","ret":3,"avg":30,"tds":1,"lng":79,"lngtd":79}},"defense":{"00-0026991":{"name":"B.Cushing","tkl":4,"ast":3,"sk":0,"int":0,"ffum":0},"00-0024248":{"name":"D.Ryans","tkl":4,"ast":2,"sk":0,"int":0,"ffum":0},"00-0027949":{"name":"J.Watt","tkl":5,"ast":0,"sk":0,"int":0,"ffum":0},"00-0024239":{"name":"J.Joseph","tkl":4,"ast":1,"sk":0,"int":0,"ffum":0},"00-0027081":{"name":"G.Quin","tkl":2,"ast":2,"sk":0,"int":0,"ffum":0},"00-0027703":{"name":"D.Sharpton","tkl":3,"ast":0,"sk":0,"int":0,"ffum":0},"00-0022793":{"name":"A.Smith","tkl":1,"ast":2,"sk":1,"int":0,"ffum":1},"00-0023750":{"name":"M.Williams","tkl":2,"ast":0,"sk":2,"int":0,"ffum":1},"00-0024257":{"name":"D.Manning","tkl":2,"ast":0,"sk":0,"int":0,"ffum":0},"00-0024231":{"name":"J.Allen","tkl":2,"ast":0,"sk":0,"int":0,"ffum":0},"00-0027022":{"name":"C.Barwin","tkl":1,"ast":0,"sk":0,"int":0,"ffum":0},"00-0027684":{"name":"E.Mitchell","tkl":1,"ast":0,"sk":0,"int":0,"ffum":0},"00-0027872":{"name":"K.Jackson","tkl":1,"ast":0,"sk":0,"int":0,"ffum":0},"00-0026798":{"name":"T.Jamison","tkl":0,"ast":1,"sk":0,"int":0,"ffum":0}},"team":{"totfd":26,"totyds":384,"pyds":217,"ryds":167,"pen":4,"penyds":30,"trnovr":3,"pt":2,"ptyds":89,"ptavg":35,"top":"36:44"}},"players":null},"away":{"score":{"1":0,"2":0,"3":0,"4":7,"5":0,"T":7},"abbr":"IND","to":2,"stats":{"passing":{"00-0003292":{"name":"K.Collins","att":31,"cmp":16,"yds":197,"tds":1,"ints":0,"twopta":0,"twoptm":0}},"rushing":{"00-0024245":{"name":"J.Addai","att":8,"yds":39,"tds":0,"lng":13,"lngtd":0,"twopta":0,"twoptm":0},"00-0028057":{"name":"D.Carter","att":7,"yds":25,"tds":0,"lng":8,"lngtd":0,"twopta":0,"twoptm":0},"00-0003292":{"name":"K.Collins","att":1,"yds":0,"tds":0,"lng":0,"lngtd":0,"twopta":0,"twoptm":0}},"receiving":{"00-0020498":{"name":"R.Wayne","rec":7,"yds":106,"tds":1,"lng":36,"lngtd":6,"twopta":0,"twoptm":0},"00-0022165":{"name":"D.Clark","rec":4,"yds":39,"tds":0,"lng":17,"lngtd":0,"twopta":0,"twoptm":0},"00-0026345":{"name":"P.Garcon","rec":3,"yds":39,"tds":0,"lng":17,"lngtd":0,"twopta":0,"twoptm":0},"00-0024245":{"name":"J.Addai","rec":2,"yds":13,"tds":0,"lng":10,"lngtd":0,"twopta":0,"twoptm":0}},"fumbles":{"00-0003292":{"name":"K.Collins","tot":3,"rcv":0,"trcv":0,"yds":0,"lost":2},"00-0014375":{"name":"J.Saturday","tot":0,"rcv":1,"trcv":1,"yds":0,"lost":0},"00-0027892":{"name":"P.Angerer","tot":0,"rcv":0,"trcv":1,"yds":10,"lost":0}},"kicking":{"00-0016919":{"name":"A.Vinatieri","fgm":0,"fga":1,"fgyds":0,"totpfg":0,"xpmade":1,"xpmissed":0,"xpa":1,"xpb":0,"xptot":1}},"punting":{"00-0027145":{"name":"P.McAfee","pts":6,"yds":281,"avg":25,"i20":1,"lng":57}},"kickret":{"00-0028650":{"name":"J.Lefeged","ret":1,"avg":24,"tds":0,"lng":24,"lngtd":0}},"puntret":{},"defense":{"00-0027892":{"name":"P.Angerer","tkl":9,"ast":4,"sk":0,"int":0,"ffum":0},"00-0021484":{"name":"G.Brackett","tkl":5,"ast":1,"sk":0,"int":1,"ffum":0},"00-0026674":{"name":"J.Lacey","tkl":5,"ast":1,"sk":0,"int":0,"ffum":1},"00-0024421":{"name":"A.Bethea","tkl":5,"ast":1,"sk":0,"int":0,"ffum":0},"00-0027064":{"name":"J.Powers","tkl":5,"ast":1,"sk":0,"int":0,"ffum":0},"00-0025991":{"name":"E.Foster","tkl":4,"ast":2,"sk":0,"int":0,"ffum":0},"00-0027831":{"name":"K.Conner","tkl":4,"ast":1,"sk":0,"int":0,"ffum":0},"00-0028025":{"name":"D.Nevis","tkl":4,"ast":0,"sk":0,"int":0,"ffum":0},"00-0022059":{"name":"R.Mathis","tkl":2,"ast":0,"sk":1,"int":0,"ffum":0},"00-0024697":{"name":"M.Bullitt","tkl":2,"ast":0,"sk":0,"int":1,"ffum":0},"00-0026264":{"name":"J.Tryon","tkl":2,"ast":0,"sk":0,"int":0,"ffum":0},"00-0028653":{"name":"A.Moten","tkl":2,"ast":0,"sk":0,"int":0,"ffum":0},"00-0025395":{"name":"J.Anderson","tkl":0,"ast":2,"sk":0,"int":0,"ffum":0},"00-0024224":{"name":"E.Sims","tkl":1,"ast":0,"sk":0,"int":0,"ffum":0},"00-0027032":{"name":"F.Moala","tkl":1,"ast":0,"sk":0,"int":0,"ffum":0},"00-0027464":{"name":"D.Caldwell","tkl":1,"ast":0,"sk":0,"int":0,"ffum":0}},"team":{"totfd":15,"totyds":236,"pyds":172,"ryds":64,"pen":6,"penyds":60,"trnovr":2,"pt":6,"ptyds":281,"ptavg":25,"top":"23:16"}},"players":null},"drives":{"1":{"posteam":"HOU","qtr":1,"redzone":true,"plays":{"36":{"sp":0,"qtr":1,"down":0,"time":"15:00","yrdln":"IND 35","ydstogo":0,"ydsnet":0,"posteam":"IND","desc":"P.McAfee kicks 71 yards from IND 35 to HOU -6. D.Manning to HOU 40 for 46 yards (J.Tryon).","note":"KICKOFF","players":{"00-0024257":[{"sequence":2,"clubcode":"HOU","playerName":"D.Manning","statId":45,"yards":46}],"00-0026264":[{"sequence":3,"clubcode":"IND","playerName":"J.Tryon","statId":79,"yards":0}],"00-0027145":[{"sequence":1,"clubcode":"IND","playerName":"P.McAfee","statId":43,"yards":71}]}},"58":{"sp":0,"qtr":1,"down":1,"time":"14:52","yrdln":"HOU 40","ydstogo":10,"ydsnet":21,"posteam":"HOU","desc":"(14:52) M.Schaub pass short left to A.Johnson to IND 39 for 21 yards (A.Bethea, P.Angerer).","note":null,"players":{"00-0022787":[{"sequence":2,"clubcode":"HOU","playerName":"M.Schaub","statId":15,"yards":21},{"sequence":3,"clubcode":"HOU","playerName":"M.Schaub","statId":111,"yards":15}],"0":[{"sequence":1,"clubcode":"HOU","playerName":"","statId":4,"yards":0}],"00-0024421":[{"sequence":7,"clubcode":"IND","playerName":"A.Bethea","statId":80,"yards":0}],"00-0022044":[{"sequence":4,"clubcode":"HOU","playerName":"A.Johnson","statId":21,"yards":21},{"sequence":5,"clubcode":"HOU","playerName":"A.Johnson","statId":115,"yards":0},{"sequence":6,"clubcode":"HOU","playerName":"A.Johnson","statId":113,"yards":6}],"00-0027892":[{"sequence":8,"clubcode":"IND","playerName":"P.Angerer","statId":82,"yards":0}]}},"82":{"sp":0,"qtr":1,"down":1,"time":"14:12","yrdln":"IND 39","ydstogo":10,"ydsnet":21,"posteam":"HOU","desc":"(14:12) M.Schaub pass short right intended for A.Johnson INTERCEPTED by M.Bullitt at IND 25. M.Bullitt to IND 40 for 15 yards (K.Walter).","note":"INT","players":{"00-0021931":[{"sequence":6,"clubcode":"HOU","playerName":"K.Walter","statId":79,"yards":0}],"00-0024697":[{"sequence":4,"clubcode":"IND","playerName":"M.Bullitt","statId":25,"yards":15},{"sequence":5,"clubcode":"IND","playerName":"M.Bullitt","statId":85,"yards":0}],"00-0022787":[{"sequence":1,"clubcode":"HOU","playerName":"M.Schaub","statId":19,"yards":0},{"sequence":3,"clubcode":"HOU","playerName":"M.Schaub","statId":112,"yards":14}],"00-0022044":[{"sequence":2,"clubcode":"HOU","playerName":"A.Johnson","statId":115,"yards":0}]}}},"fds":1,"result":"Interception","penyds":0,"ydsgained":21,"numplays":3,"postime":"0:57","start":{"qtr":1,"time":"15:00","yrdln":"HOU 40","team":"HOU"},"end":{"qtr":1,"time":"14:03","yrdln":"IND 39","team":"HOU"}},"2":{"posteam":"IND","qtr":1,"redzone":true,"plays":{"118":{"sp":0,"qtr":1,"down":1,"time":"14:03","yrdln":"IND 40","ydstogo":10,"ydsnet":5,"posteam":"IND","desc":"(14:03) (Shotgun) K.Collins pass short left to R.Wayne to IND 45 for 5 yards (G.Quin).","note":null,"players":{"00-0027081":[{"sequence":6,"clubcode":"HOU","playerName":"G.Quin","statId":79,"yards":0}],"00-0003292":[{"sequence":1,"clubcode":"IND","playerName":"K.Collins","statId":15,"yards":5},{"sequence":2,"clubcode":"IND","playerName":"K.Collins","statId":111,"yards":4}],"00-0020498":[{"sequence":3,"clubcode":"IND","playerName":"R.Wayne","statId":21,"yards":5},{"sequence":4,"clubcode":"IND","playerName":"R.Wayne","statId":115,"yards":0},{"sequence":5,"clubcode":"IND","playerName":"R.Wayne","statId":113,"yards":1}]}},"142":{"sp":0,"qtr":1,"down":2,"time":"13:36","yrdln":"IND 45","ydstogo":5,"ydsnet":16,"posteam":"IND","desc":"(13:36) J.Addai up the middle to HOU 44 for 11 yards (D.Manning).","note":null,"players":{"00-0024245":[{"sequence":2,"clubcode":"IND","playerName":"J.Addai","statId":10,"yards":11}],"00-0024257":[{"sequence":3,"clubcode":"HOU","playerName":"D.Manning","statId":79,"yards":0}],"0":[{"sequence":1,"clubcode":"IND","playerName":"","statId":3,"yards":0}]}},"163":{"sp":0,"qtr":1,"down":1,"time":"13:01","yrdln":"HOU 44","ydstogo":10,"ydsnet":18,"posteam":"IND","desc":"(13:01) J.Addai right guard to HOU 42 for 2 yards (D.Ryans; A.Smith).","note":null,"players":{"00-0024245":[{"sequence":1,"clubcode":"IND","playerName":"J.Addai","statId":10,"yards":2}],"00-0022793":[{"sequence":3,"clubcode":"HOU","playerName":"A.Smith","statId":82,"yards":0}],"00-0024248":[{"sequence":2,"clubcode":"HOU","playerName":"D.Ryans","statId":82,"yards":0}]}},"184":{"sp":0,"qtr":1,"down":2,"time":"12:21","yrdln":"HOU 42","ydstogo":8,"ydsnet":9,"posteam":"IND","desc":"(12:21) K.Collins sacked at IND 49 for -9 yards (M.Williams).","note":null,"players":{"00-0003292":[{"sequence":1,"clubcode":"IND","playerName":"K.Collins","statId":20,"yards":-9}],"00-0023750":[{"sequence":2,"clubcode":"HOU","playerName":"M.Williams","statId":83,"yards":-9},{"sequence":3,"clubcode":"HOU","playerName":"M.Williams","statId":110,"yards":0},{"sequence":4,"clubcode":"HOU","playerName":"M.Williams","statId":79,"yards":0},{"sequence":5,"clubcode":"HOU","playerName":"M.Williams","statId":120,"yards":0}]}},"203":{"sp":0,"qtr":1,"down":3,"time":"11:44","yrdln":"IND 49","ydstogo":17,"ydsnet":12,"posteam":"IND","desc":"(11:44) (Shotgun) K.Collins pass short right to J.Addai to HOU 48 for 3 yards (J.Watt).","note":null,"players":{"00-0024245":[{"sequence":4,"clubcode":"IND","playerName":"J.Addai","statId":21,"yards":3},{"sequence":5,"clubcode":"IND","playerName":"J.Addai","statId":115,"yards":0},{"sequence":6,"clubcode":"IND","playerName":"J.Addai","statId":113,"yards":4}],"0":[{"sequence":1,"clubcode":"IND","playerName":"","statId":7,"yards":0}],"00-0027949":[{"sequence":7,"clubcode":"HOU","playerName":"J.Watt","statId":79,"yards":0}],"00-0003292":[{"sequence":2,"clubcode":"IND","playerName":"K.Collins","statId":15,"yards":3},{"sequence":3,"clubcode":"IND","playerName":"K.Collins","statId":111,"yards":-1}]}},"227":{"sp":0,"qtr":1,"down":4,"time":"11:08","yrdln":"HOU 48","ydstogo":14,"ydsnet":12,"posteam":"IND","desc":"(11:08) P.McAfee punts 48 yards to end zone, Center-J.Snow, Touchback. (The punt hang time was 4.3 seconds.)","note":"PUNT","players":{"0":[{"sequence":2,"clubcode":"HOU","playerName":"","statId":40,"yards":0}],"00-0027145":[{"sequence":1,"clubcode":"IND","playerName":"P.McAfee","statId":32,"yards":48}]}}},"fds":1,"result":"Punt","penyds":0,"ydsgained":12,"numplays":6,"postime":"3:04","start":{"qtr":1,"time":"14:03","yrdln":"IND 40","team":"IND"},"end":{"qtr":1,"time":"10:59","yrdln":"HOU 48","team":"IND"}},"3":{"posteam":"HOU","qtr":1,"redzone":true,"plays":{"244":{"sp":0,"qtr":1,"down":1,"time":"10:59","yrdln":"HOU 20","ydstogo":10,"ydsnet":4,"posteam":"HOU","desc":"(10:59) D.Ward left guard to HOU 24 for 4 yards (E.Foster, J.Anderson).","note":null,"players":{"00-0022770":[{"sequence":1,"clubcode":"HOU","playerName":"D.Ward","statId":10,"yards":4}],"00-0025991":[{"sequence":2,"clubcode":"IND","playerName":"E.Foster","statId":80,"yards":0}],"00-0025395":[{"sequence":3,"clubcode":"IND","playerName":"J.Anderson","statId":82,"yards":0}]}},"265":{"sp":0,"qtr":1,"down":2,"time":"10:24","yrdln":"HOU 24","ydstogo":6,"ydsnet":25,"posteam":"HOU","desc":"(10:24) M.Schaub pass short middle to J.Dreessen to HOU 45 for 21 yards (G.Brackett).","note":null,"players":{"00-0022787":[{"sequence":2,"clubcode":"HOU","playerName":"M.Schaub","statId":15,"yards":21},{"sequence":3,"clubcode":"HOU","playerName":"M.Schaub","statId":111,"yards":12}],"00-0021484":[{"sequence":7,"clubcode":"IND","playerName":"G.Brackett","statId":79,"yards":0}],"00-0023630":[{"sequence":4,"clubcode":"HOU","playerName":"J.Dreessen","statId":21,"yards":21},{"sequence":5,"clubcode":"HOU","playerName":"J.Dreessen","statId":115,"yards":0},{"sequence":6,"clubcode":"HOU","playerName":"J.Dreessen","statId":113,"yards":9}],"0":[{"sequence":1,"clubcode":"HOU","playerName":"","statId":4,"yards":0}]}},"289":{"sp":0,"qtr":1,"down":1,"time":"09:43","yrdln":"HOU 45","ydstogo":10,"ydsnet":31,"posteam":"HOU","desc":"(9:43) D.Ward left tackle to IND 49 for 6 yards (D.Nevis).","note":null,"players":{"00-0028025":[{"sequence":2,"clubcode":"IND","playerName":"D.Nevis","statId":79,"yards":0}],"00-0022770":[{"sequence":1,"clubcode":"HOU","playerName":"D.Ward","statId":10,"yards":6}]}},"310":{"sp":0,"qtr":1,"down":2,"time":"09:04","yrdln":"IND 49","ydstogo":4,"ydsnet":40,"posteam":"HOU","desc":"(9:04) D.Ward right tackle to IND 40 for 9 yards (M.Bullitt).","note":null,"players":{"00-0024697":[{"sequence":3,"clubcode":"IND","playerName":"M.Bullitt","statId":79,"yards":0}],"00-0022770":[{"sequence":2,"clubcode":"HOU","playerName":"D.Ward","statId":10,"yards":9}],"0":[{"sequence":1,"clubcode":"HOU","playerName":"","statId":3,"yards":0}]}},"331":{"sp":0,"qtr":1,"down":1,"time":"08:24","yrdln":"IND 40","ydstogo":10,"ydsnet":44,"posteam":"HOU","desc":"(8:24) B.Tate left end to IND 36 for 4 yards (E.Sims, J.Powers).","note":null,"players":{"00-0027064":[{"sequence":3,"clubcode":"IND","playerName":"J.Powers","statId":82,"yards":0}],"00-0024224":[{"sequence":2,"clubcode":"IND","playerName":"E.Sims","statId":80,"yards":0}],"00-0027890":[{"sequence":1,"clubcode":"HOU","playerName":"B.Tate","statId":10,"yards":4}]}},"352":{"sp":0,"qtr":1,"down":2,"time":"07:47","yrdln":"IND 36","ydstogo":6,"ydsnet":60,"posteam":"HOU","desc":"(7:47) M.Schaub pass short left to A.Johnson to IND 20 for 16 yards (J.Tryon, G.Brackett).","note":null,"players":{"00-0022787":[{"sequence":2,"clubcode":"HOU","playerName":"M.Schaub","statId":15,"yards":16},{"sequence":3,"clubcode":"HOU","playerName":"M.Schaub","statId":111,"yards":12}],"00-0021484":[{"sequence":8,"clubcode":"IND","playerName":"G.Brackett","statId":82,"yards":0}],"00-0026264":[{"sequence":7,"clubcode":"IND","playerName":"J.Tryon","statId":80,"yards":0}],"0":[{"sequence":1,"clubcode":"HOU","playerName":"","statId":4,"yards":0}],"00-0022044":[{"sequence":4,"clubcode":"HOU","playerName":"A.Johnson","statId":21,"yards":16},{"sequence":5,"clubcode":"HOU","playerName":"A.Johnson","statId":115,"yards":0},{"sequence":6,"clubcode":"HOU","playerName":"A.Johnson","statId":113,"yards":4}]}},"376":{"sp":0,"qtr":1,"down":1,"time":"07:13","yrdln":"IND 20","ydstogo":10,"ydsnet":62,"posteam":"HOU","desc":"(7:13) B.Tate right end to IND 18 for 2 yards (G.Brackett).","note":null,"players":{"00-0021484":[{"sequence":2,"clubcode":"IND","playerName":"G.Brackett","statId":79,"yards":0}],"00-0027890":[{"sequence":1,"clubcode":"HOU","playerName":"B.Tate","statId":10,"yards":2}]}},"397":{"sp":0,"qtr":1,"down":2,"time":"06:36","yrdln":"IND 18","ydstogo":8,"ydsnet":69,"posteam":"HOU","desc":"(6:36) M.Schaub pass short middle to A.Johnson to IND 11 for 7 yards (G.Brackett).","note":null,"players":{"00-0022787":[{"sequence":1,"clubcode":"HOU","playerName":"M.Schaub","statId":15,"yards":7},{"sequence":2,"clubcode":"HOU","playerName":"M.Schaub","statId":111,"yards":6}],"00-0021484":[{"sequence":6,"clubcode":"IND","playerName":"G.Brackett","statId":79,"yards":0}],"00-0022044":[{"sequence":3,"clubcode":"HOU","playerName":"A.Johnson","statId":21,"yards":7},{"sequence":4,"clubcode":"HOU","playerName":"A.Johnson","statId":115,"yards":0},{"sequence":5,"clubcode":"HOU","playerName":"A.Johnson","statId":113,"yards":1}]}},"421":{"sp":0,"qtr":1,"down":3,"time":"06:01","yrdln":"IND 11","ydstogo":1,"ydsnet":73,"posteam":"HOU","desc":"(6:01) D.Ward left guard to IND 7 for 4 yards (K.Conner).","note":null,"players":{"00-0022770":[{"sequence":3,"clubcode":"HOU","playerName":"D.Ward","statId":10,"yards":4}],"00-0027831":[{"sequence":4,"clubcode":"IND","playerName":"K.Conner","statId":79,"yards":0}],"0":[{"sequence":1,"clubcode":"HOU","playerName":"","statId":3,"yards":0},{"sequence":2,"clubcode":"HOU","playerName":"","statId":6,"yards":0}]}},"442":{"sp":0,"qtr":1,"down":1,"time":"05:21","yrdln":"IND 7","ydstogo":7,"ydsnet":73,"posteam":"HOU","desc":"(5:21) D.Ward right end to IND 7 for no gain (G.Brackett).","note":null,"players":{"00-0021484":[{"sequence":2,"clubcode":"IND","playerName":"G.Brackett","statId":79,"yards":0}],"00-0022770":[{"sequence":1,"clubcode":"HOU","playerName":"D.Ward","statId":10,"yards":0}]}},"463":{"sp":0,"qtr":1,"down":2,"time":"04:45","yrdln":"IND 7","ydstogo":7,"ydsnet":73,"posteam":"HOU","desc":"(4:45) M.Schaub pass incomplete short right to O.Daniels.","note":null,"players":{"00-0022787":[{"sequence":1,"clubcode":"HOU","playerName":"M.Schaub","statId":14,"yards":0},{"sequence":3,"clubcode":"HOU","playerName":"M.Schaub","statId":112,"yards":7}],"00-0024313":[{"sequence":2,"clubcode":"HOU","playerName":"O.Daniels","statId":115,"yards":0}]}},"485":{"sp":0,"qtr":1,"down":3,"time":"04:39","yrdln":"IND 7","ydstogo":7,"ydsnet":73,"posteam":"HOU","desc":"(4:39) (Shotgun) M.Schaub pass incomplete short left to K.Walter.","note":null,"players":{"00-0021931":[{"sequence":3,"clubcode":"HOU","playerName":"K.Walter","statId":115,"yards":0}],"00-0022787":[{"sequence":2,"clubcode":"HOU","playerName":"M.Schaub","statId":14,"yards":0},{"sequence":4,"clubcode":"HOU","playerName":"M.Schaub","statId":112,"yards":7}],"0":[{"sequence":1,"clubcode":"HOU","playerName":"","statId":7,"yards":0}]}},"507":{"sp":1,"qtr":1,"down":4,"time":"04:30","yrdln":"IND 7","ydstogo":7,"ydsnet":73,"posteam":"HOU","desc":"(4:30) N.Rackers 25 yard field goal is GOOD, Center-J.Weeks, Holder-B.Hartmann.","note":"FG","players":{"00-0019676":[{"sequence":1,"clubcode":"HOU","playerName":"N.Rackers","statId":70,"yards":25}]}}},"fds":4,"result":"Field Goal","penyds":0,"ydsgained":73,"numplays":13,"postime":"6:32","start":{"qtr":1,"time":"10:59","yrdln":"HOU 20","team":"HOU"},"end":{"qtr":1,"time":"04:27","yrdln":"IND 7","team":"HOU"}},"4":{"posteam":"IND","qtr":1,"redzone":true,"plays":{"526":{"sp":0,"qtr":1,"down":0,"time":"04:27","yrdln":"HOU 35","ydstogo":0,"ydsnet":0,"posteam":"HOU","desc":"B.Hartmann kicks 70 yards from HOU 35 to IND -5. J.Lefeged to IND 19 for 24 yards (T.Dobbins).","note":"KICKOFF","players":{"00-0028540":[{"sequence":1,"clubcode":"HOU","playerName":"B.Hartmann","statId":43,"yards":70},{"sequence":3,"clubcode":"HOU","playerName":"B.Hartmann","statId":42,"yards":0}],"00-0028650":[{"sequence":2,"clubcode":"IND","playerName":"J.Lefeged","statId":45,"yards":24}],"00-0024365":[{"sequence":4,"clubcode":"HOU","playerName":"T.Dobbins","statId":79,"yards":0}]}},"548":{"sp":0,"qtr":1,"down":1,"time":"04:21","yrdln":"IND 19","ydstogo":10,"ydsnet":-7,"posteam":"IND","desc":"(4:21) K.Collins sacked at IND 14 for -5 yards (A.Smith). FUMBLES (A.Smith), RECOVERED by HOU-S.Cody at IND 12. S.Cody to IND 12 for no gain (A.Castonzo).","note":"FUMBLE","players":{"00-0022793":[{"sequence":2,"clubcode":"HOU","playerName":"A.Smith","statId":83,"yards":-7},{"sequence":3,"clubcode":"HOU","playerName":"A.Smith","statId":79,"yards":0},{"sequence":6,"clubcode":"HOU","playerName":"A.Smith","statId":91,"yards":0}],"00-0027960":[{"sequence":8,"clubcode":"IND","playerName":"A.Castonzo","statId":79,"yards":0}],"00-0023472":[{"sequence":7,"clubcode":"HOU","playerName":"S.Cody","statId":59,"yards":0}],"00-0003292":[{"sequence":1,"clubcode":"IND","playerName":"K.Collins","statId":20,"yards":-7},{"sequence":4,"clubcode":"IND","playerName":"K.Collins","statId":52,"yards":0},{"sequence":5,"clubcode":"IND","playerName":"K.Collins","statId":106,"yards":0}]}}},"fds":0,"result":"Fumble","penyds":0,"ydsgained":-7,"numplays":2,"postime":"0:14","start":{"qtr":1,"time":"04:27","yrdln":"IND 19","team":"IND"},"end":{"qtr":1,"time":"04:13","yrdln":"IND 19","team":"IND"}},"5":{"posteam":"HOU","qtr":1,"redzone":true,"plays":{"613":{"sp":0,"qtr":1,"down":1,"time":"04:13","yrdln":"IND 12","ydstogo":10,"ydsnet":12,"posteam":"HOU","desc":"(4:13) M.Schaub pass short right to J.Casey pushed ob at IND 5 for 7 yards (J.Lacey).","note":null,"players":{"00-0022787":[{"sequence":1,"clubcode":"HOU","playerName":"M.Schaub","statId":15,"yards":7},{"sequence":2,"clubcode":"HOU","playerName":"M.Schaub","statId":111,"yards":4}],"00-0026674":[{"sequence":6,"clubcode":"IND","playerName":"J.Lacey","statId":79,"yards":0}],"00-0027109":[{"sequence":3,"clubcode":"HOU","playerName":"J.Casey","statId":21,"yards":7},{"sequence":4,"clubcode":"HOU","playerName":"J.Casey","statId":115,"yards":0},{"sequence":5,"clubcode":"HOU","playerName":"J.Casey","statId":113,"yards":3}]}},"577":{"sp":0,"qtr":1,"down":2,"time":"03:43","yrdln":"IND 5","ydstogo":3,"ydsnet":4,"posteam":"HOU","desc":"(3:43) B.Tate up the middle to IND 1 for 4 yards (J.Lacey).","note":null,"players":{"00-0026674":[{"sequence":3,"clubcode":"IND","playerName":"J.Lacey","statId":79,"yards":0}],"0":[{"sequence":1,"clubcode":"HOU","playerName":"","statId":3,"yards":0}],"00-0027890":[{"sequence":2,"clubcode":"HOU","playerName":"B.Tate","statId":10,"yards":4}]}},"598":{"sp":1,"qtr":1,"down":1,"time":"03:02","yrdln":"IND 1","ydstogo":1,"ydsnet":5,"posteam":"HOU","desc":"(3:02) D.Ward left end for 1 yard, TOUCHDOWN.","note":"TD","players":{"00-0022770":[{"sequence":2,"clubcode":"HOU","playerName":"D.Ward","statId":11,"yards":1}],"0":[{"sequence":1,"clubcode":"HOU","playerName":"","statId":3,"yards":0}]}},"626":{"sp":1,"qtr":1,"down":0,"time":"02:56","yrdln":"IND 2","ydstogo":0,"ydsnet":12,"posteam":"HOU","desc":"N.Rackers extra point is GOOD, Center-J.Weeks, Holder-B.Hartmann.","note":"XP","players":{"00-0019676":[{"sequence":1,"clubcode":"HOU","playerName":"N.Rackers","statId":72,"yards":0}]}}},"fds":2,"result":"Touchdown","penyds":0,"ydsgained":12,"numplays":4,"postime":"1:17","start":{"qtr":1,"time":"04:13","yrdln":"IND 12","team":"HOU"},"end":{"qtr":1,"time":"02:56","yrdln":"IND 1","team":"HOU"}},"6":{"posteam":"IND","qtr":1,"redzone":true,"plays":{"660":{"sp":0,"qtr":1,"down":0,"time":"02:56","yrdln":"HOU 35","ydstogo":0,"ydsnet":0,"posteam":"HOU","desc":"B.Hartmann kicks 74 yards from HOU 35 to IND -9. J.Lefeged, Touchback.","note":"KICKOFF","players":{"00-0028540":[{"sequence":1,"clubcode":"HOU","playerName":"B.Hartmann","statId":44,"yards":65}],"0":[{"sequence":2,"clubcode":"IND","playerName":"","statId":51,"yards":0}]}},"678":{"sp":0,"qtr":1,"down":1,"time":"02:56","yrdln":"IND 20","ydstogo":10,"ydsnet":0,"posteam":"IND","desc":"(2:56) K.Collins FUMBLES (Aborted) at IND 20, RECOVERED by HOU-J.Watt at IND 20. J.Watt to IND 18 for 2 yards (J.Addai).","note":"FUMBLE","players":{"00-0024245":[{"sequence":5,"clubcode":"IND","playerName":"J.Addai","statId":79,"yards":0}],"00-0027949":[{"sequence":4,"clubcode":"HOU","playerName":"J.Watt","statId":59,"yards":2}],"00-0003292":[{"sequence":1,"clubcode":"IND","playerName":"K.Collins","statId":10,"yards":0},{"sequence":2,"clubcode":"IND","playerName":"K.Collins","statId":53,"yards":0},{"sequence":3,"clubcode":"IND","playerName":"K.Collins","statId":106,"yards":0}]}}},"fds":0,"result":"Fumble","penyds":0,"ydsgained":0,"numplays":2,"postime":"0:07","start":{"qtr":1,"time":"02:56","yrdln":"IND 20","team":"IND"},"end":{"qtr":1,"time":"02:49","yrdln":"IND 20","team":"IND"}},"7":{"posteam":"HOU","qtr":1,"redzone":true,"plays":{"708":{"sp":0,"qtr":1,"down":1,"time":"02:49","yrdln":"IND 18","ydstogo":10,"ydsnet":10,"posteam":"HOU","desc":"(2:49) M.Schaub pass short left to J.Jones pushed ob at IND 8 for 10 yards (J.Powers).","note":null,"players":{"00-0027064":[{"sequence":7,"clubcode":"IND","playerName":"J.Powers","statId":79,"yards":0}],"00-0022787":[{"sequence":2,"clubcode":"HOU","playerName":"M.Schaub","statId":15,"yards":10},{"sequence":3,"clubcode":"HOU","playerName":"M.Schaub","statId":111,"yards":3}],"00-0025460":[{"sequence":4,"clubcode":"HOU","playerName":"J.Jones","statId":21,"yards":10},{"sequence":5,"clubcode":"HOU","playerName":"J.Jones","statId":115,"yards":0},{"sequence":6,"clubcode":"HOU","playerName":"J.Jones","statId":113,"yards":7}],"0":[{"sequence":1,"clubcode":"HOU","playerName":"","statId":4,"yards":0}]}},"732":{"sp":0,"qtr":1,"down":1,"time":"02:26","yrdln":"IND 8","ydstogo":8,"ydsnet":16,"posteam":"HOU","desc":"(2:26) D.Ward right tackle to IND 2 for 6 yards (J.Lacey).","note":null,"players":{"00-0022770":[{"sequence":1,"clubcode":"HOU","playerName":"D.Ward","statId":10,"yards":6}],"00-0026674":[{"sequence":2,"clubcode":"IND","playerName":"J.Lacey","statId":79,"yards":0}]}},"753":{"sp":1,"qtr":1,"down":2,"time":"01:46","yrdln":"IND 2","ydstogo":2,"ydsnet":18,"posteam":"HOU","desc":"(1:46) B.Tate right guard for 2 yards, TOUCHDOWN.","note":"TD","players":{"0":[{"sequence":1,"clubcode":"HOU","playerName":"","statId":3,"yards":0}],"00-0027890":[{"sequence":2,"clubcode":"HOU","playerName":"B.Tate","statId":11,"yards":2}]}},"770":{"sp":1,"qtr":1,"down":0,"time":"01:41","yrdln":"IND 2","ydstogo":0,"ydsnet":18,"posteam":"HOU","desc":"N.Rackers extra point is GOOD, Center-J.Weeks, Holder-B.Hartmann.","note":"XP","players":{"00-0019676":[{"sequence":1,"clubcode":"HOU","playerName":"N.Rackers","statId":72,"yards":0}]}}},"fds":2,"result":"Touchdown","penyds":0,"ydsgained":18,"numplays":4,"postime":"1:08","start":{"qtr":1,"time":"02:49","yrdln":"IND 18","team":"HOU"},"end":{"qtr":1,"time":"01:41","yrdln":"IND 2","team":"HOU"}},"8":{"posteam":"IND","qtr":2,"redzone":true,"plays":{"786":{"sp":0,"qtr":1,"down":0,"time":"01:41","yrdln":"HOU 35","ydstogo":0,"ydsnet":0,"posteam":"HOU","desc":"B.Hartmann kicks 71 yards from HOU 35 to IND -6. J.Lefeged, Touchback.","note":"KICKOFF","players":{"00-0028540":[{"sequence":1,"clubcode":"HOU","playerName":"B.Hartmann","statId":44,"yards":65}],"0":[{"sequence":2,"clubcode":"IND","playerName":"","statId":51,"yards":0}]}},"804":{"sp":0,"qtr":1,"down":1,"time":"01:41","yrdln":"IND 20","ydstogo":10,"ydsnet":0,"posteam":"IND","desc":"(1:41) J.Addai left guard to IND 20 for no gain (E.Mitchell).","note":null,"players":{"00-0027684":[{"sequence":2,"clubcode":"HOU","playerName":"E.Mitchell","statId":79,"yards":0}],"00-0024245":[{"sequence":1,"clubcode":"IND","playerName":"J.Addai","statId":10,"yards":0}]}},"825":{"sp":0,"qtr":1,"down":2,"time":"01:07","yrdln":"IND 20","ydstogo":10,"ydsnet":17,"posteam":"IND","desc":"(1:07) (Shotgun) K.Collins pass deep left to R.Wayne ran ob at IND 37 for 17 yards (J.Allen).","note":null,"players":{"00-0024231":[{"sequence":7,"clubcode":"HOU","playerName":"J.Allen","statId":79,"yards":0}],"0":[{"sequence":1,"clubcode":"IND","playerName":"","statId":4,"yards":0}],"00-0003292":[{"sequence":2,"clubcode":"IND","playerName":"K.Collins","statId":15,"yards":17},{"sequence":3,"clubcode":"IND","playerName":"K.Collins","statId":111,"yards":16}],"00-0020498":[{"sequence":4,"clubcode":"IND","playerName":"R.Wayne","statId":21,"yards":17},{"sequence":5,"clubcode":"IND","playerName":"R.Wayne","statId":115,"yards":0},{"sequence":6,"clubcode":"IND","playerName":"R.Wayne","statId":113,"yards":1}]}},"849":{"sp":0,"qtr":1,"down":1,"time":"00:47","yrdln":"IND 37","ydstogo":10,"ydsnet":30,"posteam":"IND","desc":"(:47) J.Addai left tackle to 50 for 13 yards (J.Allen).","note":null,"players":{"00-0024245":[{"sequence":2,"clubcode":"IND","playerName":"J.Addai","statId":10,"yards":13}],"00-0024231":[{"sequence":3,"clubcode":"HOU","playerName":"J.Allen","statId":79,"yards":0}],"0":[{"sequence":1,"clubcode":"IND","playerName":"","statId":3,"yards":0}]}},"870":{"sp":0,"qtr":1,"down":1,"time":"00:12","yrdln":"50","ydstogo":10,"ydsnet":15,"posteam":"IND","desc":"(:12) J.Addai left tackle to HOU 44 for 6 yards (M.Williams). PENALTY on IND-J.Reitz, Personal Foul, 15 yards, enforced at 50 - No Play.","note":"PENALTY","players":{"00-0026408":[{"sequence":1,"clubcode":"IND","playerName":"J.Reitz","statId":93,"yards":15}]}},"902":{"sp":0,"qtr":1,"down":0,"time":"","yrdln":"","ydstogo":0,"ydsnet":15,"posteam":"","desc":"END QUARTER 1","note":null,"players":{}},"918":{"sp":0,"qtr":2,"down":1,"time":"15:00","yrdln":"IND 35","ydstogo":25,"ydsnet":22,"posteam":"IND","desc":"(15:00) D.Carter up the middle to IND 42 for 7 yards (D.Ryans).","note":null,"players":{"00-0028057":[{"sequence":1,"clubcode":"IND","playerName":"D.Carter","statId":10,"yards":7}],"00-0024248":[{"sequence":2,"clubcode":"HOU","playerName":"D.Ryans","statId":79,"yards":0}]}},"939":{"sp":0,"qtr":2,"down":2,"time":"14:24","yrdln":"IND 42","ydstogo":18,"ydsnet":29,"posteam":"IND","desc":"(14:24) (Shotgun) K.Collins pass short left to R.Wayne to IND 49 for 7 yards (D.Ryans).","note":null,"players":{"00-0003292":[{"sequence":1,"clubcode":"IND","playerName":"K.Collins","statId":15,"yards":7},{"sequence":2,"clubcode":"IND","playerName":"K.Collins","statId":111,"yards":0}],"00-0024248":[{"sequence":6,"clubcode":"HOU","playerName":"D.Ryans","statId":79,"yards":0}],"00-0020498":[{"sequence":3,"clubcode":"IND","playerName":"R.Wayne","statId":21,"yards":7},{"sequence":4,"clubcode":"IND","playerName":"R.Wayne","statId":115,"yards":0},{"sequence":5,"clubcode":"IND","playerName":"R.Wayne","statId":113,"yards":7}]}},"963":{"sp":0,"qtr":2,"down":3,"time":"13:40","yrdln":"IND 49","ydstogo":11,"ydsnet":31,"posteam":"IND","desc":"(13:40) (Shotgun) K.Collins pass short right to D.Clark to HOU 49 for 2 yards (G.Quin).","note":null,"players":{"00-0027081":[{"sequence":7,"clubcode":"HOU","playerName":"G.Quin","statId":79,"yards":0}],"0":[{"sequence":1,"clubcode":"IND","playerName":"","statId":7,"yards":0}],"00-0022165":[{"sequence":4,"clubcode":"IND","playerName":"D.Clark","statId":21,"yards":2},{"sequence":5,"clubcode":"IND","playerName":"D.Clark","statId":115,"yards":0},{"sequence":6,"clubcode":"IND","playerName":"D.Clark","statId":113,"yards":1}],"00-0003292":[{"sequence":2,"clubcode":"IND","playerName":"K.Collins","statId":15,"yards":2},{"sequence":3,"clubcode":"IND","playerName":"K.Collins","statId":111,"yards":1}]}},"987":{"sp":0,"qtr":2,"down":4,"time":"13:01","yrdln":"HOU 49","ydstogo":9,"ydsnet":31,"posteam":"IND","desc":"(13:01) P.McAfee punts 42 yards to HOU 7, Center-J.Snow. J.Jones to HOU 11 for 4 yards (P.Wheeler). (The punt hang time was 3.9 seconds.)","note":"PUNT","players":{"00-0026233":[{"sequence":4,"clubcode":"IND","playerName":"P.Wheeler","statId":79,"yards":0}],"00-0025460":[{"sequence":2,"clubcode":"HOU","playerName":"J.Jones","statId":33,"yards":4}],"00-0027145":[{"sequence":1,"clubcode":"IND","playerName":"P.McAfee","statId":29,"yards":42},{"sequence":3,"clubcode":"IND","playerName":"P.McAfee","statId":30,"yards":0}]}}},"fds":2,"result":"Punt","penyds":-15,"ydsgained":46,"numplays":10,"postime":"3:50","start":{"qtr":1,"time":"01:41","yrdln":"IND 20","team":"IND"},"end":{"qtr":1,"time":"12:51","yrdln":"HOU 49","team":"IND"}},"9":{"posteam":"HOU","qtr":2,"redzone":true,"plays":{"1012":{"sp":0,"qtr":2,"down":1,"time":"12:51","yrdln":"HOU 11","ydstogo":10,"ydsnet":20,"posteam":"HOU","desc":"(12:51) M.Schaub pass deep middle to A.Johnson to HOU 31 for 20 yards (J.Powers).","note":null,"players":{"00-0027064":[{"sequence":7,"clubcode":"IND","playerName":"J.Powers","statId":79,"yards":0}],"00-0022787":[{"sequence":2,"clubcode":"HOU","playerName":"M.Schaub","statId":15,"yards":20},{"sequence":3,"clubcode":"HOU","playerName":"M.Schaub","statId":111,"yards":18}],"0":[{"sequence":1,"clubcode":"HOU","playerName":"","statId":4,"yards":0}],"00-0022044":[{"sequence":4,"clubcode":"HOU","playerName":"A.Johnson","statId":21,"yards":20},{"sequence":5,"clubcode":"HOU","playerName":"A.Johnson","statId":115,"yards":0},{"sequence":6,"clubcode":"HOU","playerName":"A.Johnson","statId":113,"yards":2}]}},"1040":{"sp":0,"qtr":2,"down":1,"time":"12:20","yrdln":"HOU 31","ydstogo":10,"ydsnet":30,"posteam":"HOU","desc":"(12:20) B.Tate right tackle to HOU 41 for 10 yards (A.Bethea, J.Lacey).","note":null,"players":{"00-0026674":[{"sequence":4,"clubcode":"IND","playerName":"J.Lacey","statId":82,"yards":0}],"0":[{"sequence":1,"clubcode":"HOU","playerName":"","statId":3,"yards":0}],"00-0024421":[{"sequence":3,"clubcode":"IND","playerName":"A.Bethea","statId":80,"yards":0}],"00-0027890":[{"sequence":2,"clubcode":"HOU","playerName":"B.Tate","statId":10,"yards":10}]}},"1061":{"sp":0,"qtr":2,"down":1,"time":"11:41","yrdln":"HOU 41","ydstogo":10,"ydsnet":51,"posteam":"HOU","desc":"(11:41) M.Schaub pass short middle to A.Johnson to IND 38 for 21 yards (A.Bethea).","note":null,"players":{"00-0022787":[{"sequence":2,"clubcode":"HOU","playerName":"M.Schaub","statId":15,"yards":21},{"sequence":3,"clubcode":"HOU","playerName":"M.Schaub","statId":111,"yards":11}],"0":[{"sequence":1,"clubcode":"HOU","playerName":"","statId":4,"yards":0}],"00-0024421":[{"sequence":7,"clubcode":"IND","playerName":"A.Bethea","statId":79,"yards":0}],"00-0022044":[{"sequence":4,"clubcode":"HOU","playerName":"A.Johnson","statId":21,"yards":21},{"sequence":5,"clubcode":"HOU","playerName":"A.Johnson","statId":115,"yards":0},{"sequence":6,"clubcode":"HOU","playerName":"A.Johnson","statId":113,"yards":10}]}},"1085":{"sp":0,"qtr":2,"down":1,"time":"11:01","yrdln":"IND 38","ydstogo":10,"ydsnet":53,"posteam":"HOU","desc":"(11:01) D.Ward right tackle to IND 36 for 2 yards (P.Angerer).","note":null,"players":{"00-0022770":[{"sequence":1,"clubcode":"HOU","playerName":"D.Ward","statId":10,"yards":2}],"00-0027892":[{"sequence":2,"clubcode":"IND","playerName":"P.Angerer","statId":79,"yards":0}]}},"1106":{"sp":0,"qtr":2,"down":2,"time":"10:20","yrdln":"IND 36","ydstogo":8,"ydsnet":62,"posteam":"HOU","desc":"(10:20) M.Schaub pass short right to J.Casey pushed ob at IND 27 for 9 yards (J.Lacey).","note":null,"players":{"00-0022787":[{"sequence":2,"clubcode":"HOU","playerName":"M.Schaub","statId":15,"yards":9},{"sequence":3,"clubcode":"HOU","playerName":"M.Schaub","statId":111,"yards":3}],"00-0026674":[{"sequence":7,"clubcode":"IND","playerName":"J.Lacey","statId":79,"yards":0}],"0":[{"sequence":1,"clubcode":"HOU","playerName":"","statId":4,"yards":0}],"00-0027109":[{"sequence":4,"clubcode":"HOU","playerName":"J.Casey","statId":21,"yards":9},{"sequence":5,"clubcode":"HOU","playerName":"J.Casey","statId":115,"yards":0},{"sequence":6,"clubcode":"HOU","playerName":"J.Casey","statId":113,"yards":6}]}},"1135":{"sp":0,"qtr":2,"down":1,"time":"09:48","yrdln":"IND 27","ydstogo":10,"ydsnet":72,"posteam":"HOU","desc":"(9:48) B.Tate left tackle to IND 17 for 10 yards (K.Conner).","note":null,"players":{"00-0027831":[{"sequence":3,"clubcode":"IND","playerName":"K.Conner","statId":79,"yards":0}],"0":[{"sequence":1,"clubcode":"HOU","playerName":"","statId":3,"yards":0}],"00-0027890":[{"sequence":2,"clubcode":"HOU","playerName":"B.Tate","statId":10,"yards":10}]}},"1156":{"sp":0,"qtr":2,"down":1,"time":"09:08","yrdln":"IND 17","ydstogo":10,"ydsnet":71,"posteam":"HOU","desc":"(9:08) B.Tate right tackle to IND 18 for -1 yards (E.Foster, J.Anderson).","note":null,"players":{"00-0025991":[{"sequence":3,"clubcode":"IND","playerName":"E.Foster","statId":80,"yards":0},{"sequence":5,"clubcode":"IND","playerName":"E.Foster","statId":120,"yards":0}],"0":[{"sequence":2,"clubcode":"HOU","playerName":"","statId":95,"yards":-1}],"00-0027890":[{"sequence":1,"clubcode":"HOU","playerName":"B.Tate","statId":10,"yards":-1}],"00-0025395":[{"sequence":4,"clubcode":"IND","playerName":"J.Anderson","statId":82,"yards":0}]}},"1177":{"sp":0,"qtr":2,"down":2,"time":"08:26","yrdln":"IND 18","ydstogo":11,"ydsnet":83,"posteam":"HOU","desc":"(8:26) M.Schaub pass short right to O.Daniels to IND 6 for 12 yards (A.Bethea; P.Angerer).","note":null,"players":{"00-0022787":[{"sequence":2,"clubcode":"HOU","playerName":"M.Schaub","statId":15,"yards":12},{"sequence":3,"clubcode":"HOU","playerName":"M.Schaub","statId":111,"yards":8}],"0":[{"sequence":1,"clubcode":"HOU","playerName":"","statId":4,"yards":0}],"00-0024421":[{"sequence":7,"clubcode":"IND","playerName":"A.Bethea","statId":82,"yards":0}],"00-0027892":[{"sequence":8,"clubcode":"IND","playerName":"P.Angerer","statId":82,"yards":0}],"00-0024313":[{"sequence":4,"clubcode":"HOU","playerName":"O.Daniels","statId":21,"yards":12},{"sequence":5,"clubcode":"HOU","playerName":"O.Daniels","statId":115,"yards":0},{"sequence":6,"clubcode":"HOU","playerName":"O.Daniels","statId":113,"yards":4}]}},"1201":{"sp":0,"qtr":2,"down":1,"time":"07:42","yrdln":"IND 6","ydstogo":6,"ydsnet":85,"posteam":"HOU","desc":"(7:42) D.Ward left end to IND 4 for 2 yards (E.Foster).","note":null,"players":{"00-0022770":[{"sequence":1,"clubcode":"HOU","playerName":"D.Ward","statId":10,"yards":2}],"00-0025991":[{"sequence":2,"clubcode":"IND","playerName":"E.Foster","statId":79,"yards":0}]}},"1222":{"sp":1,"qtr":2,"down":2,"time":"07:02","yrdln":"IND 4","ydstogo":4,"ydsnet":89,"posteam":"HOU","desc":"(7:02) M.Schaub pass short middle to A.Johnson for 4 yards, TOUCHDOWN. (The Pass was tipped by the Colts #58 Brackett prior to the catch.)","note":"TD","players":{"00-0022787":[{"sequence":2,"clubcode":"HOU","playerName":"M.Schaub","statId":16,"yards":4},{"sequence":3,"clubcode":"HOU","playerName":"M.Schaub","statId":111,"yards":4}],"0":[{"sequence":1,"clubcode":"HOU","playerName":"","statId":4,"yards":0}],"00-0022044":[{"sequence":4,"clubcode":"HOU","playerName":"A.Johnson","statId":22,"yards":4},{"sequence":5,"clubcode":"HOU","playerName":"A.Johnson","statId":115,"yards":0},{"sequence":6,"clubcode":"HOU","playerName":"A.Johnson","statId":113,"yards":0}]}},"1242":{"sp":1,"qtr":2,"down":0,"time":"06:57","yrdln":"IND 2","ydstogo":0,"ydsnet":89,"posteam":"HOU","desc":"N.Rackers extra point is GOOD, Center-J.Weeks, Holder-B.Hartmann.","note":"XP","players":{"00-0019676":[{"sequence":1,"clubcode":"HOU","playerName":"N.Rackers","statId":72,"yards":0}]}}},"fds":7,"result":"Touchdown","penyds":0,"ydsgained":89,"numplays":11,"postime":"5:54","start":{"qtr":2,"time":"12:51","yrdln":"HOU 11","team":"HOU"},"end":{"qtr":2,"time":"06:57","yrdln":"IND 4","team":"HOU"}},"10":{"posteam":"IND","qtr":2,"redzone":true,"plays":{"1258":{"sp":0,"qtr":2,"down":0,"time":"06:57","yrdln":"HOU 35","ydstogo":0,"ydsnet":0,"posteam":"HOU","desc":"B.Hartmann kicks 65 yards from HOU 35 to end zone, Touchback.","note":"KICKOFF","players":{"00-0028540":[{"sequence":1,"clubcode":"HOU","playerName":"B.Hartmann","statId":44,"yards":65}],"0":[{"sequence":2,"clubcode":"IND","playerName":"","statId":51,"yards":0}]}},"1276":{"sp":0,"qtr":2,"down":1,"time":"06:57","yrdln":"IND 20","ydstogo":10,"ydsnet":0,"posteam":"IND","desc":"(6:57) (Shotgun) K.Collins pass incomplete short right to D.Clark.","note":null,"players":{"00-0022165":[{"sequence":2,"clubcode":"IND","playerName":"D.Clark","statId":115,"yards":0}],"00-0003292":[{"sequence":1,"clubcode":"IND","playerName":"K.Collins","statId":14,"yards":0},{"sequence":3,"clubcode":"IND","playerName":"K.Collins","statId":112,"yards":13}]}},"1298":{"sp":0,"qtr":2,"down":2,"time":"06:52","yrdln":"IND 20","ydstogo":10,"ydsnet":-2,"posteam":"IND","desc":"(6:52) J.Addai right end to IND 18 for -2 yards (J.Joseph, B.Cushing).","note":null,"players":{"00-0024245":[{"sequence":1,"clubcode":"IND","playerName":"J.Addai","statId":10,"yards":-2}],"00-0024239":[{"sequence":3,"clubcode":"HOU","playerName":"J.Joseph","statId":80,"yards":0},{"sequence":5,"clubcode":"HOU","playerName":"J.Joseph","statId":120,"yards":0}],"0":[{"sequence":2,"clubcode":"IND","playerName":"","statId":95,"yards":-2}],"00-0026991":[{"sequence":4,"clubcode":"HOU","playerName":"B.Cushing","statId":82,"yards":0}]}},"1319":{"sp":0,"qtr":2,"down":3,"time":"06:52","yrdln":"IND 18","ydstogo":12,"ydsnet":-7,"posteam":"IND","desc":"(6:52) (Shotgun) PENALTY on IND-K.Collins, Delay of Game, 5 yards, enforced at IND 18 - No Play.","note":"PENALTY","players":{"00-0003292":[{"sequence":1,"clubcode":"IND","playerName":"K.Collins","statId":93,"yards":5}]}},"1342":{"sp":0,"qtr":2,"down":3,"time":"05:46","yrdln":"IND 13","ydstogo":17,"ydsnet":-7,"posteam":"IND","desc":"(5:46) (Shotgun) K.Collins pass incomplete deep right to A.Collie.","note":null,"players":{"0":[{"sequence":1,"clubcode":"IND","playerName":"","statId":7,"yards":0}],"00-0003292":[{"sequence":2,"clubcode":"IND","playerName":"K.Collins","statId":14,"yards":0},{"sequence":4,"clubcode":"IND","playerName":"K.Collins","statId":112,"yards":36}],"00-0027092":[{"sequence":3,"clubcode":"IND","playerName":"A.Collie","statId":115,"yards":0}]}},"1364":{"sp":0,"qtr":2,"down":4,"time":"05:38","yrdln":"IND 13","ydstogo":17,"ydsnet":-7,"posteam":"IND","desc":"(5:38) P.McAfee punts 57 yards to HOU 30, Center-J.Snow. J.Jones to HOU 38 for 8 yards (A.Moten). IND-E.Sims was injured during the play. His return is Questionable.  (The punt hang time was 4.3 seconds.)","note":"PUNT","players":{"00-0025460":[{"sequence":2,"clubcode":"HOU","playerName":"J.Jones","statId":33,"yards":8}],"00-0028653":[{"sequence":3,"clubcode":"IND","playerName":"A.Moten","statId":79,"yards":0}],"00-0027145":[{"sequence":1,"clubcode":"IND","playerName":"P.McAfee","statId":29,"yards":57}]}}},"fds":0,"result":"Punt","penyds":-5,"ydsgained":-2,"numplays":6,"postime":"1:32","start":{"qtr":2,"time":"06:57","yrdln":"IND 20","team":"IND"},"end":{"qtr":2,"time":"05:25","yrdln":"IND 13","team":"IND"}},"11":{"posteam":"HOU","qtr":2,"redzone":true,"plays":{"1389":{"sp":0,"qtr":2,"down":1,"time":"05:25","yrdln":"HOU 38","ydstogo":10,"ydsnet":5,"posteam":"HOU","desc":"(5:25) M.Schaub pass incomplete short left to K.Walter. PENALTY on IND-A.Bethea, Defensive Holding, 5 yards, enforced at HOU 38 - No Play.","note":"PENALTY","players":{"0":[{"sequence":1,"clubcode":"HOU","playerName":"","statId":5,"yards":0}],"00-0024421":[{"sequence":2,"clubcode":"IND","playerName":"A.Bethea","statId":93,"yards":5}]}},"1430":{"sp":0,"qtr":2,"down":1,"time":"05:17","yrdln":"HOU 43","ydstogo":10,"ydsnet":12,"posteam":"HOU","desc":"(5:17) B.Tate right tackle to 50 for 7 yards (P.Angerer).","note":null,"players":{"00-0027890":[{"sequence":1,"clubcode":"HOU","playerName":"B.Tate","statId":10,"yards":7}],"00-0027892":[{"sequence":2,"clubcode":"IND","playerName":"P.Angerer","statId":79,"yards":0}]}},"1451":{"sp":0,"qtr":2,"down":2,"time":"04:38","yrdln":"50","ydstogo":3,"ydsnet":26,"posteam":"HOU","desc":"(4:38) B.Tate left guard to IND 36 for 14 yards (A.Bethea, E.Foster).","note":null,"players":{"00-0025991":[{"sequence":4,"clubcode":"IND","playerName":"E.Foster","statId":82,"yards":0}],"0":[{"sequence":1,"clubcode":"HOU","playerName":"","statId":3,"yards":0}],"00-0024421":[{"sequence":3,"clubcode":"IND","playerName":"A.Bethea","statId":80,"yards":0}],"00-0027890":[{"sequence":2,"clubcode":"HOU","playerName":"B.Tate","statId":10,"yards":14}]}},"1472":{"sp":0,"qtr":2,"down":1,"time":"03:53","yrdln":"IND 36","ydstogo":10,"ydsnet":34,"posteam":"HOU","desc":"(3:53) D.Ward left guard to IND 28 for 8 yards (R.Mathis).","note":null,"players":{"00-0022770":[{"sequence":1,"clubcode":"HOU","playerName":"D.Ward","statId":10,"yards":8}],"00-0022059":[{"sequence":2,"clubcode":"IND","playerName":"R.Mathis","statId":79,"yards":0}]}},"1493":{"sp":0,"qtr":2,"down":2,"time":"03:13","yrdln":"IND 28","ydstogo":2,"ydsnet":31,"posteam":"HOU","desc":"(3:13) D.Ward left tackle to IND 31 for -3 yards (K.Conner).","note":null,"players":{"00-0022770":[{"sequence":1,"clubcode":"HOU","playerName":"D.Ward","statId":10,"yards":-3}],"00-0027831":[{"sequence":3,"clubcode":"IND","playerName":"K.Conner","statId":79,"yards":0},{"sequence":4,"clubcode":"IND","playerName":"K.Conner","statId":120,"yards":0}],"0":[{"sequence":2,"clubcode":"HOU","playerName":"","statId":95,"yards":-3}]}},"1514":{"sp":0,"qtr":2,"down":0,"time":"02:28","yrdln":"","ydstogo":0,"ydsnet":31,"posteam":"","desc":"Timeout #1 by HOU at 02:28.","note":"TIMEOUT","players":{"0":[{"sequence":1,"clubcode":"HOU","playerName":"","statId":68,"yards":0}]}},"1531":{"sp":0,"qtr":2,"down":3,"time":"02:28","yrdln":"IND 31","ydstogo":5,"ydsnet":45,"posteam":"HOU","desc":"(2:28) (Shotgun) M.Schaub pass short middle to K.Walter to IND 17 for 14 yards (J.Tryon).","note":null,"players":{"00-0021931":[{"sequence":5,"clubcode":"HOU","playerName":"K.Walter","statId":21,"yards":14},{"sequence":6,"clubcode":"HOU","playerName":"K.Walter","statId":115,"yards":0},{"sequence":7,"clubcode":"HOU","playerName":"K.Walter","statId":113,"yards":6}],"00-0022787":[{"sequence":3,"clubcode":"HOU","playerName":"M.Schaub","statId":15,"yards":14},{"sequence":4,"clubcode":"HOU","playerName":"M.Schaub","statId":111,"yards":8}],"00-0026264":[{"sequence":8,"clubcode":"IND","playerName":"J.Tryon","statId":79,"yards":0}],"0":[{"sequence":1,"clubcode":"HOU","playerName":"","statId":4,"yards":0},{"sequence":2,"clubcode":"HOU","playerName":"","statId":6,"yards":0}]}},"1555":{"sp":0,"qtr":2,"down":0,"time":"02:00","yrdln":"","ydstogo":0,"ydsnet":45,"posteam":"","desc":"Two-Minute Warning","note":null,"players":{}},"1572":{"sp":0,"qtr":2,"down":1,"time":"02:00","yrdln":"IND 17","ydstogo":10,"ydsnet":42,"posteam":"HOU","desc":"(2:00) M.Schaub pass incomplete short middle to A.Johnson (K.Conner). (The pass was knocked down by Houston Lineman #76 Brown.)","note":null,"players":{"00-0022787":[{"sequence":1,"clubcode":"HOU","playerName":"M.Schaub","statId":14,"yards":0},{"sequence":4,"clubcode":"HOU","playerName":"M.Schaub","statId":112,"yards":4}],"00-0027831":[{"sequence":3,"clubcode":"IND","playerName":"K.Conner","statId":85,"yards":0}],"00-0022044":[{"sequence":2,"clubcode":"HOU","playerName":"A.Johnson","statId":115,"yards":0}]}},"1594":{"sp":0,"qtr":2,"down":2,"time":"01:56","yrdln":"IND 17","ydstogo":10,"ydsnet":42,"posteam":"HOU","desc":"(1:56) M.Schaub sacked at IND 20 for -3 yards (R.Mathis).","note":null,"players":{"00-0022787":[{"sequence":1,"clubcode":"HOU","playerName":"M.Schaub","statId":20,"yards":-3}],"00-0022059":[{"sequence":2,"clubcode":"IND","playerName":"R.Mathis","statId":83,"yards":-3},{"sequence":3,"clubcode":"IND","playerName":"R.Mathis","statId":110,"yards":0},{"sequence":4,"clubcode":"IND","playerName":"R.Mathis","statId":79,"yards":0},{"sequence":5,"clubcode":"IND","playerName":"R.Mathis","statId":120,"yards":0}]}},"1617":{"sp":0,"qtr":2,"down":0,"time":"01:45","yrdln":"","ydstogo":0,"ydsnet":51,"posteam":"","desc":"Timeout #1 by IND at 01:45.","note":"TIMEOUT","players":{"0":[{"sequence":1,"clubcode":"IND","playerName":"","statId":68,"yards":0}]}},"1634":{"sp":0,"qtr":2,"down":3,"time":"01:45","yrdln":"IND 20","ydstogo":13,"ydsnet":51,"posteam":"HOU","desc":"(1:45) (Shotgun) B.Tate right guard to IND 11 for 9 yards (K.Conner).","note":null,"players":{"00-0027831":[{"sequence":3,"clubcode":"IND","playerName":"K.Conner","statId":79,"yards":0}],"0":[{"sequence":1,"clubcode":"HOU","playerName":"","statId":7,"yards":0}],"00-0027890":[{"sequence":2,"clubcode":"HOU","playerName":"B.Tate","statId":10,"yards":9}]}},"1655":{"sp":0,"qtr":2,"down":0,"time":"01:38","yrdln":"","ydstogo":0,"ydsnet":51,"posteam":"","desc":"Timeout #2 by IND at 01:38.","note":"TIMEOUT","players":{"0":[{"sequence":1,"clubcode":"IND","playerName":"","statId":68,"yards":0}]}},"1672":{"sp":1,"qtr":2,"down":4,"time":"01:38","yrdln":"IND 11","ydstogo":4,"ydsnet":51,"posteam":"HOU","desc":"(1:38) N.Rackers 29 yard field goal is GOOD, Center-J.Weeks, Holder-B.Hartmann.","note":"FG","players":{"00-0019676":[{"sequence":1,"clubcode":"HOU","playerName":"N.Rackers","statId":70,"yards":29}]}}},"fds":3,"result":"Field Goal","penyds":5,"ydsgained":46,"numplays":14,"postime":"3:51","start":{"qtr":2,"time":"05:25","yrdln":"HOU 38","team":"HOU"},"end":{"qtr":2,"time":"01:34","yrdln":"IND 11","team":"HOU"}},"12":{"posteam":"IND","qtr":2,"redzone":true,"plays":{"1691":{"sp":0,"qtr":2,"down":0,"time":"01:34","yrdln":"HOU 35","ydstogo":0,"ydsnet":0,"posteam":"HOU","desc":"B.Hartmann kicks 65 yards from HOU 35 to end zone, Touchback.","note":"KICKOFF","players":{"00-0028540":[{"sequence":1,"clubcode":"HOU","playerName":"B.Hartmann","statId":44,"yards":65}],"0":[{"sequence":2,"clubcode":"IND","playerName":"","statId":51,"yards":0}]}},"1705":{"sp":0,"qtr":2,"down":1,"time":"01:34","yrdln":"IND 20","ydstogo":10,"ydsnet":13,"posteam":"IND","desc":"(1:34) (Shotgun) K.Collins pass short left to R.Wayne pushed ob at IND 33 for 13 yards (K.Jackson).","note":null,"players":{"00-0027872":[{"sequence":7,"clubcode":"HOU","playerName":"K.Jackson","statId":79,"yards":0}],"0":[{"sequence":1,"clubcode":"IND","playerName":"","statId":4,"yards":0}],"00-0003292":[{"sequence":2,"clubcode":"IND","playerName":"K.Collins","statId":15,"yards":13},{"sequence":3,"clubcode":"IND","playerName":"K.Collins","statId":111,"yards":13}],"00-0020498":[{"sequence":4,"clubcode":"IND","playerName":"R.Wayne","statId":21,"yards":13},{"sequence":5,"clubcode":"IND","playerName":"R.Wayne","statId":115,"yards":0},{"sequence":6,"clubcode":"IND","playerName":"R.Wayne","statId":113,"yards":0}]}},"1729":{"sp":0,"qtr":2,"down":1,"time":"01:29","yrdln":"IND 33","ydstogo":10,"ydsnet":13,"posteam":"IND","desc":"(1:29) (Shotgun) K.Collins pass incomplete short right to P.Garcon [A.Smith].","note":null,"players":{"00-0022793":[{"sequence":3,"clubcode":"HOU","playerName":"A.Smith","statId":110,"yards":0}],"00-0003292":[{"sequence":1,"clubcode":"IND","playerName":"K.Collins","statId":14,"yards":0},{"sequence":4,"clubcode":"IND","playerName":"K.Collins","statId":112,"yards":14}],"00-0026345":[{"sequence":2,"clubcode":"IND","playerName":"P.Garcon","statId":115,"yards":0}]}},"1751":{"sp":0,"qtr":2,"down":2,"time":"01:24","yrdln":"IND 33","ydstogo":10,"ydsnet":13,"posteam":"IND","desc":"(1:24) (Shotgun) K.Collins pass incomplete short left to J.Addai.","note":null,"players":{"00-0024245":[{"sequence":2,"clubcode":"IND","playerName":"J.Addai","statId":115,"yards":0}],"00-0003292":[{"sequence":1,"clubcode":"IND","playerName":"K.Collins","statId":14,"yards":0},{"sequence":3,"clubcode":"IND","playerName":"K.Collins","statId":112,"yards":0}]}},"1773":{"sp":0,"qtr":2,"down":3,"time":"01:18","yrdln":"IND 33","ydstogo":10,"ydsnet":13,"posteam":"IND","desc":"(1:18) (Shotgun) K.Collins pass incomplete short middle to R.Wayne (G.Quin) [J.Watt].","note":null,"players":{"00-0027081":[{"sequence":4,"clubcode":"HOU","playerName":"G.Quin","statId":85,"yards":0}],"0":[{"sequence":1,"clubcode":"IND","playerName":"","statId":7,"yards":0}],"00-0027949":[{"sequence":5,"clubcode":"HOU","playerName":"J.Watt","statId":110,"yards":0}],"00-0003292":[{"sequence":2,"clubcode":"IND","playerName":"K.Collins","statId":14,"yards":0},{"sequence":6,"clubcode":"IND","playerName":"K.Collins","statId":112,"yards":15}],"00-0020498":[{"sequence":3,"clubcode":"IND","playerName":"R.Wayne","statId":115,"yards":0}]}},"1795":{"sp":1,"qtr":2,"down":4,"time":"01:13","yrdln":"IND 33","ydstogo":10,"ydsnet":13,"posteam":"IND","desc":"(1:13) P.McAfee punts 46 yards to HOU 21, Center-J.Snow. J.Jones for 79 yards, TOUCHDOWN. (The punt hang time was 5.0 seconds.)","note":"TD","players":{"00-0025460":[{"sequence":2,"clubcode":"HOU","playerName":"J.Jones","statId":34,"yards":79}],"00-0027145":[{"sequence":1,"clubcode":"IND","playerName":"P.McAfee","statId":29,"yards":46}]}}},"fds":1,"result":"Punt","penyds":0,"ydsgained":13,"numplays":6,"postime":"0:40","start":{"qtr":2,"time":"01:34","yrdln":"IND 20","team":"IND"},"end":{"qtr":2,"time":"00:54","yrdln":"IND 33","team":"IND"}},"13":{"posteam":"IND","qtr":2,"redzone":true,"plays":{"1832":{"sp":0,"qtr":2,"down":0,"time":"00:54","yrdln":"HOU 35","ydstogo":0,"ydsnet":0,"posteam":"HOU","desc":"B.Hartmann kicks 65 yards from HOU 35 to end zone, Touchback.","note":"KICKOFF","players":{"00-0028540":[{"sequence":1,"clubcode":"HOU","playerName":"B.Hartmann","statId":44,"yards":65}],"0":[{"sequence":2,"clubcode":"IND","playerName":"","statId":51,"yards":0}]}},"1846":{"sp":0,"qtr":2,"down":1,"time":"00:54","yrdln":"IND 20","ydstogo":10,"ydsnet":8,"posteam":"IND","desc":"(:54) (Shotgun) D.Carter up the middle to IND 28 for 8 yards (D.Ryans).","note":null,"players":{"00-0028057":[{"sequence":1,"clubcode":"IND","playerName":"D.Carter","statId":10,"yards":8}],"00-0024248":[{"sequence":2,"clubcode":"HOU","playerName":"D.Ryans","statId":79,"yards":0}]}},"1871":{"sp":0,"qtr":2,"down":2,"time":"00:34","yrdln":"IND 28","ydstogo":2,"ydsnet":10,"posteam":"IND","desc":"(:34) (Shotgun) D.Carter up the middle to IND 30 for 2 yards (J.Watt, A.Smith).","note":null,"players":{"00-0028057":[{"sequence":2,"clubcode":"IND","playerName":"D.Carter","statId":10,"yards":2}],"00-0022793":[{"sequence":4,"clubcode":"HOU","playerName":"A.Smith","statId":82,"yards":0}],"0":[{"sequence":1,"clubcode":"IND","playerName":"","statId":3,"yards":0}],"00-0027949":[{"sequence":3,"clubcode":"HOU","playerName":"J.Watt","statId":80,"yards":0}]}},"1892":{"sp":0,"qtr":2,"down":0,"time":"","yrdln":"","ydstogo":0,"ydsnet":10,"posteam":"","desc":"END QUARTER 2","note":null,"players":{}}},"fds":1,"result":"End of Half","penyds":0,"ydsgained":10,"numplays":4,"postime":"0:54","start":{"qtr":2,"time":"00:54","yrdln":"IND 20","team":"IND"},"end":{"qtr":2,"time":"00:00","yrdln":"IND 28","team":"IND"}},"14":{"posteam":"IND","qtr":3,"redzone":true,"plays":{"1908":{"sp":0,"qtr":3,"down":0,"time":"15:00","yrdln":"HOU 35","ydstogo":0,"ydsnet":0,"posteam":"HOU","desc":"B.Hartmann kicks 65 yards from HOU 35 to end zone, Touchback.","note":"KICKOFF","players":{"00-0028540":[{"sequence":1,"clubcode":"HOU","playerName":"B.Hartmann","statId":44,"yards":65}],"0":[{"sequence":2,"clubcode":"IND","playerName":"","statId":51,"yards":0}]}},"1922":{"sp":0,"qtr":3,"down":1,"time":"15:00","yrdln":"IND 20","ydstogo":10,"ydsnet":17,"posteam":"IND","desc":"(15:00) K.Collins pass short right to P.Garcon to IND 37 for 17 yards (J.Joseph, G.Quin).","note":null,"players":{"00-0027081":[{"sequence":8,"clubcode":"HOU","playerName":"G.Quin","statId":82,"yards":0}],"00-0024239":[{"sequence":7,"clubcode":"HOU","playerName":"J.Joseph","statId":80,"yards":0}],"0":[{"sequence":1,"clubcode":"IND","playerName":"","statId":4,"yards":0}],"00-0003292":[{"sequence":2,"clubcode":"IND","playerName":"K.Collins","statId":15,"yards":17},{"sequence":3,"clubcode":"IND","playerName":"K.Collins","statId":111,"yards":13}],"00-0026345":[{"sequence":4,"clubcode":"IND","playerName":"P.Garcon","statId":21,"yards":17},{"sequence":5,"clubcode":"IND","playerName":"P.Garcon","statId":115,"yards":0},{"sequence":6,"clubcode":"IND","playerName":"P.Garcon","statId":113,"yards":4}]}},"1946":{"sp":0,"qtr":3,"down":1,"time":"14:27","yrdln":"IND 37","ydstogo":10,"ydsnet":24,"posteam":"IND","desc":"(14:27) J.Addai up the middle to IND 44 for 7 yards (J.Watt).","note":null,"players":{"00-0024245":[{"sequence":1,"clubcode":"IND","playerName":"J.Addai","statId":10,"yards":7}],"00-0027949":[{"sequence":2,"clubcode":"HOU","playerName":"J.Watt","statId":79,"yards":0}]}},"1967":{"sp":0,"qtr":3,"down":2,"time":"13:52","yrdln":"IND 44","ydstogo":3,"ydsnet":41,"posteam":"IND","desc":"(13:52) K.Collins pass short right to D.Clark to HOU 39 for 17 yards (B.Cushing).","note":null,"players":{"0":[{"sequence":1,"clubcode":"IND","playerName":"","statId":4,"yards":0}],"00-0022165":[{"sequence":4,"clubcode":"IND","playerName":"D.Clark","statId":21,"yards":17},{"sequence":5,"clubcode":"IND","playerName":"D.Clark","statId":115,"yards":0},{"sequence":6,"clubcode":"IND","playerName":"D.Clark","statId":113,"yards":18}],"00-0003292":[{"sequence":2,"clubcode":"IND","playerName":"K.Collins","statId":15,"yards":17},{"sequence":3,"clubcode":"IND","playerName":"K.Collins","statId":111,"yards":-1}],"00-0026991":[{"sequence":7,"clubcode":"HOU","playerName":"B.Cushing","statId":79,"yards":0}]}},"1991":{"sp":0,"qtr":3,"down":1,"time":"13:17","yrdln":"HOU 39","ydstogo":10,"ydsnet":41,"posteam":"IND","desc":"(13:17) J.Addai right end to HOU 49 for -10 yards. PENALTY on IND-B.Eldridge, Offensive Holding, 10 yards, enforced at HOU 39 - No Play.","note":"PENALTY","players":{"00-0027761":[{"sequence":1,"clubcode":"IND","playerName":"B.Eldridge","statId":93,"yards":10}]}},"2018":{"sp":0,"qtr":3,"down":1,"time":"12:54","yrdln":"HOU 49","ydstogo":20,"ydsnet":31,"posteam":"IND","desc":"(12:54) (Shotgun) K.Collins pass incomplete short right to J.Addai [B.Cushing].","note":null,"players":{"00-0024245":[{"sequence":2,"clubcode":"IND","playerName":"J.Addai","statId":115,"yards":0}],"00-0003292":[{"sequence":1,"clubcode":"IND","playerName":"K.Collins","statId":14,"yards":0},{"sequence":4,"clubcode":"IND","playerName":"K.Collins","statId":112,"yards":-4}],"00-0026991":[{"sequence":3,"clubcode":"HOU","playerName":"B.Cushing","statId":110,"yards":0}]}},"2047":{"sp":0,"qtr":3,"down":2,"time":"12:44","yrdln":"HOU 49","ydstogo":20,"ydsnet":31,"posteam":"IND","desc":"(12:44) (Shotgun) K.Collins pass incomplete short right to P.Garcon.","note":null,"players":{"00-0003292":[{"sequence":1,"clubcode":"IND","playerName":"K.Collins","statId":14,"yards":0},{"sequence":3,"clubcode":"IND","playerName":"K.Collins","statId":112,"yards":5}],"00-0026345":[{"sequence":2,"clubcode":"IND","playerName":"P.Garcon","statId":115,"yards":0}]}},"2069":{"sp":0,"qtr":3,"down":3,"time":"12:40","yrdln":"HOU 49","ydstogo":20,"ydsnet":41,"posteam":"IND","desc":"(12:40) (Shotgun) K.Collins pass short right to J.Addai pushed ob at HOU 39 for 10 yards (J.Joseph).","note":null,"players":{"00-0024245":[{"sequence":4,"clubcode":"IND","playerName":"J.Addai","statId":21,"yards":10},{"sequence":5,"clubcode":"IND","playerName":"J.Addai","statId":115,"yards":0},{"sequence":6,"clubcode":"IND","playerName":"J.Addai","statId":113,"yards":13}],"00-0024239":[{"sequence":7,"clubcode":"HOU","playerName":"J.Joseph","statId":79,"yards":0}],"0":[{"sequence":1,"clubcode":"IND","playerName":"","statId":7,"yards":0}],"00-0003292":[{"sequence":2,"clubcode":"IND","playerName":"K.Collins","statId":15,"yards":10},{"sequence":3,"clubcode":"IND","playerName":"K.Collins","statId":111,"yards":-3}]}},"2093":{"sp":0,"qtr":3,"down":4,"time":"12:03","yrdln":"HOU 39","ydstogo":10,"ydsnet":41,"posteam":"IND","desc":"(12:03) P.McAfee punts 39 yards to end zone, Center-J.Snow, Touchback. (The punt hang time was 4.3 seconds.)","note":"PUNT","players":{"0":[{"sequence":2,"clubcode":"HOU","playerName":"","statId":40,"yards":0}],"00-0027145":[{"sequence":1,"clubcode":"IND","playerName":"P.McAfee","statId":32,"yards":39}]}}},"fds":2,"result":"Punt","penyds":-10,"ydsgained":51,"numplays":9,"postime":"3:06","start":{"qtr":3,"time":"15:00","yrdln":"IND 20","team":"IND"},"end":{"qtr":3,"time":"11:54","yrdln":"HOU 39","team":"IND"}},"15":{"posteam":"HOU","qtr":3,"redzone":true,"plays":{"2110":{"sp":0,"qtr":3,"down":1,"time":"11:54","yrdln":"HOU 20","ydstogo":10,"ydsnet":2,"posteam":"HOU","desc":"(11:54) B.Tate left guard to HOU 22 for 2 yards (P.Angerer).","note":null,"players":{"00-0027890":[{"sequence":1,"clubcode":"HOU","playerName":"B.Tate","statId":10,"yards":2}],"00-0027892":[{"sequence":2,"clubcode":"IND","playerName":"P.Angerer","statId":79,"yards":0}]}},"2135":{"sp":0,"qtr":3,"down":2,"time":"11:20","yrdln":"HOU 22","ydstogo":8,"ydsnet":8,"posteam":"HOU","desc":"(11:20) M.Schaub pass short left to A.Johnson to HOU 28 for 6 yards (J.Powers).","note":null,"players":{"00-0027064":[{"sequence":6,"clubcode":"IND","playerName":"J.Powers","statId":79,"yards":0}],"00-0022787":[{"sequence":1,"clubcode":"HOU","playerName":"M.Schaub","statId":15,"yards":6},{"sequence":2,"clubcode":"HOU","playerName":"M.Schaub","statId":111,"yards":6}],"00-0022044":[{"sequence":3,"clubcode":"HOU","playerName":"A.Johnson","statId":21,"yards":6},{"sequence":4,"clubcode":"HOU","playerName":"A.Johnson","statId":115,"yards":0},{"sequence":5,"clubcode":"HOU","playerName":"A.Johnson","statId":113,"yards":0}]}},"2159":{"sp":0,"qtr":3,"down":3,"time":"10:47","yrdln":"HOU 28","ydstogo":2,"ydsnet":21,"posteam":"HOU","desc":"(10:47) M.Schaub pass short right to J.Casey to HOU 41 for 13 yards (G.Brackett).","note":null,"players":{"00-0022787":[{"sequence":3,"clubcode":"HOU","playerName":"M.Schaub","statId":15,"yards":13},{"sequence":4,"clubcode":"HOU","playerName":"M.Schaub","statId":111,"yards":2}],"00-0021484":[{"sequence":8,"clubcode":"IND","playerName":"G.Brackett","statId":79,"yards":0}],"0":[{"sequence":1,"clubcode":"HOU","playerName":"","statId":4,"yards":0},{"sequence":2,"clubcode":"HOU","playerName":"","statId":6,"yards":0}],"00-0027109":[{"sequence":5,"clubcode":"HOU","playerName":"J.Casey","statId":21,"yards":13},{"sequence":6,"clubcode":"HOU","playerName":"J.Casey","statId":115,"yards":0},{"sequence":7,"clubcode":"HOU","playerName":"J.Casey","statId":113,"yards":11}]}},"2183":{"sp":0,"qtr":3,"down":1,"time":"10:00","yrdln":"HOU 41","ydstogo":10,"ydsnet":26,"posteam":"HOU","desc":"(10:00) B.Tate left tackle to HOU 46 for 5 yards (D.Nevis).","note":null,"players":{"00-0028025":[{"sequence":2,"clubcode":"IND","playerName":"D.Nevis","statId":79,"yards":0}],"00-0027890":[{"sequence":1,"clubcode":"HOU","playerName":"B.Tate","statId":10,"yards":5}]}},"2204":{"sp":0,"qtr":3,"down":2,"time":"09:22","yrdln":"HOU 46","ydstogo":5,"ydsnet":26,"posteam":"HOU","desc":"(9:22) B.Tate left tackle to HOU 46 for no gain (D.Nevis).","note":null,"players":{"00-0028025":[{"sequence":2,"clubcode":"IND","playerName":"D.Nevis","statId":79,"yards":0}],"00-0027890":[{"sequence":1,"clubcode":"HOU","playerName":"B.Tate","statId":10,"yards":0}]}},"2225":{"sp":0,"qtr":3,"down":3,"time":"08:40","yrdln":"HOU 46","ydstogo":5,"ydsnet":26,"posteam":"HOU","desc":"(8:40) (Shotgun) M.Schaub pass incomplete deep left to A.Johnson.","note":null,"players":{"00-0022787":[{"sequence":2,"clubcode":"HOU","playerName":"M.Schaub","statId":14,"yards":0},{"sequence":4,"clubcode":"HOU","playerName":"M.Schaub","statId":112,"yards":27}],"0":[{"sequence":1,"clubcode":"HOU","playerName":"","statId":7,"yards":0}],"00-0022044":[{"sequence":3,"clubcode":"HOU","playerName":"A.Johnson","statId":115,"yards":0}]}},"2253":{"sp":0,"qtr":3,"down":4,"time":"08:33","yrdln":"HOU 46","ydstogo":5,"ydsnet":26,"posteam":"HOU","desc":"(8:33) B.Hartmann punts 54 yards to end zone, Center-J.Weeks, Touchback. (The punt hang time was 3.9 seconds.)","note":"PUNT","players":{"00-0028540":[{"sequence":1,"clubcode":"HOU","playerName":"B.Hartmann","statId":32,"yards":54}],"0":[{"sequence":2,"clubcode":"IND","playerName":"","statId":40,"yards":0}]}}},"fds":1,"result":"Punt","penyds":0,"ydsgained":26,"numplays":7,"postime":"3:31","start":{"qtr":3,"time":"11:54","yrdln":"HOU 20","team":"HOU"},"end":{"qtr":3,"time":"08:23","yrdln":"HOU 46","team":"HOU"}},"16":{"posteam":"IND","qtr":3,"redzone":true,"plays":{"2270":{"sp":0,"qtr":3,"down":1,"time":"08:23","yrdln":"IND 20","ydstogo":10,"ydsnet":2,"posteam":"IND","desc":"(8:23) D.Carter left guard to IND 22 for 2 yards (D.Sharpton).","note":null,"players":{"00-0028057":[{"sequence":1,"clubcode":"IND","playerName":"D.Carter","statId":10,"yards":2}],"00-0027703":[{"sequence":2,"clubcode":"HOU","playerName":"D.Sharpton","statId":79,"yards":0}]}},"2292":{"sp":0,"qtr":3,"down":2,"time":"07:49","yrdln":"IND 22","ydstogo":8,"ydsnet":24,"posteam":"IND","desc":"(7:49) (Shotgun) K.Collins pass deep middle to R.Wayne to IND 44 for 22 yards (D.Sharpton) [C.Barwin].","note":null,"players":{"00-0027703":[{"sequence":8,"clubcode":"HOU","playerName":"D.Sharpton","statId":79,"yards":0}],"0":[{"sequence":1,"clubcode":"IND","playerName":"","statId":4,"yards":0}],"00-0003292":[{"sequence":2,"clubcode":"IND","playerName":"K.Collins","statId":15,"yards":22},{"sequence":3,"clubcode":"IND","playerName":"K.Collins","statId":111,"yards":17}],"00-0027022":[{"sequence":7,"clubcode":"HOU","playerName":"C.Barwin","statId":110,"yards":0}],"00-0020498":[{"sequence":4,"clubcode":"IND","playerName":"R.Wayne","statId":21,"yards":22},{"sequence":5,"clubcode":"IND","playerName":"R.Wayne","statId":115,"yards":0},{"sequence":6,"clubcode":"IND","playerName":"R.Wayne","statId":113,"yards":5}]}},"2316":{"sp":0,"qtr":3,"down":1,"time":"07:13","yrdln":"IND 44","ydstogo":10,"ydsnet":24,"posteam":"IND","desc":"(7:13) K.Collins pass incomplete short left to R.Wayne.","note":null,"players":{"00-0003292":[{"sequence":1,"clubcode":"IND","playerName":"K.Collins","statId":14,"yards":0},{"sequence":3,"clubcode":"IND","playerName":"K.Collins","statId":112,"yards":15}],"00-0020498":[{"sequence":2,"clubcode":"IND","playerName":"R.Wayne","statId":115,"yards":0}]}},"2338":{"sp":0,"qtr":3,"down":2,"time":"07:08","yrdln":"IND 44","ydstogo":10,"ydsnet":35,"posteam":"IND","desc":"(7:08) (Shotgun) K.Collins pass short right to P.Garcon to HOU 45 for 11 yards (J.Joseph; B.Cushing) [A.Smith]. Penalty on HOU-K.Jackson, Illegal Contact, declined.","note":null,"players":{"00-0022793":[{"sequence":7,"clubcode":"HOU","playerName":"A.Smith","statId":110,"yards":0}],"00-0024239":[{"sequence":8,"clubcode":"HOU","playerName":"J.Joseph","statId":82,"yards":0}],"0":[{"sequence":1,"clubcode":"IND","playerName":"","statId":4,"yards":0}],"00-0003292":[{"sequence":2,"clubcode":"IND","playerName":"K.Collins","statId":15,"yards":11},{"sequence":3,"clubcode":"IND","playerName":"K.Collins","statId":111,"yards":11}],"00-0026991":[{"sequence":9,"clubcode":"HOU","playerName":"B.Cushing","statId":82,"yards":0}],"00-0026345":[{"sequence":4,"clubcode":"IND","playerName":"P.Garcon","statId":21,"yards":11},{"sequence":5,"clubcode":"IND","playerName":"P.Garcon","statId":115,"yards":0},{"sequence":6,"clubcode":"IND","playerName":"P.Garcon","statId":113,"yards":0}]}},"2377":{"sp":0,"qtr":3,"down":1,"time":"06:38","yrdln":"HOU 45","ydstogo":10,"ydsnet":35,"posteam":"IND","desc":"(6:38) (Shotgun) K.Collins pass incomplete short right to J.Tamme.","note":null,"players":{"00-0003292":[{"sequence":1,"clubcode":"IND","playerName":"K.Collins","statId":14,"yards":0},{"sequence":3,"clubcode":"IND","playerName":"K.Collins","statId":112,"yards":2}],"00-0026267":[{"sequence":2,"clubcode":"IND","playerName":"J.Tamme","statId":115,"yards":0}]}},"2399":{"sp":0,"qtr":3,"down":2,"time":"06:34","yrdln":"HOU 45","ydstogo":10,"ydsnet":30,"posteam":"IND","desc":"(6:34) (Shotgun) PENALTY on IND-J.Linkenbach, False Start, 5 yards, enforced at HOU 45 - No Play.","note":"PENALTY","players":{"00-0027469":[{"sequence":1,"clubcode":"IND","playerName":"J.Linkenbach","statId":93,"yards":5}]}},"2426":{"sp":0,"qtr":3,"down":2,"time":"06:34","yrdln":"50","ydstogo":15,"ydsnet":31,"posteam":"IND","desc":"(6:34) (Shotgun) D.Carter left guard to HOU 49 for 1 yard (B.Cushing).","note":null,"players":{"00-0028057":[{"sequence":1,"clubcode":"IND","playerName":"D.Carter","statId":10,"yards":1}],"00-0026991":[{"sequence":2,"clubcode":"HOU","playerName":"B.Cushing","statId":79,"yards":0}]}},"2447":{"sp":0,"qtr":3,"down":3,"time":"05:47","yrdln":"HOU 49","ydstogo":14,"ydsnet":11,"posteam":"IND","desc":"(5:47) (Shotgun) K.Collins pass incomplete short right [M.Williams]. PENALTY on IND-K.Collins, Intentional Grounding, 20 yards, enforced at HOU 49.","note":"PENALTY","players":{"0":[{"sequence":1,"clubcode":"IND","playerName":"","statId":7,"yards":0}],"00-0003292":[{"sequence":2,"clubcode":"IND","playerName":"K.Collins","statId":14,"yards":0},{"sequence":4,"clubcode":"IND","playerName":"K.Collins","statId":112,"yards":0},{"sequence":5,"clubcode":"IND","playerName":"K.Collins","statId":93,"yards":20}],"00-0023750":[{"sequence":3,"clubcode":"HOU","playerName":"M.Williams","statId":110,"yards":0}]}},"2480":{"sp":0,"qtr":3,"down":4,"time":"05:41","yrdln":"IND 31","ydstogo":34,"ydsnet":11,"posteam":"IND","desc":"(5:41) P.McAfee punts 49 yards to HOU 20, Center-J.Snow, downed by IND. (The punt hang time was 4.5 seconds.)","note":"PUNT","players":{"0":[{"sequence":2,"clubcode":"HOU","playerName":"","statId":38,"yards":0}],"00-0027145":[{"sequence":1,"clubcode":"IND","playerName":"P.McAfee","statId":29,"yards":49}]}}},"fds":2,"result":"Punt","penyds":-25,"ydsgained":36,"numplays":9,"postime":"2:53","start":{"qtr":3,"time":"08:23","yrdln":"IND 20","team":"IND"},"end":{"qtr":3,"time":"05:30","yrdln":"IND 31","team":"IND"}},"17":{"posteam":"HOU","qtr":4,"redzone":true,"plays":{"2498":{"sp":0,"qtr":3,"down":1,"time":"05:30","yrdln":"HOU 20","ydstogo":10,"ydsnet":13,"posteam":"HOU","desc":"(5:30) S.Slaton left tackle to HOU 33 for 13 yards (M.Bullitt).","note":null,"players":{"00-0024697":[{"sequence":3,"clubcode":"IND","playerName":"M.Bullitt","statId":79,"yards":0}],"0":[{"sequence":1,"clubcode":"HOU","playerName":"","statId":3,"yards":0}],"00-0026229":[{"sequence":2,"clubcode":"HOU","playerName":"S.Slaton","statId":10,"yards":13}]}},"2523":{"sp":0,"qtr":3,"down":1,"time":"04:54","yrdln":"HOU 33","ydstogo":10,"ydsnet":19,"posteam":"HOU","desc":"(4:54) M.Schaub pass short middle to S.Slaton to HOU 39 for 6 yards (P.Angerer).","note":null,"players":{"00-0022787":[{"sequence":1,"clubcode":"HOU","playerName":"M.Schaub","statId":15,"yards":6},{"sequence":2,"clubcode":"HOU","playerName":"M.Schaub","statId":111,"yards":-8}],"00-0027892":[{"sequence":6,"clubcode":"IND","playerName":"P.Angerer","statId":79,"yards":0}],"00-0026229":[{"sequence":3,"clubcode":"HOU","playerName":"S.Slaton","statId":21,"yards":6},{"sequence":4,"clubcode":"HOU","playerName":"S.Slaton","statId":115,"yards":0},{"sequence":5,"clubcode":"HOU","playerName":"S.Slaton","statId":113,"yards":14}]}},"2547":{"sp":0,"qtr":3,"down":2,"time":"04:54","yrdln":"HOU 39","ydstogo":4,"ydsnet":14,"posteam":"HOU","desc":"(4:54) PENALTY on HOU-E.Winston, False Start, 5 yards, enforced at HOU 39 - No Play.","note":"PENALTY","players":{"00-0024281":[{"sequence":1,"clubcode":"HOU","playerName":"E.Winston","statId":93,"yards":5}]}},"2570":{"sp":0,"qtr":3,"down":2,"time":"03:46","yrdln":"HOU 34","ydstogo":9,"ydsnet":13,"posteam":"HOU","desc":"(3:46) S.Slaton left guard to HOU 33 for -1 yards (E.Foster, K.Conner).","note":null,"players":{"00-0027831":[{"sequence":4,"clubcode":"IND","playerName":"K.Conner","statId":82,"yards":0}],"00-0025991":[{"sequence":3,"clubcode":"IND","playerName":"E.Foster","statId":80,"yards":0},{"sequence":5,"clubcode":"IND","playerName":"E.Foster","statId":120,"yards":0}],"0":[{"sequence":2,"clubcode":"HOU","playerName":"","statId":95,"yards":-1}],"00-0026229":[{"sequence":1,"clubcode":"HOU","playerName":"S.Slaton","statId":10,"yards":-1}]}},"2591":{"sp":0,"qtr":3,"down":3,"time":"03:03","yrdln":"HOU 33","ydstogo":10,"ydsnet":38,"posteam":"HOU","desc":"(3:03) (Shotgun) M.Schaub pass deep middle to J.Jones to IND 42 for 25 yards (J.Powers).","note":null,"players":{"00-0027064":[{"sequence":8,"clubcode":"IND","playerName":"J.Powers","statId":79,"yards":0}],"00-0022787":[{"sequence":3,"clubcode":"HOU","playerName":"M.Schaub","statId":15,"yards":25},{"sequence":4,"clubcode":"HOU","playerName":"M.Schaub","statId":111,"yards":20}],"00-0025460":[{"sequence":5,"clubcode":"HOU","playerName":"J.Jones","statId":21,"yards":25},{"sequence":6,"clubcode":"HOU","playerName":"J.Jones","statId":115,"yards":0},{"sequence":7,"clubcode":"HOU","playerName":"J.Jones","statId":113,"yards":5}],"0":[{"sequence":1,"clubcode":"HOU","playerName":"","statId":4,"yards":0},{"sequence":2,"clubcode":"HOU","playerName":"","statId":6,"yards":0}]}},"2615":{"sp":0,"qtr":3,"down":1,"time":"02:17","yrdln":"IND 42","ydstogo":10,"ydsnet":41,"posteam":"HOU","desc":"(2:17) B.Tate left tackle to IND 39 for 3 yards (D.Nevis).","note":null,"players":{"00-0028025":[{"sequence":2,"clubcode":"IND","playerName":"D.Nevis","statId":79,"yards":0}],"00-0027890":[{"sequence":1,"clubcode":"HOU","playerName":"B.Tate","statId":10,"yards":3}]}},"2636":{"sp":0,"qtr":3,"down":2,"time":"01:34","yrdln":"IND 39","ydstogo":7,"ydsnet":49,"posteam":"HOU","desc":"(1:34) M.Schaub pass short middle to J.Jones to IND 31 for 8 yards (J.Powers).","note":null,"players":{"00-0027064":[{"sequence":7,"clubcode":"IND","playerName":"J.Powers","statId":79,"yards":0}],"00-0022787":[{"sequence":2,"clubcode":"HOU","playerName":"M.Schaub","statId":15,"yards":8},{"sequence":3,"clubcode":"HOU","playerName":"M.Schaub","statId":111,"yards":5}],"00-0025460":[{"sequence":4,"clubcode":"HOU","playerName":"J.Jones","statId":21,"yards":8},{"sequence":5,"clubcode":"HOU","playerName":"J.Jones","statId":115,"yards":0},{"sequence":6,"clubcode":"HOU","playerName":"J.Jones","statId":113,"yards":3}],"0":[{"sequence":1,"clubcode":"HOU","playerName":"","statId":4,"yards":0}]}},"2660":{"sp":0,"qtr":3,"down":1,"time":"00:57","yrdln":"IND 31","ydstogo":10,"ydsnet":52,"posteam":"HOU","desc":"(:57) M.Schaub scrambles left end ran ob at IND 28 for 3 yards (P.Angerer).","note":null,"players":{"00-0022787":[{"sequence":1,"clubcode":"HOU","playerName":"M.Schaub","statId":10,"yards":3}],"00-0027892":[{"sequence":2,"clubcode":"IND","playerName":"P.Angerer","statId":79,"yards":0}]}},"2681":{"sp":0,"qtr":3,"down":2,"time":"00:22","yrdln":"IND 28","ydstogo":7,"ydsnet":70,"posteam":"HOU","desc":"(:22) B.Tate right tackle to IND 10 for 18 yards (A.Bethea).","note":null,"players":{"0":[{"sequence":1,"clubcode":"HOU","playerName":"","statId":3,"yards":0}],"00-0024421":[{"sequence":3,"clubcode":"IND","playerName":"A.Bethea","statId":79,"yards":0}],"00-0027890":[{"sequence":2,"clubcode":"HOU","playerName":"B.Tate","statId":10,"yards":18}]}},"2702":{"sp":0,"qtr":3,"down":0,"time":"","yrdln":"","ydstogo":0,"ydsnet":70,"posteam":"","desc":"END QUARTER 3","note":null,"players":{}},"2718":{"sp":0,"qtr":4,"down":1,"time":"15:00","yrdln":"IND 10","ydstogo":10,"ydsnet":71,"posteam":"HOU","desc":"(15:00) B.Tate right end pushed ob at IND 9 for 1 yard (P.Angerer).","note":null,"players":{"00-0027890":[{"sequence":1,"clubcode":"HOU","playerName":"B.Tate","statId":10,"yards":1}],"00-0027892":[{"sequence":2,"clubcode":"IND","playerName":"P.Angerer","statId":79,"yards":0}]}},"2739":{"sp":0,"qtr":4,"down":2,"time":"14:33","yrdln":"IND 9","ydstogo":9,"ydsnet":71,"posteam":"HOU","desc":"(14:33) (The Colt's #53 also Hit the Quaterback on the play.) M.Schaub pass incomplete short middle to A.Johnson (K.Conner).","note":null,"players":{"00-0022787":[{"sequence":1,"clubcode":"HOU","playerName":"M.Schaub","statId":14,"yards":0},{"sequence":4,"clubcode":"HOU","playerName":"M.Schaub","statId":112,"yards":4}],"00-0027831":[{"sequence":3,"clubcode":"IND","playerName":"K.Conner","statId":85,"yards":0}],"00-0022044":[{"sequence":2,"clubcode":"HOU","playerName":"A.Johnson","statId":115,"yards":0}]}},"2761":{"sp":0,"qtr":4,"down":3,"time":"14:27","yrdln":"IND 9","ydstogo":9,"ydsnet":71,"posteam":"HOU","desc":"(14:27) (Shotgun) M.Schaub pass short middle intended for S.Slaton INTERCEPTED by G.Brackett at IND 10. G.Brackett pushed ob at IND 37 for 27 yards (M.Brisiel).","note":"INT","players":{"00-0022787":[{"sequence":2,"clubcode":"HOU","playerName":"M.Schaub","statId":19,"yards":0},{"sequence":4,"clubcode":"HOU","playerName":"M.Schaub","statId":112,"yards":-1}],"00-0021484":[{"sequence":5,"clubcode":"IND","playerName":"G.Brackett","statId":25,"yards":27},{"sequence":6,"clubcode":"IND","playerName":"G.Brackett","statId":85,"yards":0}],"00-0023846":[{"sequence":7,"clubcode":"HOU","playerName":"M.Brisiel","statId":79,"yards":0}],"0":[{"sequence":1,"clubcode":"HOU","playerName":"","statId":7,"yards":0}],"00-0026229":[{"sequence":3,"clubcode":"HOU","playerName":"S.Slaton","statId":115,"yards":0}]}}},"fds":4,"result":"Interception","penyds":-5,"ydsgained":76,"numplays":13,"postime":"6:13","start":{"qtr":3,"time":"05:30","yrdln":"HOU 20","team":"HOU"},"end":{"qtr":3,"time":"14:17","yrdln":"IND 9","team":"HOU"}},"18":{"posteam":"IND","qtr":4,"redzone":true,"plays":{"2787":{"sp":0,"qtr":4,"down":1,"time":"14:17","yrdln":"IND 37","ydstogo":10,"ydsnet":11,"posteam":"IND","desc":"(14:17) (Shotgun) K.Collins pass short right to P.Garcon to IND 48 for 11 yards (J.Joseph).","note":null,"players":{"00-0024239":[{"sequence":7,"clubcode":"HOU","playerName":"J.Joseph","statId":79,"yards":0}],"0":[{"sequence":1,"clubcode":"IND","playerName":"","statId":4,"yards":0}],"00-0003292":[{"sequence":2,"clubcode":"IND","playerName":"K.Collins","statId":15,"yards":11},{"sequence":3,"clubcode":"IND","playerName":"K.Collins","statId":111,"yards":11}],"00-0026345":[{"sequence":4,"clubcode":"IND","playerName":"P.Garcon","statId":21,"yards":11},{"sequence":5,"clubcode":"IND","playerName":"P.Garcon","statId":115,"yards":0},{"sequence":6,"clubcode":"IND","playerName":"P.Garcon","statId":113,"yards":0}]}},"2811":{"sp":0,"qtr":4,"down":1,"time":"13:38","yrdln":"IND 48","ydstogo":10,"ydsnet":13,"posteam":"IND","desc":"(13:38) J.Addai left guard to 50 for 2 yards (J.Watt, T.Jamison).","note":null,"players":{"00-0024245":[{"sequence":1,"clubcode":"IND","playerName":"J.Addai","statId":10,"yards":2}],"00-0026798":[{"sequence":3,"clubcode":"HOU","playerName":"T.Jamison","statId":82,"yards":0}],"00-0027949":[{"sequence":2,"clubcode":"HOU","playerName":"J.Watt","statId":80,"yards":0}]}},"2832":{"sp":0,"qtr":4,"down":2,"time":"13:02","yrdln":"50","ydstogo":8,"ydsnet":20,"posteam":"IND","desc":"(13:02) (Shotgun) K.Collins pass short left to D.Clark to HOU 43 for 7 yards (D.Sharpton, G.Quin).","note":null,"players":{"00-0027703":[{"sequence":6,"clubcode":"HOU","playerName":"D.Sharpton","statId":80,"yards":0}],"00-0027081":[{"sequence":7,"clubcode":"HOU","playerName":"G.Quin","statId":82,"yards":0}],"00-0022165":[{"sequence":3,"clubcode":"IND","playerName":"D.Clark","statId":21,"yards":7},{"sequence":4,"clubcode":"IND","playerName":"D.Clark","statId":115,"yards":0},{"sequence":5,"clubcode":"IND","playerName":"D.Clark","statId":113,"yards":7}],"00-0003292":[{"sequence":1,"clubcode":"IND","playerName":"K.Collins","statId":15,"yards":7},{"sequence":2,"clubcode":"IND","playerName":"K.Collins","statId":111,"yards":0}]}},"2856":{"sp":0,"qtr":4,"down":3,"time":"12:22","yrdln":"HOU 43","ydstogo":1,"ydsnet":23,"posteam":"IND","desc":"(12:22) D.Carter up the middle to HOU 40 for 3 yards (J.Watt).","note":null,"players":{"00-0028057":[{"sequence":3,"clubcode":"IND","playerName":"D.Carter","statId":10,"yards":3}],"0":[{"sequence":1,"clubcode":"IND","playerName":"","statId":3,"yards":0},{"sequence":2,"clubcode":"IND","playerName":"","statId":6,"yards":0}],"00-0027949":[{"sequence":4,"clubcode":"HOU","playerName":"J.Watt","statId":79,"yards":0}]}},"2881":{"sp":0,"qtr":4,"down":1,"time":"11:46","yrdln":"HOU 40","ydstogo":10,"ydsnet":38,"posteam":"IND","desc":"(11:46) K.Collins pass incomplete deep middle to P.Garcon (J.Joseph). PENALTY on HOU-D.Manning, Personal Foul, 15 yards, enforced at HOU 40 - No Play.","note":"PENALTY","players":{"00-0024257":[{"sequence":2,"clubcode":"HOU","playerName":"D.Manning","statId":93,"yards":15}],"0":[{"sequence":1,"clubcode":"IND","playerName":"","statId":5,"yards":0}]}},"2914":{"sp":0,"qtr":4,"down":1,"time":"11:39","yrdln":"HOU 25","ydstogo":10,"ydsnet":38,"posteam":"IND","desc":"(11:39) (Shotgun) K.Collins pass incomplete short left to R.Wayne.","note":null,"players":{"00-0003292":[{"sequence":1,"clubcode":"IND","playerName":"K.Collins","statId":14,"yards":0},{"sequence":3,"clubcode":"IND","playerName":"K.Collins","statId":112,"yards":9}],"00-0020498":[{"sequence":2,"clubcode":"IND","playerName":"R.Wayne","statId":115,"yards":0}]}},"2936":{"sp":0,"qtr":4,"down":2,"time":"11:31","yrdln":"HOU 25","ydstogo":10,"ydsnet":44,"posteam":"IND","desc":"(11:31) J.Addai up the middle to HOU 19 for 6 yards (B.Cushing, D.Ryans).","note":null,"players":{"00-0024245":[{"sequence":1,"clubcode":"IND","playerName":"J.Addai","statId":10,"yards":6}],"00-0024248":[{"sequence":3,"clubcode":"HOU","playerName":"D.Ryans","statId":82,"yards":0}],"00-0026991":[{"sequence":2,"clubcode":"HOU","playerName":"B.Cushing","statId":80,"yards":0}]}},"2957":{"sp":0,"qtr":4,"down":3,"time":"10:49","yrdln":"HOU 19","ydstogo":4,"ydsnet":44,"posteam":"IND","desc":"(10:49) (Shotgun) K.Collins pass incomplete deep right to P.Garcon.","note":null,"players":{"0":[{"sequence":1,"clubcode":"IND","playerName":"","statId":7,"yards":0}],"00-0003292":[{"sequence":2,"clubcode":"IND","playerName":"K.Collins","statId":14,"yards":0},{"sequence":4,"clubcode":"IND","playerName":"K.Collins","statId":112,"yards":19}],"00-0026345":[{"sequence":3,"clubcode":"IND","playerName":"P.Garcon","statId":115,"yards":0}]}},"2979":{"sp":0,"qtr":4,"down":4,"time":"10:43","yrdln":"HOU 19","ydstogo":4,"ydsnet":44,"posteam":"IND","desc":"(10:43) A.Vinatieri 37 yard field goal is No Good, Wide Right, Center-J.Snow, Holder-P.McAfee.","note":"FGM","players":{"00-0016919":[{"sequence":1,"clubcode":"IND","playerName":"A.Vinatieri","statId":69,"yards":37}]}}},"fds":3,"result":"Missed FG","penyds":15,"ydsgained":29,"numplays":9,"postime":"3:38","start":{"qtr":4,"time":"14:17","yrdln":"IND 37","team":"IND"},"end":{"qtr":4,"time":"10:39","yrdln":"HOU 19","team":"IND"}},"19":{"posteam":"HOU","qtr":4,"redzone":true,"plays":{"2999":{"sp":0,"qtr":4,"down":1,"time":"10:39","yrdln":"HOU 27","ydstogo":10,"ydsnet":-4,"posteam":"HOU","desc":"(10:39) B.Tate left end to HOU 30 for 3 yards (J.Lacey). FUMBLES (J.Lacey), RECOVERED by IND-P.Angerer at HOU 23. P.Angerer to HOU 13 for 10 yards (J.Jones).","note":"FUMBLE","players":{"00-0025460":[{"sequence":8,"clubcode":"HOU","playerName":"J.Jones","statId":79,"yards":0}],"00-0026674":[{"sequence":3,"clubcode":"IND","playerName":"J.Lacey","statId":79,"yards":0},{"sequence":6,"clubcode":"IND","playerName":"J.Lacey","statId":91,"yards":0}],"0":[{"sequence":2,"clubcode":"HOU","playerName":"","statId":95,"yards":-4}],"00-0027890":[{"sequence":1,"clubcode":"HOU","playerName":"B.Tate","statId":10,"yards":-4},{"sequence":4,"clubcode":"HOU","playerName":"B.Tate","statId":52,"yards":0},{"sequence":5,"clubcode":"HOU","playerName":"B.Tate","statId":106,"yards":0}],"00-0027892":[{"sequence":7,"clubcode":"IND","playerName":"P.Angerer","statId":59,"yards":10}]}}},"fds":0,"result":"Fumble","penyds":0,"ydsgained":-4,"numplays":1,"postime":"0:12","start":{"qtr":4,"time":"10:39","yrdln":"HOU 27","team":"HOU"},"end":{"qtr":4,"time":"10:27","yrdln":"HOU 27","team":"HOU"}},"20":{"posteam":"IND","qtr":4,"redzone":true,"plays":{"3031":{"sp":0,"qtr":4,"down":1,"time":"10:27","yrdln":"HOU 13","ydstogo":10,"ydsnet":2,"posteam":"IND","desc":"(10:27) D.Carter right tackle to HOU 11 for 2 yards (D.Ryans, B.Cushing).","note":null,"players":{"00-0028057":[{"sequence":1,"clubcode":"IND","playerName":"D.Carter","statId":10,"yards":2}],"00-0026991":[{"sequence":3,"clubcode":"HOU","playerName":"B.Cushing","statId":82,"yards":0}],"00-0024248":[{"sequence":2,"clubcode":"HOU","playerName":"D.Ryans","statId":80,"yards":0}]}},"3052":{"sp":0,"qtr":4,"down":2,"time":"09:48","yrdln":"HOU 11","ydstogo":8,"ydsnet":7,"posteam":"IND","desc":"(9:48) (Shotgun) PENALTY on HOU-E.Mitchell, Encroachment, 5 yards, enforced at HOU 11 - No Play.","note":"PENALTY","players":{"00-0027684":[{"sequence":1,"clubcode":"HOU","playerName":"E.Mitchell","statId":93,"yards":5}]}},"3075":{"sp":1,"qtr":4,"down":2,"time":"09:25","yrdln":"HOU 6","ydstogo":3,"ydsnet":13,"posteam":"IND","desc":"(9:25) (Shotgun) K.Collins pass short left to R.Wayne for 6 yards, TOUCHDOWN. The Replay Assistant challenged the pass completion ruling, and the play was Upheld.","note":"TD","players":{"0":[{"sequence":1,"clubcode":"IND","playerName":"","statId":4,"yards":0}],"00-0003292":[{"sequence":2,"clubcode":"IND","playerName":"K.Collins","statId":16,"yards":6},{"sequence":3,"clubcode":"IND","playerName":"K.Collins","statId":111,"yards":6}],"00-0020498":[{"sequence":4,"clubcode":"IND","playerName":"R.Wayne","statId":22,"yards":6},{"sequence":5,"clubcode":"IND","playerName":"R.Wayne","statId":115,"yards":0},{"sequence":6,"clubcode":"IND","playerName":"R.Wayne","statId":113,"yards":0}]}},"3095":{"sp":1,"qtr":4,"down":0,"time":"09:17","yrdln":"HOU 2","ydstogo":0,"ydsnet":13,"posteam":"IND","desc":"A.Vinatieri extra point is GOOD, Center-J.Snow, Holder-P.McAfee.","note":"XP","players":{"00-0016919":[{"sequence":1,"clubcode":"IND","playerName":"A.Vinatieri","statId":72,"yards":0}]}}},"fds":1,"result":"Touchdown","penyds":5,"ydsgained":8,"numplays":4,"postime":"1:10","start":{"qtr":4,"time":"10:27","yrdln":"HOU 13","team":"IND"},"end":{"qtr":4,"time":"09:17","yrdln":"HOU 6","team":"IND"}},"21":{"posteam":"HOU","qtr":4,"redzone":true,"plays":{"3116":{"sp":0,"qtr":4,"down":0,"time":"09:17","yrdln":"IND 35","ydstogo":0,"ydsnet":0,"posteam":"IND","desc":"P.McAfee kicks 65 yards from IND 35 to end zone, Touchback.","note":"KICKOFF","players":{"0":[{"sequence":2,"clubcode":"HOU","playerName":"","statId":51,"yards":0}],"00-0027145":[{"sequence":1,"clubcode":"IND","playerName":"P.McAfee","statId":44,"yards":65}]}},"3130":{"sp":0,"qtr":4,"down":1,"time":"09:17","yrdln":"HOU 20","ydstogo":10,"ydsnet":-2,"posteam":"HOU","desc":"(9:17) B.Tate right end to HOU 18 for -2 yards (P.Angerer, E.Foster).","note":null,"players":{"00-0025991":[{"sequence":4,"clubcode":"IND","playerName":"E.Foster","statId":82,"yards":0}],"0":[{"sequence":2,"clubcode":"HOU","playerName":"","statId":95,"yards":-2}],"00-0027890":[{"sequence":1,"clubcode":"HOU","playerName":"B.Tate","statId":10,"yards":-2}],"00-0027892":[{"sequence":3,"clubcode":"IND","playerName":"P.Angerer","statId":80,"yards":0},{"sequence":5,"clubcode":"IND","playerName":"P.Angerer","statId":120,"yards":0}]}},"3151":{"sp":0,"qtr":4,"down":2,"time":"08:32","yrdln":"HOU 18","ydstogo":12,"ydsnet":0,"posteam":"HOU","desc":"(8:32) B.Tate right tackle to HOU 20 for 2 yards (F.Moala, P.Angerer).","note":null,"players":{"00-0027032":[{"sequence":2,"clubcode":"IND","playerName":"F.Moala","statId":80,"yards":0}],"00-0027890":[{"sequence":1,"clubcode":"HOU","playerName":"B.Tate","statId":10,"yards":2}],"00-0027892":[{"sequence":3,"clubcode":"IND","playerName":"P.Angerer","statId":82,"yards":0}]}},"3172":{"sp":0,"qtr":4,"down":3,"time":"07:49","yrdln":"HOU 20","ydstogo":10,"ydsnet":6,"posteam":"HOU","desc":"(7:49) B.Tate left end to HOU 26 for 6 yards (A.Moten, P.Angerer).","note":null,"players":{"00-0028653":[{"sequence":3,"clubcode":"IND","playerName":"A.Moten","statId":80,"yards":0}],"0":[{"sequence":1,"clubcode":"HOU","playerName":"","statId":7,"yards":0}],"00-0027890":[{"sequence":2,"clubcode":"HOU","playerName":"B.Tate","statId":10,"yards":6}],"00-0027892":[{"sequence":4,"clubcode":"IND","playerName":"P.Angerer","statId":82,"yards":0}]}},"3193":{"sp":0,"qtr":4,"down":4,"time":"07:06","yrdln":"HOU 26","ydstogo":4,"ydsnet":6,"posteam":"HOU","desc":"(7:06) B.Hartmann punts 35 yards to IND 39, Center-J.Weeks, fair catch by J.Powers. (The punt hang time was 4.6 seconds.)","note":"PUNT","players":{"00-0028540":[{"sequence":1,"clubcode":"HOU","playerName":"B.Hartmann","statId":29,"yards":35}],"00-0027064":[{"sequence":2,"clubcode":"IND","playerName":"J.Powers","statId":39,"yards":0}]}}},"fds":0,"result":"Punt","penyds":0,"ydsgained":6,"numplays":5,"postime":"2:20","start":{"qtr":4,"time":"09:17","yrdln":"HOU 20","team":"HOU"},"end":{"qtr":4,"time":"06:57","yrdln":"HOU 26","team":"HOU"}},"22":{"posteam":"IND","qtr":4,"redzone":true,"plays":{"3212":{"sp":0,"qtr":4,"down":1,"time":"06:57","yrdln":"IND 39","ydstogo":10,"ydsnet":54,"posteam":"IND","desc":"(6:57) (Shotgun) K.Collins pass deep middle to R.Wayne to HOU 25 for 36 yards (D.Manning).","note":null,"players":{"00-0024257":[{"sequence":7,"clubcode":"HOU","playerName":"D.Manning","statId":79,"yards":0}],"0":[{"sequence":1,"clubcode":"IND","playerName":"","statId":4,"yards":0}],"00-0003292":[{"sequence":2,"clubcode":"IND","playerName":"K.Collins","statId":15,"yards":36},{"sequence":3,"clubcode":"IND","playerName":"K.Collins","statId":111,"yards":19}],"00-0020498":[{"sequence":4,"clubcode":"IND","playerName":"R.Wayne","statId":21,"yards":36},{"sequence":5,"clubcode":"IND","playerName":"R.Wayne","statId":115,"yards":0},{"sequence":6,"clubcode":"IND","playerName":"R.Wayne","statId":113,"yards":17}]}},"3240":{"sp":0,"qtr":4,"down":1,"time":"06:26","yrdln":"HOU 25","ydstogo":10,"ydsnet":49,"posteam":"IND","desc":"(6:26) (Shotgun) K.Collins pass short middle to D.Clark to HOU 12 for 13 yards (B.Cushing).","note":null,"players":{"0":[{"sequence":1,"clubcode":"IND","playerName":"","statId":4,"yards":0}],"00-0022165":[{"sequence":4,"clubcode":"IND","playerName":"D.Clark","statId":21,"yards":13},{"sequence":5,"clubcode":"IND","playerName":"D.Clark","statId":115,"yards":0},{"sequence":6,"clubcode":"IND","playerName":"D.Clark","statId":113,"yards":1}],"00-0003292":[{"sequence":2,"clubcode":"IND","playerName":"K.Collins","statId":15,"yards":13},{"sequence":3,"clubcode":"IND","playerName":"K.Collins","statId":111,"yards":12}],"00-0026991":[{"sequence":7,"clubcode":"HOU","playerName":"B.Cushing","statId":79,"yards":0}]}},"3264":{"sp":0,"qtr":4,"down":1,"time":"06:02","yrdln":"HOU 12","ydstogo":10,"ydsnet":54,"posteam":"IND","desc":"(6:02) (Shotgun) J.Addai up the middle to HOU 11 for 1 yard (B.Cushing). PENALTY on HOU-C.Barwin, Defensive Delay of Game, 5 yards, enforced at HOU 12 - No Play.","note":"PENALTY","players":{"00-0027022":[{"sequence":1,"clubcode":"HOU","playerName":"C.Barwin","statId":93,"yards":5}]}},"3296":{"sp":0,"qtr":4,"down":1,"time":"05:49","yrdln":"HOU 7","ydstogo":5,"ydsnet":54,"posteam":"IND","desc":"(5:49) K.Collins pass incomplete short middle to A.Collie (B.McCain).","note":null,"players":{"00-0026935":[{"sequence":3,"clubcode":"HOU","playerName":"B.McCain","statId":85,"yards":0}],"00-0003292":[{"sequence":1,"clubcode":"IND","playerName":"K.Collins","statId":14,"yards":0},{"sequence":4,"clubcode":"IND","playerName":"K.Collins","statId":112,"yards":7}],"00-0027092":[{"sequence":2,"clubcode":"IND","playerName":"A.Collie","statId":115,"yards":0}]}},"3318":{"sp":0,"qtr":4,"down":2,"time":"05:44","yrdln":"HOU 7","ydstogo":5,"ydsnet":54,"posteam":"IND","desc":"(5:44) (Shotgun) K.Collins pass incomplete short left to A.Collie.","note":null,"players":{"00-0003292":[{"sequence":1,"clubcode":"IND","playerName":"K.Collins","statId":14,"yards":0},{"sequence":3,"clubcode":"IND","playerName":"K.Collins","statId":112,"yards":7}],"00-0027092":[{"sequence":2,"clubcode":"IND","playerName":"A.Collie","statId":115,"yards":0}]}},"3340":{"sp":0,"qtr":4,"down":0,"time":"05:38","yrdln":"","ydstogo":0,"ydsnet":54,"posteam":"","desc":"Timeout #1 by IND at 05:38.","note":"TIMEOUT","players":{"0":[{"sequence":1,"clubcode":"IND","playerName":"","statId":68,"yards":0}]}},"3357":{"sp":0,"qtr":4,"down":3,"time":"05:38","yrdln":"HOU 7","ydstogo":5,"ydsnet":45,"posteam":"IND","desc":"(5:38) (Shotgun) K.Collins sacked at HOU 16 for -9 yards (M.Williams). FUMBLES (M.Williams), recovered by IND-J.Saturday at HOU 16. J.Saturday to HOU 16 for no gain (C.Barwin).","note":"FUMBLE","players":{"00-0014375":[{"sequence":7,"clubcode":"IND","playerName":"J.Saturday","statId":55,"yards":0}],"0":[{"sequence":1,"clubcode":"IND","playerName":"","statId":7,"yards":0}],"00-0003292":[{"sequence":2,"clubcode":"IND","playerName":"K.Collins","statId":20,"yards":-9},{"sequence":5,"clubcode":"IND","playerName":"K.Collins","statId":52,"yards":0}],"00-0027022":[{"sequence":8,"clubcode":"HOU","playerName":"C.Barwin","statId":79,"yards":0},{"sequence":9,"clubcode":"HOU","playerName":"C.Barwin","statId":120,"yards":0}],"00-0023750":[{"sequence":3,"clubcode":"HOU","playerName":"M.Williams","statId":83,"yards":-9},{"sequence":4,"clubcode":"HOU","playerName":"M.Williams","statId":79,"yards":0},{"sequence":6,"clubcode":"HOU","playerName":"M.Williams","statId":91,"yards":0}]}},"3386":{"sp":0,"qtr":4,"down":4,"time":"04:55","yrdln":"HOU 16","ydstogo":14,"ydsnet":45,"posteam":"IND","desc":"(4:55) (Shotgun) K.Collins pass incomplete deep left to R.Wayne.","note":null,"players":{"0":[{"sequence":1,"clubcode":"IND","playerName":"","statId":9,"yards":0}],"00-0003292":[{"sequence":2,"clubcode":"IND","playerName":"K.Collins","statId":14,"yards":0},{"sequence":4,"clubcode":"IND","playerName":"K.Collins","statId":112,"yards":16}],"00-0020498":[{"sequence":3,"clubcode":"IND","playerName":"R.Wayne","statId":115,"yards":0}]}}},"fds":2,"result":"Downs","penyds":5,"ydsgained":40,"numplays":8,"postime":"2:08","start":{"qtr":4,"time":"06:57","yrdln":"IND 39","team":"IND"},"end":{"qtr":4,"time":"04:49","yrdln":"HOU 16","team":"IND"}},"23":{"posteam":"HOU","qtr":4,"redzone":true,"plays":{"3408":{"sp":0,"qtr":4,"down":1,"time":"04:49","yrdln":"HOU 16","ydstogo":10,"ydsnet":12,"posteam":"HOU","desc":"(4:49) B.Tate left tackle to HOU 28 for 12 yards (D.Caldwell).","note":null,"players":{"00-0027464":[{"sequence":3,"clubcode":"IND","playerName":"D.Caldwell","statId":79,"yards":0}],"0":[{"sequence":1,"clubcode":"HOU","playerName":"","statId":3,"yards":0}],"00-0027890":[{"sequence":2,"clubcode":"HOU","playerName":"B.Tate","statId":10,"yards":12}]}},"3429":{"sp":0,"qtr":4,"down":1,"time":"04:05","yrdln":"HOU 28","ydstogo":10,"ydsnet":16,"posteam":"HOU","desc":"(4:05) B.Tate left tackle to HOU 32 for 4 yards (A.Moten).","note":null,"players":{"00-0028653":[{"sequence":2,"clubcode":"IND","playerName":"A.Moten","statId":79,"yards":0}],"00-0027890":[{"sequence":1,"clubcode":"HOU","playerName":"B.Tate","statId":10,"yards":4}]}},"3450":{"sp":0,"qtr":4,"down":2,"time":"03:21","yrdln":"HOU 32","ydstogo":6,"ydsnet":19,"posteam":"HOU","desc":"(3:21) B.Tate left tackle to HOU 35 for 3 yards (P.Angerer).","note":null,"players":{"00-0027890":[{"sequence":1,"clubcode":"HOU","playerName":"B.Tate","statId":10,"yards":3}],"00-0027892":[{"sequence":2,"clubcode":"IND","playerName":"P.Angerer","statId":79,"yards":0}]}},"3471":{"sp":0,"qtr":4,"down":3,"time":"02:39","yrdln":"HOU 35","ydstogo":3,"ydsnet":24,"posteam":"HOU","desc":"(2:39) B.Tate left tackle to HOU 40 for 5 yards (P.Angerer).","note":null,"players":{"0":[{"sequence":1,"clubcode":"HOU","playerName":"","statId":3,"yards":0},{"sequence":2,"clubcode":"HOU","playerName":"","statId":6,"yards":0}],"00-0027890":[{"sequence":3,"clubcode":"HOU","playerName":"B.Tate","statId":10,"yards":5}],"00-0027892":[{"sequence":4,"clubcode":"IND","playerName":"P.Angerer","statId":79,"yards":0}]}},"3492":{"sp":0,"qtr":4,"down":0,"time":"02:00","yrdln":"","ydstogo":0,"ydsnet":24,"posteam":"","desc":"Two-Minute Warning","note":null,"players":{}},"3509":{"sp":0,"qtr":4,"down":1,"time":"02:00","yrdln":"HOU 40","ydstogo":10,"ydsnet":23,"posteam":"HOU","desc":"(2:00) M.Schaub kneels to HOU 39 for -1 yards.","note":null,"players":{"00-0022787":[{"sequence":1,"clubcode":"HOU","playerName":"M.Schaub","statId":10,"yards":-1}]}},"3530":{"sp":0,"qtr":4,"down":2,"time":"01:17","yrdln":"HOU 39","ydstogo":11,"ydsnet":22,"posteam":"HOU","desc":"(1:17) M.Schaub kneels to HOU 38 for -1 yards.","note":null,"players":{"00-0022787":[{"sequence":1,"clubcode":"HOU","playerName":"M.Schaub","statId":10,"yards":-1}]}},"3551":{"sp":0,"qtr":4,"down":3,"time":"00:38","yrdln":"HOU 38","ydstogo":12,"ydsnet":21,"posteam":"HOU","desc":"(:38) M.Schaub kneels to HOU 37 for -1 yards.","note":null,"players":{"00-0022787":[{"sequence":2,"clubcode":"HOU","playerName":"M.Schaub","statId":10,"yards":-1}],"0":[{"sequence":1,"clubcode":"HOU","playerName":"","statId":7,"yards":0}]}},"3572":{"sp":0,"qtr":4,"down":0,"time":"","yrdln":"","ydstogo":0,"ydsnet":21,"posteam":"","desc":"END GAME","note":null,"players":{}}},"fds":2,"result":"End of Game","penyds":0,"ydsgained":21,"numplays":9,"postime":"4:49","start":{"qtr":4,"time":"04:49","yrdln":"HOU 16","team":"HOU"},"end":{"qtr":4,"time":"00:00","yrdln":"","team":"HOU"}},"crntdrv":23},"scrsummary":{"507":{"type":"FG","desc":"N.Rackers 25 yd. Field Goal Drive: 13 plays, 73 yards in 6:32","qtr":1,"team":"HOU","players":{"N.Rackers":"00-0019676"}},"598":{"type":"TD","desc":"D.Ward 1 yd. run (N.Rackers kick is good) Drive: 3 plays, 12 yards in 1:17","qtr":1,"team":"HOU","players":{"":"0","D.Ward":"00-0022770","N.Rackers":"00-0019676"}},"753":{"type":"TD","desc":"B.Tate 2 yd. run (N.Rackers kick is good) Drive: 3 plays, 18 yards in 1:08","qtr":1,"team":"HOU","players":{"":"0","B.Tate":"00-0027890","N.Rackers":"00-0019676"}},"1222":{"type":"TD","desc":"A.Johnson 4 yd. pass from M.Schaub (N.Rackers kick is good) Drive: 10 plays, 89 yards in 5:54","qtr":2,"team":"HOU","players":{"":"0","M.Schaub":"00-0022787","A.Johnson":"00-0022044","N.Rackers":"00-0019676"}},"1672":{"type":"FG","desc":"N.Rackers 29 yd. Field Goal Drive: 9 plays, 51 yards in 3:51","qtr":2,"team":"HOU","players":{"N.Rackers":"00-0019676"}},"1795":{"type":"TD","desc":"J.Jones 79 yd. punt return (N.Rackers kick is good)","qtr":2,"team":"HOU","players":{"P.McAfee":"00-0027145","J.Jones":"00-0025460","N.Rackers":"00-0019676"}},"3075":{"type":"TD","desc":"R.Wayne 6 yd. pass from K.Collins (A.Vinatieri kick is good) Drive: 2 plays, 13 yards in 1:10","qtr":4,"team":"IND","players":{"":"0","K.Collins":"00-0003292","R.Wayne":"00-0020498","A.Vinatieri":"00-0016919"}}},"weather":null,"media":null,"yl":"","qtr":"Final","note":null,"down":0,"togo":0,"redzone":true,"clock":"00:38","posteam":"HOU","stadium":null},"nextupdate":234}