{"2011120412":{"home":{"score":{"1":3,"2":6,"3":10,"4":7,"5":0,"T":26},"abbr":"SF","to":2,"stats":{"passing":{"00-0023436":{"name":"Alex Smith","att":23,"cmp":17,"yds":274,"tds":2,"ints":0,"twopta":0,"twoptm":0},"00-0027974":{"name":"C.Kaepernick","att":2,"cmp":0,"yds":0,"tds":0,"ints":0,"twopta":0,"twoptm":0}},"rushing":{"00-0023500":{"name":"F.Gore","att":21,"yds":73,"tds":0,"lng":20,"lngtd":0,"twopta":0,"twoptm":0},"00-0027608":{"name":"K.Williams","att":1,"yds":25,"tds":0,"lng":25,"lngtd":0,"twopta":0,"twoptm":0},"00-0025396":{"name":"T.Ginn","att":1,"yds":16,"tds":0,"lng":16,"lngtd":0,"twopta":0,"twoptm":0},"00-0024389":{"name":"D.Walker","att":1,"yds":14,"tds":0,"lng":14,"lngtd":0,"twopta":0,"twoptm":0},"00-0023436":{"name":"Alex Smith","att":2,"yds":10,"tds":0,"lng":8,"lngtd":0,"twopta":0,"twoptm":0},"00-0028053":{"name":"K.Hunter","att":5,"yds":4,"tds":0,"lng":4,"lngtd":0,"twopta":0,"twoptm":0},"00-0027772":{"name":"A.Dixon","att":3,"yds":2,"tds":0,"lng":3,"lngtd":0,"twopta":0,"twoptm":0}},"receiving":{"00-0024221":{"name":"V.Davis","rec":5,"yds":32,"tds":0,"lng":13,"lngtd":0,"twopta":0,"twoptm":0},"00-0026986":{"name":"M.Crabtree","rec":4,"yds":96,"tds":1,"lng":52,"lngtd":52,"twopta":0,"twoptm":0},"00-0025396":{"name":"T.Ginn","rec":4,"yds":56,"tds":0,"lng":26,"lngtd":0,"twopta":0,"twoptm":0},"00-0027608":{"name":"K.Williams","rec":2,"yds":66,"tds":1,"lng":56,"lngtd":56,"twopta":0,"twoptm":0},"00-0028053":{"name":"K.Hunter","rec":2,"yds":24,"tds":0,"lng":14,"lngtd":0,"twopta":0,"twoptm":0}},"fumbles":{"00-0024221":{"name":"V.Davis","tot":1,"rcv":0,"trcv":0,"yds":0,"lost":0},"00-0025396":{"name":"T.Ginn","tot":0,"rcv":1,"trcv":1,"yds":0,"lost":0},"00-0027945":{"name":"Ald.Smith","tot":0,"rcv":0,"trcv":1,"yds":0,"lost":0}},"kicking":{"00-0000108":{"name":"D.Akers","fgm":4,"fga":4,"fgyds":36,"totpfg":12,"xpmade":2,"xpmissed":0,"xpa":2,"xpb":0,"xptot":2}},"punting":{"00-0022824":{"name":"A.Lee","pts":5,"yds":226,"avg":37,"i20":3,"lng":61}},"kickret":{"00-0025396":{"name":"T.Ginn","ret":1,"avg":31,"tds":0,"lng":31,"lngtd":0}},"puntret":{"00-0025396":{"name":"T.Ginn","ret":3,"avg":6,"tds":0,"lng":11,"lngtd":0}},"defense":{"00-0027894":{"name":"N.Bowman","tkl":6,"ast":0,"sk":0,"int":0,"ffum":0},"00-0026354":{"name":"L.Grant","tkl":5,"ast":1,"sk":1,"int":0,"ffum":0},"00-0027945":{"name":"Ald.Smith","tkl":3,"ast":0,"sk":2,"int":0,"ffum":0},"00-0025484":{"name":"R.McDonald","tkl":3,"ast":0,"sk":1,"int":0,"ffum":1},"00-0023444":{"name":"C.Rogers","tkl":3,"ast":0,"sk":0,"int":0,"ffum":0},"00-0025513":{"name":"D.Goldson","tkl":3,"ast":0,"sk":0,"int":1,"ffum":0},"00-0020535":{"name":"J.Smith","tkl":3,"ast":0,"sk":0,"int":0,"ffum":0},"00-0025534":{"name":"T.Brown","tkl":3,"ast":0,"sk":0,"int":0,"ffum":0},"00-0024223":{"name":"D.Whitner","tkl":2,"ast":1,"sk":0,"int":0,"ffum":0},"00-0022863":{"name":"I.Sopoaga","tkl":2,"ast":1,"sk":0,"int":0,"ffum":0},"00-0024495":{"name":"A.Brooks","tkl":1,"ast":0,"sk":0,"int":0,"ffum":0},"00-0024354":{"name":"P.Haralson","tkl":1,"ast":0,"sk":0,"int":0,"ffum":0},"00-0026211":{"name":"T.Gooden","tkl":1,"ast":0,"sk":0,"int":0,"ffum":0},"00-0026502":{"name":"R.Jean Francois","tkl":1,"ast":0,"sk":0,"int":0,"ffum":0},"00-0028018":{"name":"C.Culliver","tkl":1,"ast":0,"sk":0,"int":0,"ffum":0}},"team":{"totfd":18,"totyds":389,"pyds":245,"ryds":144,"pen":8,"penyds":72,"trnovr":0,"pt":5,"ptyds":226,"ptavg":37,"top":"36:04"}},"players":null},"away":{"score":{"1":0,"2":0,"3":0,"4":0,"5":0,"T":0},"abbr":"STL","to":3,"stats":{"passing":{"00-0020305":{"name":"A.Feeley","att":22,"cmp":12,"yds":156,"tds":0,"ints":1,"twopta":0,"twoptm":0}},"rushing":{"00-0024294":{"name":"J.Norwood","att":11,"yds":19,"tds":0,"lng":5,"lngtd":0,"twopta":0,"twoptm":0},"00-0022736":{"name":"S.Jackson","att":10,"yds":19,"tds":0,"lng":9,"lngtd":0,"twopta":0,"twoptm":0},"00-0026712":{"name":"B.Miller","att":1,"yds":-1,"tds":0,"lng":-1,"lngtd":0,"twopta":0,"twoptm":0},"00-0028016":{"name":"A.Pettis","att":1,"yds":-6,"tds":0,"lng":-6,"lngtd":0,"twopta":0,"twoptm":0}},"receiving":{"00-0026937":{"name":"B.Gibson","rec":4,"yds":42,"tds":0,"lng":14,"lngtd":0,"twopta":0,"twoptm":0},"00-0028016":{"name":"A.Pettis","rec":3,"yds":33,"tds":0,"lng":17,"lngtd":0,"twopta":0,"twoptm":0},"00-0022097":{"name":"B.Lloyd","rec":1,"yds":34,"tds":0,"lng":34,"lngtd":0,"twopta":0,"twoptm":0},"00-0026712":{"name":"B.Miller","rec":1,"yds":18,"tds":0,"lng":18,"lngtd":0,"twopta":0,"twoptm":0},"00-0022736":{"name":"S.Jackson","rec":1,"yds":11,"tds":0,"lng":11,"lngtd":0,"twopta":0,"twoptm":0},"00-0027912":{"name":"D.Alexander","rec":1,"yds":10,"tds":0,"lng":10,"lngtd":0,"twopta":0,"twoptm":0},"00-0026536":{"name":"N.Miller","rec":1,"yds":8,"tds":0,"lng":8,"lngtd":0,"twopta":0,"twoptm":0}},"fumbles":{"00-0020305":{"name":"A.Feeley","tot":1,"rcv":0,"trcv":0,"yds":0,"lost":1}},"punting":{"00-0022684":{"name":"D.Jones","pts":8,"yds":317,"avg":37,"i20":1,"lng":49}},"kickret":{"00-0026536":{"name":"N.Miller","ret":2,"avg":21,"tds":0,"lng":23,"lngtd":0},"00-0027437":{"name":"Q.Porter","ret":1,"avg":23,"tds":0,"lng":23,"lngtd":0}},"puntret":{},"defense":{"00-0027011":{"name":"J.Laurinaitis","tkl":10,"ast":2,"sk":1,"int":0,"ffum":0},"00-0024796":{"name":"C.Dahl","tkl":10,"ast":2,"sk":0,"int":0,"ffum":1},"00-0026368":{"name":"C.Chamberlain","tkl":4,"ast":1,"sk":0,"int":0,"ffum":0},"00-0027503":{"name":"J.Gordy","tkl":4,"ast":0,"sk":0,"int":0,"ffum":0},"00-0026241":{"name":"J.King","tkl":4,"ast":0,"sk":0,"int":0,"ffum":0},"00-0023559":{"name":"B.Poppinga","tkl":3,"ast":1,"sk":0,"int":0,"ffum":0},"00-0026142":{"name":"C.Long","tkl":3,"ast":0,"sk":2,"int":0,"ffum":0},"00-0019387":{"name":"J.Hall","tkl":3,"ast":0,"sk":1,"int":0,"ffum":0},"00-0021512":{"name":"Q.Mikell","tkl":3,"ast":0,"sk":0,"int":0,"ffum":0},"00-0023327":{"name":"G.Gibson","tkl":2,"ast":0,"sk":0,"int":0,"ffum":0},"00-0021092":{"name":"J.Bannan","tkl":2,"ast":0,"sk":0,"int":0,"ffum":0},"00-0019706":{"name":"F.Robbins","tkl":1,"ast":0,"sk":0,"int":0,"ffum":0},"00-0023053":{"name":"J.Butler","tkl":1,"ast":0,"sk":0,"int":0,"ffum":0},"00-0021503":{"name":"R.Hood","tkl":1,"ast":0,"sk":0,"int":0,"ffum":0}},"team":{"totfd":10,"totyds":157,"pyds":126,"ryds":31,"pen":5,"penyds":35,"trnovr":2,"pt":8,"ptyds":317,"ptavg":37,"top":"23:56"}},"players":null},"drives":{"1":{"posteam":"SF","qtr":1,"redzone":true,"plays":{"36":{"sp":0,"qtr":1,"down":0,"time":"15:00","yrdln":"STL 35","ydstogo":0,"ydsnet":0,"posteam":"STL","desc":"Josh.Brown kicks 69 yards from STL 35 to SF -4. T.Ginn to SF 27 for 31 yards (D.Nixon).","note":"KICKOFF","players":{"00-0021940":[{"sequence":1,"clubcode":"STL","playerName":"Josh.Brown","statId":43,"yards":69}],"00-0025396":[{"sequence":2,"clubcode":"SF","playerName":"T.Ginn","statId":45,"yards":31}],"00-0026830":[{"sequence":3,"clubcode":"STL","playerName":"D.Nixon","statId":79,"yards":0}]}},"58":{"sp":0,"qtr":1,"down":1,"time":"14:54","yrdln":"SF 27","ydstogo":10,"ydsnet":8,"posteam":"SF","desc":"(14:54) F.Gore right end to SF 35 for 8 yards (B.Poppinga).","note":null,"players":{"00-0023559":[{"sequence":2,"clubcode":"STL","playerName":"B.Poppinga","statId":79,"yards":0}],"00-0023500":[{"sequence":1,"clubcode":"SF","playerName":"F.Gore","statId":10,"yards":8}]}},"79":{"sp":0,"qtr":1,"down":2,"time":"14:12","yrdln":"SF 35","ydstogo":2,"ydsnet":12,"posteam":"SF","desc":"(14:12) Alex Smith scrambles right end pushed ob at SF 37 for 2 yards (J.Laurinaitis).","note":null,"players":{"00-0023436":[{"sequence":2,"clubcode":"SF","playerName":"Alex Smith","statId":10,"yards":2}],"0":[{"sequence":1,"clubcode":"SF","playerName":"","statId":3,"yards":0}],"00-0027011":[{"sequence":3,"clubcode":"STL","playerName":"J.Laurinaitis","statId":79,"yards":0}]}},"100":{"sp":0,"qtr":1,"down":1,"time":"13:38","yrdln":"SF 37","ydstogo":10,"ydsnet":11,"posteam":"SF","desc":"(13:38) Alex Smith pass short left to V.Davis to SF 38 for 1 yard (J.Gordy). Caught at SF 37.  1-yd YAC","note":null,"players":{"00-0027503":[{"sequence":6,"clubcode":"STL","playerName":"J.Gordy","statId":79,"yards":0}],"00-0023436":[{"sequence":1,"clubcode":"SF","playerName":"Alex Smith","statId":15,"yards":1},{"sequence":2,"clubcode":"SF","playerName":"Alex Smith","statId":111,"yards":0}],"00-0024221":[{"sequence":3,"clubcode":"SF","playerName":"V.Davis","statId":21,"yards":1},{"sequence":4,"clubcode":"SF","playerName":"V.Davis","statId":115,"yards":0},{"sequence":5,"clubcode":"SF","playerName":"V.Davis","statId":113,"yards":1}]}},"124":{"sp":0,"qtr":1,"down":2,"time":"12:55","yrdln":"SF 38","ydstogo":9,"ydsnet":12,"posteam":"SF","desc":"(12:55) Alex Smith pass short left to V.Davis to SF 39 for 1 yard (J.Gordy). Caught at SF 38.  1-yd YAC","note":null,"players":{"00-0027503":[{"sequence":6,"clubcode":"STL","playerName":"J.Gordy","statId":79,"yards":0}],"00-0023436":[{"sequence":1,"clubcode":"SF","playerName":"Alex Smith","statId":15,"yards":1},{"sequence":2,"clubcode":"SF","playerName":"Alex Smith","statId":111,"yards":0}],"00-0024221":[{"sequence":3,"clubcode":"SF","playerName":"V.Davis","statId":21,"yards":1},{"sequence":4,"clubcode":"SF","playerName":"V.Davis","statId":115,"yards":0},{"sequence":5,"clubcode":"SF","playerName":"V.Davis","statId":113,"yards":1}]}},"152":{"sp":0,"qtr":1,"down":3,"time":"12:11","yrdln":"SF 39","ydstogo":8,"ydsnet":12,"posteam":"SF","desc":"(12:11) (Shotgun) Alex Smith pass incomplete short middle to V.Davis (Q.Mikell).","note":null,"players":{"00-0023436":[{"sequence":2,"clubcode":"SF","playerName":"Alex Smith","statId":14,"yards":0},{"sequence":5,"clubcode":"SF","playerName":"Alex Smith","statId":112,"yards":14}],"00-0024221":[{"sequence":3,"clubcode":"SF","playerName":"V.Davis","statId":115,"yards":0}],"0":[{"sequence":1,"clubcode":"SF","playerName":"","statId":7,"yards":0}],"00-0021512":[{"sequence":4,"clubcode":"STL","playerName":"Q.Mikell","statId":85,"yards":0}]}},"178":{"sp":0,"qtr":1,"down":4,"time":"12:05","yrdln":"SF 39","ydstogo":8,"ydsnet":12,"posteam":"SF","desc":"(12:05) A.Lee punts 61 yards to end zone, Center-B.Jennings, Touchback.","note":"PUNT","players":{"0":[{"sequence":2,"clubcode":"STL","playerName":"","statId":40,"yards":0}],"00-0022824":[{"sequence":1,"clubcode":"SF","playerName":"A.Lee","statId":32,"yards":61}]}}},"fds":1,"result":"Punt","penyds":0,"ydsgained":12,"numplays":7,"postime":"3:03","start":{"qtr":1,"time":"15:00","yrdln":"SF 27","team":"SF"},"end":{"qtr":1,"time":"11:57","yrdln":"SF 39","team":"SF"}},"2":{"posteam":"STL","qtr":1,"redzone":true,"plays":{"195":{"sp":0,"qtr":1,"down":1,"time":"11:57","yrdln":"STL 20","ydstogo":10,"ydsnet":2,"posteam":"STL","desc":"(11:57) S.Jackson right guard to STL 22 for 2 yards (N.Bowman).","note":null,"players":{"00-0027894":[{"sequence":2,"clubcode":"SF","playerName":"N.Bowman","statId":79,"yards":0}],"00-0022736":[{"sequence":1,"clubcode":"STL","playerName":"S.Jackson","statId":10,"yards":2}]}},"216":{"sp":0,"qtr":1,"down":2,"time":"11:24","yrdln":"STL 22","ydstogo":8,"ydsnet":4,"posteam":"STL","desc":"(11:24) S.Jackson left guard to STL 24 for 2 yards (R.McDonald, D.Whitner).","note":null,"players":{"00-0025484":[{"sequence":2,"clubcode":"SF","playerName":"R.McDonald","statId":80,"yards":0}],"00-0022736":[{"sequence":1,"clubcode":"STL","playerName":"S.Jackson","statId":10,"yards":2}],"00-0024223":[{"sequence":3,"clubcode":"SF","playerName":"D.Whitner","statId":82,"yards":0}]}},"237":{"sp":0,"qtr":1,"down":3,"time":"10:46","yrdln":"STL 24","ydstogo":6,"ydsnet":4,"posteam":"STL","desc":"(10:46) (Shotgun) A.Feeley pass incomplete short right to A.Pettis.","note":null,"players":{"00-0020305":[{"sequence":2,"clubcode":"STL","playerName":"A.Feeley","statId":14,"yards":0},{"sequence":4,"clubcode":"STL","playerName":"A.Feeley","statId":112,"yards":9}],"0":[{"sequence":1,"clubcode":"STL","playerName":"","statId":7,"yards":0}],"00-0028016":[{"sequence":3,"clubcode":"STL","playerName":"A.Pettis","statId":115,"yards":0}]}},"259":{"sp":0,"qtr":1,"down":4,"time":"10:42","yrdln":"STL 24","ydstogo":6,"ydsnet":4,"posteam":"STL","desc":"(10:42) D.Jones punts 40 yards to SF 36, Center-J.McQuaide, out of bounds.","note":"PUNT","players":{"0":[{"sequence":2,"clubcode":"SF","playerName":"","statId":37,"yards":0}],"00-0022684":[{"sequence":1,"clubcode":"STL","playerName":"D.Jones","statId":29,"yards":40}]}}},"fds":0,"result":"Punt","penyds":0,"ydsgained":4,"numplays":4,"postime":"1:21","start":{"qtr":1,"time":"11:57","yrdln":"STL 20","team":"STL"},"end":{"qtr":1,"time":"10:36","yrdln":"STL 24","team":"STL"}},"3":{"posteam":"SF","qtr":1,"redzone":true,"plays":{"277":{"sp":0,"qtr":1,"down":1,"time":"10:36","yrdln":"SF 36","ydstogo":10,"ydsnet":46,"posteam":"SF","desc":"(10:36) Alex Smith pass short right to M.Crabtree to 50 for 14 yards (J.King). Caught at SF 39.  11-yds YAC","note":null,"players":{"00-0023436":[{"sequence":2,"clubcode":"SF","playerName":"Alex Smith","statId":15,"yards":14},{"sequence":3,"clubcode":"SF","playerName":"Alex Smith","statId":111,"yards":3}],"00-0026241":[{"sequence":7,"clubcode":"STL","playerName":"J.King","statId":79,"yards":0}],"0":[{"sequence":1,"clubcode":"SF","playerName":"","statId":4,"yards":0}],"00-0026986":[{"sequence":4,"clubcode":"SF","playerName":"M.Crabtree","statId":21,"yards":14},{"sequence":5,"clubcode":"SF","playerName":"M.Crabtree","statId":115,"yards":0},{"sequence":6,"clubcode":"SF","playerName":"M.Crabtree","statId":113,"yards":11}]}},"301":{"sp":0,"qtr":1,"down":1,"time":"09:54","yrdln":"50","ydstogo":10,"ydsnet":15,"posteam":"SF","desc":"(9:54) F.Gore right end to STL 49 for 1 yard (J.Laurinaitis, C.Dahl).","note":null,"players":{"00-0024796":[{"sequence":3,"clubcode":"STL","playerName":"C.Dahl","statId":82,"yards":0}],"00-0023500":[{"sequence":1,"clubcode":"SF","playerName":"F.Gore","statId":10,"yards":1}],"00-0027011":[{"sequence":2,"clubcode":"STL","playerName":"J.Laurinaitis","statId":80,"yards":0}]}},"326":{"sp":0,"qtr":1,"down":2,"time":"09:14","yrdln":"STL 49","ydstogo":9,"ydsnet":19,"posteam":"SF","desc":"(9:14) (Shotgun) Alex Smith pass short left to T.Ginn to STL 45 for 4 yards. Caught at SF 48.  7-yds YAC","note":null,"players":{"00-0025396":[{"sequence":3,"clubcode":"SF","playerName":"T.Ginn","statId":21,"yards":4},{"sequence":4,"clubcode":"SF","playerName":"T.Ginn","statId":115,"yards":0},{"sequence":5,"clubcode":"SF","playerName":"T.Ginn","statId":113,"yards":7}],"00-0023436":[{"sequence":1,"clubcode":"SF","playerName":"Alex Smith","statId":15,"yards":4},{"sequence":2,"clubcode":"SF","playerName":"Alex Smith","statId":111,"yards":-3}]}},"350":{"sp":0,"qtr":1,"down":3,"time":"08:44","yrdln":"STL 45","ydstogo":5,"ydsnet":29,"posteam":"SF","desc":"(8:44) (Shotgun) Alex Smith pass short right to K.Williams to STL 35 for 10 yards (J.King). Caught at STL 35.  0-yds YAC","note":null,"players":{"00-0023436":[{"sequence":3,"clubcode":"SF","playerName":"Alex Smith","statId":15,"yards":10},{"sequence":4,"clubcode":"SF","playerName":"Alex Smith","statId":111,"yards":10}],"00-0026241":[{"sequence":8,"clubcode":"STL","playerName":"J.King","statId":79,"yards":0}],"0":[{"sequence":1,"clubcode":"SF","playerName":"","statId":4,"yards":0},{"sequence":2,"clubcode":"SF","playerName":"","statId":6,"yards":0}],"00-0027608":[{"sequence":5,"clubcode":"SF","playerName":"K.Williams","statId":21,"yards":10},{"sequence":6,"clubcode":"SF","playerName":"K.Williams","statId":115,"yards":0},{"sequence":7,"clubcode":"SF","playerName":"K.Williams","statId":113,"yards":0}]}},"382":{"sp":0,"qtr":1,"down":1,"time":"07:55","yrdln":"STL 35","ydstogo":10,"ydsnet":30,"posteam":"SF","desc":"(7:55) F.Gore left guard to STL 34 for 1 yard (B.Poppinga).","note":null,"players":{"00-0023559":[{"sequence":2,"clubcode":"STL","playerName":"B.Poppinga","statId":79,"yards":0}],"00-0023500":[{"sequence":1,"clubcode":"SF","playerName":"F.Gore","statId":10,"yards":1}]}},"403":{"sp":0,"qtr":1,"down":2,"time":"07:17","yrdln":"STL 34","ydstogo":9,"ydsnet":43,"posteam":"SF","desc":"(7:17) Alex Smith pass short right to V.Davis to STL 21 for 13 yards (Q.Mikell, J.Laurinaitis). Caught at STL 30.  9-yds YAC","note":null,"players":{"00-0023436":[{"sequence":2,"clubcode":"SF","playerName":"Alex Smith","statId":15,"yards":13},{"sequence":3,"clubcode":"SF","playerName":"Alex Smith","statId":111,"yards":4}],"00-0024221":[{"sequence":4,"clubcode":"SF","playerName":"V.Davis","statId":21,"yards":13},{"sequence":5,"clubcode":"SF","playerName":"V.Davis","statId":115,"yards":0},{"sequence":6,"clubcode":"SF","playerName":"V.Davis","statId":113,"yards":9}],"0":[{"sequence":1,"clubcode":"SF","playerName":"","statId":4,"yards":0}],"00-0021512":[{"sequence":7,"clubcode":"STL","playerName":"Q.Mikell","statId":80,"yards":0}],"00-0027011":[{"sequence":8,"clubcode":"STL","playerName":"J.Laurinaitis","statId":82,"yards":0}]}},"427":{"sp":0,"qtr":1,"down":1,"time":"06:28","yrdln":"STL 21","ydstogo":10,"ydsnet":44,"posteam":"SF","desc":"(6:28) F.Gore up the middle to STL 20 for 1 yard (C.Chamberlain).","note":null,"players":{"00-0026368":[{"sequence":2,"clubcode":"STL","playerName":"C.Chamberlain","statId":79,"yards":0}],"00-0023500":[{"sequence":1,"clubcode":"SF","playerName":"F.Gore","statId":10,"yards":1}]}},"452":{"sp":0,"qtr":1,"down":2,"time":"05:47","yrdln":"STL 20","ydstogo":9,"ydsnet":46,"posteam":"SF","desc":"(5:47) (Shotgun) K.Hunter left guard to STL 18 for 2 yards (F.Robbins, J.Laurinaitis).","note":null,"players":{"00-0019706":[{"sequence":2,"clubcode":"STL","playerName":"F.Robbins","statId":80,"yards":0}],"00-0028053":[{"sequence":1,"clubcode":"SF","playerName":"K.Hunter","statId":10,"yards":2}],"00-0027011":[{"sequence":3,"clubcode":"STL","playerName":"J.Laurinaitis","statId":82,"yards":0}]}},"473":{"sp":0,"qtr":1,"down":3,"time":"05:02","yrdln":"STL 18","ydstogo":7,"ydsnet":46,"posteam":"SF","desc":"(5:02) (Shotgun) Alex Smith pass incomplete short right to M.Crabtree.","note":null,"players":{"00-0023436":[{"sequence":2,"clubcode":"SF","playerName":"Alex Smith","statId":14,"yards":0},{"sequence":4,"clubcode":"SF","playerName":"Alex Smith","statId":112,"yards":5}],"0":[{"sequence":1,"clubcode":"SF","playerName":"","statId":7,"yards":0}],"00-0026986":[{"sequence":3,"clubcode":"SF","playerName":"M.Crabtree","statId":115,"yards":0}]}},"495":{"sp":1,"qtr":1,"down":4,"time":"04:58","yrdln":"STL 18","ydstogo":7,"ydsnet":46,"posteam":"SF","desc":"(4:58) D.Akers 36 yard field goal is GOOD, Center-B.Jennings, Holder-A.Lee.","note":"FG","players":{"00-0000108":[{"sequence":1,"clubcode":"SF","playerName":"D.Akers","statId":70,"yards":36}]}}},"fds":3,"result":"Field Goal","penyds":0,"ydsgained":46,"numplays":10,"postime":"5:42","start":{"qtr":1,"time":"10:36","yrdln":"SF 36","team":"SF"},"end":{"qtr":1,"time":"04:54","yrdln":"STL 18","team":"SF"}},"4":{"posteam":"STL","qtr":1,"redzone":true,"plays":{"514":{"sp":0,"qtr":1,"down":0,"time":"04:54","yrdln":"SF 35","ydstogo":0,"ydsnet":0,"posteam":"SF","desc":"D.Akers kicks 74 yards from SF 35 to STL -9. Q.Porter, Touchback.","note":"KICKOFF","players":{"00-0000108":[{"sequence":1,"clubcode":"SF","playerName":"D.Akers","statId":44,"yards":65}],"0":[{"sequence":2,"clubcode":"STL","playerName":"","statId":51,"yards":0}]}},"530":{"sp":0,"qtr":1,"down":1,"time":"04:52","yrdln":"STL 20","ydstogo":10,"ydsnet":12,"posteam":"STL","desc":"(4:52) (Shotgun) A.Feeley pass short left to A.Pettis pushed ob at STL 32 for 12 yards (N.Bowman). STL-A.Goldberg was injured during the play.  Caught at STL 18.  14-yds YAC","note":null,"players":{"00-0027894":[{"sequence":7,"clubcode":"SF","playerName":"N.Bowman","statId":79,"yards":0}],"00-0020305":[{"sequence":2,"clubcode":"STL","playerName":"A.Feeley","statId":15,"yards":12},{"sequence":3,"clubcode":"STL","playerName":"A.Feeley","statId":111,"yards":-2}],"0":[{"sequence":1,"clubcode":"STL","playerName":"","statId":4,"yards":0}],"00-0028016":[{"sequence":4,"clubcode":"STL","playerName":"A.Pettis","statId":21,"yards":12},{"sequence":5,"clubcode":"STL","playerName":"A.Pettis","statId":115,"yards":0},{"sequence":6,"clubcode":"STL","playerName":"A.Pettis","statId":113,"yards":14}]}},"567":{"sp":0,"qtr":1,"down":1,"time":"04:37","yrdln":"STL 32","ydstogo":10,"ydsnet":35,"posteam":"STL","desc":"(4:37) A.Feeley pass short left to B.Miller pushed ob at 50 for 18 yards (D.Goldson). SF-P.Willis was injured during the play. His return is Doubtful.  Caught at STL 32.  18-yds YAC","note":null,"players":{"00-0020305":[{"sequence":2,"clubcode":"STL","playerName":"A.Feeley","statId":15,"yards":18},{"sequence":3,"clubcode":"STL","playerName":"A.Feeley","statId":111,"yards":0}],"00-0025513":[{"sequence":7,"clubcode":"SF","playerName":"D.Goldson","statId":79,"yards":0}],"00-0026712":[{"sequence":4,"clubcode":"STL","playerName":"B.Miller","statId":21,"yards":18},{"sequence":5,"clubcode":"STL","playerName":"B.Miller","statId":115,"yards":0},{"sequence":6,"clubcode":"STL","playerName":"B.Miller","statId":113,"yards":18}],"0":[{"sequence":1,"clubcode":"STL","playerName":"","statId":4,"yards":0}]}},"598":{"sp":0,"qtr":1,"down":1,"time":"04:19","yrdln":"50","ydstogo":10,"ydsnet":32,"posteam":"STL","desc":"(4:19) S.Jackson up the middle to SF 48 for 2 yards (N.Bowman).","note":null,"players":{"00-0027894":[{"sequence":2,"clubcode":"SF","playerName":"N.Bowman","statId":79,"yards":0}],"00-0022736":[{"sequence":1,"clubcode":"STL","playerName":"S.Jackson","statId":10,"yards":2}]}},"619":{"sp":0,"qtr":1,"down":2,"time":"03:40","yrdln":"SF 48","ydstogo":8,"ydsnet":27,"posteam":"STL","desc":"(3:40) PENALTY on STL-T.Wragge, False Start, 5 yards, enforced at SF 48 - No Play.","note":"PENALTY","players":{"00-0021064":[{"sequence":1,"clubcode":"STL","playerName":"T.Wragge","statId":93,"yards":5}]}},"642":{"sp":0,"qtr":1,"down":2,"time":"03:17","yrdln":"STL 47","ydstogo":13,"ydsnet":27,"posteam":"STL","desc":"(3:17) A.Feeley pass incomplete short right to L.Kendricks [A.Brooks].","note":null,"players":{"00-0024495":[{"sequence":3,"clubcode":"SF","playerName":"A.Brooks","statId":110,"yards":0}],"00-0020305":[{"sequence":1,"clubcode":"STL","playerName":"A.Feeley","statId":14,"yards":0},{"sequence":4,"clubcode":"STL","playerName":"A.Feeley","statId":112,"yards":1}],"00-0027985":[{"sequence":2,"clubcode":"STL","playerName":"L.Kendricks","statId":115,"yards":0}]}},"664":{"sp":0,"qtr":1,"down":3,"time":"03:12","yrdln":"STL 47","ydstogo":13,"ydsnet":35,"posteam":"STL","desc":"(3:12) (Shotgun) A.Feeley pass short left to N.Miller to SF 45 for 8 yards (Ald.Smith). Caught at STL 45.  10-yds YAC","note":null,"players":{"00-0020305":[{"sequence":2,"clubcode":"STL","playerName":"A.Feeley","statId":15,"yards":8},{"sequence":3,"clubcode":"STL","playerName":"A.Feeley","statId":111,"yards":-2}],"00-0027945":[{"sequence":7,"clubcode":"SF","playerName":"Ald.Smith","statId":79,"yards":0}],"00-0026536":[{"sequence":4,"clubcode":"STL","playerName":"N.Miller","statId":21,"yards":8},{"sequence":5,"clubcode":"STL","playerName":"N.Miller","statId":115,"yards":0},{"sequence":6,"clubcode":"STL","playerName":"N.Miller","statId":113,"yards":10}],"0":[{"sequence":1,"clubcode":"STL","playerName":"","statId":7,"yards":0}]}},"688":{"sp":0,"qtr":1,"down":4,"time":"02:34","yrdln":"SF 45","ydstogo":5,"ydsnet":35,"posteam":"STL","desc":"(2:34) D.Jones punts 32 yards to SF 13, Center-J.McQuaide, fair catch by T.Ginn.","note":"PUNT","players":{"00-0025396":[{"sequence":3,"clubcode":"SF","playerName":"T.Ginn","statId":39,"yards":0}],"00-0022684":[{"sequence":1,"clubcode":"STL","playerName":"D.Jones","statId":29,"yards":32},{"sequence":2,"clubcode":"STL","playerName":"D.Jones","statId":30,"yards":0}]}}},"fds":2,"result":"Punt","penyds":-5,"ydsgained":40,"numplays":8,"postime":"2:26","start":{"qtr":1,"time":"04:54","yrdln":"STL 20","team":"STL"},"end":{"qtr":1,"time":"02:28","yrdln":"SF 45","team":"STL"}},"5":{"posteam":"SF","qtr":2,"redzone":true,"plays":{"711":{"sp":0,"qtr":1,"down":1,"time":"02:28","yrdln":"SF 13","ydstogo":10,"ydsnet":5,"posteam":"SF","desc":"(2:28) F.Gore right end to SF 18 for 5 yards (J.King).","note":null,"players":{"00-0026241":[{"sequence":2,"clubcode":"STL","playerName":"J.King","statId":79,"yards":0}],"00-0023500":[{"sequence":1,"clubcode":"SF","playerName":"F.Gore","statId":10,"yards":5}]}},"732":{"sp":0,"qtr":1,"down":2,"time":"01:42","yrdln":"SF 18","ydstogo":5,"ydsnet":9,"posteam":"SF","desc":"(1:42) K.Hunter right end to SF 22 for 4 yards (C.Dahl).","note":null,"players":{"00-0024796":[{"sequence":2,"clubcode":"STL","playerName":"C.Dahl","statId":79,"yards":0}],"00-0028053":[{"sequence":1,"clubcode":"SF","playerName":"K.Hunter","statId":10,"yards":4}]}},"753":{"sp":0,"qtr":1,"down":3,"time":"01:02","yrdln":"SF 22","ydstogo":1,"ydsnet":14,"posteam":"SF","desc":"(1:02) PENALTY on STL-J.Bannan, Encroachment, 5 yards, enforced at SF 22 - No Play.","note":"PENALTY","players":{"0":[{"sequence":1,"clubcode":"SF","playerName":"","statId":5,"yards":0}],"00-0021092":[{"sequence":2,"clubcode":"STL","playerName":"J.Bannan","statId":93,"yards":5}]}},"776":{"sp":0,"qtr":1,"down":1,"time":"00:38","yrdln":"SF 27","ydstogo":10,"ydsnet":18,"posteam":"SF","desc":"(:38) F.Gore right guard to SF 31 for 4 yards (G.Gibson, C.Dahl).","note":null,"players":{"00-0024796":[{"sequence":3,"clubcode":"STL","playerName":"C.Dahl","statId":82,"yards":0}],"00-0023327":[{"sequence":2,"clubcode":"STL","playerName":"G.Gibson","statId":80,"yards":0}],"00-0023500":[{"sequence":1,"clubcode":"SF","playerName":"F.Gore","statId":10,"yards":4}]}},"797":{"sp":0,"qtr":1,"down":0,"time":"","yrdln":"","ydstogo":0,"ydsnet":18,"posteam":"","desc":"END QUARTER 1","note":null,"players":{}},"813":{"sp":0,"qtr":2,"down":2,"time":"15:00","yrdln":"SF 31","ydstogo":6,"ydsnet":33,"posteam":"SF","desc":"(15:00) (Shotgun) Alex Smith pass short right to M.Crabtree pushed ob at SF 46 for 15 yards (Q.Mikell). Caught at SF 35.  11-yds YAC","note":null,"players":{"00-0023436":[{"sequence":2,"clubcode":"SF","playerName":"Alex Smith","statId":15,"yards":15},{"sequence":3,"clubcode":"SF","playerName":"Alex Smith","statId":111,"yards":4}],"0":[{"sequence":1,"clubcode":"SF","playerName":"","statId":4,"yards":0}],"00-0021512":[{"sequence":7,"clubcode":"STL","playerName":"Q.Mikell","statId":79,"yards":0}],"00-0026986":[{"sequence":4,"clubcode":"SF","playerName":"M.Crabtree","statId":21,"yards":15},{"sequence":5,"clubcode":"SF","playerName":"M.Crabtree","statId":115,"yards":0},{"sequence":6,"clubcode":"SF","playerName":"M.Crabtree","statId":113,"yards":11}]}},"838":{"sp":0,"qtr":2,"down":1,"time":"14:39","yrdln":"SF 46","ydstogo":10,"ydsnet":35,"posteam":"SF","desc":"(14:39) F.Gore right end to SF 48 for 2 yards (C.Dahl).","note":null,"players":{"00-0024796":[{"sequence":2,"clubcode":"STL","playerName":"C.Dahl","statId":79,"yards":0}],"00-0023500":[{"sequence":1,"clubcode":"SF","playerName":"F.Gore","statId":10,"yards":2}]}},"863":{"sp":0,"qtr":2,"down":2,"time":"13:59","yrdln":"SF 48","ydstogo":8,"ydsnet":27,"posteam":"SF","desc":"(13:59) Alex Smith sacked at SF 40 for -8 yards (J.Laurinaitis).","note":null,"players":{"00-0023436":[{"sequence":1,"clubcode":"SF","playerName":"Alex Smith","statId":20,"yards":-8}],"00-0027011":[{"sequence":2,"clubcode":"STL","playerName":"J.Laurinaitis","statId":83,"yards":-8},{"sequence":3,"clubcode":"STL","playerName":"J.Laurinaitis","statId":110,"yards":0},{"sequence":4,"clubcode":"STL","playerName":"J.Laurinaitis","statId":79,"yards":0},{"sequence":5,"clubcode":"STL","playerName":"J.Laurinaitis","statId":120,"yards":0}]}},"882":{"sp":0,"qtr":2,"down":3,"time":"13:22","yrdln":"SF 40","ydstogo":16,"ydsnet":41,"posteam":"SF","desc":"(13:22) (Shotgun) Alex Smith pass short middle to K.Hunter to STL 46 for 14 yards (C.Dahl). Caught at SF 39.  15-yds YAC","note":null,"players":{"00-0024796":[{"sequence":7,"clubcode":"STL","playerName":"C.Dahl","statId":79,"yards":0}],"00-0023436":[{"sequence":2,"clubcode":"SF","playerName":"Alex Smith","statId":15,"yards":14},{"sequence":3,"clubcode":"SF","playerName":"Alex Smith","statId":111,"yards":-1}],"0":[{"sequence":1,"clubcode":"SF","playerName":"","statId":7,"yards":0}],"00-0028053":[{"sequence":4,"clubcode":"SF","playerName":"K.Hunter","statId":21,"yards":14},{"sequence":5,"clubcode":"SF","playerName":"K.Hunter","statId":115,"yards":0},{"sequence":6,"clubcode":"SF","playerName":"K.Hunter","statId":113,"yards":15}]}},"906":{"sp":0,"qtr":2,"down":4,"time":"12:40","yrdln":"STL 46","ydstogo":2,"ydsnet":36,"posteam":"SF","desc":"(12:40) (Run formation) PENALTY on SF-A.Snyder, False Start, 5 yards, enforced at STL 46 - No Play.","note":"PENALTY","players":{"00-0023529":[{"sequence":1,"clubcode":"SF","playerName":"A.Snyder","statId":93,"yards":5}]}},"933":{"sp":0,"qtr":2,"down":4,"time":"11:48","yrdln":"SF 49","ydstogo":7,"ydsnet":36,"posteam":"SF","desc":"(11:48) A.Lee punts 38 yards to STL 13, Center-B.Jennings, fair catch by N.Miller.","note":"PUNT","players":{"00-0026536":[{"sequence":3,"clubcode":"STL","playerName":"N.Miller","statId":39,"yards":0}],"00-0022824":[{"sequence":1,"clubcode":"SF","playerName":"A.Lee","statId":29,"yards":38},{"sequence":2,"clubcode":"SF","playerName":"A.Lee","statId":30,"yards":0}]}}},"fds":2,"result":"Punt","penyds":0,"ydsgained":36,"numplays":11,"postime":"5:48","start":{"qtr":1,"time":"02:28","yrdln":"SF 13","team":"SF"},"end":{"qtr":1,"time":"11:40","yrdln":"SF 49","team":"SF"}},"6":{"posteam":"STL","qtr":2,"redzone":true,"plays":{"952":{"sp":0,"qtr":2,"down":1,"time":"11:40","yrdln":"STL 13","ydstogo":10,"ydsnet":1,"posteam":"STL","desc":"(11:40) S.Jackson up the middle to STL 14 for 1 yard (R.Jean Francois).","note":null,"players":{"00-0026502":[{"sequence":2,"clubcode":"SF","playerName":"R.Jean Francois","statId":79,"yards":0}],"00-0022736":[{"sequence":1,"clubcode":"STL","playerName":"S.Jackson","statId":10,"yards":1}]}},"973":{"sp":0,"qtr":2,"down":2,"time":"11:05","yrdln":"STL 14","ydstogo":9,"ydsnet":1,"posteam":"STL","desc":"(11:05) A.Feeley pass incomplete short right to A.Pettis.","note":null,"players":{"00-0020305":[{"sequence":1,"clubcode":"STL","playerName":"A.Feeley","statId":14,"yards":0},{"sequence":3,"clubcode":"STL","playerName":"A.Feeley","statId":112,"yards":8}],"00-0028016":[{"sequence":2,"clubcode":"STL","playerName":"A.Pettis","statId":115,"yards":0}]}},"995":{"sp":0,"qtr":2,"down":3,"time":"11:01","yrdln":"STL 14","ydstogo":9,"ydsnet":-7,"posteam":"STL","desc":"(11:01) (Shotgun) A.Feeley sacked at STL 6 for -8 yards (R.McDonald). FUMBLES (R.McDonald), RECOVERED by SF-Ald.Smith at STL 6. Ald.Smith to STL 6 for no gain (T.Wragge).","note":"FUMBLE","players":{"00-0020305":[{"sequence":2,"clubcode":"STL","playerName":"A.Feeley","statId":20,"yards":-8},{"sequence":5,"clubcode":"STL","playerName":"A.Feeley","statId":52,"yards":0},{"sequence":6,"clubcode":"STL","playerName":"A.Feeley","statId":106,"yards":0}],"00-0027945":[{"sequence":8,"clubcode":"SF","playerName":"Ald.Smith","statId":59,"yards":0}],"0":[{"sequence":1,"clubcode":"STL","playerName":"","statId":7,"yards":0}],"00-0021064":[{"sequence":9,"clubcode":"STL","playerName":"T.Wragge","statId":79,"yards":0}],"00-0025484":[{"sequence":3,"clubcode":"SF","playerName":"R.McDonald","statId":83,"yards":-8},{"sequence":4,"clubcode":"SF","playerName":"R.McDonald","statId":79,"yards":0},{"sequence":7,"clubcode":"SF","playerName":"R.McDonald","statId":91,"yards":0}]}}},"fds":0,"result":"Fumble","penyds":0,"ydsgained":-7,"numplays":3,"postime":"0:47","start":{"qtr":2,"time":"11:40","yrdln":"STL 13","team":"STL"},"end":{"qtr":2,"time":"10:53","yrdln":"STL 14","team":"STL"}},"7":{"posteam":"SF","qtr":2,"redzone":true,"plays":{"1025":{"sp":0,"qtr":2,"down":1,"time":"10:53","yrdln":"STL 6","ydstogo":6,"ydsnet":2,"posteam":"SF","desc":"(10:53) F.Gore left guard to STL 4 for 2 yards (B.Poppinga).","note":null,"players":{"00-0023559":[{"sequence":2,"clubcode":"STL","playerName":"B.Poppinga","statId":79,"yards":0}],"00-0023500":[{"sequence":1,"clubcode":"SF","playerName":"F.Gore","statId":10,"yards":2}]}},"1046":{"sp":0,"qtr":2,"down":2,"time":"10:13","yrdln":"STL 4","ydstogo":4,"ydsnet":5,"posteam":"SF","desc":"(10:13) I.Sopoaga and A.Boone reported in as eligible.  F.Gore left end to STL 1 for 3 yards (J.Laurinaitis).","note":null,"players":{"00-0023500":[{"sequence":1,"clubcode":"SF","playerName":"F.Gore","statId":10,"yards":3}],"00-0027011":[{"sequence":2,"clubcode":"STL","playerName":"J.Laurinaitis","statId":79,"yards":0}]}},"1071":{"sp":0,"qtr":2,"down":3,"time":"09:26","yrdln":"STL 1","ydstogo":1,"ydsnet":5,"posteam":"SF","desc":"(9:26) F.Gore up the middle to STL 1 for no gain (C.Dahl).","note":null,"players":{"00-0024796":[{"sequence":3,"clubcode":"STL","playerName":"C.Dahl","statId":79,"yards":0}],"0":[{"sequence":1,"clubcode":"SF","playerName":"","statId":7,"yards":0}],"00-0023500":[{"sequence":2,"clubcode":"SF","playerName":"F.Gore","statId":10,"yards":0}]}},"1093":{"sp":1,"qtr":2,"down":4,"time":"08:43","yrdln":"STL 1","ydstogo":1,"ydsnet":5,"posteam":"SF","desc":"(8:43) D.Akers 19 yard field goal is GOOD, Center-B.Jennings, Holder-A.Lee.","note":"FG","players":{"00-0000108":[{"sequence":1,"clubcode":"SF","playerName":"D.Akers","statId":70,"yards":19}]}}},"fds":0,"result":"Field Goal","penyds":0,"ydsgained":5,"numplays":4,"postime":"2:14","start":{"qtr":2,"time":"10:53","yrdln":"STL 6","team":"SF"},"end":{"qtr":2,"time":"08:39","yrdln":"STL 1","team":"SF"}},"8":{"posteam":"STL","qtr":2,"redzone":true,"plays":{"1112":{"sp":0,"qtr":2,"down":0,"time":"08:39","yrdln":"SF 35","ydstogo":0,"ydsnet":0,"posteam":"SF","desc":"D.Akers kicks 65 yards from SF 35 to end zone, Touchback.","note":"KICKOFF","players":{"00-0000108":[{"sequence":1,"clubcode":"SF","playerName":"D.Akers","statId":44,"yards":65}],"0":[{"sequence":2,"clubcode":"STL","playerName":"","statId":51,"yards":0}]}},"1126":{"sp":0,"qtr":2,"down":1,"time":"08:39","yrdln":"STL 20","ydstogo":10,"ydsnet":17,"posteam":"STL","desc":"(8:39) A.Feeley pass short left to A.Pettis to STL 37 for 17 yards (L.Grant). Caught at STL 33.  4-yds YAC","note":null,"players":{"00-0026354":[{"sequence":7,"clubcode":"SF","playerName":"L.Grant","statId":79,"yards":0}],"00-0020305":[{"sequence":2,"clubcode":"STL","playerName":"A.Feeley","statId":15,"yards":17},{"sequence":3,"clubcode":"STL","playerName":"A.Feeley","statId":111,"yards":13}],"0":[{"sequence":1,"clubcode":"STL","playerName":"","statId":4,"yards":0}],"00-0028016":[{"sequence":4,"clubcode":"STL","playerName":"A.Pettis","statId":21,"yards":17},{"sequence":5,"clubcode":"STL","playerName":"A.Pettis","statId":115,"yards":0},{"sequence":6,"clubcode":"STL","playerName":"A.Pettis","statId":113,"yards":4}]}},"1154":{"sp":0,"qtr":2,"down":1,"time":"08:01","yrdln":"STL 37","ydstogo":10,"ydsnet":17,"posteam":"STL","desc":"(8:01) J.Norwood right end to STL 37 for no gain (A.Brooks).","note":null,"players":{"00-0024495":[{"sequence":2,"clubcode":"SF","playerName":"A.Brooks","statId":79,"yards":0}],"00-0024294":[{"sequence":1,"clubcode":"STL","playerName":"J.Norwood","statId":10,"yards":0}]}},"1175":{"sp":0,"qtr":2,"down":2,"time":"07:19","yrdln":"STL 37","ydstogo":10,"ydsnet":2,"posteam":"STL","desc":"(7:19) (Shotgun) A.Feeley pass short left to B.Lloyd to STL 46 for 9 yards (T.Brown). PENALTY on STL-J.Norwood, Chop Block, 15 yards, enforced at STL 37 - No Play.","note":"PENALTY","players":{"00-0024294":[{"sequence":1,"clubcode":"STL","playerName":"J.Norwood","statId":93,"yards":15}]}},"1210":{"sp":0,"qtr":2,"down":2,"time":"06:54","yrdln":"STL 22","ydstogo":25,"ydsnet":4,"posteam":"STL","desc":"(6:54) J.Norwood left guard to STL 24 for 2 yards (J.Smith, L.Grant).","note":null,"players":{"00-0026354":[{"sequence":3,"clubcode":"SF","playerName":"L.Grant","statId":82,"yards":0}],"00-0024294":[{"sequence":1,"clubcode":"STL","playerName":"J.Norwood","statId":10,"yards":2}],"00-0020535":[{"sequence":2,"clubcode":"SF","playerName":"J.Smith","statId":80,"yards":0}]}},"1231":{"sp":0,"qtr":2,"down":3,"time":"06:16","yrdln":"STL 24","ydstogo":23,"ydsnet":6,"posteam":"STL","desc":"(6:16) S.Jackson right guard to STL 26 for 2 yards (L.Grant).","note":null,"players":{"00-0026354":[{"sequence":3,"clubcode":"SF","playerName":"L.Grant","statId":79,"yards":0}],"0":[{"sequence":1,"clubcode":"STL","playerName":"","statId":7,"yards":0}],"00-0022736":[{"sequence":2,"clubcode":"STL","playerName":"S.Jackson","statId":10,"yards":2}]}},"1252":{"sp":0,"qtr":2,"down":4,"time":"05:41","yrdln":"STL 26","ydstogo":21,"ydsnet":6,"posteam":"STL","desc":"(5:41) D.Jones punts 39 yards to SF 35, Center-J.McQuaide, fair catch by T.Ginn.","note":"PUNT","players":{"00-0025396":[{"sequence":2,"clubcode":"SF","playerName":"T.Ginn","statId":39,"yards":0}],"00-0022684":[{"sequence":1,"clubcode":"STL","playerName":"D.Jones","statId":29,"yards":39}]}}},"fds":1,"result":"Punt","penyds":-15,"ydsgained":21,"numplays":7,"postime":"3:06","start":{"qtr":2,"time":"08:39","yrdln":"STL 20","team":"STL"},"end":{"qtr":2,"time":"05:33","yrdln":"STL 26","team":"STL"}},"9":{"posteam":"SF","qtr":2,"redzone":true,"plays":{"1271":{"sp":0,"qtr":2,"down":1,"time":"05:33","yrdln":"SF 35","ydstogo":10,"ydsnet":5,"posteam":"SF","desc":"(5:33) (Shotgun) Alex Smith pass incomplete short right to F.Gore. PENALTY on STL-C.Dahl, Illegal Use of Hands, 5 yards, enforced at SF 35 - No Play.","note":"PENALTY","players":{"00-0024796":[{"sequence":2,"clubcode":"STL","playerName":"C.Dahl","statId":93,"yards":5}],"0":[{"sequence":1,"clubcode":"SF","playerName":"","statId":5,"yards":0}]}},"1316":{"sp":0,"qtr":2,"down":1,"time":"05:25","yrdln":"SF 40","ydstogo":10,"ydsnet":13,"posteam":"SF","desc":"(5:25) Alex Smith scrambles right end to SF 48 for 8 yards (C.Dahl).","note":null,"players":{"00-0024796":[{"sequence":2,"clubcode":"STL","playerName":"C.Dahl","statId":79,"yards":0}],"00-0023436":[{"sequence":1,"clubcode":"SF","playerName":"Alex Smith","statId":10,"yards":8}]}},"1337":{"sp":0,"qtr":2,"down":2,"time":"04:51","yrdln":"SF 48","ydstogo":2,"ydsnet":10,"posteam":"SF","desc":"(4:51) F.Gore right end to SF 45 for -3 yards (G.Gibson).","note":null,"players":{"0":[{"sequence":2,"clubcode":"SF","playerName":"","statId":95,"yards":-3}],"00-0023327":[{"sequence":3,"clubcode":"STL","playerName":"G.Gibson","statId":79,"yards":0},{"sequence":4,"clubcode":"STL","playerName":"G.Gibson","statId":120,"yards":0}],"00-0023500":[{"sequence":1,"clubcode":"SF","playerName":"F.Gore","statId":10,"yards":-3}]}},"1358":{"sp":0,"qtr":2,"down":3,"time":"04:03","yrdln":"SF 45","ydstogo":5,"ydsnet":25,"posteam":"SF","desc":"(4:03) (Shotgun) Alex Smith pass short left to M.Crabtree to STL 40 for 15 yards (J.Laurinaitis). Caught at STL 49.  9-yds YAC","note":null,"players":{"00-0023436":[{"sequence":3,"clubcode":"SF","playerName":"Alex Smith","statId":15,"yards":15},{"sequence":4,"clubcode":"SF","playerName":"Alex Smith","statId":111,"yards":6}],"0":[{"sequence":1,"clubcode":"SF","playerName":"","statId":4,"yards":0},{"sequence":2,"clubcode":"SF","playerName":"","statId":6,"yards":0}],"00-0026986":[{"sequence":5,"clubcode":"SF","playerName":"M.Crabtree","statId":21,"yards":15},{"sequence":6,"clubcode":"SF","playerName":"M.Crabtree","statId":115,"yards":0},{"sequence":7,"clubcode":"SF","playerName":"M.Crabtree","statId":113,"yards":9}],"00-0027011":[{"sequence":8,"clubcode":"STL","playerName":"J.Laurinaitis","statId":79,"yards":0}]}},"1382":{"sp":0,"qtr":2,"down":1,"time":"03:21","yrdln":"STL 40","ydstogo":10,"ydsnet":25,"posteam":"SF","desc":"(3:21) Alex Smith pass incomplete deep left to V.Davis.","note":null,"players":{"00-0023436":[{"sequence":1,"clubcode":"SF","playerName":"Alex Smith","statId":14,"yards":0},{"sequence":3,"clubcode":"SF","playerName":"Alex Smith","statId":112,"yards":40}],"00-0024221":[{"sequence":2,"clubcode":"SF","playerName":"V.Davis","statId":115,"yards":0}]}},"1408":{"sp":0,"qtr":2,"down":2,"time":"03:14","yrdln":"STL 40","ydstogo":10,"ydsnet":35,"posteam":"SF","desc":"(3:14) Alex Smith pass short left to K.Hunter to STL 30 for 10 yards (J.Laurinaitis). Caught at STL 36.  6-yds YAC","note":null,"players":{"00-0023436":[{"sequence":2,"clubcode":"SF","playerName":"Alex Smith","statId":15,"yards":10},{"sequence":3,"clubcode":"SF","playerName":"Alex Smith","statId":111,"yards":4}],"0":[{"sequence":1,"clubcode":"SF","playerName":"","statId":4,"yards":0}],"00-0028053":[{"sequence":4,"clubcode":"SF","playerName":"K.Hunter","statId":21,"yards":10},{"sequence":5,"clubcode":"SF","playerName":"K.Hunter","statId":115,"yards":0},{"sequence":6,"clubcode":"SF","playerName":"K.Hunter","statId":113,"yards":6}],"00-0027011":[{"sequence":7,"clubcode":"STL","playerName":"J.Laurinaitis","statId":79,"yards":0}]}},"1432":{"sp":0,"qtr":2,"down":1,"time":"02:28","yrdln":"STL 30","ydstogo":10,"ydsnet":55,"posteam":"SF","desc":"(2:28) F.Gore right tackle to STL 10 for 20 yards (J.King).","note":null,"players":{"00-0026241":[{"sequence":3,"clubcode":"STL","playerName":"J.King","statId":79,"yards":0}],"0":[{"sequence":1,"clubcode":"SF","playerName":"","statId":3,"yards":0}],"00-0023500":[{"sequence":2,"clubcode":"SF","playerName":"F.Gore","statId":10,"yards":20}]}},"1457":{"sp":0,"qtr":2,"down":0,"time":"02:00","yrdln":"","ydstogo":0,"ydsnet":55,"posteam":"","desc":"Two-Minute Warning","note":null,"players":{}},"1474":{"sp":0,"qtr":2,"down":1,"time":"02:00","yrdln":"STL 10","ydstogo":10,"ydsnet":53,"posteam":"SF","desc":"(2:00) (Shotgun) Alex Smith sacked at STL 12 for -2 yards (C.Long).","note":null,"players":{"00-0026142":[{"sequence":2,"clubcode":"STL","playerName":"C.Long","statId":83,"yards":-2},{"sequence":3,"clubcode":"STL","playerName":"C.Long","statId":110,"yards":0},{"sequence":4,"clubcode":"STL","playerName":"C.Long","statId":79,"yards":0},{"sequence":5,"clubcode":"STL","playerName":"C.Long","statId":120,"yards":0}],"00-0023436":[{"sequence":1,"clubcode":"SF","playerName":"Alex Smith","statId":20,"yards":-2}]}},"1493":{"sp":0,"qtr":2,"down":0,"time":"01:53","yrdln":"","ydstogo":0,"ydsnet":53,"posteam":"","desc":"Timeout #1 by STL at 01:53.","note":"TIMEOUT","players":{"0":[{"sequence":1,"clubcode":"STL","playerName":"","statId":68,"yards":0}]}},"1510":{"sp":0,"qtr":2,"down":2,"time":"01:53","yrdln":"STL 12","ydstogo":12,"ydsnet":55,"posteam":"SF","desc":"(1:53) (Shotgun) F.Gore up the middle to STL 10 for 2 yards (C.Long).","note":null,"players":{"00-0026142":[{"sequence":2,"clubcode":"STL","playerName":"C.Long","statId":79,"yards":0}],"00-0023500":[{"sequence":1,"clubcode":"SF","playerName":"F.Gore","statId":10,"yards":2}]}},"1531":{"sp":0,"qtr":2,"down":0,"time":"01:49","yrdln":"","ydstogo":0,"ydsnet":55,"posteam":"","desc":"Timeout #2 by STL at 01:49.","note":"TIMEOUT","players":{"0":[{"sequence":1,"clubcode":"STL","playerName":"","statId":68,"yards":0}]}},"1548":{"sp":0,"qtr":2,"down":3,"time":"01:49","yrdln":"STL 10","ydstogo":10,"ydsnet":55,"posteam":"SF","desc":"(1:49) Alex Smith pass incomplete short left to D.Walker [C.Long].","note":null,"players":{"00-0026142":[{"sequence":4,"clubcode":"STL","playerName":"C.Long","statId":110,"yards":0}],"00-0023436":[{"sequence":2,"clubcode":"SF","playerName":"Alex Smith","statId":14,"yards":0},{"sequence":5,"clubcode":"SF","playerName":"Alex Smith","statId":112,"yards":1}],"0":[{"sequence":1,"clubcode":"SF","playerName":"","statId":7,"yards":0}],"00-0024389":[{"sequence":3,"clubcode":"SF","playerName":"D.Walker","statId":115,"yards":0}]}},"1570":{"sp":1,"qtr":2,"down":4,"time":"01:45","yrdln":"STL 10","ydstogo":10,"ydsnet":55,"posteam":"SF","desc":"(1:45) D.Akers 28 yard field goal is GOOD, Center-B.Jennings, Holder-A.Lee.","note":"FG","players":{"00-0000108":[{"sequence":1,"clubcode":"SF","playerName":"D.Akers","statId":70,"yards":28}]}}},"fds":4,"result":"Field Goal","penyds":5,"ydsgained":50,"numplays":14,"postime":"3:52","start":{"qtr":2,"time":"05:33","yrdln":"SF 35","team":"SF"},"end":{"qtr":2,"time":"01:41","yrdln":"STL 10","team":"SF"}},"10":{"posteam":"STL","qtr":2,"redzone":true,"plays":{"1589":{"sp":0,"qtr":2,"down":0,"time":"01:41","yrdln":"SF 35","ydstogo":0,"ydsnet":0,"posteam":"SF","desc":"D.Akers kicks 70 yards from SF 35 to STL -5. Q.Porter, Touchback.","note":"KICKOFF","players":{"00-0000108":[{"sequence":1,"clubcode":"SF","playerName":"D.Akers","statId":44,"yards":65}],"0":[{"sequence":2,"clubcode":"STL","playerName":"","statId":51,"yards":0}]}},"1607":{"sp":0,"qtr":2,"down":1,"time":"01:41","yrdln":"STL 20","ydstogo":10,"ydsnet":13,"posteam":"STL","desc":"(1:41) (Shotgun) A.Feeley pass short right to B.Gibson to STL 33 for 13 yards (N.Bowman). Caught at STL 31.  2-yds YAC","note":null,"players":{"00-0027894":[{"sequence":7,"clubcode":"SF","playerName":"N.Bowman","statId":79,"yards":0}],"00-0020305":[{"sequence":2,"clubcode":"STL","playerName":"A.Feeley","statId":15,"yards":13},{"sequence":3,"clubcode":"STL","playerName":"A.Feeley","statId":111,"yards":11}],"0":[{"sequence":1,"clubcode":"STL","playerName":"","statId":4,"yards":0}],"00-0026937":[{"sequence":4,"clubcode":"STL","playerName":"B.Gibson","statId":21,"yards":13},{"sequence":5,"clubcode":"STL","playerName":"B.Gibson","statId":115,"yards":0},{"sequence":6,"clubcode":"STL","playerName":"B.Gibson","statId":113,"yards":2}]}},"1631":{"sp":0,"qtr":2,"down":1,"time":"01:17","yrdln":"STL 33","ydstogo":10,"ydsnet":13,"posteam":"STL","desc":"(1:17) (No Huddle, Shotgun) A.Feeley pass incomplete short middle to B.Gibson.","note":null,"players":{"00-0020305":[{"sequence":1,"clubcode":"STL","playerName":"A.Feeley","statId":14,"yards":0},{"sequence":3,"clubcode":"STL","playerName":"A.Feeley","statId":112,"yards":2}],"00-0026937":[{"sequence":2,"clubcode":"STL","playerName":"B.Gibson","statId":115,"yards":0}]}},"1657":{"sp":0,"qtr":2,"down":2,"time":"01:13","yrdln":"STL 33","ydstogo":10,"ydsnet":5,"posteam":"STL","desc":"(1:13) (Shotgun) A.Feeley pass incomplete short right to B.Lloyd.","note":null,"players":{"00-0020305":[{"sequence":1,"clubcode":"STL","playerName":"A.Feeley","statId":14,"yards":0},{"sequence":3,"clubcode":"STL","playerName":"A.Feeley","statId":112,"yards":15}],"00-0022097":[{"sequence":2,"clubcode":"STL","playerName":"B.Lloyd","statId":115,"yards":0}]}},"1679":{"sp":0,"qtr":2,"down":3,"time":"01:05","yrdln":"STL 33","ydstogo":10,"ydsnet":5,"posteam":"STL","desc":"(1:05) A.Feeley sacked at STL 25 for -8 yards (L.Grant).","note":null,"players":{"00-0026354":[{"sequence":3,"clubcode":"SF","playerName":"L.Grant","statId":83,"yards":-8},{"sequence":4,"clubcode":"SF","playerName":"L.Grant","statId":110,"yards":0},{"sequence":5,"clubcode":"SF","playerName":"L.Grant","statId":79,"yards":0},{"sequence":6,"clubcode":"SF","playerName":"L.Grant","statId":120,"yards":0}],"00-0020305":[{"sequence":2,"clubcode":"STL","playerName":"A.Feeley","statId":20,"yards":-8}],"0":[{"sequence":1,"clubcode":"STL","playerName":"","statId":7,"yards":0}]}},"1698":{"sp":0,"qtr":2,"down":0,"time":"01:04","yrdln":"","ydstogo":0,"ydsnet":6,"posteam":"","desc":"Timeout #1 by SF at 01:04.","note":"TIMEOUT","players":{"0":[{"sequence":1,"clubcode":"SF","playerName":"","statId":68,"yards":0}]}},"1715":{"sp":0,"qtr":2,"down":4,"time":"01:04","yrdln":"STL 25","ydstogo":18,"ydsnet":5,"posteam":"STL","desc":"(1:04) D.Jones punts 32 yards to SF 43, Center-J.McQuaide, out of bounds.","note":"PUNT","players":{"0":[{"sequence":2,"clubcode":"SF","playerName":"","statId":37,"yards":0}],"00-0022684":[{"sequence":1,"clubcode":"STL","playerName":"D.Jones","statId":29,"yards":32}]}}},"fds":1,"result":"Punt","penyds":0,"ydsgained":5,"numplays":7,"postime":"0:44","start":{"qtr":2,"time":"01:41","yrdln":"STL 20","team":"STL"},"end":{"qtr":2,"time":"00:57","yrdln":"STL 25","team":"STL"}},"11":{"posteam":"SF","qtr":2,"redzone":true,"plays":{"1733":{"sp":0,"qtr":2,"down":1,"time":"00:57","yrdln":"SF 43","ydstogo":10,"ydsnet":0,"posteam":"SF","desc":"(:57) (Shotgun) Alex Smith pass incomplete short middle to K.Hunter.","note":null,"players":{"00-0023436":[{"sequence":1,"clubcode":"SF","playerName":"Alex Smith","statId":14,"yards":0},{"sequence":3,"clubcode":"SF","playerName":"Alex Smith","statId":112,"yards":1}],"00-0028053":[{"sequence":2,"clubcode":"SF","playerName":"K.Hunter","statId":115,"yards":0}]}},"1755":{"sp":0,"qtr":2,"down":2,"time":"00:52","yrdln":"SF 43","ydstogo":10,"ydsnet":-8,"posteam":"SF","desc":"(:52) Alex Smith pass short left to V.Davis to STL 44 for 13 yards (C.Dahl). FUMBLES (C.Dahl), recovered by SF-T.Ginn at STL 44. Caught at STL 47.  3-yds YAC Ginn advanced to STL35, disallowed by 2 min rule.","note":"FUMBLE","players":{"00-0024796":[{"sequence":7,"clubcode":"STL","playerName":"C.Dahl","statId":79,"yards":0},{"sequence":9,"clubcode":"STL","playerName":"C.Dahl","statId":91,"yards":0}],"00-0025396":[{"sequence":10,"clubcode":"SF","playerName":"T.Ginn","statId":55,"yards":0}],"00-0023436":[{"sequence":2,"clubcode":"SF","playerName":"Alex Smith","statId":15,"yards":13},{"sequence":3,"clubcode":"SF","playerName":"Alex Smith","statId":111,"yards":10}],"00-0024221":[{"sequence":4,"clubcode":"SF","playerName":"V.Davis","statId":21,"yards":13},{"sequence":5,"clubcode":"SF","playerName":"V.Davis","statId":115,"yards":0},{"sequence":6,"clubcode":"SF","playerName":"V.Davis","statId":113,"yards":3},{"sequence":8,"clubcode":"SF","playerName":"V.Davis","statId":52,"yards":0}],"0":[{"sequence":1,"clubcode":"SF","playerName":"","statId":4,"yards":0}]}},"1795":{"sp":0,"qtr":2,"down":1,"time":"00:38","yrdln":"STL 44","ydstogo":10,"ydsnet":-8,"posteam":"SF","desc":"(:38) (Shotgun) PENALTY on SF-Alex Smith, Delay of Game, 5 yards, enforced at STL 44 - No Play.","note":"PENALTY","players":{"00-0023436":[{"sequence":1,"clubcode":"SF","playerName":"Alex Smith","statId":93,"yards":5}]}},"1822":{"sp":0,"qtr":2,"down":1,"time":"00:38","yrdln":"STL 49","ydstogo":15,"ydsnet":2,"posteam":"SF","desc":"(:38) (Shotgun) Alex Smith pass incomplete deep left to T.Ginn. PENALTY on SF-M.Iupati, Offensive Holding, 10 yards, enforced at STL 49 - No Play.","note":"PENALTY","players":{"00-0027869":[{"sequence":1,"clubcode":"SF","playerName":"M.Iupati","statId":93,"yards":10}]}},"1918":{"sp":0,"qtr":2,"down":0,"time":"00:38","yrdln":"","ydstogo":0,"ydsnet":-8,"posteam":"","desc":"Timeout #2 by SF at 00:38.","note":"TIMEOUT","players":{"0":[{"sequence":1,"clubcode":"SF","playerName":"","statId":68,"yards":0}]}},"1862":{"sp":0,"qtr":2,"down":1,"time":"00:33","yrdln":"SF 41","ydstogo":25,"ydsnet":2,"posteam":"SF","desc":"(:33) (Shotgun) Alex Smith pass short middle to T.Ginn to STL 45 for 14 yards (J.Butler). Caught at STL 46.  1-yd YAC","note":null,"players":{"00-0025396":[{"sequence":3,"clubcode":"SF","playerName":"T.Ginn","statId":21,"yards":14},{"sequence":4,"clubcode":"SF","playerName":"T.Ginn","statId":115,"yards":0},{"sequence":5,"clubcode":"SF","playerName":"T.Ginn","statId":113,"yards":1}],"00-0023436":[{"sequence":1,"clubcode":"SF","playerName":"Alex Smith","statId":15,"yards":14},{"sequence":2,"clubcode":"SF","playerName":"Alex Smith","statId":111,"yards":13}],"00-0023053":[{"sequence":6,"clubcode":"STL","playerName":"J.Butler","statId":79,"yards":0}]}},"1886":{"sp":0,"qtr":2,"down":0,"time":"00:26","yrdln":"","ydstogo":0,"ydsnet":12,"posteam":"","desc":"Timeout #2 by SF at 00:26.","note":"TIMEOUT","players":{"0":[{"sequence":1,"clubcode":"SF","playerName":"","statId":68,"yards":0}]}},"1907":{"sp":0,"qtr":2,"down":2,"time":"00:26","yrdln":"STL 45","ydstogo":11,"ydsnet":6,"posteam":"SF","desc":"(:26) Alex Smith pass incomplete short right to T.Ginn. PENALTY on SF-M.Iupati, Offensive Holding, 10 yards, enforced at STL 45 - No Play.","note":"PENALTY","players":{"00-0027869":[{"sequence":1,"clubcode":"SF","playerName":"M.Iupati","statId":93,"yards":10}]}},"1947":{"sp":0,"qtr":2,"down":2,"time":"00:20","yrdln":"SF 45","ydstogo":21,"ydsnet":6,"posteam":"SF","desc":"(:20) (Shotgun) Alex Smith pass short right to V.Davis pushed ob at SF 49 for 4 yards (C.Dahl).","note":null,"players":{"00-0024796":[{"sequence":6,"clubcode":"STL","playerName":"C.Dahl","statId":79,"yards":0}],"00-0023436":[{"sequence":1,"clubcode":"SF","playerName":"Alex Smith","statId":15,"yards":4},{"sequence":2,"clubcode":"SF","playerName":"Alex Smith","statId":111,"yards":4}],"00-0024221":[{"sequence":3,"clubcode":"SF","playerName":"V.Davis","statId":21,"yards":4},{"sequence":4,"clubcode":"SF","playerName":"V.Davis","statId":115,"yards":0},{"sequence":5,"clubcode":"SF","playerName":"V.Davis","statId":113,"yards":0}]}},"1972":{"sp":0,"qtr":2,"down":3,"time":"00:16","yrdln":"SF 49","ydstogo":17,"ydsnet":-8,"posteam":"SF","desc":"(:16) (Shotgun) Alex Smith sacked at SF 35 for -14 yards (C.Long).","note":null,"players":{"00-0026142":[{"sequence":3,"clubcode":"STL","playerName":"C.Long","statId":83,"yards":-14},{"sequence":4,"clubcode":"STL","playerName":"C.Long","statId":110,"yards":0},{"sequence":5,"clubcode":"STL","playerName":"C.Long","statId":79,"yards":0},{"sequence":6,"clubcode":"STL","playerName":"C.Long","statId":120,"yards":0}],"00-0023436":[{"sequence":2,"clubcode":"SF","playerName":"Alex Smith","statId":20,"yards":-14}],"0":[{"sequence":1,"clubcode":"SF","playerName":"","statId":7,"yards":0}]}},"1991":{"sp":0,"qtr":2,"down":0,"time":"","yrdln":"","ydstogo":0,"ydsnet":-8,"posteam":"","desc":"END QUARTER 2","note":null,"players":{}}},"fds":1,"result":"End of Half","penyds":-25,"ydsgained":17,"numplays":11,"postime":"0:57","start":{"qtr":2,"time":"00:57","yrdln":"SF 43","team":"SF"},"end":{"qtr":2,"time":"00:00","yrdln":"SF 49","team":"SF"}},"12":{"posteam":"STL","qtr":3,"redzone":true,"plays":{"2008":{"sp":0,"qtr":3,"down":0,"time":"15:00","yrdln":"SF 35","ydstogo":0,"ydsnet":0,"posteam":"SF","desc":"D.Akers kicks 70 yards from SF 35 to STL -5. Q.Porter to STL 18 for 23 yards (C.Jones).","note":"KICKOFF","players":{"00-0027437":[{"sequence":2,"clubcode":"STL","playerName":"Q.Porter","statId":45,"yards":23}],"00-0000108":[{"sequence":1,"clubcode":"SF","playerName":"D.Akers","statId":43,"yards":70},{"sequence":3,"clubcode":"SF","playerName":"D.Akers","statId":42,"yards":0}],"00-0028128":[{"sequence":4,"clubcode":"SF","playerName":"C.Jones","statId":79,"yards":0}]}},"2036":{"sp":0,"qtr":3,"down":1,"time":"14:51","yrdln":"STL 18","ydstogo":10,"ydsnet":11,"posteam":"STL","desc":"(14:51) A.Feeley pass short middle to S.Jackson to STL 29 for 11 yards (D.Whitner). Caught at STL 21.  8-yds YAC","note":null,"players":{"00-0020305":[{"sequence":2,"clubcode":"STL","playerName":"A.Feeley","statId":15,"yards":11},{"sequence":3,"clubcode":"STL","playerName":"A.Feeley","statId":111,"yards":3}],"0":[{"sequence":1,"clubcode":"STL","playerName":"","statId":4,"yards":0}],"00-0022736":[{"sequence":4,"clubcode":"STL","playerName":"S.Jackson","statId":21,"yards":11},{"sequence":5,"clubcode":"STL","playerName":"S.Jackson","statId":115,"yards":0},{"sequence":6,"clubcode":"STL","playerName":"S.Jackson","statId":113,"yards":8}],"00-0024223":[{"sequence":7,"clubcode":"SF","playerName":"D.Whitner","statId":79,"yards":0}]}},"2060":{"sp":0,"qtr":3,"down":1,"time":"14:17","yrdln":"STL 29","ydstogo":10,"ydsnet":10,"posteam":"STL","desc":"(14:17) S.Jackson right guard to STL 28 for -1 yards (D.Goldson).","note":null,"players":{"00-0025513":[{"sequence":3,"clubcode":"SF","playerName":"D.Goldson","statId":79,"yards":0},{"sequence":4,"clubcode":"SF","playerName":"D.Goldson","statId":120,"yards":0}],"0":[{"sequence":2,"clubcode":"STL","playerName":"","statId":95,"yards":-1}],"00-0022736":[{"sequence":1,"clubcode":"STL","playerName":"S.Jackson","statId":10,"yards":-1}]}},"2085":{"sp":0,"qtr":3,"down":2,"time":"13:37","yrdln":"STL 28","ydstogo":11,"ydsnet":44,"posteam":"STL","desc":"(13:37) (Shotgun) A.Feeley pass deep left to B.Lloyd ran ob at SF 38 for 34 yards. Penalty on SF-T.Brown, Defensive Pass Interference, declined.","note":null,"players":{"00-0020305":[{"sequence":2,"clubcode":"STL","playerName":"A.Feeley","statId":15,"yards":34},{"sequence":3,"clubcode":"STL","playerName":"A.Feeley","statId":111,"yards":34}],"00-0022097":[{"sequence":4,"clubcode":"STL","playerName":"B.Lloyd","statId":21,"yards":34},{"sequence":5,"clubcode":"STL","playerName":"B.Lloyd","statId":115,"yards":0},{"sequence":6,"clubcode":"STL","playerName":"B.Lloyd","statId":113,"yards":0}],"0":[{"sequence":1,"clubcode":"STL","playerName":"","statId":4,"yards":0}]}},"2138":{"sp":0,"qtr":3,"down":1,"time":"13:10","yrdln":"SF 38","ydstogo":10,"ydsnet":44,"posteam":"STL","desc":"(13:10) A.Feeley pass deep right intended for A.Pettis INTERCEPTED by D.Goldson [P.Haralson] at SF 11. D.Goldson to SF 24 for 13 yards (L.Kendricks). Penalty on SF-P.Haralson, Unnecessary Roughness, declined. PENALTY on SF-D.Goldson, Unsportsmanlike Conduct, 12 yards, enforced at SF 24.","note":"INT","players":{"00-0024354":[{"sequence":3,"clubcode":"SF","playerName":"P.Haralson","statId":110,"yards":0}],"00-0020305":[{"sequence":1,"clubcode":"STL","playerName":"A.Feeley","statId":19,"yards":0},{"sequence":4,"clubcode":"STL","playerName":"A.Feeley","statId":112,"yards":27}],"00-0025513":[{"sequence":5,"clubcode":"SF","playerName":"D.Goldson","statId":25,"yards":13},{"sequence":6,"clubcode":"SF","playerName":"D.Goldson","statId":85,"yards":0},{"sequence":8,"clubcode":"SF","playerName":"D.Goldson","statId":93,"yards":12}],"00-0027985":[{"sequence":7,"clubcode":"STL","playerName":"L.Kendricks","statId":79,"yards":0}],"00-0028016":[{"sequence":2,"clubcode":"STL","playerName":"A.Pettis","statId":115,"yards":0}]}}},"fds":2,"result":"Interception","penyds":0,"ydsgained":44,"numplays":5,"postime":"2:00","start":{"qtr":3,"time":"15:00","yrdln":"STL 18","team":"STL"},"end":{"qtr":3,"time":"13:00","yrdln":"SF 38","team":"STL"}},"13":{"posteam":"SF","qtr":3,"redzone":true,"plays":{"2186":{"sp":0,"qtr":3,"down":1,"time":"13:00","yrdln":"SF 12","ydstogo":10,"ydsnet":6,"posteam":"SF","desc":"(13:00) F.Gore left end to SF 18 for 6 yards (J.Hall, B.Poppinga).","note":null,"players":{"00-0023559":[{"sequence":3,"clubcode":"STL","playerName":"B.Poppinga","statId":82,"yards":0}],"00-0019387":[{"sequence":2,"clubcode":"STL","playerName":"J.Hall","statId":80,"yards":0}],"00-0023500":[{"sequence":1,"clubcode":"SF","playerName":"F.Gore","statId":10,"yards":6}]}},"2207":{"sp":0,"qtr":3,"down":2,"time":"12:21","yrdln":"SF 18","ydstogo":4,"ydsnet":22,"posteam":"SF","desc":"(12:21) T.Ginn right end pushed ob at SF 34 for 16 yards (C.Dahl).","note":null,"players":{"00-0024796":[{"sequence":3,"clubcode":"STL","playerName":"C.Dahl","statId":79,"yards":0}],"00-0025396":[{"sequence":2,"clubcode":"SF","playerName":"T.Ginn","statId":10,"yards":16}],"0":[{"sequence":1,"clubcode":"SF","playerName":"","statId":3,"yards":0}]}},"2228":{"sp":0,"qtr":3,"down":1,"time":"11:52","yrdln":"SF 34","ydstogo":10,"ydsnet":36,"posteam":"SF","desc":"(11:52) D.Walker left end pushed ob at SF 48 for 14 yards (J.Gordy).","note":null,"players":{"00-0027503":[{"sequence":3,"clubcode":"STL","playerName":"J.Gordy","statId":79,"yards":0}],"0":[{"sequence":1,"clubcode":"SF","playerName":"","statId":3,"yards":0}],"00-0024389":[{"sequence":2,"clubcode":"SF","playerName":"D.Walker","statId":10,"yards":14}]}},"2249":{"sp":1,"qtr":3,"down":1,"time":"11:22","yrdln":"SF 48","ydstogo":10,"ydsnet":88,"posteam":"SF","desc":"(11:22) Alex Smith pass deep right to M.Crabtree for 52 yards, TOUCHDOWN. Caught at STL 9.  9-yds YAC","note":"TD","players":{"00-0023436":[{"sequence":2,"clubcode":"SF","playerName":"Alex Smith","statId":16,"yards":52},{"sequence":3,"clubcode":"SF","playerName":"Alex Smith","statId":111,"yards":43}],"0":[{"sequence":1,"clubcode":"SF","playerName":"","statId":4,"yards":0}],"00-0026986":[{"sequence":4,"clubcode":"SF","playerName":"M.Crabtree","statId":22,"yards":52},{"sequence":5,"clubcode":"SF","playerName":"M.Crabtree","statId":115,"yards":0},{"sequence":6,"clubcode":"SF","playerName":"M.Crabtree","statId":113,"yards":9}]}},"2269":{"sp":1,"qtr":3,"down":0,"time":"11:14","yrdln":"STL 2","ydstogo":0,"ydsnet":36,"posteam":"SF","desc":"D.Akers extra point is GOOD, Center-B.Jennings, Holder-A.Lee.","note":"XP","players":{"00-0000108":[{"sequence":1,"clubcode":"SF","playerName":"D.Akers","statId":72,"yards":0}]}}},"fds":3,"result":"Touchdown","penyds":0,"ydsgained":88,"numplays":5,"postime":"1:46","start":{"qtr":3,"time":"13:00","yrdln":"SF 12","team":"SF"},"end":{"qtr":3,"time":"11:14","yrdln":"SF 48","team":"SF"}},"14":{"posteam":"STL","qtr":3,"redzone":true,"plays":{"2289":{"sp":0,"qtr":3,"down":0,"time":"11:14","yrdln":"SF 35","ydstogo":0,"ydsnet":0,"posteam":"SF","desc":"D.Akers kicks 62 yards from SF 35 to STL 3. N.Miller to STL 23 for 20 yards (C.Jones).","note":"KICKOFF","players":{"00-0026536":[{"sequence":2,"clubcode":"STL","playerName":"N.Miller","statId":45,"yards":20}],"00-0000108":[{"sequence":1,"clubcode":"SF","playerName":"D.Akers","statId":41,"yards":62}],"00-0028128":[{"sequence":3,"clubcode":"SF","playerName":"C.Jones","statId":79,"yards":0}]}},"2318":{"sp":0,"qtr":3,"down":1,"time":"11:08","yrdln":"STL 23","ydstogo":10,"ydsnet":3,"posteam":"STL","desc":"(11:08) S.Jackson left tackle to STL 26 for 3 yards (T.Brown).","note":null,"players":{"00-0022736":[{"sequence":1,"clubcode":"STL","playerName":"S.Jackson","statId":10,"yards":3}],"00-0025534":[{"sequence":2,"clubcode":"SF","playerName":"T.Brown","statId":79,"yards":0}]}},"2339":{"sp":0,"qtr":3,"down":2,"time":"10:33","yrdln":"STL 26","ydstogo":7,"ydsnet":2,"posteam":"STL","desc":"(10:33) S.Jackson right guard to STL 25 for -1 yards (R.McDonald).","note":null,"players":{"0":[{"sequence":2,"clubcode":"STL","playerName":"","statId":95,"yards":-1}],"00-0025484":[{"sequence":3,"clubcode":"SF","playerName":"R.McDonald","statId":79,"yards":0},{"sequence":4,"clubcode":"SF","playerName":"R.McDonald","statId":120,"yards":0}],"00-0022736":[{"sequence":1,"clubcode":"STL","playerName":"S.Jackson","statId":10,"yards":-1}]}},"2360":{"sp":0,"qtr":3,"down":3,"time":"09:56","yrdln":"STL 25","ydstogo":8,"ydsnet":2,"posteam":"STL","desc":"(9:56) (Shotgun) A.Feeley pass incomplete short left to A.Pettis (C.Rogers).","note":null,"players":{"00-0020305":[{"sequence":2,"clubcode":"STL","playerName":"A.Feeley","statId":14,"yards":0},{"sequence":5,"clubcode":"STL","playerName":"A.Feeley","statId":112,"yards":-1}],"00-0023444":[{"sequence":4,"clubcode":"SF","playerName":"C.Rogers","statId":85,"yards":0}],"0":[{"sequence":1,"clubcode":"STL","playerName":"","statId":7,"yards":0}],"00-0028016":[{"sequence":3,"clubcode":"STL","playerName":"A.Pettis","statId":115,"yards":0}]}},"2382":{"sp":0,"qtr":3,"down":4,"time":"09:52","yrdln":"STL 25","ydstogo":8,"ydsnet":2,"posteam":"STL","desc":"(9:52) D.Jones punts 45 yards to SF 30, Center-J.McQuaide. T.Ginn pushed ob at SF 37 for 7 yards (C.Dahl). STL-E.Sims was injured during the play. His return is Questionable.","note":"PUNT","players":{"00-0024796":[{"sequence":3,"clubcode":"STL","playerName":"C.Dahl","statId":79,"yards":0}],"00-0025396":[{"sequence":2,"clubcode":"SF","playerName":"T.Ginn","statId":33,"yards":7}],"00-0022684":[{"sequence":1,"clubcode":"STL","playerName":"D.Jones","statId":29,"yards":45}]}}},"fds":0,"result":"Punt","penyds":0,"ydsgained":2,"numplays":5,"postime":"1:31","start":{"qtr":3,"time":"11:14","yrdln":"STL 23","team":"STL"},"end":{"qtr":3,"time":"09:43","yrdln":"STL 25","team":"STL"}},"15":{"posteam":"SF","qtr":3,"redzone":true,"plays":{"2410":{"sp":0,"qtr":3,"down":1,"time":"09:43","yrdln":"SF 37","ydstogo":10,"ydsnet":16,"posteam":"SF","desc":"(9:43) Alex Smith pass short left to T.Ginn ran ob at STL 37 for 26 yards. PENALTY on SF-K.Williams, Illegal Block Above the Waist, 10 yards, enforced at STL 37. Caught at SF 49.  14-yds YAC","note":"PENALTY","players":{"00-0025396":[{"sequence":4,"clubcode":"SF","playerName":"T.Ginn","statId":21,"yards":26},{"sequence":5,"clubcode":"SF","playerName":"T.Ginn","statId":115,"yards":0},{"sequence":6,"clubcode":"SF","playerName":"T.Ginn","statId":113,"yards":14}],"00-0023436":[{"sequence":2,"clubcode":"SF","playerName":"Alex Smith","statId":15,"yards":26},{"sequence":3,"clubcode":"SF","playerName":"Alex Smith","statId":111,"yards":12}],"0":[{"sequence":1,"clubcode":"SF","playerName":"","statId":4,"yards":0}],"00-0027608":[{"sequence":7,"clubcode":"SF","playerName":"K.Williams","statId":93,"yards":10}]}},"2445":{"sp":0,"qtr":3,"down":1,"time":"09:11","yrdln":"STL 47","ydstogo":10,"ydsnet":21,"posteam":"SF","desc":"(9:11) F.Gore left end to STL 42 for 5 yards (J.Laurinaitis).","note":null,"players":{"00-0023500":[{"sequence":1,"clubcode":"SF","playerName":"F.Gore","statId":10,"yards":5}],"00-0027011":[{"sequence":2,"clubcode":"STL","playerName":"J.Laurinaitis","statId":79,"yards":0}]}},"2470":{"sp":0,"qtr":3,"down":2,"time":"08:30","yrdln":"STL 42","ydstogo":5,"ydsnet":46,"posteam":"SF","desc":"(8:30) K.Williams right end to STL 17 for 25 yards (C.Chamberlain).","note":null,"players":{"00-0026368":[{"sequence":3,"clubcode":"STL","playerName":"C.Chamberlain","statId":79,"yards":0}],"0":[{"sequence":1,"clubcode":"SF","playerName":"","statId":3,"yards":0}],"00-0027608":[{"sequence":2,"clubcode":"SF","playerName":"K.Williams","statId":10,"yards":25}]}},"2491":{"sp":0,"qtr":3,"down":1,"time":"07:39","yrdln":"STL 17","ydstogo":10,"ydsnet":53,"posteam":"SF","desc":"(7:39) A.Boone and C.Rachal reported in as eligible.  F.Gore left tackle to STL 10 for 7 yards (J.Gordy).","note":null,"players":{"00-0027503":[{"sequence":2,"clubcode":"STL","playerName":"J.Gordy","statId":79,"yards":0}],"00-0023500":[{"sequence":1,"clubcode":"SF","playerName":"F.Gore","statId":10,"yards":7}]}},"2516":{"sp":0,"qtr":3,"down":2,"time":"06:59","yrdln":"STL 10","ydstogo":3,"ydsnet":54,"posteam":"SF","desc":"(6:59) F.Gore left guard to STL 9 for 1 yard (Q.Mikell).","note":null,"players":{"00-0021512":[{"sequence":2,"clubcode":"STL","playerName":"Q.Mikell","statId":79,"yards":0}],"00-0023500":[{"sequence":1,"clubcode":"SF","playerName":"F.Gore","statId":10,"yards":1}]}},"2537":{"sp":0,"qtr":3,"down":3,"time":"06:27","yrdln":"STL 9","ydstogo":2,"ydsnet":47,"posteam":"SF","desc":"(6:27) K.Hunter left end to STL 16 for -7 yards (J.Hall).","note":null,"players":{"0":[{"sequence":1,"clubcode":"SF","playerName":"","statId":7,"yards":0},{"sequence":3,"clubcode":"SF","playerName":"","statId":95,"yards":-7}],"00-0019387":[{"sequence":4,"clubcode":"STL","playerName":"J.Hall","statId":79,"yards":0},{"sequence":5,"clubcode":"STL","playerName":"J.Hall","statId":120,"yards":0}],"00-0028053":[{"sequence":2,"clubcode":"SF","playerName":"K.Hunter","statId":10,"yards":-7}]}},"2558":{"sp":1,"qtr":3,"down":4,"time":"05:45","yrdln":"STL 16","ydstogo":9,"ydsnet":47,"posteam":"SF","desc":"(5:45) D.Akers 34 yard field goal is GOOD, Center-B.Jennings, Holder-A.Lee.","note":"FG","players":{"00-0000108":[{"sequence":1,"clubcode":"SF","playerName":"D.Akers","statId":70,"yards":34}]}}},"fds":2,"result":"Field Goal","penyds":-10,"ydsgained":57,"numplays":7,"postime":"4:02","start":{"qtr":3,"time":"09:43","yrdln":"SF 37","team":"SF"},"end":{"qtr":3,"time":"05:41","yrdln":"STL 16","team":"SF"}},"16":{"posteam":"STL","qtr":3,"redzone":true,"plays":{"2577":{"sp":0,"qtr":3,"down":0,"time":"05:41","yrdln":"SF 35","ydstogo":0,"ydsnet":0,"posteam":"SF","desc":"D.Akers kicks 71 yards from SF 35 to STL -6. N.Miller, Touchback.","note":"KICKOFF","players":{"00-0000108":[{"sequence":1,"clubcode":"SF","playerName":"D.Akers","statId":44,"yards":65}],"0":[{"sequence":2,"clubcode":"STL","playerName":"","statId":51,"yards":0}]}},"2595":{"sp":0,"qtr":3,"down":1,"time":"05:41","yrdln":"STL 20","ydstogo":10,"ydsnet":0,"posteam":"STL","desc":"(5:41) A.Feeley pass incomplete short left to B.Gibson.","note":null,"players":{"00-0020305":[{"sequence":1,"clubcode":"STL","playerName":"A.Feeley","statId":14,"yards":0},{"sequence":3,"clubcode":"STL","playerName":"A.Feeley","statId":112,"yards":11}],"00-0026937":[{"sequence":2,"clubcode":"STL","playerName":"B.Gibson","statId":115,"yards":0}]}},"2617":{"sp":0,"qtr":3,"down":2,"time":"05:36","yrdln":"STL 20","ydstogo":10,"ydsnet":6,"posteam":"STL","desc":"(5:36) A.Feeley pass short left to B.Gibson to STL 26 for 6 yards (T.Brown). SF-T.Brown was injured during the play.  Caught at SF 25.  1-yd YAC","note":null,"players":{"00-0020305":[{"sequence":1,"clubcode":"STL","playerName":"A.Feeley","statId":15,"yards":6},{"sequence":2,"clubcode":"STL","playerName":"A.Feeley","statId":111,"yards":5}],"00-0025534":[{"sequence":6,"clubcode":"SF","playerName":"T.Brown","statId":79,"yards":0}],"00-0026937":[{"sequence":3,"clubcode":"STL","playerName":"B.Gibson","statId":21,"yards":6},{"sequence":4,"clubcode":"STL","playerName":"B.Gibson","statId":115,"yards":0},{"sequence":5,"clubcode":"STL","playerName":"B.Gibson","statId":113,"yards":1}]}},"2641":{"sp":0,"qtr":3,"down":3,"time":"05:10","yrdln":"STL 26","ydstogo":4,"ydsnet":-1,"posteam":"STL","desc":"(5:10) (Shotgun) A.Feeley sacked at STL 19 for -7 yards (Ald.Smith).","note":null,"players":{"00-0020305":[{"sequence":2,"clubcode":"STL","playerName":"A.Feeley","statId":20,"yards":-7}],"00-0027945":[{"sequence":3,"clubcode":"SF","playerName":"Ald.Smith","statId":83,"yards":-7},{"sequence":4,"clubcode":"SF","playerName":"Ald.Smith","statId":110,"yards":0},{"sequence":5,"clubcode":"SF","playerName":"Ald.Smith","statId":79,"yards":0},{"sequence":6,"clubcode":"SF","playerName":"Ald.Smith","statId":120,"yards":0}],"0":[{"sequence":1,"clubcode":"STL","playerName":"","statId":7,"yards":0}]}},"2668":{"sp":0,"qtr":3,"down":4,"time":"04:41","yrdln":"STL 19","ydstogo":11,"ydsnet":-1,"posteam":"STL","desc":"(4:41) D.Jones punts 49 yards to SF 32, Center-J.McQuaide. T.Ginn pushed ob at SF 33 for 1 yard (J.McQuaide).","note":"PUNT","players":{"00-0025396":[{"sequence":2,"clubcode":"SF","playerName":"T.Ginn","statId":33,"yards":1}],"00-0028394":[{"sequence":3,"clubcode":"STL","playerName":"J.McQuaide","statId":79,"yards":0}],"00-0022684":[{"sequence":1,"clubcode":"STL","playerName":"D.Jones","statId":29,"yards":49}]}}},"fds":0,"result":"Punt","penyds":0,"ydsgained":-1,"numplays":5,"postime":"1:13","start":{"qtr":3,"time":"05:41","yrdln":"STL 20","team":"STL"},"end":{"qtr":3,"time":"04:28","yrdln":"STL 19","team":"STL"}},"17":{"posteam":"SF","qtr":3,"redzone":true,"plays":{"2693":{"sp":0,"qtr":3,"down":1,"time":"04:28","yrdln":"SF 33","ydstogo":10,"ydsnet":3,"posteam":"SF","desc":"(4:28) F.Gore up the middle to SF 36 for 3 yards (J.Laurinaitis).","note":null,"players":{"00-0023500":[{"sequence":1,"clubcode":"SF","playerName":"F.Gore","statId":10,"yards":3}],"00-0027011":[{"sequence":2,"clubcode":"STL","playerName":"J.Laurinaitis","statId":79,"yards":0}]}},"2714":{"sp":0,"qtr":3,"down":2,"time":"03:54","yrdln":"SF 36","ydstogo":7,"ydsnet":6,"posteam":"SF","desc":"(3:54) F.Gore left end to SF 39 for 3 yards (C.Dahl).","note":null,"players":{"00-0024796":[{"sequence":2,"clubcode":"STL","playerName":"C.Dahl","statId":79,"yards":0}],"00-0023500":[{"sequence":1,"clubcode":"SF","playerName":"F.Gore","statId":10,"yards":3}]}},"2735":{"sp":0,"qtr":3,"down":3,"time":"03:09","yrdln":"SF 39","ydstogo":4,"ydsnet":18,"posteam":"SF","desc":"(3:09) (Shotgun) Alex Smith pass short right to T.Ginn to STL 49 for 12 yards (C.Dahl).","note":null,"players":{"00-0024796":[{"sequence":8,"clubcode":"STL","playerName":"C.Dahl","statId":79,"yards":0}],"00-0025396":[{"sequence":5,"clubcode":"SF","playerName":"T.Ginn","statId":21,"yards":12},{"sequence":6,"clubcode":"SF","playerName":"T.Ginn","statId":115,"yards":0},{"sequence":7,"clubcode":"SF","playerName":"T.Ginn","statId":113,"yards":0}],"00-0023436":[{"sequence":3,"clubcode":"SF","playerName":"Alex Smith","statId":15,"yards":12},{"sequence":4,"clubcode":"SF","playerName":"Alex Smith","statId":111,"yards":12}],"0":[{"sequence":1,"clubcode":"SF","playerName":"","statId":4,"yards":0},{"sequence":2,"clubcode":"SF","playerName":"","statId":6,"yards":0}]}},"2759":{"sp":0,"qtr":3,"down":1,"time":"02:23","yrdln":"STL 49","ydstogo":10,"ydsnet":18,"posteam":"SF","desc":"(2:23) Alex Smith pass incomplete deep right to V.Davis.","note":null,"players":{"00-0023436":[{"sequence":1,"clubcode":"SF","playerName":"Alex Smith","statId":14,"yards":0},{"sequence":3,"clubcode":"SF","playerName":"Alex Smith","statId":112,"yards":38}],"00-0024221":[{"sequence":2,"clubcode":"SF","playerName":"V.Davis","statId":115,"yards":0}]}},"2781":{"sp":0,"qtr":3,"down":2,"time":"02:17","yrdln":"STL 49","ydstogo":10,"ydsnet":19,"posteam":"SF","desc":"(2:17) F.Gore left guard to STL 48 for 1 yard (J.Bannan).","note":null,"players":{"00-0023500":[{"sequence":1,"clubcode":"SF","playerName":"F.Gore","statId":10,"yards":1}],"00-0021092":[{"sequence":2,"clubcode":"STL","playerName":"J.Bannan","statId":79,"yards":0}]}},"2802":{"sp":0,"qtr":3,"down":3,"time":"01:32","yrdln":"STL 48","ydstogo":9,"ydsnet":14,"posteam":"SF","desc":"(1:32) (Shotgun) Alex Smith sacked at SF 47 for -5 yards (J.Hall).","note":null,"players":{"00-0023436":[{"sequence":2,"clubcode":"SF","playerName":"Alex Smith","statId":20,"yards":-5}],"0":[{"sequence":1,"clubcode":"SF","playerName":"","statId":7,"yards":0}],"00-0019387":[{"sequence":3,"clubcode":"STL","playerName":"J.Hall","statId":83,"yards":-5},{"sequence":4,"clubcode":"STL","playerName":"J.Hall","statId":110,"yards":0},{"sequence":5,"clubcode":"STL","playerName":"J.Hall","statId":79,"yards":0},{"sequence":6,"clubcode":"STL","playerName":"J.Hall","statId":120,"yards":0}]}},"2821":{"sp":0,"qtr":3,"down":4,"time":"00:57","yrdln":"SF 47","ydstogo":14,"ydsnet":14,"posteam":"SF","desc":"(:57) A.Lee punts 35 yards to STL 18, Center-B.Jennings, fair catch by N.Miller.","note":"PUNT","players":{"00-0026536":[{"sequence":3,"clubcode":"STL","playerName":"N.Miller","statId":39,"yards":0}],"00-0022824":[{"sequence":1,"clubcode":"SF","playerName":"A.Lee","statId":29,"yards":35},{"sequence":2,"clubcode":"SF","playerName":"A.Lee","statId":30,"yards":0}]}}},"fds":1,"result":"Punt","penyds":0,"ydsgained":14,"numplays":7,"postime":"3:38","start":{"qtr":3,"time":"04:28","yrdln":"SF 33","team":"SF"},"end":{"qtr":3,"time":"00:50","yrdln":"SF 47","team":"SF"}},"18":{"posteam":"STL","qtr":4,"redzone":true,"plays":{"2840":{"sp":0,"qtr":3,"down":1,"time":"00:50","yrdln":"STL 18","ydstogo":10,"ydsnet":9,"posteam":"STL","desc":"(:50) S.Jackson left end to STL 27 for 9 yards (D.Goldson).","note":null,"players":{"00-0025513":[{"sequence":2,"clubcode":"SF","playerName":"D.Goldson","statId":79,"yards":0}],"00-0022736":[{"sequence":1,"clubcode":"STL","playerName":"S.Jackson","statId":10,"yards":9}]}},"2861":{"sp":0,"qtr":3,"down":2,"time":"00:13","yrdln":"STL 27","ydstogo":1,"ydsnet":9,"posteam":"STL","desc":"(:13) S.Jackson right guard to STL 27 for no gain (L.Grant).","note":null,"players":{"00-0026354":[{"sequence":2,"clubcode":"SF","playerName":"L.Grant","statId":79,"yards":0}],"00-0022736":[{"sequence":1,"clubcode":"STL","playerName":"S.Jackson","statId":10,"yards":0}]}},"2882":{"sp":0,"qtr":3,"down":0,"time":"","yrdln":"","ydstogo":0,"ydsnet":9,"posteam":"","desc":"END QUARTER 3","note":null,"players":{}},"2898":{"sp":0,"qtr":4,"down":3,"time":"15:00","yrdln":"STL 27","ydstogo":1,"ydsnet":8,"posteam":"STL","desc":"(15:00) B.Miller up the middle to STL 26 for -1 yards (N.Bowman). STL-J.Bell was injured during the play. His return is Doubtful.","note":null,"players":{"00-0027894":[{"sequence":4,"clubcode":"SF","playerName":"N.Bowman","statId":79,"yards":0},{"sequence":5,"clubcode":"SF","playerName":"N.Bowman","statId":120,"yards":0}],"00-0026712":[{"sequence":2,"clubcode":"STL","playerName":"B.Miller","statId":10,"yards":-1}],"0":[{"sequence":1,"clubcode":"STL","playerName":"","statId":7,"yards":0},{"sequence":3,"clubcode":"STL","playerName":"","statId":95,"yards":-1}]}},"2922":{"sp":0,"qtr":4,"down":4,"time":"14:34","yrdln":"STL 26","ydstogo":2,"ydsnet":8,"posteam":"STL","desc":"(14:34) D.Jones punts 45 yards to SF 29, Center-J.McQuaide. T.Ginn to SF 40 for 11 yards (E.Sims).","note":"PUNT","players":{"00-0027787":[{"sequence":3,"clubcode":"STL","playerName":"E.Sims","statId":79,"yards":0}],"00-0025396":[{"sequence":2,"clubcode":"SF","playerName":"T.Ginn","statId":33,"yards":11}],"00-0022684":[{"sequence":1,"clubcode":"STL","playerName":"D.Jones","statId":29,"yards":45}]}}},"fds":0,"result":"Punt","penyds":0,"ydsgained":8,"numplays":5,"postime":"1:28","start":{"qtr":3,"time":"00:50","yrdln":"STL 18","team":"STL"},"end":{"qtr":3,"time":"14:22","yrdln":"STL 26","team":"STL"}},"19":{"posteam":"SF","qtr":4,"redzone":true,"plays":{"2947":{"sp":0,"qtr":4,"down":1,"time":"14:22","yrdln":"SF 40","ydstogo":10,"ydsnet":1,"posteam":"SF","desc":"(14:22) F.Gore left end to SF 41 for 1 yard (C.Chamberlain).","note":null,"players":{"00-0026368":[{"sequence":2,"clubcode":"STL","playerName":"C.Chamberlain","statId":79,"yards":0}],"00-0023500":[{"sequence":1,"clubcode":"SF","playerName":"F.Gore","statId":10,"yards":1}]}},"2968":{"sp":0,"qtr":4,"down":2,"time":"13:42","yrdln":"SF 41","ydstogo":9,"ydsnet":4,"posteam":"SF","desc":"(13:42) K.Hunter left tackle to SF 44 for 3 yards (J.Laurinaitis).","note":null,"players":{"00-0028053":[{"sequence":1,"clubcode":"SF","playerName":"K.Hunter","statId":10,"yards":3}],"00-0027011":[{"sequence":2,"clubcode":"STL","playerName":"J.Laurinaitis","statId":79,"yards":0}]}},"2989":{"sp":0,"qtr":4,"down":0,"time":"12:51","yrdln":"","ydstogo":0,"ydsnet":4,"posteam":"","desc":"Timeout #1 by SF at 12:51.","note":"TIMEOUT","players":{"0":[{"sequence":1,"clubcode":"SF","playerName":"","statId":68,"yards":0}]}},"3017":{"sp":1,"qtr":4,"down":3,"time":"12:51","yrdln":"SF 44","ydstogo":6,"ydsnet":60,"posteam":"SF","desc":"(12:51) (Shotgun) Alex Smith pass short left to K.Williams for 56 yards, TOUCHDOWN. Caught at STL 48.  48-yds YAC","note":"TD","players":{"00-0023436":[{"sequence":3,"clubcode":"SF","playerName":"Alex Smith","statId":16,"yards":56},{"sequence":4,"clubcode":"SF","playerName":"Alex Smith","statId":111,"yards":8}],"0":[{"sequence":1,"clubcode":"SF","playerName":"","statId":4,"yards":0},{"sequence":2,"clubcode":"SF","playerName":"","statId":6,"yards":0}],"00-0027608":[{"sequence":5,"clubcode":"SF","playerName":"K.Williams","statId":22,"yards":56},{"sequence":6,"clubcode":"SF","playerName":"K.Williams","statId":115,"yards":0},{"sequence":7,"clubcode":"SF","playerName":"K.Williams","statId":113,"yards":48}]}},"3041":{"sp":1,"qtr":4,"down":0,"time":"12:42","yrdln":"STL 2","ydstogo":0,"ydsnet":60,"posteam":"SF","desc":"D.Akers extra point is GOOD, Center-B.Jennings, Holder-A.Lee.","note":"XP","players":{"00-0000108":[{"sequence":1,"clubcode":"SF","playerName":"D.Akers","statId":72,"yards":0}]}}},"fds":1,"result":"Touchdown","penyds":0,"ydsgained":60,"numplays":5,"postime":"1:40","start":{"qtr":4,"time":"14:22","yrdln":"SF 40","team":"SF"},"end":{"qtr":4,"time":"12:42","yrdln":"SF 44","team":"SF"}},"20":{"posteam":"STL","qtr":4,"redzone":true,"plays":{"3057":{"sp":0,"qtr":4,"down":0,"time":"12:42","yrdln":"SF 35","ydstogo":0,"ydsnet":0,"posteam":"SF","desc":"D.Akers kicks 67 yards from SF 35 to STL -2. N.Miller to STL 21 for 23 yards (T.Gooden).","note":"KICKOFF","players":{"00-0026211":[{"sequence":3,"clubcode":"SF","playerName":"T.Gooden","statId":79,"yards":0}],"00-0026536":[{"sequence":2,"clubcode":"STL","playerName":"N.Miller","statId":45,"yards":23}],"00-0000108":[{"sequence":1,"clubcode":"SF","playerName":"D.Akers","statId":43,"yards":67}]}},"3079":{"sp":0,"qtr":4,"down":1,"time":"12:35","yrdln":"STL 21","ydstogo":10,"ydsnet":2,"posteam":"STL","desc":"(12:35) J.Norwood left tackle to STL 23 for 2 yards (J.Smith).","note":null,"players":{"00-0024294":[{"sequence":1,"clubcode":"STL","playerName":"J.Norwood","statId":10,"yards":2}],"00-0020535":[{"sequence":2,"clubcode":"SF","playerName":"J.Smith","statId":79,"yards":0}]}},"3100":{"sp":0,"qtr":4,"down":2,"time":"12:02","yrdln":"STL 23","ydstogo":8,"ydsnet":1,"posteam":"STL","desc":"(12:02) PENALTY on STL-Jason.Brown, False Start, 5 yards, enforced at STL 23 - No Play.","note":"PENALTY","players":{"00-0023558":[{"sequence":1,"clubcode":"STL","playerName":"Jason.Brown","statId":93,"yards":5}]}},"3123":{"sp":0,"qtr":4,"down":2,"time":"11:42","yrdln":"STL 18","ydstogo":13,"ydsnet":1,"posteam":"STL","desc":"(11:42) A.Feeley pass short right to A.Pettis pushed ob at STL 22 for 4 yards (C.Rogers).","note":null,"players":{"00-0020305":[{"sequence":1,"clubcode":"STL","playerName":"A.Feeley","statId":15,"yards":4},{"sequence":2,"clubcode":"STL","playerName":"A.Feeley","statId":111,"yards":3}],"00-0023444":[{"sequence":6,"clubcode":"SF","playerName":"C.Rogers","statId":79,"yards":0}],"00-0028016":[{"sequence":3,"clubcode":"STL","playerName":"A.Pettis","statId":21,"yards":4},{"sequence":4,"clubcode":"STL","playerName":"A.Pettis","statId":115,"yards":0},{"sequence":5,"clubcode":"STL","playerName":"A.Pettis","statId":113,"yards":1}]}},"3147":{"sp":0,"qtr":4,"down":3,"time":"11:13","yrdln":"STL 22","ydstogo":9,"ydsnet":1,"posteam":"STL","desc":"(11:13) (Shotgun) A.Feeley pass short right to J.Norwood to STL 22 for no gain [A.Brooks]. Penalty on STL-L.Kendricks, Offensive Holding, offsetting, enforced at STL 22 - No Play. Penalty on STL-J.Laurinaitis, Roughing the Passer, offsetting.","note":null,"players":{}},"3183":{"sp":0,"qtr":4,"down":3,"time":"10:51","yrdln":"STL 22","ydstogo":9,"ydsnet":25,"posteam":"STL","desc":"(10:51) (Shotgun) A.Feeley pass short right to D.Alexander to STL 32 for 10 yards (C.Rogers) [Ald.Smith]. PENALTY on SF-L.Grant, Unnecessary Roughness, 15 yards, enforced at STL 32. Caught at STL 27.  5-yds YAC","note":"PENALTY","players":{"00-0026354":[{"sequence":11,"clubcode":"SF","playerName":"L.Grant","statId":93,"yards":15}],"00-0020305":[{"sequence":4,"clubcode":"STL","playerName":"A.Feeley","statId":15,"yards":10},{"sequence":5,"clubcode":"STL","playerName":"A.Feeley","statId":111,"yards":5}],"00-0027945":[{"sequence":9,"clubcode":"SF","playerName":"Ald.Smith","statId":110,"yards":0}],"00-0023444":[{"sequence":10,"clubcode":"SF","playerName":"C.Rogers","statId":79,"yards":0}],"0":[{"sequence":1,"clubcode":"STL","playerName":"","statId":4,"yards":0},{"sequence":2,"clubcode":"STL","playerName":"","statId":6,"yards":0},{"sequence":3,"clubcode":"STL","playerName":"","statId":5,"yards":0}],"00-0027912":[{"sequence":6,"clubcode":"STL","playerName":"D.Alexander","statId":21,"yards":10},{"sequence":7,"clubcode":"STL","playerName":"D.Alexander","statId":115,"yards":0},{"sequence":8,"clubcode":"STL","playerName":"D.Alexander","statId":113,"yards":5}]}},"3219":{"sp":0,"qtr":4,"down":1,"time":"10:24","yrdln":"STL 47","ydstogo":10,"ydsnet":25,"posteam":"STL","desc":"(10:24) J.Norwood right end to STL 46 for -1 yards (J.Smith).","note":null,"players":{"00-0024294":[{"sequence":1,"clubcode":"STL","playerName":"J.Norwood","statId":10,"yards":-1}],"00-0020535":[{"sequence":3,"clubcode":"SF","playerName":"J.Smith","statId":79,"yards":0},{"sequence":4,"clubcode":"SF","playerName":"J.Smith","statId":120,"yards":0}],"0":[{"sequence":2,"clubcode":"STL","playerName":"","statId":95,"yards":-1}]}},"3244":{"sp":0,"qtr":4,"down":2,"time":"09:51","yrdln":"STL 46","ydstogo":11,"ydsnet":25,"posteam":"STL","desc":"(9:51) A.Feeley pass incomplete short right to B.Gibson (C.Rogers).","note":null,"players":{"00-0020305":[{"sequence":1,"clubcode":"STL","playerName":"A.Feeley","statId":14,"yards":0},{"sequence":4,"clubcode":"STL","playerName":"A.Feeley","statId":112,"yards":0}],"00-0023444":[{"sequence":3,"clubcode":"SF","playerName":"C.Rogers","statId":85,"yards":0}],"00-0026937":[{"sequence":2,"clubcode":"STL","playerName":"B.Gibson","statId":115,"yards":0}]}},"3266":{"sp":0,"qtr":4,"down":3,"time":"09:44","yrdln":"STL 46","ydstogo":11,"ydsnet":39,"posteam":"STL","desc":"(9:44) (Shotgun) A.Feeley pass short middle to B.Gibson to SF 40 for 14 yards (C.Culliver). Caught at SF 41.  1-yd YAC","note":null,"players":{"00-0020305":[{"sequence":3,"clubcode":"STL","playerName":"A.Feeley","statId":15,"yards":14},{"sequence":4,"clubcode":"STL","playerName":"A.Feeley","statId":111,"yards":13}],"00-0028018":[{"sequence":8,"clubcode":"SF","playerName":"C.Culliver","statId":79,"yards":0}],"0":[{"sequence":1,"clubcode":"STL","playerName":"","statId":4,"yards":0},{"sequence":2,"clubcode":"STL","playerName":"","statId":6,"yards":0}],"00-0026937":[{"sequence":5,"clubcode":"STL","playerName":"B.Gibson","statId":21,"yards":14},{"sequence":6,"clubcode":"STL","playerName":"B.Gibson","statId":115,"yards":0},{"sequence":7,"clubcode":"STL","playerName":"B.Gibson","statId":113,"yards":1}]}},"3291":{"sp":0,"qtr":4,"down":1,"time":"09:05","yrdln":"SF 40","ydstogo":10,"ydsnet":39,"posteam":"STL","desc":"(9:05) A.Feeley pass incomplete deep middle to D.Alexander (D.Whitner).","note":null,"players":{"00-0020305":[{"sequence":1,"clubcode":"STL","playerName":"A.Feeley","statId":14,"yards":0},{"sequence":4,"clubcode":"STL","playerName":"A.Feeley","statId":112,"yards":35}],"00-0027912":[{"sequence":2,"clubcode":"STL","playerName":"D.Alexander","statId":115,"yards":0}],"00-0024223":[{"sequence":3,"clubcode":"SF","playerName":"D.Whitner","statId":85,"yards":0}]}},"3317":{"sp":0,"qtr":4,"down":2,"time":"08:55","yrdln":"SF 40","ydstogo":10,"ydsnet":43,"posteam":"STL","desc":"(8:55) J.Norwood right end to SF 36 for 4 yards (C.Rogers).","note":null,"players":{"00-0024294":[{"sequence":1,"clubcode":"STL","playerName":"J.Norwood","statId":10,"yards":4}],"00-0023444":[{"sequence":2,"clubcode":"SF","playerName":"C.Rogers","statId":79,"yards":0}]}},"3338":{"sp":0,"qtr":4,"down":3,"time":"08:15","yrdln":"SF 36","ydstogo":6,"ydsnet":37,"posteam":"STL","desc":"(8:15) (Shotgun) A.Pettis right end to SF 42 for -6 yards (N.Bowman).","note":null,"players":{"00-0027894":[{"sequence":4,"clubcode":"SF","playerName":"N.Bowman","statId":79,"yards":0},{"sequence":5,"clubcode":"SF","playerName":"N.Bowman","statId":120,"yards":0}],"0":[{"sequence":1,"clubcode":"STL","playerName":"","statId":7,"yards":0},{"sequence":3,"clubcode":"STL","playerName":"","statId":95,"yards":-6}],"00-0028016":[{"sequence":2,"clubcode":"STL","playerName":"A.Pettis","statId":10,"yards":-6}]}},"3359":{"sp":0,"qtr":4,"down":4,"time":"07:25","yrdln":"SF 42","ydstogo":12,"ydsnet":30,"posteam":"STL","desc":"(7:25) (Shotgun) A.Feeley sacked at SF 49 for -7 yards (Ald.Smith).","note":null,"players":{"00-0020305":[{"sequence":2,"clubcode":"STL","playerName":"A.Feeley","statId":20,"yards":-7}],"00-0027945":[{"sequence":3,"clubcode":"SF","playerName":"Ald.Smith","statId":83,"yards":-7},{"sequence":4,"clubcode":"SF","playerName":"Ald.Smith","statId":110,"yards":0},{"sequence":5,"clubcode":"SF","playerName":"Ald.Smith","statId":79,"yards":0},{"sequence":6,"clubcode":"SF","playerName":"Ald.Smith","statId":120,"yards":0}],"0":[{"sequence":1,"clubcode":"STL","playerName":"","statId":9,"yards":0}]}}},"fds":3,"result":"Downs","penyds":10,"ydsgained":20,"numplays":13,"postime":"5:22","start":{"qtr":4,"time":"12:42","yrdln":"STL 21","team":"STL"},"end":{"qtr":4,"time":"07:20","yrdln":"SF 42","team":"STL"}},"21":{"posteam":"SF","qtr":4,"redzone":true,"plays":{"3378":{"sp":0,"qtr":4,"down":1,"time":"07:20","yrdln":"SF 49","ydstogo":10,"ydsnet":2,"posteam":"SF","desc":"(7:20) C.Kaepernick in at QB. K.Hunter right end to STL 49 for 2 yards (R.Hood).","note":null,"players":{"00-0028053":[{"sequence":1,"clubcode":"SF","playerName":"K.Hunter","statId":10,"yards":2}],"00-0021503":[{"sequence":2,"clubcode":"STL","playerName":"R.Hood","statId":79,"yards":0}]}},"3403":{"sp":0,"qtr":4,"down":2,"time":"06:36","yrdln":"STL 49","ydstogo":8,"ydsnet":2,"posteam":"SF","desc":"(6:36) C.Kaepernick pass incomplete short left to J.Peelle.","note":null,"players":{"00-0027974":[{"sequence":1,"clubcode":"SF","playerName":"C.Kaepernick","statId":14,"yards":0},{"sequence":3,"clubcode":"SF","playerName":"C.Kaepernick","statId":112,"yards":11}],"00-0021227":[{"sequence":2,"clubcode":"SF","playerName":"J.Peelle","statId":115,"yards":0}]}},"3425":{"sp":0,"qtr":4,"down":3,"time":"06:30","yrdln":"STL 49","ydstogo":8,"ydsnet":2,"posteam":"SF","desc":"(6:30) C.Kaepernick pass incomplete short left to D.Walker.","note":null,"players":{"0":[{"sequence":1,"clubcode":"SF","playerName":"","statId":7,"yards":0}],"00-0027974":[{"sequence":2,"clubcode":"SF","playerName":"C.Kaepernick","statId":14,"yards":0},{"sequence":4,"clubcode":"SF","playerName":"C.Kaepernick","statId":112,"yards":7}],"00-0024389":[{"sequence":3,"clubcode":"SF","playerName":"D.Walker","statId":115,"yards":0}]}},"3447":{"sp":0,"qtr":4,"down":4,"time":"06:25","yrdln":"STL 49","ydstogo":8,"ydsnet":2,"posteam":"SF","desc":"(6:25) A.Lee punts 37 yards to STL 12, Center-B.Jennings, fair catch by N.Miller.","note":"PUNT","players":{"00-0026536":[{"sequence":3,"clubcode":"STL","playerName":"N.Miller","statId":39,"yards":0}],"00-0022824":[{"sequence":1,"clubcode":"SF","playerName":"A.Lee","statId":29,"yards":37},{"sequence":2,"clubcode":"SF","playerName":"A.Lee","statId":30,"yards":0}]}}},"fds":0,"result":"Punt","penyds":0,"ydsgained":2,"numplays":4,"postime":"1:01","start":{"qtr":4,"time":"07:20","yrdln":"SF 49","team":"SF"},"end":{"qtr":4,"time":"06:19","yrdln":"STL 49","team":"SF"}},"22":{"posteam":"STL","qtr":4,"redzone":true,"plays":{"3466":{"sp":0,"qtr":4,"down":1,"time":"06:19","yrdln":"STL 12","ydstogo":10,"ydsnet":2,"posteam":"STL","desc":"(6:19) J.Norwood right end to STL 14 for 2 yards (P.Haralson).","note":null,"players":{"00-0024354":[{"sequence":2,"clubcode":"SF","playerName":"P.Haralson","statId":79,"yards":0}],"00-0024294":[{"sequence":1,"clubcode":"STL","playerName":"J.Norwood","statId":10,"yards":2}]}},"3487":{"sp":0,"qtr":4,"down":2,"time":"05:42","yrdln":"STL 14","ydstogo":8,"ydsnet":7,"posteam":"STL","desc":"(5:42) J.Norwood right guard to STL 19 for 5 yards (T.Gooden).","note":null,"players":{"00-0026211":[{"sequence":2,"clubcode":"SF","playerName":"T.Gooden","statId":79,"yards":0}],"00-0024294":[{"sequence":1,"clubcode":"STL","playerName":"J.Norwood","statId":10,"yards":5}]}},"3508":{"sp":0,"qtr":4,"down":3,"time":"05:07","yrdln":"STL 19","ydstogo":3,"ydsnet":5,"posteam":"STL","desc":"(5:07) J.Norwood up the middle to STL 17 for -2 yards (L.Grant).","note":null,"players":{"00-0026354":[{"sequence":4,"clubcode":"SF","playerName":"L.Grant","statId":79,"yards":0},{"sequence":5,"clubcode":"SF","playerName":"L.Grant","statId":120,"yards":0}],"00-0024294":[{"sequence":2,"clubcode":"STL","playerName":"J.Norwood","statId":10,"yards":-2}],"0":[{"sequence":1,"clubcode":"STL","playerName":"","statId":7,"yards":0},{"sequence":3,"clubcode":"STL","playerName":"","statId":95,"yards":-2}]}},"3529":{"sp":0,"qtr":4,"down":4,"time":"04:33","yrdln":"STL 17","ydstogo":5,"ydsnet":5,"posteam":"STL","desc":"(4:33) D.Jones punts 35 yards to SF 48, Center-J.McQuaide, fair catch by K.Williams.","note":"PUNT","players":{"00-0022684":[{"sequence":1,"clubcode":"STL","playerName":"D.Jones","statId":29,"yards":35}],"00-0027608":[{"sequence":2,"clubcode":"SF","playerName":"K.Williams","statId":39,"yards":0}]}}},"fds":0,"result":"Punt","penyds":0,"ydsgained":5,"numplays":4,"postime":"1:54","start":{"qtr":4,"time":"06:19","yrdln":"STL 12","team":"STL"},"end":{"qtr":4,"time":"04:25","yrdln":"STL 17","team":"STL"}},"23":{"posteam":"SF","qtr":4,"redzone":true,"plays":{"3548":{"sp":0,"qtr":4,"down":1,"time":"04:25","yrdln":"SF 48","ydstogo":10,"ydsnet":-2,"posteam":"SF","desc":"(4:25) A.Dixon right end to SF 46 for -2 yards (J.Bannan).","note":null,"players":{"00-0027772":[{"sequence":1,"clubcode":"SF","playerName":"A.Dixon","statId":10,"yards":-2}],"0":[{"sequence":2,"clubcode":"SF","playerName":"","statId":95,"yards":-2}],"00-0021092":[{"sequence":3,"clubcode":"STL","playerName":"J.Bannan","statId":79,"yards":0},{"sequence":4,"clubcode":"STL","playerName":"J.Bannan","statId":120,"yards":0}]}},"3569":{"sp":0,"qtr":4,"down":2,"time":"03:48","yrdln":"SF 46","ydstogo":12,"ydsnet":1,"posteam":"SF","desc":"(3:48) A.Dixon left guard to SF 49 for 3 yards (C.Chamberlain).","note":null,"players":{"00-0027772":[{"sequence":1,"clubcode":"SF","playerName":"A.Dixon","statId":10,"yards":3}],"00-0026368":[{"sequence":2,"clubcode":"STL","playerName":"C.Chamberlain","statId":79,"yards":0}]}},"3590":{"sp":0,"qtr":4,"down":3,"time":"03:04","yrdln":"SF 49","ydstogo":9,"ydsnet":2,"posteam":"SF","desc":"(3:04) A.Dixon left end to 50 for 1 yard (J.Laurinaitis, C.Chamberlain).","note":null,"players":{"00-0027772":[{"sequence":2,"clubcode":"SF","playerName":"A.Dixon","statId":10,"yards":1}],"00-0026368":[{"sequence":4,"clubcode":"STL","playerName":"C.Chamberlain","statId":82,"yards":0}],"0":[{"sequence":1,"clubcode":"SF","playerName":"","statId":7,"yards":0}],"00-0027011":[{"sequence":3,"clubcode":"STL","playerName":"J.Laurinaitis","statId":80,"yards":0}]}},"3611":{"sp":0,"qtr":4,"down":4,"time":"02:14","yrdln":"50","ydstogo":8,"ydsnet":-3,"posteam":"SF","desc":"(2:14) (Punt formation) PENALTY on SF-A.Lee, Delay of Game, 5 yards, enforced at 50 - No Play.","note":"PENALTY","players":{"00-0022824":[{"sequence":1,"clubcode":"SF","playerName":"A.Lee","statId":93,"yards":5}]}},"3638":{"sp":0,"qtr":4,"down":4,"time":"02:12","yrdln":"SF 45","ydstogo":13,"ydsnet":-3,"posteam":"SF","desc":"(2:12) A.Lee punts 55 yards to end zone, Center-B.Jennings, Touchback.","note":"PUNT","players":{"0":[{"sequence":2,"clubcode":"STL","playerName":"","statId":40,"yards":0}],"00-0022824":[{"sequence":1,"clubcode":"SF","playerName":"A.Lee","statId":32,"yards":55}]}}},"fds":0,"result":"Punt","penyds":-5,"ydsgained":2,"numplays":5,"postime":"2:21","start":{"qtr":4,"time":"04:25","yrdln":"SF 48","team":"SF"},"end":{"qtr":4,"time":"02:04","yrdln":"SF 45","team":"SF"}},"24":{"posteam":"STL","qtr":4,"redzone":true,"plays":{"3655":{"sp":0,"qtr":4,"down":1,"time":"02:04","yrdln":"STL 20","ydstogo":10,"ydsnet":2,"posteam":"STL","desc":"(2:04) J.Norwood right tackle to STL 22 for 2 yards (I.Sopoaga).","note":null,"players":{"00-0024294":[{"sequence":1,"clubcode":"STL","playerName":"J.Norwood","statId":10,"yards":2}],"00-0022863":[{"sequence":2,"clubcode":"SF","playerName":"I.Sopoaga","statId":79,"yards":0}]}},"3676":{"sp":0,"qtr":4,"down":0,"time":"01:59","yrdln":"","ydstogo":0,"ydsnet":2,"posteam":"","desc":"Two-Minute Warning","note":null,"players":{}},"3694":{"sp":0,"qtr":4,"down":2,"time":"01:59","yrdln":"STL 22","ydstogo":8,"ydsnet":4,"posteam":"STL","desc":"(1:59) J.Norwood left tackle to STL 24 for 2 yards (I.Sopoaga).","note":null,"players":{"00-0024294":[{"sequence":1,"clubcode":"STL","playerName":"J.Norwood","statId":10,"yards":2}],"00-0022863":[{"sequence":2,"clubcode":"SF","playerName":"I.Sopoaga","statId":79,"yards":0}]}},"3717":{"sp":0,"qtr":4,"down":3,"time":"01:19","yrdln":"STL 24","ydstogo":6,"ydsnet":13,"posteam":"STL","desc":"(1:19) A.Feeley pass short left to B.Gibson to STL 33 for 9 yards (T.Brown). Caught at STL 32.  1-yd YAC","note":null,"players":{"00-0020305":[{"sequence":3,"clubcode":"STL","playerName":"A.Feeley","statId":15,"yards":9},{"sequence":4,"clubcode":"STL","playerName":"A.Feeley","statId":111,"yards":8}],"0":[{"sequence":1,"clubcode":"STL","playerName":"","statId":4,"yards":0},{"sequence":2,"clubcode":"STL","playerName":"","statId":6,"yards":0}],"00-0025534":[{"sequence":8,"clubcode":"SF","playerName":"T.Brown","statId":79,"yards":0}],"00-0026937":[{"sequence":5,"clubcode":"STL","playerName":"B.Gibson","statId":21,"yards":9},{"sequence":6,"clubcode":"STL","playerName":"B.Gibson","statId":115,"yards":0},{"sequence":7,"clubcode":"STL","playerName":"B.Gibson","statId":113,"yards":1}]}},"3741":{"sp":0,"qtr":4,"down":1,"time":"00:50","yrdln":"STL 33","ydstogo":10,"ydsnet":16,"posteam":"STL","desc":"(:50) J.Norwood up the middle to STL 36 for 3 yards (D.Whitner, I.Sopoaga).","note":null,"players":{"00-0024294":[{"sequence":1,"clubcode":"STL","playerName":"J.Norwood","statId":10,"yards":3}],"00-0022863":[{"sequence":3,"clubcode":"SF","playerName":"I.Sopoaga","statId":82,"yards":0}],"00-0024223":[{"sequence":2,"clubcode":"SF","playerName":"D.Whitner","statId":80,"yards":0}]}},"3766":{"sp":0,"qtr":4,"down":0,"time":"00:00","yrdln":"","ydstogo":0,"ydsnet":16,"posteam":"","desc":"END GAME","note":null,"players":{}}},"fds":1,"result":"End of Game","penyds":0,"ydsgained":16,"numplays":6,"postime":"2:04","start":{"qtr":4,"time":"02:04","yrdln":"STL 20","team":"STL"},"end":{"qtr":4,"time":"00:00","yrdln":"","team":"STL"}},"crntdrv":24},"scrsummary":{"495":{"type":"FG","desc":"D.Akers 36 yd. Field Goal Drive: 10 plays, 46 yards in 5:42","qtr":1,"team":"SF","players":{"D.Akers":"00-0000108"}},"1093":{"type":"FG","desc":"D.Akers 19 yd. Field Goal Drive: 4 plays, 5 yards in 2:14","qtr":2,"team":"SF","players":{"D.Akers":"00-0000108"}},"1570":{"type":"FG","desc":"D.Akers 28 yd. Field Goal Drive: 10 plays, 55 yards in 3:52","qtr":2,"team":"SF","players":{"D.Akers":"00-0000108"}},"2249":{"type":"TD","desc":"M.Crabtree 52 yd. pass from Alex Smith (D.Akers kick is good) Drive: 4 plays, 88 yards in 1:46","qtr":3,"team":"SF","players":{"":"0","Alex Smith":"00-0023436","M.Crabtree":"00-0026986","D.Akers":"00-0000108"}},"2558":{"type":"FG","desc":"D.Akers 34 yd. Field Goal Drive: 7 plays, 47 yards in 4:02","qtr":3,"team":"SF","players":{"D.Akers":"00-0000108"}},"3017":{"type":"TD","desc":"K.Williams 56 yd. pass from Alex Smith (D.Akers kick is good) Drive: 3 plays, 60 yards in 1:40","qtr":4,"team":"SF","players":{"":"0","Alex Smith":"00-0023436","K.Williams":"00-0027608","D.Akers":"00-0000108"}}},"weather":null,"media":null,"yl":"","qtr":"Final","note":null,"down":0,"togo":0,"redzone":true,"clock":"00:33","posteam":"STL","stadium":null},"nextupdate":277}