{"2011101606":{"home":{"score":{"1":7,"2":7,"3":0,"4":17,"5":0,"T":31},"abbr":"ATL","to":2,"stats":{"passing":{"00-0026143":{"name":"M.Ryan","att":22,"cmp":14,"yds":163,"tds":1,"ints":0,"twopta":0,"twoptm":0}},"rushing":{"00-0022821":{"name":"M.Turner","att":27,"yds":139,"tds":2,"lng":33,"lngtd":2,"twopta":0,"twoptm":0},"00-0025631":{"name":"J.Snelling","att":3,"yds":12,"tds":0,"lng":8,"lngtd":0,"twopta":0,"twoptm":0},"00-0028083":{"name":"J.Rodgers","att":1,"yds":8,"tds":0,"lng":8,"lngtd":0,"twopta":0,"twoptm":0},"00-0026143":{"name":"M.Ryan","att":3,"yds":7,"tds":1,"lng":4,"lngtd":1,"twopta":0,"twoptm":0},"00-0022143":{"name":"O.Mughelli","att":1,"yds":0,"tds":0,"lng":0,"lngtd":0,"twopta":0,"twoptm":0}},"receiving":{"00-0006101":{"name":"T.Gonzalez","rec":3,"yds":29,"tds":0,"lng":13,"lngtd":0,"twopta":0,"twoptm":0},"00-0026224":{"name":"H.Douglas","rec":2,"yds":57,"tds":0,"lng":34,"lngtd":0,"twopta":0,"twoptm":0},"00-0023462":{"name":"R.White","rec":2,"yds":21,"tds":0,"lng":14,"lngtd":0,"twopta":0,"twoptm":0},"00-0022143":{"name":"O.Mughelli","rec":2,"yds":20,"tds":1,"lng":19,"lngtd":1,"twopta":0,"twoptm":0},"00-0022821":{"name":"M.Turner","rec":1,"yds":8,"tds":0,"lng":8,"lngtd":0,"twopta":0,"twoptm":0},"00-0027202":{"name":"M.Palmer","rec":1,"yds":8,"tds":0,"lng":8,"lngtd":0,"twopta":0,"twoptm":0},"00-0009119":{"name":"R.Kelly","rec":1,"yds":7,"tds":0,"lng":7,"lngtd":0,"twopta":0,"twoptm":0},"00-0025631":{"name":"J.Snelling","rec":1,"yds":7,"tds":0,"lng":7,"lngtd":0,"twopta":0,"twoptm":0},"00-0028083":{"name":"J.Rodgers","rec":1,"yds":6,"tds":0,"lng":6,"lngtd":0,"twopta":0,"twoptm":0}},"fumbles":{},"kicking":{"00-0020578":{"name":"M.Bryant","fgm":1,"fga":1,"fgyds":24,"totpfg":3,"xpmade":4,"xpmissed":0,"xpa":4,"xpb":0,"xptot":4}},"punting":{"00-0028130":{"name":"M.Bosher","pts":3,"yds":129,"avg":43,"i20":2,"lng":46}},"kickret":{"00-0024535":{"name":"E.Weems","ret":1,"avg":22,"tds":0,"lng":22,"lngtd":0}},"puntret":{"00-0024535":{"name":"E.Weems","ret":1,"avg":8,"tds":0,"lng":8,"lngtd":0}},"defense":{"00-0026238":{"name":"T.DeCoud","tkl":7,"ast":1,"sk":0,"int":1,"ffum":0},"00-0026177":{"name":"C.Lofton","tkl":3,"ast":4,"sk":0,"int":0,"ffum":0},"00-0027871":{"name":"S.Weatherspoon","tkl":4,"ast":1,"sk":0,"int":0,"ffum":0},"00-0027031":{"name":"W.Moore","tkl":3,"ast":2,"sk":0,"int":0,"ffum":1},"00-0025496":{"name":"S.Nicholas","tkl":3,"ast":1,"sk":1,"int":0,"ffum":1},"00-0024183":{"name":"B.Grimes","tkl":3,"ast":1,"sk":0,"int":1,"ffum":0},"00-0023495":{"name":"K.Hayden","tkl":2,"ast":2,"sk":0,"int":0,"ffum":0},"00-0026942":{"name":"V.Walker","tkl":3,"ast":0,"sk":0,"int":0,"ffum":0},"00-0024342":{"name":"R.Edwards","tkl":2,"ast":1,"sk":1,"int":0,"ffum":0},"00-0022735":{"name":"D.Robinson","tkl":2,"ast":1,"sk":0,"int":0,"ffum":0},"00-0023494":{"name":"J.Babineaux","tkl":1,"ast":2,"sk":0,"int":0,"ffum":0},"00-0019546":{"name":"J.Abraham","tkl":2,"ast":0,"sk":0,"int":0,"ffum":0},"00-0027686":{"name":"C.Peters","tkl":0,"ast":1,"sk":0,"int":1,"ffum":0},"00-0012871":{"name":"M.Peterson","tkl":0,"ast":1,"sk":0,"int":0,"ffum":0}},"team":{"totfd":24,"totyds":325,"pyds":159,"ryds":166,"pen":4,"penyds":57,"trnovr":0,"pt":3,"ptyds":129,"ptavg":43,"top":"30:34"}},"players":null},"away":{"score":{"1":3,"2":7,"3":7,"4":0,"5":0,"T":17},"abbr":"CAR","to":0,"stats":{"passing":{"00-0027939":{"name":"C.Newton","att":35,"cmp":21,"yds":237,"tds":0,"ints":3,"twopta":0,"twoptm":0}},"rushing":{"00-0027939":{"name":"C.Newton","att":6,"yds":50,"tds":1,"lng":14,"lngtd":14,"twopta":0,"twoptm":0},"00-0026153":{"name":"J.Stewart","att":7,"yds":48,"tds":1,"lng":13,"lngtd":1,"twopta":0,"twoptm":0},"00-0024242":{"name":"D.Williams","att":12,"yds":44,"tds":0,"lng":18,"lngtd":0,"twopta":0,"twoptm":0}},"receiving":{"00-0020337":{"name":"S.Smith","rec":5,"yds":66,"tds":0,"lng":24,"lngtd":0,"twopta":0,"twoptm":0},"00-0025418":{"name":"G.Olsen","rec":5,"yds":42,"tds":0,"lng":10,"lngtd":0,"twopta":0,"twoptm":0},"00-0021148":{"name":"J.Shockey","rec":4,"yds":60,"tds":0,"lng":29,"lngtd":0,"twopta":0,"twoptm":0},"00-0026153":{"name":"J.Stewart","rec":3,"yds":24,"tds":0,"lng":12,"lngtd":0,"twopta":0,"twoptm":0},"00-0025559":{"name":"L.Naanee","rec":2,"yds":31,"tds":0,"lng":17,"lngtd":0,"twopta":0,"twoptm":0},"00-0027681":{"name":"B.LaFell","rec":1,"yds":12,"tds":0,"lng":12,"lngtd":0,"twopta":0,"twoptm":0},"00-0024242":{"name":"D.Williams","rec":1,"yds":2,"tds":0,"lng":2,"lngtd":0,"twopta":0,"twoptm":0}},"fumbles":{"00-0021148":{"name":"J.Shockey","tot":1,"rcv":0,"trcv":0,"yds":0,"lost":0},"00-0020337":{"name":"S.Smith","tot":1,"rcv":0,"trcv":0,"yds":0,"lost":0}},"kicking":{"00-0010373":{"name":"O.Mare","fgm":1,"fga":1,"fgyds":42,"totpfg":3,"xpmade":2,"xpmissed":0,"xpa":2,"xpb":0,"xptot":2}},"punting":{"00-0019921":{"name":"J.Baker","pts":2,"yds":81,"avg":37,"i20":0,"lng":41}},"kickret":{"00-0028070":{"name":"K.Pilares","ret":4,"avg":22,"tds":0,"lng":23,"lngtd":0}},"puntret":{"00-0027692":{"name":"A.Edwards","ret":1,"avg":0,"tds":0,"lng":0,"lngtd":0}},"defense":{"00-0024303":{"name":"J.Anderson","tkl":7,"ast":5,"sk":0,"int":0,"ffum":0},"00-0026214":{"name":"D.Connor","tkl":4,"ast":2,"sk":0,"int":0,"ffum":0},"00-0025470":{"name":"C.Johnson","tkl":4,"ast":1,"sk":1,"int":0,"ffum":0},"00-0027035":{"name":"S.Martin","tkl":4,"ast":1,"sk":0,"int":0,"ffum":0},"00-0024734":{"name":"A.Applewhite","tkl":3,"ast":0,"sk":0,"int":0,"ffum":0},"00-0026207":{"name":"C.Godfrey","tkl":3,"ast":0,"sk":0,"int":0,"ffum":0},"00-0027774":{"name":"G.Hardy","tkl":2,"ast":1,"sk":0,"int":0,"ffum":0},"00-0022914":{"name":"C.Gamble","tkl":2,"ast":1,"sk":0,"int":0,"ffum":0},"00-0027043":{"name":"J.Williams","tkl":0,"ast":3,"sk":0,"int":0,"ffum":0},"00-0026944":{"name":"C.Munnerlyn","tkl":2,"ast":0,"sk":0,"int":0,"ffum":0},"00-0027799":{"name":"J.Pugh","tkl":2,"ast":0,"sk":0,"int":0,"ffum":0},"00-0026295":{"name":"T.Williams","tkl":1,"ast":1,"sk":0,"int":0,"ffum":0},"00-0027017":{"name":"D.Butler","tkl":1,"ast":0,"sk":0,"int":0,"ffum":0},"00-0026911":{"name":"J.Phillips","tkl":1,"ast":0,"sk":0,"int":0,"ffum":0},"00-0023571":{"name":"R.Fields","tkl":1,"ast":0,"sk":0,"int":0,"ffum":0},"00-0028096":{"name":"J.Hines","tkl":1,"ast":0,"sk":0,"int":0,"ffum":0},"00-0028003":{"name":"T.McClain","tkl":0,"ast":1,"sk":0,"int":0,"ffum":0}},"team":{"totfd":24,"totyds":368,"pyds":226,"ryds":142,"pen":7,"penyds":85,"trnovr":3,"pt":2,"ptyds":81,"ptavg":37,"top":"29:26"}},"players":null},"drives":{"1":{"posteam":"ATL","qtr":1,"redzone":true,"plays":{"36":{"sp":0,"qtr":1,"down":0,"time":"15:00","yrdln":"CAR 35","ydstogo":0,"ydsnet":0,"posteam":"CAR","desc":"O.Mare kicks 65 yards from CAR 35 to end zone, Touchback.","note":"KICKOFF","players":{"0":[{"sequence":1,"clubcode":"ATL","playerName":null,"statId":51,"yards":0}],"00-0010373":[{"sequence":2,"clubcode":"CAR","playerName":"O.Mare","statId":44,"yards":65}]}},"54":{"sp":0,"qtr":1,"down":1,"time":"15:00","yrdln":"ATL 20","ydstogo":10,"ydsnet":7,"posteam":"ATL","desc":"(15:00) M.Ryan pass short right to R.Kelly to ATL 27 for 7 yards (C.Munnerlyn).","note":null,"players":{"00-0009119":[{"sequence":1,"clubcode":"ATL","playerName":"R.Kelly","statId":115,"yards":0},{"sequence":3,"clubcode":"ATL","playerName":"R.Kelly","statId":21,"yards":7},{"sequence":6,"clubcode":"ATL","playerName":"R.Kelly","statId":113,"yards":5}],"00-0026143":[{"sequence":2,"clubcode":"ATL","playerName":"M.Ryan","statId":15,"yards":7},{"sequence":5,"clubcode":"ATL","playerName":"M.Ryan","statId":111,"yards":2}],"00-0026944":[{"sequence":4,"clubcode":"CAR","playerName":"C.Munnerlyn","statId":79,"yards":0}]}},"78":{"sp":0,"qtr":1,"down":2,"time":"14:27","yrdln":"ATL 27","ydstogo":3,"ydsnet":11,"posteam":"ATL","desc":"(14:27) M.Turner right tackle to ATL 31 for 4 yards (D.Connor; C.Johnson).","note":null,"players":{"00-0022821":[{"sequence":2,"clubcode":"ATL","playerName":"M.Turner","statId":10,"yards":4}],"0":[{"sequence":4,"clubcode":"ATL","playerName":null,"statId":3,"yards":0}],"00-0026214":[{"sequence":3,"clubcode":"CAR","playerName":"D.Connor","statId":82,"yards":0}],"00-0025470":[{"sequence":1,"clubcode":"CAR","playerName":"C.Johnson","statId":82,"yards":0}]}},"99":{"sp":0,"qtr":1,"down":1,"time":"13:50","yrdln":"ATL 31","ydstogo":10,"ydsnet":23,"posteam":"ATL","desc":"(13:50) M.Turner left guard to ATL 43 for 12 yards (S.Martin).","note":null,"players":{"00-0022821":[{"sequence":3,"clubcode":"ATL","playerName":"M.Turner","statId":10,"yards":12}],"0":[{"sequence":1,"clubcode":"ATL","playerName":null,"statId":3,"yards":0}],"00-0027035":[{"sequence":2,"clubcode":"CAR","playerName":"S.Martin","statId":79,"yards":0}]}},"120":{"sp":0,"qtr":1,"down":1,"time":"13:16","yrdln":"ATL 43","ydstogo":10,"ydsnet":28,"posteam":"ATL","desc":"(13:16) M.Ryan pass short right to T.Gonzalez to ATL 48 for 5 yards (J.Anderson).","note":null,"players":{"00-0026143":[{"sequence":2,"clubcode":"ATL","playerName":"M.Ryan","statId":15,"yards":5},{"sequence":4,"clubcode":"ATL","playerName":"M.Ryan","statId":111,"yards":3}],"00-0024303":[{"sequence":6,"clubcode":"CAR","playerName":"J.Anderson","statId":79,"yards":0}],"00-0006101":[{"sequence":1,"clubcode":"ATL","playerName":"T.Gonzalez","statId":115,"yards":0},{"sequence":3,"clubcode":"ATL","playerName":"T.Gonzalez","statId":21,"yards":5},{"sequence":5,"clubcode":"ATL","playerName":"T.Gonzalez","statId":113,"yards":2}]}},"144":{"sp":0,"qtr":1,"down":2,"time":"12:35","yrdln":"ATL 48","ydstogo":5,"ydsnet":30,"posteam":"ATL","desc":"(12:35) J.Snelling right end to 50 for 2 yards (C.Godfrey).","note":null,"players":{"00-0026207":[{"sequence":2,"clubcode":"CAR","playerName":"C.Godfrey","statId":79,"yards":0}],"00-0025631":[{"sequence":1,"clubcode":"ATL","playerName":"J.Snelling","statId":10,"yards":2}]}},"165":{"sp":0,"qtr":1,"down":3,"time":"11:58","yrdln":"50","ydstogo":3,"ydsnet":30,"posteam":"ATL","desc":"(11:58) (Shotgun) M.Ryan pass incomplete short right to R.White [A.Applewhite].","note":null,"players":{"00-0026143":[{"sequence":1,"clubcode":"ATL","playerName":"M.Ryan","statId":112,"yards":10},{"sequence":2,"clubcode":"ATL","playerName":"M.Ryan","statId":14,"yards":0}],"0":[{"sequence":5,"clubcode":"ATL","playerName":null,"statId":7,"yards":0}],"00-0024734":[{"sequence":3,"clubcode":"CAR","playerName":"A.Applewhite","statId":110,"yards":0}],"00-0023462":[{"sequence":4,"clubcode":"ATL","playerName":"R.White","statId":115,"yards":0}]}},"187":{"sp":0,"qtr":1,"down":4,"time":"11:53","yrdln":"50","ydstogo":3,"ydsnet":30,"posteam":"ATL","desc":"(11:53) M.Bosher punts 38 yards to CAR 12, Center-J.Zelenka, fair catch by A.Edwards.","note":"PUNT","players":{"00-0028130":[{"sequence":1,"clubcode":"ATL","playerName":"M.Bosher","statId":29,"yards":38},{"sequence":3,"clubcode":"ATL","playerName":"M.Bosher","statId":30,"yards":0}],"00-0027692":[{"sequence":2,"clubcode":"CAR","playerName":"A.Edwards","statId":39,"yards":0}]}}},"fds":2,"result":"Punt","penyds":0,"ydsgained":30,"numplays":8,"postime":"3:15","start":{"qtr":1,"time":"15:00","yrdln":"ATL 20","team":"ATL"},"end":{"qtr":1,"time":"11:45","yrdln":"50","team":"ATL"}},"2":{"posteam":"CAR","qtr":1,"redzone":true,"plays":{"206":{"sp":0,"qtr":1,"down":1,"time":"11:45","yrdln":"CAR 12","ydstogo":10,"ydsnet":-5,"posteam":"CAR","desc":"(11:45) C.Newton pass short right to D.Williams to CAR 14 for 2 yards (S.Weatherspoon). PENALTY on CAR-G.Hangartner, Offensive Holding, 7 yards, enforced at CAR 14.","note":"PENALTY","players":{"00-0027871":[{"sequence":2,"clubcode":"ATL","playerName":"S.Weatherspoon","statId":79,"yards":0}],"00-0023602":[{"sequence":6,"clubcode":"CAR","playerName":"G.Hangartner","statId":93,"yards":7}],"00-0024242":[{"sequence":4,"clubcode":"CAR","playerName":"D.Williams","statId":113,"yards":5},{"sequence":5,"clubcode":"CAR","playerName":"D.Williams","statId":115,"yards":0},{"sequence":7,"clubcode":"CAR","playerName":"D.Williams","statId":21,"yards":2}],"00-0027939":[{"sequence":1,"clubcode":"CAR","playerName":"C.Newton","statId":111,"yards":-3},{"sequence":3,"clubcode":"CAR","playerName":"C.Newton","statId":15,"yards":2}]}},"241":{"sp":0,"qtr":1,"down":1,"time":"11:18","yrdln":"CAR 7","ydstogo":15,"ydsnet":-3,"posteam":"CAR","desc":"(11:18) D.Williams right end to CAR 9 for 2 yards (C.Lofton; S.Weatherspoon).","note":null,"players":{"00-0026177":[{"sequence":2,"clubcode":"ATL","playerName":"C.Lofton","statId":82,"yards":0}],"00-0027871":[{"sequence":1,"clubcode":"ATL","playerName":"S.Weatherspoon","statId":82,"yards":0}],"00-0024242":[{"sequence":3,"clubcode":"CAR","playerName":"D.Williams","statId":10,"yards":2}]}},"262":{"sp":0,"qtr":1,"down":2,"time":"10:42","yrdln":"CAR 9","ydstogo":13,"ydsnet":14,"posteam":"CAR","desc":"(10:42) C.Newton pass incomplete deep middle to J.Shockey. PENALTY on ATL-W.Moore, Defensive Pass Interference, 17 yards, enforced at CAR 9 - No Play.","note":"PENALTY","players":{"0":[{"sequence":2,"clubcode":"CAR","playerName":null,"statId":5,"yards":0}],"00-0027031":[{"sequence":1,"clubcode":"ATL","playerName":"W.Moore","statId":93,"yards":17}]}},"295":{"sp":0,"qtr":1,"down":1,"time":"10:38","yrdln":"CAR 26","ydstogo":10,"ydsnet":18,"posteam":"CAR","desc":"(10:38) D.Williams right tackle to CAR 30 for 4 yards (R.Edwards).","note":null,"players":{"00-0024342":[{"sequence":1,"clubcode":"ATL","playerName":"R.Edwards","statId":79,"yards":0}],"00-0024242":[{"sequence":2,"clubcode":"CAR","playerName":"D.Williams","statId":10,"yards":4}]}},"316":{"sp":0,"qtr":1,"down":2,"time":"10:02","yrdln":"CAR 30","ydstogo":6,"ydsnet":18,"posteam":"CAR","desc":"(10:02) D.Williams left tackle to CAR 30 for no gain (C.Lofton; J.Babineaux).","note":null,"players":{"00-0026177":[{"sequence":3,"clubcode":"ATL","playerName":"C.Lofton","statId":82,"yards":0}],"00-0023494":[{"sequence":1,"clubcode":"ATL","playerName":"J.Babineaux","statId":82,"yards":0}],"00-0024242":[{"sequence":2,"clubcode":"CAR","playerName":"D.Williams","statId":10,"yards":0}]}},"337":{"sp":0,"qtr":1,"down":3,"time":"09:17","yrdln":"CAR 30","ydstogo":6,"ydsnet":30,"posteam":"CAR","desc":"(9:17) (Shotgun) C.Newton scrambles right end ran ob at CAR 42 for 12 yards (B.Grimes).","note":null,"players":{"0":[{"sequence":2,"clubcode":"CAR","playerName":null,"statId":3,"yards":0},{"sequence":3,"clubcode":"CAR","playerName":null,"statId":6,"yards":0}],"00-0024183":[{"sequence":4,"clubcode":"ATL","playerName":"B.Grimes","statId":79,"yards":0}],"00-0027939":[{"sequence":1,"clubcode":"CAR","playerName":"C.Newton","statId":10,"yards":12}]}},"358":{"sp":0,"qtr":1,"down":1,"time":"08:36","yrdln":"CAR 42","ydstogo":10,"ydsnet":47,"posteam":"CAR","desc":"(8:36) C.Newton pass short left to S.Smith pushed ob at ATL 41 for 17 yards (T.DeCoud).","note":null,"players":{"00-0020337":[{"sequence":1,"clubcode":"CAR","playerName":"S.Smith","statId":115,"yards":0},{"sequence":4,"clubcode":"CAR","playerName":"S.Smith","statId":113,"yards":4},{"sequence":7,"clubcode":"CAR","playerName":"S.Smith","statId":21,"yards":17}],"0":[{"sequence":3,"clubcode":"CAR","playerName":null,"statId":4,"yards":0}],"00-0026238":[{"sequence":6,"clubcode":"ATL","playerName":"T.DeCoud","statId":79,"yards":0}],"00-0027939":[{"sequence":2,"clubcode":"CAR","playerName":"C.Newton","statId":15,"yards":17},{"sequence":5,"clubcode":"CAR","playerName":"C.Newton","statId":111,"yards":13}]}},"382":{"sp":0,"qtr":1,"down":1,"time":"08:02","yrdln":"ATL 41","ydstogo":10,"ydsnet":47,"posteam":"CAR","desc":"(8:02) C.Newton pass incomplete short middle to G.Olsen [K.Biermann].","note":null,"players":{"00-0025418":[{"sequence":3,"clubcode":"CAR","playerName":"G.Olsen","statId":115,"yards":0}],"00-0026294":[{"sequence":1,"clubcode":"ATL","playerName":"K.Biermann","statId":110,"yards":0}],"00-0027939":[{"sequence":2,"clubcode":"CAR","playerName":"C.Newton","statId":112,"yards":15},{"sequence":4,"clubcode":"CAR","playerName":"C.Newton","statId":14,"yards":0}]}},"404":{"sp":0,"qtr":1,"down":2,"time":"07:54","yrdln":"ATL 41","ydstogo":10,"ydsnet":48,"posteam":"CAR","desc":"(7:54) (Shotgun) C.Newton pass short right to J.Stewart to ATL 40 for 1 yard (B.Grimes; K.Hayden).","note":null,"players":{"00-0026153":[{"sequence":1,"clubcode":"CAR","playerName":"J.Stewart","statId":115,"yards":0},{"sequence":2,"clubcode":"CAR","playerName":"J.Stewart","statId":21,"yards":1},{"sequence":3,"clubcode":"CAR","playerName":"J.Stewart","statId":113,"yards":4}],"00-0023495":[{"sequence":7,"clubcode":"ATL","playerName":"K.Hayden","statId":82,"yards":0}],"00-0024183":[{"sequence":6,"clubcode":"ATL","playerName":"B.Grimes","statId":82,"yards":0}],"00-0027939":[{"sequence":4,"clubcode":"CAR","playerName":"C.Newton","statId":15,"yards":1},{"sequence":5,"clubcode":"CAR","playerName":"C.Newton","statId":111,"yards":-3}]}},"428":{"sp":0,"qtr":1,"down":3,"time":"07:07","yrdln":"ATL 40","ydstogo":9,"ydsnet":62,"posteam":"CAR","desc":"(7:07) (Shotgun) C.Newton pass short middle to L.Naanee to ATL 26 for 14 yards (T.DeCoud).","note":null,"players":{"00-0025559":[{"sequence":5,"clubcode":"CAR","playerName":"L.Naanee","statId":113,"yards":-1},{"sequence":6,"clubcode":"CAR","playerName":"L.Naanee","statId":21,"yards":14},{"sequence":8,"clubcode":"CAR","playerName":"L.Naanee","statId":115,"yards":0}],"0":[{"sequence":1,"clubcode":"CAR","playerName":null,"statId":4,"yards":0},{"sequence":3,"clubcode":"CAR","playerName":null,"statId":6,"yards":0}],"00-0026238":[{"sequence":7,"clubcode":"ATL","playerName":"T.DeCoud","statId":79,"yards":0}],"00-0027939":[{"sequence":2,"clubcode":"CAR","playerName":"C.Newton","statId":15,"yards":14},{"sequence":4,"clubcode":"CAR","playerName":"C.Newton","statId":111,"yards":15}]}},"452":{"sp":0,"qtr":1,"down":1,"time":"06:27","yrdln":"ATL 26","ydstogo":10,"ydsnet":63,"posteam":"CAR","desc":"(6:27) D.Williams right guard to ATL 25 for 1 yard (V.Walker).","note":null,"players":{"00-0024242":[{"sequence":2,"clubcode":"CAR","playerName":"D.Williams","statId":10,"yards":1}],"00-0026942":[{"sequence":1,"clubcode":"ATL","playerName":"V.Walker","statId":79,"yards":0}]}},"473":{"sp":0,"qtr":1,"down":2,"time":"05:45","yrdln":"ATL 25","ydstogo":9,"ydsnet":69,"posteam":"CAR","desc":"(5:45) (Shotgun) C.Newton pass short left to J.Shockey to ATL 19 for 6 yards (D.Robinson) [J.Babineaux].","note":null,"players":{"00-0022735":[{"sequence":3,"clubcode":"ATL","playerName":"D.Robinson","statId":79,"yards":0}],"00-0021148":[{"sequence":1,"clubcode":"CAR","playerName":"J.Shockey","statId":21,"yards":6},{"sequence":2,"clubcode":"CAR","playerName":"J.Shockey","statId":113,"yards":0},{"sequence":5,"clubcode":"CAR","playerName":"J.Shockey","statId":115,"yards":0}],"00-0023494":[{"sequence":4,"clubcode":"ATL","playerName":"J.Babineaux","statId":110,"yards":0}],"00-0027939":[{"sequence":6,"clubcode":"CAR","playerName":"C.Newton","statId":15,"yards":6},{"sequence":7,"clubcode":"CAR","playerName":"C.Newton","statId":111,"yards":6}]}},"497":{"sp":0,"qtr":1,"down":0,"time":"05:04","yrdln":"","ydstogo":0,"ydsnet":69,"posteam":"","desc":"Timeout #1 by CAR at 05:04.","note":"TIMEOUT","players":{"0":[{"sequence":1,"clubcode":"CAR","playerName":null,"statId":68,"yards":0}]}},"514":{"sp":0,"qtr":1,"down":3,"time":"05:04","yrdln":"ATL 19","ydstogo":3,"ydsnet":69,"posteam":"CAR","desc":"(5:04) (Shotgun) C.Newton pass incomplete deep left to G.Olsen.","note":null,"players":{"00-0025418":[{"sequence":2,"clubcode":"CAR","playerName":"G.Olsen","statId":115,"yards":0}],"0":[{"sequence":3,"clubcode":"CAR","playerName":null,"statId":7,"yards":0}],"00-0027939":[{"sequence":1,"clubcode":"CAR","playerName":"C.Newton","statId":112,"yards":19},{"sequence":4,"clubcode":"CAR","playerName":"C.Newton","statId":14,"yards":0}]}},"536":{"sp":0,"qtr":1,"down":4,"time":"04:58","yrdln":"ATL 19","ydstogo":3,"ydsnet":64,"posteam":"CAR","desc":"(4:58) (Field Goal formation) PENALTY on CAR-B.Bell, False Start, 5 yards, enforced at ATL 19 - No Play.","note":"PENALTY","players":{"00-0028738":[{"sequence":1,"clubcode":"CAR","playerName":"B.Bell","statId":93,"yards":5}]}},"565":{"sp":1,"qtr":1,"down":4,"time":"04:58","yrdln":"ATL 24","ydstogo":8,"ydsnet":64,"posteam":"CAR","desc":"(4:58) O.Mare 42 yard field goal is GOOD, Center-J.Jansen, Holder-J.Baker.","note":"FG","players":{"00-0010373":[{"sequence":1,"clubcode":"CAR","playerName":"O.Mare","statId":70,"yards":42}]}}},"fds":4,"result":"Field Goal","penyds":5,"ydsgained":59,"numplays":16,"postime":"6:51","start":{"qtr":1,"time":"11:45","yrdln":"CAR 12","team":"CAR"},"end":{"qtr":1,"time":"04:54","yrdln":"ATL 24","team":"CAR"}},"3":{"posteam":"ATL","qtr":1,"redzone":true,"plays":{"584":{"sp":0,"qtr":1,"down":0,"time":"04:54","yrdln":"CAR 35","ydstogo":0,"ydsnet":0,"posteam":"CAR","desc":"O.Mare kicks 68 yards from CAR 35 to ATL -3. E.Weems to ATL 19 for 22 yards (J.Williams).","note":"KICKOFF","players":{"00-0027043":[{"sequence":4,"clubcode":"CAR","playerName":"J.Williams","statId":79,"yards":0}],"00-0024535":[{"sequence":2,"clubcode":"ATL","playerName":"E.Weems","statId":45,"yards":22}],"00-0010373":[{"sequence":1,"clubcode":"CAR","playerName":"O.Mare","statId":43,"yards":68},{"sequence":3,"clubcode":"CAR","playerName":"O.Mare","statId":42,"yards":0}]}},"606":{"sp":0,"qtr":1,"down":1,"time":"04:48","yrdln":"ATL 19","ydstogo":10,"ydsnet":5,"posteam":"ATL","desc":"(4:48) M.Turner right end to ATL 24 for 5 yards (J.Anderson; J.Williams).","note":null,"players":{"00-0022821":[{"sequence":2,"clubcode":"ATL","playerName":"M.Turner","statId":10,"yards":5}],"00-0024303":[{"sequence":3,"clubcode":"CAR","playerName":"J.Anderson","statId":82,"yards":0}],"00-0027043":[{"sequence":1,"clubcode":"CAR","playerName":"J.Williams","statId":82,"yards":0}]}},"627":{"sp":0,"qtr":1,"down":2,"time":"04:13","yrdln":"ATL 24","ydstogo":5,"ydsnet":8,"posteam":"ATL","desc":"(4:13) M.Turner left guard to ATL 27 for 3 yards (J.Anderson).","note":null,"players":{"00-0022821":[{"sequence":2,"clubcode":"ATL","playerName":"M.Turner","statId":10,"yards":3}],"00-0024303":[{"sequence":1,"clubcode":"CAR","playerName":"J.Anderson","statId":79,"yards":0}]}},"648":{"sp":0,"qtr":1,"down":3,"time":"03:31","yrdln":"ATL 27","ydstogo":2,"ydsnet":20,"posteam":"ATL","desc":"(3:31) (Shotgun) J.Rodgers right end to ATL 35 for 8 yards (J.Anderson).","note":null,"players":{"00-0028083":[{"sequence":4,"clubcode":"ATL","playerName":"J.Rodgers","statId":10,"yards":8}],"00-0024303":[{"sequence":2,"clubcode":"CAR","playerName":"J.Anderson","statId":79,"yards":0}],"0":[{"sequence":1,"clubcode":"ATL","playerName":null,"statId":3,"yards":0},{"sequence":3,"clubcode":"ATL","playerName":null,"statId":6,"yards":0}]}},"672":{"sp":0,"qtr":1,"down":1,"time":"02:45","yrdln":"ATL 35","ydstogo":10,"ydsnet":30,"posteam":"ATL","desc":"(2:45) M.Ryan pass short right to R.White to ATL 49 for 14 yards (C.Gamble). Penalty on CAR-S.Fua, Defensive Offside, declined.","note":null,"players":{"00-0022914":[{"sequence":4,"clubcode":"CAR","playerName":"C.Gamble","statId":79,"yards":0}],"00-0026143":[{"sequence":5,"clubcode":"ATL","playerName":"M.Ryan","statId":111,"yards":12},{"sequence":6,"clubcode":"ATL","playerName":"M.Ryan","statId":15,"yards":14}],"0":[{"sequence":1,"clubcode":"ATL","playerName":null,"statId":4,"yards":0}],"00-0023462":[{"sequence":2,"clubcode":"ATL","playerName":"R.White","statId":21,"yards":14},{"sequence":3,"clubcode":"ATL","playerName":"R.White","statId":113,"yards":2},{"sequence":7,"clubcode":"ATL","playerName":"R.White","statId":115,"yards":0}]}},"707":{"sp":0,"qtr":1,"down":1,"time":"02:17","yrdln":"ATL 49","ydstogo":10,"ydsnet":20,"posteam":"ATL","desc":"(2:17) M.Turner left end pushed ob at CAR 36 for 15 yards (J.Williams). PENALTY on ATL-S.Baker, Offensive Holding, 10 yards, enforced at ATL 49 - No Play.","note":"PENALTY","players":{"00-0026161":[{"sequence":1,"clubcode":"ATL","playerName":"S.Baker","statId":93,"yards":10}]}},"739":{"sp":0,"qtr":1,"down":1,"time":"01:45","yrdln":"ATL 39","ydstogo":20,"ydsnet":39,"posteam":"ATL","desc":"(1:45) M.Ryan pass short right to O.Mughelli to CAR 42 for 19 yards (J.Williams; C.Gamble). Penalty on CAR-J.Anderson, Illegal Use of Hands, declined.","note":null,"players":{"00-0022914":[{"sequence":1,"clubcode":"CAR","playerName":"C.Gamble","statId":82,"yards":0}],"00-0026143":[{"sequence":4,"clubcode":"ATL","playerName":"M.Ryan","statId":15,"yards":19},{"sequence":6,"clubcode":"ATL","playerName":"M.Ryan","statId":111,"yards":1}],"00-0027043":[{"sequence":2,"clubcode":"CAR","playerName":"J.Williams","statId":82,"yards":0}],"00-0022143":[{"sequence":3,"clubcode":"ATL","playerName":"O.Mughelli","statId":113,"yards":18},{"sequence":5,"clubcode":"ATL","playerName":"O.Mughelli","statId":115,"yards":0},{"sequence":7,"clubcode":"ATL","playerName":"O.Mughelli","statId":21,"yards":19}]}},"779":{"sp":0,"qtr":1,"down":2,"time":"01:16","yrdln":"CAR 42","ydstogo":1,"ydsnet":44,"posteam":"ATL","desc":"(1:16) M.Ryan pass short left to H.Douglas to CAR 42 for no gain (C.Munnerlyn). PENALTY on CAR-R.Fields, Defensive Offside, 5 yards, enforced at CAR 42 - No Play.","note":"PENALTY","players":{"00-0023571":[{"sequence":2,"clubcode":"CAR","playerName":"R.Fields","statId":93,"yards":5}],"0":[{"sequence":1,"clubcode":"ATL","playerName":null,"statId":5,"yards":0}]}},"814":{"sp":0,"qtr":1,"down":1,"time":"01:00","yrdln":"CAR 37","ydstogo":10,"ydsnet":43,"posteam":"ATL","desc":"(1:00) M.Turner left end to CAR 38 for -1 yards (G.Hardy).","note":null,"players":{"00-0022821":[{"sequence":4,"clubcode":"ATL","playerName":"M.Turner","statId":10,"yards":-1}],"0":[{"sequence":1,"clubcode":"ATL","playerName":null,"statId":95,"yards":-1}],"00-0027774":[{"sequence":2,"clubcode":"CAR","playerName":"G.Hardy","statId":120,"yards":0},{"sequence":3,"clubcode":"CAR","playerName":"G.Hardy","statId":79,"yards":0}]}},"835":{"sp":0,"qtr":1,"down":2,"time":"00:21","yrdln":"CAR 38","ydstogo":11,"ydsnet":80,"posteam":"ATL","desc":"(:21) M.Ryan pass incomplete deep middle to R.White. PENALTY on CAR-C.Godfrey, Defensive Pass Interference, 37 yards, enforced at CAR 38 - No Play.","note":"PENALTY","players":{"00-0026207":[{"sequence":1,"clubcode":"CAR","playerName":"C.Godfrey","statId":93,"yards":37}],"0":[{"sequence":2,"clubcode":"ATL","playerName":null,"statId":5,"yards":0}]}},"868":{"sp":1,"qtr":1,"down":1,"time":"00:13","yrdln":"CAR 1","ydstogo":1,"ydsnet":81,"posteam":"ATL","desc":"(:13) M.Turner left tackle for 1 yard, TOUCHDOWN.","note":"TD","players":{"00-0022821":[{"sequence":1,"clubcode":"ATL","playerName":"M.Turner","statId":11,"yards":1}],"0":[{"sequence":2,"clubcode":"ATL","playerName":null,"statId":3,"yards":0}]}},"885":{"sp":1,"qtr":1,"down":0,"time":"00:00","yrdln":"CAR 2","ydstogo":0,"ydsnet":81,"posteam":"ATL","desc":"M.Bryant extra point is GOOD, Center-J.Zelenka, Holder-M.Bosher.","note":"XP","players":{"00-0020578":[{"sequence":1,"clubcode":"ATL","playerName":"M.Bryant","statId":72,"yards":0}]}}},"fds":5,"result":"Touchdown","penyds":32,"ydsgained":49,"numplays":12,"postime":"4:54","start":{"qtr":1,"time":"04:54","yrdln":"ATL 19","team":"ATL"},"end":{"qtr":1,"time":"00:00","yrdln":"CAR 1","team":"ATL"}},"4":{"posteam":"CAR","qtr":2,"redzone":true,"plays":{"915":{"sp":0,"qtr":2,"down":0,"time":"15:00","yrdln":"ATL 35","ydstogo":0,"ydsnet":81,"posteam":"ATL","desc":"M.Bosher kicks 68 yards from ATL 35 to CAR -3. K.Pilares to CAR 19 for 22 yards (S.Adkins).","note":"KICKOFF","players":{"00-0028070":[{"sequence":2,"clubcode":"CAR","playerName":"K.Pilares","statId":45,"yards":22}],"00-0027123":[{"sequence":4,"clubcode":"ATL","playerName":"S.Adkins","statId":79,"yards":0}],"00-0028130":[{"sequence":1,"clubcode":"ATL","playerName":"M.Bosher","statId":43,"yards":68},{"sequence":3,"clubcode":"ATL","playerName":"M.Bosher","statId":42,"yards":0}]}},"937":{"sp":0,"qtr":2,"down":1,"time":"14:54","yrdln":"CAR 19","ydstogo":10,"ydsnet":12,"posteam":"CAR","desc":"(14:54) D.Williams right guard to CAR 31 for 12 yards (W.Moore).","note":null,"players":{"0":[{"sequence":2,"clubcode":"CAR","playerName":null,"statId":3,"yards":0}],"00-0024242":[{"sequence":3,"clubcode":"CAR","playerName":"D.Williams","statId":10,"yards":12}],"00-0027031":[{"sequence":1,"clubcode":"ATL","playerName":"W.Moore","statId":79,"yards":0}]}},"958":{"sp":0,"qtr":2,"down":1,"time":"14:12","yrdln":"CAR 31","ydstogo":10,"ydsnet":14,"posteam":"CAR","desc":"(14:12) D.Williams left guard to CAR 33 for 2 yards (J.Abraham).","note":null,"players":{"00-0019546":[{"sequence":1,"clubcode":"ATL","playerName":"J.Abraham","statId":79,"yards":0}],"00-0024242":[{"sequence":2,"clubcode":"CAR","playerName":"D.Williams","statId":10,"yards":2}]}},"979":{"sp":0,"qtr":2,"down":2,"time":"13:33","yrdln":"CAR 33","ydstogo":8,"ydsnet":24,"posteam":"CAR","desc":"(13:33) C.Newton pass short right to J.Shockey to CAR 43 for 10 yards (C.Lofton; S.Nicholas).","note":null,"players":{"00-0026177":[{"sequence":8,"clubcode":"ATL","playerName":"C.Lofton","statId":82,"yards":0}],"00-0021148":[{"sequence":2,"clubcode":"CAR","playerName":"J.Shockey","statId":115,"yards":0},{"sequence":3,"clubcode":"CAR","playerName":"J.Shockey","statId":21,"yards":10},{"sequence":4,"clubcode":"CAR","playerName":"J.Shockey","statId":113,"yards":0}],"00-0025496":[{"sequence":1,"clubcode":"ATL","playerName":"S.Nicholas","statId":82,"yards":0}],"0":[{"sequence":7,"clubcode":"CAR","playerName":null,"statId":4,"yards":0}],"00-0027939":[{"sequence":5,"clubcode":"CAR","playerName":"C.Newton","statId":15,"yards":10},{"sequence":6,"clubcode":"CAR","playerName":"C.Newton","statId":111,"yards":10}]}},"1003":{"sp":0,"qtr":2,"down":1,"time":"12:53","yrdln":"CAR 43","ydstogo":10,"ydsnet":81,"posteam":"CAR","desc":"(12:53) C.Newton pass deep left to J.Shockey to ATL 26 for 31 yards (S.Nicholas). FUMBLES (S.Nicholas), ball out of bounds at ATL 28.","note":"FUMBLE","players":{"00-0021148":[{"sequence":1,"clubcode":"CAR","playerName":"J.Shockey","statId":52,"yards":0},{"sequence":3,"clubcode":"CAR","playerName":"J.Shockey","statId":54,"yards":0},{"sequence":7,"clubcode":"CAR","playerName":"J.Shockey","statId":113,"yards":11},{"sequence":8,"clubcode":"CAR","playerName":"J.Shockey","statId":21,"yards":29},{"sequence":10,"clubcode":"CAR","playerName":"J.Shockey","statId":115,"yards":0}],"00-0025496":[{"sequence":2,"clubcode":"ATL","playerName":"S.Nicholas","statId":79,"yards":0},{"sequence":9,"clubcode":"ATL","playerName":"S.Nicholas","statId":91,"yards":0}],"0":[{"sequence":5,"clubcode":"CAR","playerName":null,"statId":4,"yards":0}],"00-0027939":[{"sequence":4,"clubcode":"CAR","playerName":"C.Newton","statId":111,"yards":18},{"sequence":6,"clubcode":"CAR","playerName":"C.Newton","statId":15,"yards":29}]}},"1035":{"sp":0,"qtr":2,"down":1,"time":"12:25","yrdln":"ATL 28","ydstogo":10,"ydsnet":50,"posteam":"CAR","desc":"(12:25) C.Newton sacked at ATL 31 for -3 yards (S.Nicholas).","note":null,"players":{"00-0025496":[{"sequence":1,"clubcode":"ATL","playerName":"S.Nicholas","statId":120,"yards":0},{"sequence":3,"clubcode":"ATL","playerName":"S.Nicholas","statId":83,"yards":-3},{"sequence":4,"clubcode":"ATL","playerName":"S.Nicholas","statId":79,"yards":0},{"sequence":5,"clubcode":"ATL","playerName":"S.Nicholas","statId":110,"yards":0}],"00-0027939":[{"sequence":2,"clubcode":"CAR","playerName":"C.Newton","statId":20,"yards":-3}]}},"1054":{"sp":0,"qtr":2,"down":2,"time":"11:46","yrdln":"ATL 31","ydstogo":13,"ydsnet":50,"posteam":"CAR","desc":"(11:46) C.Newton pass incomplete short right to D.Williams.","note":null,"players":{"00-0024242":[{"sequence":1,"clubcode":"CAR","playerName":"D.Williams","statId":115,"yards":0}],"00-0027939":[{"sequence":2,"clubcode":"CAR","playerName":"C.Newton","statId":14,"yards":0},{"sequence":3,"clubcode":"CAR","playerName":"C.Newton","statId":112,"yards":-3}]}},"1076":{"sp":0,"qtr":2,"down":3,"time":"11:43","yrdln":"ATL 31","ydstogo":13,"ydsnet":67,"posteam":"CAR","desc":"(11:43) (Shotgun) C.Newton pass deep left to L.Naanee to ATL 14 for 17 yards (K.Hayden).","note":null,"players":{"00-0023495":[{"sequence":6,"clubcode":"ATL","playerName":"K.Hayden","statId":79,"yards":0}],"00-0025559":[{"sequence":2,"clubcode":"CAR","playerName":"L.Naanee","statId":113,"yards":0},{"sequence":7,"clubcode":"CAR","playerName":"L.Naanee","statId":21,"yards":17},{"sequence":8,"clubcode":"CAR","playerName":"L.Naanee","statId":115,"yards":0}],"0":[{"sequence":3,"clubcode":"CAR","playerName":null,"statId":4,"yards":0},{"sequence":5,"clubcode":"CAR","playerName":null,"statId":6,"yards":0}],"00-0027939":[{"sequence":1,"clubcode":"CAR","playerName":"C.Newton","statId":111,"yards":17},{"sequence":4,"clubcode":"CAR","playerName":"C.Newton","statId":15,"yards":17}]}},"1100":{"sp":0,"qtr":2,"down":1,"time":"10:56","yrdln":"ATL 14","ydstogo":10,"ydsnet":80,"posteam":"CAR","desc":"(10:56) (Shotgun) J.Stewart right tackle to ATL 1 for 13 yards (K.Hayden; D.Robinson).","note":null,"players":{"00-0026153":[{"sequence":3,"clubcode":"CAR","playerName":"J.Stewart","statId":10,"yards":13}],"00-0023495":[{"sequence":2,"clubcode":"ATL","playerName":"K.Hayden","statId":82,"yards":0}],"00-0022735":[{"sequence":4,"clubcode":"ATL","playerName":"D.Robinson","statId":82,"yards":0}],"0":[{"sequence":1,"clubcode":"CAR","playerName":null,"statId":3,"yards":0}]}},"1121":{"sp":1,"qtr":2,"down":1,"time":"10:20","yrdln":"ATL 1","ydstogo":1,"ydsnet":81,"posteam":"CAR","desc":"(10:20) J.Stewart left tackle for 1 yard, TOUCHDOWN.","note":"TD","players":{"00-0026153":[{"sequence":2,"clubcode":"CAR","playerName":"J.Stewart","statId":11,"yards":1}],"0":[{"sequence":1,"clubcode":"CAR","playerName":null,"statId":3,"yards":0}]}},"1138":{"sp":1,"qtr":2,"down":0,"time":"10:13","yrdln":"ATL 2","ydstogo":0,"ydsnet":81,"posteam":"CAR","desc":"O.Mare extra point is GOOD, Center-J.Jansen, Holder-J.Baker.","note":"XP","players":{"00-0010373":[{"sequence":1,"clubcode":"CAR","playerName":"O.Mare","statId":72,"yards":0}]}}},"fds":6,"result":"Touchdown","penyds":0,"ydsgained":81,"numplays":11,"postime":"4:47","start":{"qtr":2,"time":"15:00","yrdln":"CAR 19","team":"CAR"},"end":{"qtr":2,"time":"10:13","yrdln":"ATL 1","team":"CAR"}},"5":{"posteam":"ATL","qtr":2,"redzone":true,"plays":{"1154":{"sp":0,"qtr":2,"down":0,"time":"10:13","yrdln":"CAR 35","ydstogo":0,"ydsnet":0,"posteam":"CAR","desc":"O.Mare kicks 65 yards from CAR 35 to end zone, Touchback.","note":"KICKOFF","players":{"0":[{"sequence":1,"clubcode":"ATL","playerName":null,"statId":51,"yards":0}],"00-0010373":[{"sequence":2,"clubcode":"CAR","playerName":"O.Mare","statId":44,"yards":65}]}},"1172":{"sp":0,"qtr":2,"down":1,"time":"10:13","yrdln":"ATL 20","ydstogo":10,"ydsnet":3,"posteam":"ATL","desc":"(10:13) M.Turner left end to ATL 23 for 3 yards (S.Martin).","note":null,"players":{"00-0022821":[{"sequence":1,"clubcode":"ATL","playerName":"M.Turner","statId":10,"yards":3}],"00-0027035":[{"sequence":2,"clubcode":"CAR","playerName":"S.Martin","statId":79,"yards":0}]}},"1193":{"sp":0,"qtr":2,"down":2,"time":"09:33","yrdln":"ATL 23","ydstogo":7,"ydsnet":5,"posteam":"ATL","desc":"(9:33) M.Turner left tackle to ATL 25 for 2 yards (T.Williams; J.Anderson).","note":null,"players":{"00-0022821":[{"sequence":3,"clubcode":"ATL","playerName":"M.Turner","statId":10,"yards":2}],"00-0024303":[{"sequence":2,"clubcode":"CAR","playerName":"J.Anderson","statId":82,"yards":0}],"00-0026295":[{"sequence":1,"clubcode":"CAR","playerName":"T.Williams","statId":82,"yards":0}]}},"1214":{"sp":0,"qtr":2,"down":3,"time":"08:59","yrdln":"ATL 25","ydstogo":5,"ydsnet":12,"posteam":"ATL","desc":"(8:59) (Shotgun) M.Ryan pass short left to R.White to ATL 32 for 7 yards (D.Butler).","note":null,"players":{"00-0026143":[{"sequence":6,"clubcode":"ATL","playerName":"M.Ryan","statId":15,"yards":7},{"sequence":7,"clubcode":"ATL","playerName":"M.Ryan","statId":111,"yards":6}],"00-0027017":[{"sequence":1,"clubcode":"CAR","playerName":"D.Butler","statId":79,"yards":0}],"0":[{"sequence":4,"clubcode":"ATL","playerName":null,"statId":6,"yards":0},{"sequence":8,"clubcode":"ATL","playerName":null,"statId":4,"yards":0}],"00-0023462":[{"sequence":2,"clubcode":"ATL","playerName":"R.White","statId":21,"yards":7},{"sequence":3,"clubcode":"ATL","playerName":"R.White","statId":113,"yards":1},{"sequence":5,"clubcode":"ATL","playerName":"R.White","statId":115,"yards":0}]}},"1238":{"sp":0,"qtr":2,"down":1,"time":"08:15","yrdln":"ATL 32","ydstogo":10,"ydsnet":30,"posteam":"ATL","desc":"(8:15) M.Turner left end pushed ob at CAR 35 for 33 yards (S.Martin). PENALTY on ATL-R.White, Unnecessary Roughness, 15 yards, enforced at CAR 35.","note":"PENALTY","players":{"00-0022821":[{"sequence":3,"clubcode":"ATL","playerName":"M.Turner","statId":10,"yards":33}],"0":[{"sequence":4,"clubcode":"ATL","playerName":null,"statId":3,"yards":0}],"00-0027035":[{"sequence":1,"clubcode":"CAR","playerName":"S.Martin","statId":79,"yards":0}],"00-0023462":[{"sequence":2,"clubcode":"ATL","playerName":"R.White","statId":93,"yards":15}]}},"1282":{"sp":0,"qtr":2,"down":1,"time":"07:46","yrdln":"50","ydstogo":10,"ydsnet":30,"posteam":"ATL","desc":"(7:46) M.Ryan pass incomplete deep left to H.Douglas.","note":null,"players":{"00-0026143":[{"sequence":2,"clubcode":"ATL","playerName":"M.Ryan","statId":14,"yards":0},{"sequence":3,"clubcode":"ATL","playerName":"M.Ryan","statId":112,"yards":25}],"00-0026224":[{"sequence":1,"clubcode":"ATL","playerName":"H.Douglas","statId":115,"yards":0}]}},"1304":{"sp":0,"qtr":2,"down":2,"time":"07:41","yrdln":"50","ydstogo":10,"ydsnet":38,"posteam":"ATL","desc":"(7:41) J.Snelling left guard to CAR 42 for 8 yards (S.Martin).","note":null,"players":{"00-0025631":[{"sequence":2,"clubcode":"ATL","playerName":"J.Snelling","statId":10,"yards":8}],"00-0027035":[{"sequence":1,"clubcode":"CAR","playerName":"S.Martin","statId":79,"yards":0}]}},"1325":{"sp":0,"qtr":2,"down":3,"time":"07:04","yrdln":"CAR 42","ydstogo":2,"ydsnet":40,"posteam":"ATL","desc":"(7:04) (Shotgun) M.Ryan scrambles left end to CAR 40 for 2 yards (J.Anderson).","note":null,"players":{"00-0026143":[{"sequence":4,"clubcode":"ATL","playerName":"M.Ryan","statId":10,"yards":2}],"00-0024303":[{"sequence":1,"clubcode":"CAR","playerName":"J.Anderson","statId":79,"yards":0}],"0":[{"sequence":2,"clubcode":"ATL","playerName":null,"statId":3,"yards":0},{"sequence":3,"clubcode":"ATL","playerName":null,"statId":6,"yards":0}]}},"1356":{"sp":0,"qtr":2,"down":1,"time":"06:17","yrdln":"CAR 40","ydstogo":10,"ydsnet":40,"posteam":"ATL","desc":"(6:17) M.Turner left end to CAR 40 for no gain (A.Applewhite).","note":null,"players":{"00-0022821":[{"sequence":1,"clubcode":"ATL","playerName":"M.Turner","statId":10,"yards":0}],"00-0024734":[{"sequence":2,"clubcode":"CAR","playerName":"A.Applewhite","statId":79,"yards":0}]}},"1377":{"sp":0,"qtr":2,"down":2,"time":"05:43","yrdln":"CAR 40","ydstogo":10,"ydsnet":63,"posteam":"ATL","desc":"(5:43) (Shotgun) M.Ryan pass short middle to H.Douglas to CAR 17 for 23 yards (S.Martin; J.Anderson).","note":null,"players":{"00-0026143":[{"sequence":1,"clubcode":"ATL","playerName":"M.Ryan","statId":15,"yards":23},{"sequence":8,"clubcode":"ATL","playerName":"M.Ryan","statId":111,"yards":15}],"00-0024303":[{"sequence":5,"clubcode":"CAR","playerName":"J.Anderson","statId":82,"yards":0}],"0":[{"sequence":3,"clubcode":"ATL","playerName":null,"statId":4,"yards":0}],"00-0027035":[{"sequence":4,"clubcode":"CAR","playerName":"S.Martin","statId":82,"yards":0}],"00-0026224":[{"sequence":2,"clubcode":"ATL","playerName":"H.Douglas","statId":115,"yards":0},{"sequence":6,"clubcode":"ATL","playerName":"H.Douglas","statId":21,"yards":23},{"sequence":7,"clubcode":"ATL","playerName":"H.Douglas","statId":113,"yards":8}]}},"1401":{"sp":0,"qtr":2,"down":1,"time":"05:17","yrdln":"CAR 17","ydstogo":10,"ydsnet":80,"posteam":"ATL","desc":"(5:17) M.Ryan pass incomplete deep right to R.White. PENALTY on CAR-C.Gamble, Defensive Pass Interference, 16 yards, enforced at CAR 17 - No Play. Penalty on CAR-C.Johnson, Defensive 12 On-field, declined.","note":"PENALTY","players":{"00-0022914":[{"sequence":2,"clubcode":"CAR","playerName":"C.Gamble","statId":93,"yards":16}],"0":[{"sequence":1,"clubcode":"ATL","playerName":"","statId":5,"yards":0}]}},"1441":{"sp":0,"qtr":2,"down":1,"time":"05:12","yrdln":"CAR 1","ydstogo":1,"ydsnet":79,"posteam":"ATL","desc":"(5:12) M.Turner to CAR 1 for no gain (J.Phillips).","note":null,"players":{"00-0022821":[{"sequence":1,"clubcode":"ATL","playerName":"M.Turner","statId":10,"yards":0}],"00-0026911":[{"sequence":2,"clubcode":"CAR","playerName":"J.Phillips","statId":79,"yards":0}]}},"1462":{"sp":0,"qtr":2,"down":2,"time":"04:38","yrdln":"CAR 1","ydstogo":1,"ydsnet":79,"posteam":"ATL","desc":"(4:38) O.Mughelli up the middle to CAR 1 for no gain (D.Connor).","note":null,"players":{"00-0026214":[{"sequence":2,"clubcode":"CAR","playerName":"D.Connor","statId":79,"yards":0}],"00-0022143":[{"sequence":1,"clubcode":"ATL","playerName":"O.Mughelli","statId":10,"yards":0}]}},"1483":{"sp":1,"qtr":2,"down":3,"time":"03:53","yrdln":"CAR 1","ydstogo":1,"ydsnet":80,"posteam":"ATL","desc":"(3:53) M.Ryan pass short left to O.Mughelli for 1 yard, TOUCHDOWN.","note":"TD","players":{"00-0026143":[{"sequence":3,"clubcode":"ATL","playerName":"M.Ryan","statId":16,"yards":1},{"sequence":4,"clubcode":"ATL","playerName":"M.Ryan","statId":111,"yards":1}],"00-0022143":[{"sequence":5,"clubcode":"ATL","playerName":"O.Mughelli","statId":22,"yards":1},{"sequence":6,"clubcode":"ATL","playerName":"O.Mughelli","statId":115,"yards":0},{"sequence":7,"clubcode":"ATL","playerName":"O.Mughelli","statId":113,"yards":0}],"0":[{"sequence":1,"clubcode":"ATL","playerName":"","statId":4,"yards":0},{"sequence":2,"clubcode":"ATL","playerName":"","statId":6,"yards":0}]}},"1503":{"sp":1,"qtr":2,"down":0,"time":"03:49","yrdln":"CAR 2","ydstogo":0,"ydsnet":80,"posteam":"ATL","desc":"M.Bryant extra point is GOOD, Center-J.Zelenka, Holder-M.Bosher.","note":"XP","players":{"00-0020578":[{"sequence":1,"clubcode":"ATL","playerName":"M.Bryant","statId":72,"yards":0}]}}},"fds":6,"result":"Touchdown","penyds":1,"ydsgained":79,"numplays":15,"postime":"6:24","start":{"qtr":2,"time":"10:13","yrdln":"ATL 20","team":"ATL"},"end":{"qtr":2,"time":"03:49","yrdln":"CAR 1","team":"ATL"}},"6":{"posteam":"CAR","qtr":2,"redzone":true,"plays":{"1519":{"sp":0,"qtr":2,"down":0,"time":"03:49","yrdln":"ATL 35","ydstogo":0,"ydsnet":68,"posteam":"ATL","desc":"M.Bosher kicks 66 yards from ATL 35 to CAR -1. K.Pilares to CAR 22 for 23 yards (L.Sidbury; S.Schillinger).","note":"KICKOFF","players":{"00-0028070":[{"sequence":2,"clubcode":"CAR","playerName":"K.Pilares","statId":45,"yards":23}],"00-0028130":[{"sequence":1,"clubcode":"ATL","playerName":"M.Bosher","statId":43,"yards":66}],"00-0027770":[{"sequence":4,"clubcode":"ATL","playerName":"S.Schillinger","statId":82,"yards":0}],"00-0027090":[{"sequence":3,"clubcode":"ATL","playerName":"L.Sidbury","statId":82,"yards":0}]}},"1542":{"sp":0,"qtr":2,"down":1,"time":"03:43","yrdln":"CAR 22","ydstogo":10,"ydsnet":0,"posteam":"CAR","desc":"(3:43) D.Williams left guard to CAR 22 for no gain (C.Lofton; R.Edwards).","note":null,"players":{"00-0026177":[{"sequence":2,"clubcode":"ATL","playerName":"C.Lofton","statId":82,"yards":0}],"00-0024342":[{"sequence":3,"clubcode":"ATL","playerName":"R.Edwards","statId":82,"yards":0}],"00-0024242":[{"sequence":1,"clubcode":"CAR","playerName":"D.Williams","statId":10,"yards":0}]}},"1563":{"sp":0,"qtr":2,"down":2,"time":"02:57","yrdln":"CAR 22","ydstogo":10,"ydsnet":0,"posteam":"CAR","desc":"(2:57) (Shotgun) C.Newton pass incomplete short middle to J.Shockey (C.Lofton).","note":null,"players":{"00-0026177":[{"sequence":3,"clubcode":"ATL","playerName":"C.Lofton","statId":85,"yards":0}],"00-0021148":[{"sequence":2,"clubcode":"CAR","playerName":"J.Shockey","statId":115,"yards":0}],"00-0027939":[{"sequence":1,"clubcode":"CAR","playerName":"C.Newton","statId":14,"yards":0},{"sequence":4,"clubcode":"CAR","playerName":"C.Newton","statId":112,"yards":5}]}},"1585":{"sp":0,"qtr":2,"down":3,"time":"02:52","yrdln":"CAR 22","ydstogo":10,"ydsnet":12,"posteam":"CAR","desc":"(2:52) (Shotgun) C.Newton pass short right to B.LaFell to CAR 34 for 12 yards (B.Grimes).","note":null,"players":{"00-0027681":[{"sequence":5,"clubcode":"CAR","playerName":"B.LaFell","statId":21,"yards":12},{"sequence":6,"clubcode":"CAR","playerName":"B.LaFell","statId":115,"yards":0},{"sequence":7,"clubcode":"CAR","playerName":"B.LaFell","statId":113,"yards":4}],"0":[{"sequence":1,"clubcode":"CAR","playerName":"","statId":4,"yards":0},{"sequence":2,"clubcode":"CAR","playerName":"","statId":6,"yards":0}],"00-0024183":[{"sequence":8,"clubcode":"ATL","playerName":"B.Grimes","statId":79,"yards":0}],"00-0027939":[{"sequence":3,"clubcode":"CAR","playerName":"C.Newton","statId":15,"yards":12},{"sequence":4,"clubcode":"CAR","playerName":"C.Newton","statId":111,"yards":8}]}},"1609":{"sp":0,"qtr":2,"down":1,"time":"02:14","yrdln":"CAR 34","ydstogo":10,"ydsnet":19,"posteam":"CAR","desc":"(2:14) C.Newton pass short left to G.Olsen to CAR 41 for 7 yards (D.Robinson).","note":null,"players":{"00-0025418":[{"sequence":3,"clubcode":"CAR","playerName":"G.Olsen","statId":21,"yards":7},{"sequence":4,"clubcode":"CAR","playerName":"G.Olsen","statId":115,"yards":0},{"sequence":5,"clubcode":"CAR","playerName":"G.Olsen","statId":113,"yards":3}],"00-0022735":[{"sequence":6,"clubcode":"ATL","playerName":"D.Robinson","statId":79,"yards":0}],"00-0027939":[{"sequence":1,"clubcode":"CAR","playerName":"C.Newton","statId":15,"yards":7},{"sequence":2,"clubcode":"CAR","playerName":"C.Newton","statId":111,"yards":4}]}},"1633":{"sp":0,"qtr":2,"down":0,"time":"02:00","yrdln":"","ydstogo":0,"ydsnet":19,"posteam":"","desc":"Two-Minute Warning","note":null,"players":{}},"1650":{"sp":0,"qtr":2,"down":2,"time":"02:00","yrdln":"CAR 41","ydstogo":3,"ydsnet":29,"posteam":"CAR","desc":"(2:00) (Shotgun) J.Stewart right tackle to ATL 49 for 10 yards (K.Hayden).","note":null,"players":{"00-0026153":[{"sequence":2,"clubcode":"CAR","playerName":"J.Stewart","statId":10,"yards":10}],"00-0023495":[{"sequence":3,"clubcode":"ATL","playerName":"K.Hayden","statId":79,"yards":0}],"0":[{"sequence":1,"clubcode":"CAR","playerName":"","statId":3,"yards":0}]}},"1671":{"sp":0,"qtr":2,"down":1,"time":"01:35","yrdln":"ATL 49","ydstogo":10,"ydsnet":55,"posteam":"CAR","desc":"(1:35) (Shotgun) C.Newton pass short right to J.Stewart to ATL 38 for 11 yards (C.Lofton). PENALTY on ATL-A.Smith, Roughing the Passer, 15 yards, enforced at ATL 38.","note":"PENALTY","players":{"00-0026855":[{"sequence":9,"clubcode":"ATL","playerName":"A.Smith","statId":93,"yards":15}],"00-0026153":[{"sequence":5,"clubcode":"CAR","playerName":"J.Stewart","statId":21,"yards":11},{"sequence":6,"clubcode":"CAR","playerName":"J.Stewart","statId":115,"yards":0},{"sequence":7,"clubcode":"CAR","playerName":"J.Stewart","statId":113,"yards":15}],"00-0026177":[{"sequence":8,"clubcode":"ATL","playerName":"C.Lofton","statId":79,"yards":0}],"0":[{"sequence":1,"clubcode":"CAR","playerName":"","statId":4,"yards":0},{"sequence":2,"clubcode":"CAR","playerName":"","statId":5,"yards":0}],"00-0027939":[{"sequence":3,"clubcode":"CAR","playerName":"C.Newton","statId":15,"yards":11},{"sequence":4,"clubcode":"CAR","playerName":"C.Newton","statId":111,"yards":-4}]}},"1706":{"sp":0,"qtr":2,"down":1,"time":"01:26","yrdln":"ATL 23","ydstogo":10,"ydsnet":55,"posteam":"CAR","desc":"(1:26) (Shotgun) C.Newton sacked at ATL 31 for -8 yards (S.Weatherspoon). FUMBLES (S.Weatherspoon), RECOVERED by ATL-C.Lofton at ATL 16. The Replay Assistant challenged the fumble ruling, and the play was REVERSED. (Shotgun) C.Newton pass incomplete short middle [S.Weatherspoon].","note":null,"players":{"00-0027871":[{"sequence":2,"clubcode":"ATL","playerName":"S.Weatherspoon","statId":110,"yards":0}],"00-0027939":[{"sequence":1,"clubcode":"CAR","playerName":"C.Newton","statId":14,"yards":0},{"sequence":3,"clubcode":"CAR","playerName":"C.Newton","statId":112,"yards":-2}]}},"1809":{"sp":0,"qtr":2,"down":2,"time":"01:23","yrdln":"ATL 23","ydstogo":10,"ydsnet":68,"posteam":"CAR","desc":"(1:23) (Shotgun) C.Newton scrambles right end to ATL 10 for 13 yards (T.DeCoud).","note":null,"players":{"0":[{"sequence":1,"clubcode":"CAR","playerName":"","statId":3,"yards":0}],"00-0026238":[{"sequence":3,"clubcode":"ATL","playerName":"T.DeCoud","statId":79,"yards":0}],"00-0027939":[{"sequence":2,"clubcode":"CAR","playerName":"C.Newton","statId":10,"yards":13}]}},"1830":{"sp":0,"qtr":2,"down":1,"time":"00:42","yrdln":"ATL 10","ydstogo":10,"ydsnet":68,"posteam":"CAR","desc":"(:42) (Shotgun) C.Newton pass short middle intended for S.Smith INTERCEPTED by B.Grimes (W.Moore) at ATL -4. B.Grimes to ATL 25 for 29 yards (L.Naanee).","note":"INT","players":{"00-0020337":[{"sequence":2,"clubcode":"CAR","playerName":"S.Smith","statId":115,"yards":0}],"00-0025559":[{"sequence":7,"clubcode":"CAR","playerName":"L.Naanee","statId":79,"yards":0}],"00-0024183":[{"sequence":5,"clubcode":"ATL","playerName":"B.Grimes","statId":25,"yards":29},{"sequence":6,"clubcode":"ATL","playerName":"B.Grimes","statId":85,"yards":0}],"00-0027031":[{"sequence":3,"clubcode":"ATL","playerName":"W.Moore","statId":85,"yards":0}],"00-0027939":[{"sequence":1,"clubcode":"CAR","playerName":"C.Newton","statId":19,"yards":0},{"sequence":4,"clubcode":"CAR","playerName":"C.Newton","statId":112,"yards":10}]}}},"fds":5,"result":"Interception","penyds":15,"ydsgained":53,"numplays":11,"postime":"3:19","start":{"qtr":2,"time":"03:49","yrdln":"CAR 22","team":"CAR"},"end":{"qtr":2,"time":"00:30","yrdln":"ATL 10","team":"CAR"}},"7":{"posteam":"ATL","qtr":2,"redzone":true,"plays":{"1856":{"sp":0,"qtr":2,"down":1,"time":"00:30","yrdln":"ATL 25","ydstogo":10,"ydsnet":0,"posteam":"ATL","desc":"(:30) M.Ryan pass incomplete deep right to R.White.","note":null,"players":{"00-0026143":[{"sequence":1,"clubcode":"ATL","playerName":"M.Ryan","statId":14,"yards":0},{"sequence":3,"clubcode":"ATL","playerName":"M.Ryan","statId":112,"yards":18}],"00-0023462":[{"sequence":2,"clubcode":"ATL","playerName":"R.White","statId":115,"yards":0}]}},"1878":{"sp":0,"qtr":2,"down":2,"time":"00:25","yrdln":"ATL 25","ydstogo":10,"ydsnet":0,"posteam":"ATL","desc":"(:25) M.Ryan pass incomplete short right.","note":null,"players":{"00-0026143":[{"sequence":1,"clubcode":"ATL","playerName":"M.Ryan","statId":14,"yards":0},{"sequence":2,"clubcode":"ATL","playerName":"M.Ryan","statId":112,"yards":10}]}},"1900":{"sp":0,"qtr":2,"down":3,"time":"00:16","yrdln":"ATL 25","ydstogo":10,"ydsnet":7,"posteam":"ATL","desc":"(:16) (Shotgun) M.Ryan pass short right to J.Snelling to ATL 32 for 7 yards (T.Williams).","note":null,"players":{"00-0026143":[{"sequence":2,"clubcode":"ATL","playerName":"M.Ryan","statId":15,"yards":7},{"sequence":3,"clubcode":"ATL","playerName":"M.Ryan","statId":111,"yards":5}],"00-0025631":[{"sequence":4,"clubcode":"ATL","playerName":"J.Snelling","statId":21,"yards":7},{"sequence":5,"clubcode":"ATL","playerName":"J.Snelling","statId":115,"yards":0},{"sequence":6,"clubcode":"ATL","playerName":"J.Snelling","statId":113,"yards":2}],"0":[{"sequence":1,"clubcode":"ATL","playerName":"","statId":7,"yards":0}],"00-0026295":[{"sequence":7,"clubcode":"CAR","playerName":"T.Williams","statId":79,"yards":0}]}},"1924":{"sp":0,"qtr":2,"down":4,"time":"00:08","yrdln":"ATL 32","ydstogo":3,"ydsnet":7,"posteam":"ATL","desc":"(:08) M.Bosher punts 45 yards to CAR 23, Center-J.Zelenka, downed by ATL-K.Biermann. Penalty on ATL-E.Weems, Interference with Opportunity to Catch, declined.","note":"PUNT","players":{"00-0028130":[{"sequence":1,"clubcode":"ATL","playerName":"M.Bosher","statId":29,"yards":45}],"0":[{"sequence":2,"clubcode":"CAR","playerName":"","statId":38,"yards":0}]}}},"fds":0,"result":"Punt","penyds":0,"ydsgained":7,"numplays":4,"postime":"0:30","start":{"qtr":2,"time":"00:30","yrdln":"ATL 25","team":"ATL"},"end":{"qtr":2,"time":"00:00","yrdln":"ATL 32","team":"ATL"}},"8":{"posteam":"CAR","qtr":3,"redzone":true,"plays":{"1970":{"sp":0,"qtr":3,"down":0,"time":"15:00","yrdln":"ATL 35","ydstogo":0,"ydsnet":0,"posteam":"ATL","desc":"M.Bosher kicks 65 yards from ATL 35 to end zone, Touchback.","note":"KICKOFF","players":{"00-0028130":[{"sequence":1,"clubcode":"ATL","playerName":"M.Bosher","statId":44,"yards":65}],"0":[{"sequence":2,"clubcode":"CAR","playerName":"","statId":51,"yards":0}]}},"1984":{"sp":0,"qtr":3,"down":1,"time":"15:00","yrdln":"CAR 20","ydstogo":10,"ydsnet":2,"posteam":"CAR","desc":"(15:00) D.Williams left guard to CAR 22 for 2 yards (J.Babineaux).","note":null,"players":{"00-0023494":[{"sequence":2,"clubcode":"ATL","playerName":"J.Babineaux","statId":79,"yards":0}],"00-0024242":[{"sequence":1,"clubcode":"CAR","playerName":"D.Williams","statId":10,"yards":2}]}},"2005":{"sp":0,"qtr":3,"down":2,"time":"14:21","yrdln":"CAR 22","ydstogo":8,"ydsnet":6,"posteam":"CAR","desc":"(14:21) (Shotgun) C.Newton pass short right to S.Smith pushed ob at CAR 26 for 4 yards (B.Grimes).","note":null,"players":{"00-0020337":[{"sequence":3,"clubcode":"CAR","playerName":"S.Smith","statId":21,"yards":4},{"sequence":4,"clubcode":"CAR","playerName":"S.Smith","statId":115,"yards":0},{"sequence":5,"clubcode":"CAR","playerName":"S.Smith","statId":113,"yards":0}],"00-0024183":[{"sequence":6,"clubcode":"ATL","playerName":"B.Grimes","statId":79,"yards":0}],"00-0027939":[{"sequence":1,"clubcode":"CAR","playerName":"C.Newton","statId":15,"yards":4},{"sequence":2,"clubcode":"CAR","playerName":"C.Newton","statId":111,"yards":4}]}},"2029":{"sp":0,"qtr":3,"down":3,"time":"13:36","yrdln":"CAR 26","ydstogo":4,"ydsnet":15,"posteam":"CAR","desc":"(13:36) (Shotgun) C.Newton pass short middle to S.Smith to CAR 35 for 9 yards (W.Moore).","note":null,"players":{"00-0020337":[{"sequence":5,"clubcode":"CAR","playerName":"S.Smith","statId":21,"yards":9},{"sequence":6,"clubcode":"CAR","playerName":"S.Smith","statId":115,"yards":0},{"sequence":7,"clubcode":"CAR","playerName":"S.Smith","statId":113,"yards":4}],"0":[{"sequence":1,"clubcode":"CAR","playerName":"","statId":4,"yards":0},{"sequence":2,"clubcode":"CAR","playerName":"","statId":6,"yards":0}],"00-0027031":[{"sequence":8,"clubcode":"ATL","playerName":"W.Moore","statId":79,"yards":0}],"00-0027939":[{"sequence":3,"clubcode":"CAR","playerName":"C.Newton","statId":15,"yards":9},{"sequence":4,"clubcode":"CAR","playerName":"C.Newton","statId":111,"yards":5}]}},"2053":{"sp":0,"qtr":3,"down":1,"time":"12:51","yrdln":"CAR 35","ydstogo":10,"ydsnet":16,"posteam":"CAR","desc":"(12:51) (Shotgun) D.Williams right guard to CAR 36 for 1 yard (S.Nicholas).","note":null,"players":{"00-0025496":[{"sequence":2,"clubcode":"ATL","playerName":"S.Nicholas","statId":79,"yards":0}],"00-0024242":[{"sequence":1,"clubcode":"CAR","playerName":"D.Williams","statId":10,"yards":1}]}},"2074":{"sp":0,"qtr":3,"down":2,"time":"12:15","yrdln":"CAR 36","ydstogo":9,"ydsnet":22,"posteam":"CAR","desc":"(12:15) C.Newton scrambles left tackle to CAR 42 for 6 yards (T.DeCoud).","note":null,"players":{"00-0026238":[{"sequence":2,"clubcode":"ATL","playerName":"T.DeCoud","statId":79,"yards":0}],"00-0027939":[{"sequence":1,"clubcode":"CAR","playerName":"C.Newton","statId":10,"yards":6}]}},"2102":{"sp":0,"qtr":3,"down":3,"time":"11:30","yrdln":"CAR 42","ydstogo":3,"ydsnet":26,"posteam":"CAR","desc":"(11:30) (Shotgun) C.Newton right tackle to CAR 46 for 4 yards (S.Weatherspoon).","note":null,"players":{"00-0027871":[{"sequence":4,"clubcode":"ATL","playerName":"S.Weatherspoon","statId":79,"yards":0}],"0":[{"sequence":1,"clubcode":"CAR","playerName":"","statId":3,"yards":0},{"sequence":2,"clubcode":"CAR","playerName":"","statId":6,"yards":0}],"00-0027939":[{"sequence":3,"clubcode":"CAR","playerName":"C.Newton","statId":10,"yards":4}]}},"2123":{"sp":0,"qtr":3,"down":1,"time":"10:45","yrdln":"CAR 46","ydstogo":10,"ydsnet":21,"posteam":"CAR","desc":"(10:45) PENALTY on CAR-B.Bell, False Start, 5 yards, enforced at CAR 46 - No Play.","note":"PENALTY","players":{"00-0028738":[{"sequence":1,"clubcode":"CAR","playerName":"B.Bell","statId":93,"yards":5}]}},"2146":{"sp":0,"qtr":3,"down":1,"time":"10:23","yrdln":"CAR 41","ydstogo":15,"ydsnet":25,"posteam":"CAR","desc":"(10:23) (Shotgun) J.Stewart left guard to CAR 45 for 4 yards (V.Walker).","note":null,"players":{"00-0026153":[{"sequence":1,"clubcode":"CAR","playerName":"J.Stewart","statId":10,"yards":4}],"00-0026942":[{"sequence":2,"clubcode":"ATL","playerName":"V.Walker","statId":79,"yards":0}]}},"2167":{"sp":0,"qtr":3,"down":2,"time":"09:40","yrdln":"CAR 45","ydstogo":11,"ydsnet":35,"posteam":"CAR","desc":"(9:40) (Shotgun) C.Newton pass short middle to G.Olsen to ATL 45 for 10 yards (J.Babineaux; W.Moore).","note":null,"players":{"00-0025418":[{"sequence":3,"clubcode":"CAR","playerName":"G.Olsen","statId":21,"yards":10},{"sequence":4,"clubcode":"CAR","playerName":"G.Olsen","statId":115,"yards":0},{"sequence":5,"clubcode":"CAR","playerName":"G.Olsen","statId":113,"yards":4}],"00-0023494":[{"sequence":6,"clubcode":"ATL","playerName":"J.Babineaux","statId":82,"yards":0}],"00-0027031":[{"sequence":7,"clubcode":"ATL","playerName":"W.Moore","statId":82,"yards":0}],"00-0027939":[{"sequence":1,"clubcode":"CAR","playerName":"C.Newton","statId":15,"yards":10},{"sequence":2,"clubcode":"CAR","playerName":"C.Newton","statId":111,"yards":6}]}},"2191":{"sp":0,"qtr":3,"down":3,"time":"08:53","yrdln":"ATL 45","ydstogo":1,"ydsnet":46,"posteam":"CAR","desc":"(8:53) (Shotgun) J.Stewart up the middle to ATL 34 for 11 yards (T.DeCoud).","note":null,"players":{"00-0026153":[{"sequence":3,"clubcode":"CAR","playerName":"J.Stewart","statId":10,"yards":11}],"0":[{"sequence":1,"clubcode":"CAR","playerName":"","statId":3,"yards":0},{"sequence":2,"clubcode":"CAR","playerName":"","statId":6,"yards":0}],"00-0026238":[{"sequence":4,"clubcode":"ATL","playerName":"T.DeCoud","statId":79,"yards":0}]}},"2212":{"sp":0,"qtr":3,"down":1,"time":"08:11","yrdln":"ATL 34","ydstogo":10,"ydsnet":61,"posteam":"CAR","desc":"(8:11) C.Newton pass short right to J.Shockey to ATL 19 for 15 yards (T.DeCoud).","note":null,"players":{"00-0021148":[{"sequence":4,"clubcode":"CAR","playerName":"J.Shockey","statId":21,"yards":15},{"sequence":5,"clubcode":"CAR","playerName":"J.Shockey","statId":115,"yards":0},{"sequence":6,"clubcode":"CAR","playerName":"J.Shockey","statId":113,"yards":2}],"0":[{"sequence":1,"clubcode":"CAR","playerName":"","statId":4,"yards":0}],"00-0026238":[{"sequence":7,"clubcode":"ATL","playerName":"T.DeCoud","statId":79,"yards":0}],"00-0027939":[{"sequence":2,"clubcode":"CAR","playerName":"C.Newton","statId":15,"yards":15},{"sequence":3,"clubcode":"CAR","playerName":"C.Newton","statId":111,"yards":13}]}},"2236":{"sp":0,"qtr":3,"down":1,"time":"07:23","yrdln":"ATL 19","ydstogo":10,"ydsnet":61,"posteam":"CAR","desc":"(7:23) C.Newton pass incomplete short right to G.Olsen.","note":null,"players":{"00-0025418":[{"sequence":2,"clubcode":"CAR","playerName":"G.Olsen","statId":115,"yards":0}],"00-0027939":[{"sequence":1,"clubcode":"CAR","playerName":"C.Newton","statId":14,"yards":0},{"sequence":3,"clubcode":"CAR","playerName":"C.Newton","statId":112,"yards":7}]}},"2258":{"sp":0,"qtr":3,"down":2,"time":"07:20","yrdln":"ATL 19","ydstogo":10,"ydsnet":66,"posteam":"CAR","desc":"(7:20) (Shotgun) J.Stewart up the middle to ATL 14 for 5 yards (T.DeCoud).","note":null,"players":{"00-0026153":[{"sequence":1,"clubcode":"CAR","playerName":"J.Stewart","statId":10,"yards":5}],"00-0026238":[{"sequence":2,"clubcode":"ATL","playerName":"T.DeCoud","statId":79,"yards":0}]}},"2279":{"sp":1,"qtr":3,"down":3,"time":"06:36","yrdln":"ATL 14","ydstogo":5,"ydsnet":80,"posteam":"CAR","desc":"(6:36) (Shotgun) C.Newton scrambles left end for 14 yards, TOUCHDOWN.","note":"TD","players":{"0":[{"sequence":1,"clubcode":"CAR","playerName":"","statId":3,"yards":0},{"sequence":2,"clubcode":"CAR","playerName":"","statId":6,"yards":0}],"00-0027939":[{"sequence":3,"clubcode":"CAR","playerName":"C.Newton","statId":11,"yards":14}]}},"2296":{"sp":1,"qtr":3,"down":0,"time":"06:28","yrdln":"ATL 2","ydstogo":0,"ydsnet":80,"posteam":"CAR","desc":"O.Mare extra point is GOOD, Center-J.Jansen, Holder-J.Baker.","note":"XP","players":{"00-0010373":[{"sequence":1,"clubcode":"CAR","playerName":"O.Mare","statId":72,"yards":0}]}}},"fds":5,"result":"Touchdown","penyds":-5,"ydsgained":85,"numplays":16,"postime":"8:32","start":{"qtr":3,"time":"15:00","yrdln":"CAR 20","team":"CAR"},"end":{"qtr":3,"time":"06:28","yrdln":"ATL 14","team":"CAR"}},"9":{"posteam":"ATL","qtr":3,"redzone":true,"plays":{"2312":{"sp":0,"qtr":3,"down":0,"time":"06:28","yrdln":"CAR 35","ydstogo":0,"ydsnet":0,"posteam":"CAR","desc":"O.Mare kicks 65 yards from CAR 35 to end zone, Touchback.","note":"KICKOFF","players":{"0":[{"sequence":2,"clubcode":"ATL","playerName":"","statId":51,"yards":0}],"00-0010373":[{"sequence":1,"clubcode":"CAR","playerName":"O.Mare","statId":44,"yards":65}]}},"2326":{"sp":0,"qtr":3,"down":1,"time":"06:28","yrdln":"ATL 20","ydstogo":10,"ydsnet":1,"posteam":"ATL","desc":"(6:28) M.Turner up the middle to ATL 21 for 1 yard (C.Johnson).","note":null,"players":{"00-0022821":[{"sequence":1,"clubcode":"ATL","playerName":"M.Turner","statId":10,"yards":1}],"00-0025470":[{"sequence":2,"clubcode":"CAR","playerName":"C.Johnson","statId":79,"yards":0}]}},"2347":{"sp":0,"qtr":3,"down":2,"time":"05:53","yrdln":"ATL 21","ydstogo":9,"ydsnet":14,"posteam":"ATL","desc":"(5:53) M.Ryan pass short right to T.Gonzalez to ATL 34 for 13 yards (D.Connor).","note":null,"players":{"00-0026143":[{"sequence":2,"clubcode":"ATL","playerName":"M.Ryan","statId":15,"yards":13},{"sequence":3,"clubcode":"ATL","playerName":"M.Ryan","statId":111,"yards":5}],"00-0006101":[{"sequence":4,"clubcode":"ATL","playerName":"T.Gonzalez","statId":21,"yards":13},{"sequence":5,"clubcode":"ATL","playerName":"T.Gonzalez","statId":115,"yards":0},{"sequence":6,"clubcode":"ATL","playerName":"T.Gonzalez","statId":113,"yards":8}],"00-0026214":[{"sequence":7,"clubcode":"CAR","playerName":"D.Connor","statId":79,"yards":0}],"0":[{"sequence":1,"clubcode":"ATL","playerName":"","statId":4,"yards":0}]}},"2371":{"sp":0,"qtr":3,"down":1,"time":"05:21","yrdln":"ATL 34","ydstogo":10,"ydsnet":14,"posteam":"ATL","desc":"(5:21) M.Turner right guard to ATL 34 for no gain (G.Hardy).","note":null,"players":{"00-0022821":[{"sequence":1,"clubcode":"ATL","playerName":"M.Turner","statId":10,"yards":0}],"00-0027774":[{"sequence":2,"clubcode":"CAR","playerName":"G.Hardy","statId":79,"yards":0}]}},"2392":{"sp":0,"qtr":3,"down":2,"time":"04:41","yrdln":"ATL 34","ydstogo":10,"ydsnet":18,"posteam":"ATL","desc":"(4:41) M.Ryan scrambles right tackle to ATL 38 for 4 yards (A.Applewhite).","note":null,"players":{"00-0026143":[{"sequence":1,"clubcode":"ATL","playerName":"M.Ryan","statId":10,"yards":4}],"00-0024734":[{"sequence":2,"clubcode":"CAR","playerName":"A.Applewhite","statId":79,"yards":0}]}},"2413":{"sp":0,"qtr":3,"down":3,"time":"04:06","yrdln":"ATL 38","ydstogo":6,"ydsnet":18,"posteam":"ATL","desc":"(4:06) (Shotgun) M.Ryan pass incomplete short middle to R.White [A.Applewhite].","note":null,"players":{"00-0026143":[{"sequence":2,"clubcode":"ATL","playerName":"M.Ryan","statId":14,"yards":0},{"sequence":5,"clubcode":"ATL","playerName":"M.Ryan","statId":112,"yards":7}],"0":[{"sequence":1,"clubcode":"ATL","playerName":"","statId":7,"yards":0}],"00-0024734":[{"sequence":4,"clubcode":"CAR","playerName":"A.Applewhite","statId":110,"yards":0}],"00-0023462":[{"sequence":3,"clubcode":"ATL","playerName":"R.White","statId":115,"yards":0}]}},"2435":{"sp":0,"qtr":3,"down":4,"time":"04:01","yrdln":"ATL 38","ydstogo":6,"ydsnet":18,"posteam":"ATL","desc":"(4:01) M.Bosher punts 46 yards to CAR 16, Center-J.Zelenka. A.Edwards to CAR 16 for no gain (S.Schillinger; J.Snelling).","note":"PUNT","players":{"00-0028130":[{"sequence":1,"clubcode":"ATL","playerName":"M.Bosher","statId":29,"yards":46},{"sequence":3,"clubcode":"ATL","playerName":"M.Bosher","statId":30,"yards":0}],"00-0027770":[{"sequence":4,"clubcode":"ATL","playerName":"S.Schillinger","statId":82,"yards":0}],"00-0025631":[{"sequence":5,"clubcode":"ATL","playerName":"J.Snelling","statId":82,"yards":0}],"00-0027692":[{"sequence":2,"clubcode":"CAR","playerName":"A.Edwards","statId":33,"yards":0}]}}},"fds":1,"result":"Punt","penyds":0,"ydsgained":18,"numplays":7,"postime":"2:38","start":{"qtr":3,"time":"06:28","yrdln":"ATL 20","team":"ATL"},"end":{"qtr":3,"time":"03:50","yrdln":"ATL 38","team":"ATL"}},"10":{"posteam":"CAR","qtr":3,"redzone":true,"plays":{"2460":{"sp":0,"qtr":3,"down":1,"time":"03:50","yrdln":"CAR 16","ydstogo":10,"ydsnet":0,"posteam":"CAR","desc":"(3:50) C.Newton pass incomplete short right to J.Shockey (W.Moore) [J.Abraham].","note":null,"players":{"00-0019546":[{"sequence":4,"clubcode":"ATL","playerName":"J.Abraham","statId":110,"yards":0}],"00-0021148":[{"sequence":2,"clubcode":"CAR","playerName":"J.Shockey","statId":115,"yards":0}],"00-0027031":[{"sequence":3,"clubcode":"ATL","playerName":"W.Moore","statId":85,"yards":0}],"00-0027939":[{"sequence":1,"clubcode":"CAR","playerName":"C.Newton","statId":14,"yards":0},{"sequence":5,"clubcode":"CAR","playerName":"C.Newton","statId":112,"yards":10}]}},"2482":{"sp":0,"qtr":3,"down":2,"time":"03:43","yrdln":"CAR 16","ydstogo":10,"ydsnet":1,"posteam":"CAR","desc":"(3:43) D.Williams up the middle to CAR 17 for 1 yard (M.Peterson; C.Peters).","note":null,"players":{"00-0024242":[{"sequence":1,"clubcode":"CAR","playerName":"D.Williams","statId":10,"yards":1}],"00-0027686":[{"sequence":3,"clubcode":"ATL","playerName":"C.Peters","statId":82,"yards":0}],"00-0012871":[{"sequence":2,"clubcode":"ATL","playerName":"M.Peterson","statId":82,"yards":0}]}},"2503":{"sp":0,"qtr":3,"down":3,"time":"02:59","yrdln":"CAR 17","ydstogo":9,"ydsnet":-7,"posteam":"CAR","desc":"(2:59) (Shotgun) C.Newton sacked at CAR 9 for -8 yards (R.Edwards).","note":null,"players":{"0":[{"sequence":1,"clubcode":"CAR","playerName":"","statId":7,"yards":0}],"00-0024342":[{"sequence":3,"clubcode":"ATL","playerName":"R.Edwards","statId":83,"yards":-8},{"sequence":4,"clubcode":"ATL","playerName":"R.Edwards","statId":110,"yards":0},{"sequence":5,"clubcode":"ATL","playerName":"R.Edwards","statId":79,"yards":0},{"sequence":6,"clubcode":"ATL","playerName":"R.Edwards","statId":120,"yards":0}],"00-0027939":[{"sequence":2,"clubcode":"CAR","playerName":"C.Newton","statId":20,"yards":-8}]}},"2525":{"sp":0,"qtr":3,"down":4,"time":"02:38","yrdln":"CAR 9","ydstogo":17,"ydsnet":-7,"posteam":"CAR","desc":"(2:38) J.Baker punts 40 yards to CAR 49, Center-J.Jansen, fair catch by E.Weems.","note":"PUNT","players":{"00-0019921":[{"sequence":1,"clubcode":"CAR","playerName":"J.Baker","statId":29,"yards":40}],"00-0024535":[{"sequence":2,"clubcode":"ATL","playerName":"E.Weems","statId":39,"yards":0}]}}},"fds":0,"result":"Punt","penyds":0,"ydsgained":-7,"numplays":4,"postime":"1:20","start":{"qtr":3,"time":"03:50","yrdln":"CAR 16","team":"CAR"},"end":{"qtr":3,"time":"02:30","yrdln":"CAR 9","team":"CAR"}},"11":{"posteam":"ATL","qtr":4,"redzone":true,"plays":{"2544":{"sp":0,"qtr":3,"down":1,"time":"02:30","yrdln":"CAR 49","ydstogo":10,"ydsnet":0,"posteam":"ATL","desc":"(2:30) M.Ryan pass incomplete short middle to M.Turner (C.Johnson).","note":null,"players":{"00-0022821":[{"sequence":2,"clubcode":"ATL","playerName":"M.Turner","statId":115,"yards":0}],"00-0026143":[{"sequence":1,"clubcode":"ATL","playerName":"M.Ryan","statId":14,"yards":0},{"sequence":4,"clubcode":"ATL","playerName":"M.Ryan","statId":112,"yards":3}],"00-0025470":[{"sequence":3,"clubcode":"CAR","playerName":"C.Johnson","statId":85,"yards":0}]}},"2566":{"sp":0,"qtr":3,"down":2,"time":"02:25","yrdln":"CAR 49","ydstogo":10,"ydsnet":14,"posteam":"ATL","desc":"(2:25) M.Turner right end pushed ob at CAR 35 for 14 yards (C.Godfrey).","note":null,"players":{"00-0026207":[{"sequence":3,"clubcode":"CAR","playerName":"C.Godfrey","statId":79,"yards":0}],"00-0022821":[{"sequence":2,"clubcode":"ATL","playerName":"M.Turner","statId":10,"yards":14}],"0":[{"sequence":1,"clubcode":"ATL","playerName":"","statId":3,"yards":0}]}},"2587":{"sp":0,"qtr":3,"down":1,"time":"01:48","yrdln":"CAR 35","ydstogo":10,"ydsnet":17,"posteam":"ATL","desc":"(1:48) M.Turner left end to CAR 32 for 3 yards (D.Connor).","note":null,"players":{"00-0022821":[{"sequence":1,"clubcode":"ATL","playerName":"M.Turner","statId":10,"yards":3}],"00-0026214":[{"sequence":2,"clubcode":"CAR","playerName":"D.Connor","statId":79,"yards":0}]}},"2608":{"sp":0,"qtr":3,"down":2,"time":"01:05","yrdln":"CAR 32","ydstogo":7,"ydsnet":41,"posteam":"ATL","desc":"(1:05) M.Turner left end pushed ob at CAR 8 for 24 yards (J.Anderson).","note":null,"players":{"00-0022821":[{"sequence":2,"clubcode":"ATL","playerName":"M.Turner","statId":10,"yards":24}],"00-0024303":[{"sequence":3,"clubcode":"CAR","playerName":"J.Anderson","statId":79,"yards":0}],"0":[{"sequence":1,"clubcode":"ATL","playerName":"","statId":3,"yards":0}]}},"2629":{"sp":0,"qtr":3,"down":0,"time":"00:29","yrdln":"","ydstogo":0,"ydsnet":41,"posteam":"","desc":"Timeout #1 by ATL at 00:29.","note":"TIMEOUT","players":{"0":[{"sequence":1,"clubcode":"ATL","playerName":"","statId":68,"yards":0}]}},"2646":{"sp":0,"qtr":3,"down":1,"time":"00:29","yrdln":"CAR 8","ydstogo":8,"ydsnet":41,"posteam":"ATL","desc":"(:29) M.Turner right guard to CAR 8 for no gain (D.Connor; T.McClain).","note":null,"players":{"00-0022821":[{"sequence":1,"clubcode":"ATL","playerName":"M.Turner","statId":10,"yards":0}],"00-0028003":[{"sequence":3,"clubcode":"CAR","playerName":"T.McClain","statId":82,"yards":0}],"00-0026214":[{"sequence":2,"clubcode":"CAR","playerName":"D.Connor","statId":82,"yards":0}]}},"2667":{"sp":0,"qtr":3,"down":0,"time":"","yrdln":"","ydstogo":0,"ydsnet":41,"posteam":"","desc":"END QUARTER 3","note":null,"players":{}},"2683":{"sp":0,"qtr":4,"down":2,"time":"15:00","yrdln":"CAR 8","ydstogo":8,"ydsnet":47,"posteam":"ATL","desc":"(15:00) M.Ryan pass short right to J.Rodgers pushed ob at CAR 2 for 6 yards (J.Pugh).","note":null,"players":{"00-0028083":[{"sequence":3,"clubcode":"ATL","playerName":"J.Rodgers","statId":21,"yards":6},{"sequence":4,"clubcode":"ATL","playerName":"J.Rodgers","statId":115,"yards":0},{"sequence":5,"clubcode":"ATL","playerName":"J.Rodgers","statId":113,"yards":4}],"00-0027799":[{"sequence":6,"clubcode":"CAR","playerName":"J.Pugh","statId":79,"yards":0}],"00-0026143":[{"sequence":1,"clubcode":"ATL","playerName":"M.Ryan","statId":15,"yards":6},{"sequence":2,"clubcode":"ATL","playerName":"M.Ryan","statId":111,"yards":2}]}},"2712":{"sp":0,"qtr":4,"down":3,"time":"14:31","yrdln":"CAR 2","ydstogo":2,"ydsnet":43,"posteam":"ATL","desc":"(14:31) (Shotgun) M.Ryan sacked at CAR 6 for -4 yards (C.Johnson).","note":null,"players":{"00-0026143":[{"sequence":2,"clubcode":"ATL","playerName":"M.Ryan","statId":20,"yards":-4}],"0":[{"sequence":1,"clubcode":"ATL","playerName":"","statId":7,"yards":0}],"00-0025470":[{"sequence":3,"clubcode":"CAR","playerName":"C.Johnson","statId":83,"yards":-4},{"sequence":4,"clubcode":"CAR","playerName":"C.Johnson","statId":110,"yards":0},{"sequence":5,"clubcode":"CAR","playerName":"C.Johnson","statId":79,"yards":0},{"sequence":6,"clubcode":"CAR","playerName":"C.Johnson","statId":120,"yards":0}]}},"2731":{"sp":0,"qtr":4,"down":0,"time":"14:16","yrdln":"","ydstogo":0,"ydsnet":43,"posteam":"","desc":"Timeout #1 by CAR at 14:16.","note":"TIMEOUT","players":{"0":[{"sequence":1,"clubcode":"CAR","playerName":"","statId":68,"yards":0}]}},"2754":{"sp":1,"qtr":4,"down":4,"time":"14:15","yrdln":"CAR 6","ydstogo":6,"ydsnet":43,"posteam":"ATL","desc":"(14:15) M.Bryant 24 yard field goal is GOOD, Center-J.Zelenka, Holder-M.Bosher.","note":"FG","players":{"00-0020578":[{"sequence":1,"clubcode":"ATL","playerName":"M.Bryant","statId":70,"yards":24}]}}},"fds":2,"result":"Field Goal","penyds":0,"ydsgained":43,"numplays":11,"postime":"3:18","start":{"qtr":3,"time":"02:30","yrdln":"CAR 49","team":"ATL"},"end":{"qtr":3,"time":"14:12","yrdln":"CAR 6","team":"ATL"}},"12":{"posteam":"CAR","qtr":4,"redzone":true,"plays":{"2773":{"sp":0,"qtr":4,"down":0,"time":"14:12","yrdln":"ATL 35","ydstogo":0,"ydsnet":0,"posteam":"ATL","desc":"M.Bosher kicks 65 yards from ATL 35 to end zone, Touchback.","note":"KICKOFF","players":{"00-0028130":[{"sequence":1,"clubcode":"ATL","playerName":"M.Bosher","statId":44,"yards":65}],"0":[{"sequence":2,"clubcode":"CAR","playerName":"","statId":51,"yards":0}]}},"2791":{"sp":0,"qtr":4,"down":1,"time":"14:12","yrdln":"CAR 20","ydstogo":10,"ydsnet":-9,"posteam":"CAR","desc":"(14:12) D.Williams left end to CAR 29 for 9 yards (C.Lofton). PENALTY on CAR-L.Naanee, Offensive Holding, 10 yards, enforced at CAR 21.","note":"PENALTY","players":{"00-0026177":[{"sequence":2,"clubcode":"ATL","playerName":"C.Lofton","statId":79,"yards":0}],"00-0025559":[{"sequence":3,"clubcode":"CAR","playerName":"L.Naanee","statId":93,"yards":10}],"00-0024242":[{"sequence":1,"clubcode":"CAR","playerName":"D.Williams","statId":10,"yards":1}]}},"2823":{"sp":0,"qtr":4,"down":1,"time":"13:50","yrdln":"CAR 11","ydstogo":19,"ydsnet":-5,"posteam":"CAR","desc":"(13:50) (Shotgun) J.Stewart left end to CAR 15 for 4 yards (S.Weatherspoon).","note":null,"players":{"00-0026153":[{"sequence":1,"clubcode":"CAR","playerName":"J.Stewart","statId":10,"yards":4}],"00-0027871":[{"sequence":2,"clubcode":"ATL","playerName":"S.Weatherspoon","statId":79,"yards":0}]}},"2844":{"sp":0,"qtr":4,"down":2,"time":"13:09","yrdln":"CAR 15","ydstogo":15,"ydsnet":-5,"posteam":"CAR","desc":"(13:09) (Shotgun) C.Newton pass incomplete deep left to S.Smith [K.Biermann].","note":null,"players":{"00-0020337":[{"sequence":2,"clubcode":"CAR","playerName":"S.Smith","statId":115,"yards":0}],"00-0026294":[{"sequence":3,"clubcode":"ATL","playerName":"K.Biermann","statId":110,"yards":0}],"00-0027939":[{"sequence":1,"clubcode":"CAR","playerName":"C.Newton","statId":14,"yards":0},{"sequence":4,"clubcode":"CAR","playerName":"C.Newton","statId":112,"yards":20}]}},"2866":{"sp":0,"qtr":4,"down":3,"time":"13:03","yrdln":"CAR 15","ydstogo":15,"ydsnet":7,"posteam":"CAR","desc":"(13:03) (Shotgun) C.Newton pass short left to J.Stewart to CAR 27 for 12 yards (W.Moore; T.DeCoud). Penalty on CAR-B.Bell, Offensive Holding, declined.","note":null,"players":{"00-0026153":[{"sequence":4,"clubcode":"CAR","playerName":"J.Stewart","statId":21,"yards":12},{"sequence":5,"clubcode":"CAR","playerName":"J.Stewart","statId":115,"yards":0},{"sequence":6,"clubcode":"CAR","playerName":"J.Stewart","statId":113,"yards":9}],"0":[{"sequence":1,"clubcode":"CAR","playerName":"","statId":7,"yards":0}],"00-0026238":[{"sequence":8,"clubcode":"ATL","playerName":"T.DeCoud","statId":82,"yards":0}],"00-0027031":[{"sequence":7,"clubcode":"ATL","playerName":"W.Moore","statId":82,"yards":0}],"00-0027939":[{"sequence":2,"clubcode":"CAR","playerName":"C.Newton","statId":15,"yards":12},{"sequence":3,"clubcode":"CAR","playerName":"C.Newton","statId":111,"yards":3}]}},"2901":{"sp":0,"qtr":4,"down":4,"time":"12:35","yrdln":"CAR 27","ydstogo":3,"ydsnet":7,"posteam":"CAR","desc":"(12:35) J.Baker punts 41 yards to ATL 32, Center-J.Jansen. E.Weems ran ob at ATL 40 for 8 yards (T.Williams).","note":"PUNT","players":{"00-0019921":[{"sequence":1,"clubcode":"CAR","playerName":"J.Baker","statId":29,"yards":41}],"00-0024535":[{"sequence":2,"clubcode":"ATL","playerName":"E.Weems","statId":33,"yards":8}],"00-0026295":[{"sequence":3,"clubcode":"CAR","playerName":"T.Williams","statId":79,"yards":0}]}}},"fds":0,"result":"Punt","penyds":-10,"ydsgained":17,"numplays":6,"postime":"1:47","start":{"qtr":4,"time":"14:12","yrdln":"CAR 20","team":"CAR"},"end":{"qtr":4,"time":"12:25","yrdln":"CAR 27","team":"CAR"}},"13":{"posteam":"ATL","qtr":4,"redzone":true,"plays":{"2931":{"sp":0,"qtr":4,"down":1,"time":"12:25","yrdln":"ATL 40","ydstogo":10,"ydsnet":8,"posteam":"ATL","desc":"(12:25) M.Ryan pass short middle to M.Turner to ATL 48 for 8 yards (G.Hardy; J.Anderson).","note":null,"players":{"00-0022821":[{"sequence":3,"clubcode":"ATL","playerName":"M.Turner","statId":21,"yards":8},{"sequence":4,"clubcode":"ATL","playerName":"M.Turner","statId":115,"yards":0},{"sequence":5,"clubcode":"ATL","playerName":"M.Turner","statId":113,"yards":5}],"00-0026143":[{"sequence":1,"clubcode":"ATL","playerName":"M.Ryan","statId":15,"yards":8},{"sequence":2,"clubcode":"ATL","playerName":"M.Ryan","statId":111,"yards":3}],"00-0024303":[{"sequence":7,"clubcode":"CAR","playerName":"J.Anderson","statId":82,"yards":0}],"00-0027774":[{"sequence":6,"clubcode":"CAR","playerName":"G.Hardy","statId":82,"yards":0}]}},"2955":{"sp":0,"qtr":4,"down":2,"time":"11:50","yrdln":"ATL 48","ydstogo":2,"ydsnet":4,"posteam":"ATL","desc":"(11:50) M.Turner left end to ATL 44 for -4 yards (C.Johnson).","note":null,"players":{"00-0022821":[{"sequence":1,"clubcode":"ATL","playerName":"M.Turner","statId":10,"yards":-4}],"0":[{"sequence":2,"clubcode":"ATL","playerName":"","statId":95,"yards":-4}],"00-0025470":[{"sequence":3,"clubcode":"CAR","playerName":"C.Johnson","statId":79,"yards":0},{"sequence":4,"clubcode":"CAR","playerName":"C.Johnson","statId":120,"yards":0}]}},"2976":{"sp":0,"qtr":4,"down":3,"time":"11:03","yrdln":"ATL 44","ydstogo":6,"ydsnet":15,"posteam":"ATL","desc":"(11:03) (Shotgun) M.Ryan pass short right to T.Gonzalez to CAR 45 for 11 yards (J.Anderson).","note":null,"players":{"00-0026143":[{"sequence":3,"clubcode":"ATL","playerName":"M.Ryan","statId":15,"yards":11},{"sequence":4,"clubcode":"ATL","playerName":"M.Ryan","statId":111,"yards":9}],"00-0024303":[{"sequence":8,"clubcode":"CAR","playerName":"J.Anderson","statId":79,"yards":0}],"00-0006101":[{"sequence":5,"clubcode":"ATL","playerName":"T.Gonzalez","statId":21,"yards":11},{"sequence":6,"clubcode":"ATL","playerName":"T.Gonzalez","statId":115,"yards":0},{"sequence":7,"clubcode":"ATL","playerName":"T.Gonzalez","statId":113,"yards":2}],"0":[{"sequence":1,"clubcode":"ATL","playerName":"","statId":4,"yards":0},{"sequence":2,"clubcode":"ATL","playerName":"","statId":6,"yards":0}]}},"3000":{"sp":0,"qtr":4,"down":1,"time":"10:16","yrdln":"CAR 45","ydstogo":10,"ydsnet":13,"posteam":"ATL","desc":"(10:16) M.Turner left tackle to CAR 47 for -2 yards (C.Munnerlyn).","note":null,"players":{"00-0022821":[{"sequence":1,"clubcode":"ATL","playerName":"M.Turner","statId":10,"yards":-2}],"0":[{"sequence":2,"clubcode":"ATL","playerName":"","statId":95,"yards":-2}],"00-0026944":[{"sequence":3,"clubcode":"CAR","playerName":"C.Munnerlyn","statId":79,"yards":0},{"sequence":4,"clubcode":"CAR","playerName":"C.Munnerlyn","statId":120,"yards":0}]}},"3021":{"sp":0,"qtr":4,"down":2,"time":"09:36","yrdln":"CAR 47","ydstogo":12,"ydsnet":13,"posteam":"ATL","desc":"(9:36) M.Ryan pass incomplete deep left to H.Douglas.","note":null,"players":{"00-0026143":[{"sequence":1,"clubcode":"ATL","playerName":"M.Ryan","statId":14,"yards":0},{"sequence":3,"clubcode":"ATL","playerName":"M.Ryan","statId":112,"yards":42}],"00-0026224":[{"sequence":2,"clubcode":"ATL","playerName":"H.Douglas","statId":115,"yards":0}]}},"3043":{"sp":0,"qtr":4,"down":3,"time":"09:29","yrdln":"CAR 47","ydstogo":12,"ydsnet":47,"posteam":"ATL","desc":"(9:29) (Shotgun) M.Ryan pass short right to H.Douglas to CAR 13 for 34 yards (J.Pugh) [G.Hardy].","note":null,"players":{"00-0027799":[{"sequence":9,"clubcode":"CAR","playerName":"J.Pugh","statId":79,"yards":0}],"00-0026143":[{"sequence":3,"clubcode":"ATL","playerName":"M.Ryan","statId":15,"yards":34},{"sequence":4,"clubcode":"ATL","playerName":"M.Ryan","statId":111,"yards":14}],"0":[{"sequence":1,"clubcode":"ATL","playerName":"","statId":4,"yards":0},{"sequence":2,"clubcode":"ATL","playerName":"","statId":6,"yards":0}],"00-0027774":[{"sequence":8,"clubcode":"CAR","playerName":"G.Hardy","statId":110,"yards":0}],"00-0026224":[{"sequence":5,"clubcode":"ATL","playerName":"H.Douglas","statId":21,"yards":34},{"sequence":6,"clubcode":"ATL","playerName":"H.Douglas","statId":115,"yards":0},{"sequence":7,"clubcode":"ATL","playerName":"H.Douglas","statId":113,"yards":20}]}},"3067":{"sp":0,"qtr":4,"down":1,"time":"08:42","yrdln":"CAR 13","ydstogo":10,"ydsnet":47,"posteam":"ATL","desc":"(8:42) M.Ryan pass incomplete short left to M.Turner [T.McClain].","note":null,"players":{"00-0022821":[{"sequence":2,"clubcode":"ATL","playerName":"M.Turner","statId":115,"yards":0}],"00-0028003":[{"sequence":3,"clubcode":"CAR","playerName":"T.McClain","statId":110,"yards":0}],"00-0026143":[{"sequence":1,"clubcode":"ATL","playerName":"M.Ryan","statId":14,"yards":0},{"sequence":4,"clubcode":"ATL","playerName":"M.Ryan","statId":112,"yards":-1}]}},"3089":{"sp":0,"qtr":4,"down":2,"time":"08:37","yrdln":"CAR 13","ydstogo":10,"ydsnet":58,"posteam":"ATL","desc":"(8:37) M.Turner left end to CAR 2 for 11 yards (C.Godfrey).","note":null,"players":{"00-0026207":[{"sequence":3,"clubcode":"CAR","playerName":"C.Godfrey","statId":79,"yards":0}],"00-0022821":[{"sequence":2,"clubcode":"ATL","playerName":"M.Turner","statId":10,"yards":11}],"0":[{"sequence":1,"clubcode":"ATL","playerName":"","statId":3,"yards":0}]}},"3110":{"sp":0,"qtr":4,"down":1,"time":"07:55","yrdln":"CAR 2","ydstogo":2,"ydsnet":59,"posteam":"ATL","desc":"(7:55) M.Turner right end to CAR 1 for 1 yard (A.Applewhite).","note":null,"players":{"00-0022821":[{"sequence":1,"clubcode":"ATL","playerName":"M.Turner","statId":10,"yards":1}],"00-0024734":[{"sequence":2,"clubcode":"CAR","playerName":"A.Applewhite","statId":79,"yards":0}]}},"3131":{"sp":1,"qtr":4,"down":2,"time":"07:09","yrdln":"CAR 1","ydstogo":1,"ydsnet":60,"posteam":"ATL","desc":"(7:09) M.Ryan left guard for 1 yard, TOUCHDOWN. The Replay Assistant challenged the runner broke the plane ruling, and the play was Upheld.","note":"TD","players":{"00-0026143":[{"sequence":2,"clubcode":"ATL","playerName":"M.Ryan","statId":11,"yards":1}],"0":[{"sequence":1,"clubcode":"ATL","playerName":"","statId":3,"yards":0}]}},"3148":{"sp":1,"qtr":4,"down":0,"time":"07:00","yrdln":"CAR 2","ydstogo":0,"ydsnet":60,"posteam":"ATL","desc":"M.Bryant extra point is GOOD, Center-J.Zelenka, Holder-M.Bosher.","note":"XP","players":{"00-0020578":[{"sequence":1,"clubcode":"ATL","playerName":"M.Bryant","statId":72,"yards":0}]}}},"fds":4,"result":"Touchdown","penyds":0,"ydsgained":60,"numplays":11,"postime":"5:25","start":{"qtr":4,"time":"12:25","yrdln":"ATL 40","team":"ATL"},"end":{"qtr":4,"time":"07:00","yrdln":"CAR 1","team":"ATL"}},"14":{"posteam":"CAR","qtr":4,"redzone":true,"plays":{"3190":{"sp":0,"qtr":4,"down":0,"time":"07:00","yrdln":"ATL 35","ydstogo":0,"ydsnet":0,"posteam":"ATL","desc":"M.Bosher kicks 63 yards from ATL 35 to CAR 2. K.Pilares to CAR 23 for 21 yards (K.Hayden).","note":"KICKOFF","players":{"00-0023495":[{"sequence":3,"clubcode":"ATL","playerName":"K.Hayden","statId":79,"yards":0}],"00-0028070":[{"sequence":2,"clubcode":"CAR","playerName":"K.Pilares","statId":45,"yards":21}],"00-0028130":[{"sequence":1,"clubcode":"ATL","playerName":"M.Bosher","statId":41,"yards":63}]}},"3212":{"sp":0,"qtr":4,"down":1,"time":"06:54","yrdln":"CAR 23","ydstogo":10,"ydsnet":18,"posteam":"CAR","desc":"(6:54) D.Williams up the middle to CAR 41 for 18 yards (J.Abraham).","note":null,"players":{"00-0019546":[{"sequence":3,"clubcode":"ATL","playerName":"J.Abraham","statId":79,"yards":0}],"0":[{"sequence":1,"clubcode":"CAR","playerName":"","statId":3,"yards":0}],"00-0024242":[{"sequence":2,"clubcode":"CAR","playerName":"D.Williams","statId":10,"yards":18}]}},"3233":{"sp":0,"qtr":4,"down":1,"time":"06:16","yrdln":"CAR 41","ydstogo":10,"ydsnet":18,"posteam":"CAR","desc":"(6:16) C.Newton pass short left intended for D.Williams INTERCEPTED by C.Peters at CAR 40. C.Peters to CAR 39 for 1 yard (B.Bell).","note":"INT","players":{"00-0028738":[{"sequence":6,"clubcode":"CAR","playerName":"B.Bell","statId":79,"yards":0}],"00-0024242":[{"sequence":2,"clubcode":"CAR","playerName":"D.Williams","statId":115,"yards":0}],"00-0027686":[{"sequence":4,"clubcode":"ATL","playerName":"C.Peters","statId":25,"yards":1},{"sequence":5,"clubcode":"ATL","playerName":"C.Peters","statId":85,"yards":0}],"00-0027939":[{"sequence":1,"clubcode":"CAR","playerName":"C.Newton","statId":19,"yards":0},{"sequence":3,"clubcode":"CAR","playerName":"C.Newton","statId":112,"yards":-1}]}}},"fds":1,"result":"Interception","penyds":0,"ydsgained":18,"numplays":3,"postime":"0:54","start":{"qtr":4,"time":"07:00","yrdln":"CAR 23","team":"CAR"},"end":{"qtr":4,"time":"06:06","yrdln":"CAR 41","team":"CAR"}},"15":{"posteam":"ATL","qtr":4,"redzone":true,"plays":{"3259":{"sp":0,"qtr":4,"down":1,"time":"06:06","yrdln":"CAR 39","ydstogo":10,"ydsnet":7,"posteam":"ATL","desc":"(6:06) M.Turner right tackle to CAR 32 for 7 yards (J.Anderson).","note":null,"players":{"00-0022821":[{"sequence":1,"clubcode":"ATL","playerName":"M.Turner","statId":10,"yards":7}],"00-0024303":[{"sequence":2,"clubcode":"CAR","playerName":"J.Anderson","statId":79,"yards":0}]}},"3280":{"sp":0,"qtr":4,"down":2,"time":"05:22","yrdln":"CAR 32","ydstogo":3,"ydsnet":13,"posteam":"ATL","desc":"(5:22) M.Turner right end pushed ob at CAR 26 for 6 yards (C.Gamble).","note":null,"players":{"00-0022821":[{"sequence":2,"clubcode":"ATL","playerName":"M.Turner","statId":10,"yards":6}],"00-0022914":[{"sequence":3,"clubcode":"CAR","playerName":"C.Gamble","statId":79,"yards":0}],"0":[{"sequence":1,"clubcode":"ATL","playerName":"","statId":3,"yards":0}]}},"3306":{"sp":0,"qtr":4,"down":1,"time":"04:40","yrdln":"CAR 26","ydstogo":10,"ydsnet":23,"posteam":"ATL","desc":"(4:40) M.Turner right end to CAR 16 for 10 yards (J.Anderson; J.Williams).","note":null,"players":{"00-0022821":[{"sequence":2,"clubcode":"ATL","playerName":"M.Turner","statId":10,"yards":10}],"00-0024303":[{"sequence":3,"clubcode":"CAR","playerName":"J.Anderson","statId":82,"yards":0}],"00-0027043":[{"sequence":4,"clubcode":"CAR","playerName":"J.Williams","statId":82,"yards":0}],"0":[{"sequence":1,"clubcode":"ATL","playerName":"","statId":3,"yards":0}]}},"3327":{"sp":0,"qtr":4,"down":1,"time":"03:53","yrdln":"CAR 16","ydstogo":10,"ydsnet":25,"posteam":"ATL","desc":"(3:53) M.Turner left tackle to CAR 14 for 2 yards (R.Fields).","note":null,"players":{"00-0022821":[{"sequence":1,"clubcode":"ATL","playerName":"M.Turner","statId":10,"yards":2}],"00-0023571":[{"sequence":2,"clubcode":"CAR","playerName":"R.Fields","statId":79,"yards":0}]}},"3348":{"sp":0,"qtr":4,"down":2,"time":"03:09","yrdln":"CAR 14","ydstogo":8,"ydsnet":27,"posteam":"ATL","desc":"(3:09) J.Snelling right guard to CAR 12 for 2 yards (D.Connor).","note":null,"players":{"00-0025631":[{"sequence":1,"clubcode":"ATL","playerName":"J.Snelling","statId":10,"yards":2}],"00-0026214":[{"sequence":2,"clubcode":"CAR","playerName":"D.Connor","statId":79,"yards":0}]}},"3369":{"sp":0,"qtr":4,"down":0,"time":"03:02","yrdln":"","ydstogo":0,"ydsnet":27,"posteam":"","desc":"Timeout #2 by CAR at 03:02.","note":"TIMEOUT","players":{"0":[{"sequence":1,"clubcode":"CAR","playerName":"","statId":68,"yards":0}]}},"3386":{"sp":0,"qtr":4,"down":3,"time":"03:02","yrdln":"CAR 12","ydstogo":6,"ydsnet":35,"posteam":"ATL","desc":"(3:02) M.Ryan pass short right to M.Palmer to CAR 4 for 8 yards (J.Hines).","note":null,"players":{"00-0026143":[{"sequence":3,"clubcode":"ATL","playerName":"M.Ryan","statId":15,"yards":8},{"sequence":4,"clubcode":"ATL","playerName":"M.Ryan","statId":111,"yards":-2}],"0":[{"sequence":1,"clubcode":"ATL","playerName":"","statId":4,"yards":0},{"sequence":2,"clubcode":"ATL","playerName":"","statId":6,"yards":0}],"00-0028096":[{"sequence":8,"clubcode":"CAR","playerName":"J.Hines","statId":79,"yards":0}],"00-0027202":[{"sequence":5,"clubcode":"ATL","playerName":"M.Palmer","statId":21,"yards":8},{"sequence":6,"clubcode":"ATL","playerName":"M.Palmer","statId":115,"yards":0},{"sequence":7,"clubcode":"ATL","playerName":"M.Palmer","statId":113,"yards":10}]}},"3410":{"sp":0,"qtr":4,"down":1,"time":"02:12","yrdln":"CAR 4","ydstogo":4,"ydsnet":37,"posteam":"ATL","desc":"(2:12) M.Turner left tackle to CAR 2 for 2 yards (C.Johnson).","note":null,"players":{"00-0022821":[{"sequence":1,"clubcode":"ATL","playerName":"M.Turner","statId":10,"yards":2}],"00-0025470":[{"sequence":2,"clubcode":"CAR","playerName":"C.Johnson","statId":79,"yards":0}]}},"3431":{"sp":0,"qtr":4,"down":0,"time":"02:00","yrdln":"","ydstogo":0,"ydsnet":37,"posteam":"","desc":"Two-Minute Warning","note":null,"players":{}},"3448":{"sp":1,"qtr":4,"down":2,"time":"02:00","yrdln":"CAR 2","ydstogo":2,"ydsnet":39,"posteam":"ATL","desc":"(2:00) M.Turner right guard for 2 yards, TOUCHDOWN.","note":"TD","players":{"00-0022821":[{"sequence":2,"clubcode":"ATL","playerName":"M.Turner","statId":11,"yards":2}],"0":[{"sequence":1,"clubcode":"ATL","playerName":"","statId":3,"yards":0}]}},"3465":{"sp":1,"qtr":4,"down":0,"time":"01:56","yrdln":"CAR 2","ydstogo":0,"ydsnet":39,"posteam":"ATL","desc":"M.Bryant extra point is GOOD, Center-J.Zelenka, Holder-M.Bosher.","note":"XP","players":{"00-0020578":[{"sequence":1,"clubcode":"ATL","playerName":"M.Bryant","statId":72,"yards":0}]}}},"fds":4,"result":"Touchdown","penyds":0,"ydsgained":39,"numplays":11,"postime":"4:10","start":{"qtr":4,"time":"06:06","yrdln":"CAR 39","team":"ATL"},"end":{"qtr":4,"time":"01:56","yrdln":"CAR 2","team":"ATL"}},"16":{"posteam":"CAR","qtr":4,"redzone":true,"plays":{"3481":{"sp":0,"qtr":4,"down":0,"time":"01:56","yrdln":"ATL 35","ydstogo":0,"ydsnet":0,"posteam":"ATL","desc":"M.Bosher kicks 65 yards from ATL 35 to CAR 0. K.Pilares pushed ob at CAR 22 for 22 yards (K.Hayden).","note":"KICKOFF","players":{"00-0023495":[{"sequence":3,"clubcode":"ATL","playerName":"K.Hayden","statId":79,"yards":0}],"00-0028070":[{"sequence":2,"clubcode":"CAR","playerName":"K.Pilares","statId":45,"yards":22}],"00-0028130":[{"sequence":1,"clubcode":"ATL","playerName":"M.Bosher","statId":43,"yards":65}]}},"3508":{"sp":0,"qtr":4,"down":1,"time":"01:50","yrdln":"CAR 22","ydstogo":10,"ydsnet":7,"posteam":"CAR","desc":"(1:50) C.Newton pass short left to G.Olsen ran ob at CAR 29 for 7 yards.","note":null,"players":{"00-0025418":[{"sequence":3,"clubcode":"CAR","playerName":"G.Olsen","statId":21,"yards":7},{"sequence":4,"clubcode":"CAR","playerName":"G.Olsen","statId":115,"yards":0},{"sequence":5,"clubcode":"CAR","playerName":"G.Olsen","statId":113,"yards":0}],"00-0027939":[{"sequence":1,"clubcode":"CAR","playerName":"C.Newton","statId":15,"yards":7},{"sequence":2,"clubcode":"CAR","playerName":"C.Newton","statId":111,"yards":7}]}},"3532":{"sp":0,"qtr":4,"down":2,"time":"01:44","yrdln":"CAR 29","ydstogo":3,"ydsnet":17,"posteam":"CAR","desc":"(1:44) (Shotgun) C.Newton pass short middle to G.Olsen to CAR 39 for 10 yards (S.Weatherspoon).","note":null,"players":{"00-0025418":[{"sequence":4,"clubcode":"CAR","playerName":"G.Olsen","statId":21,"yards":10},{"sequence":5,"clubcode":"CAR","playerName":"G.Olsen","statId":115,"yards":0},{"sequence":6,"clubcode":"CAR","playerName":"G.Olsen","statId":113,"yards":3}],"00-0027871":[{"sequence":7,"clubcode":"ATL","playerName":"S.Weatherspoon","statId":79,"yards":0}],"0":[{"sequence":1,"clubcode":"CAR","playerName":"","statId":4,"yards":0}],"00-0027939":[{"sequence":2,"clubcode":"CAR","playerName":"C.Newton","statId":15,"yards":10},{"sequence":3,"clubcode":"CAR","playerName":"C.Newton","statId":111,"yards":7}]}},"3556":{"sp":0,"qtr":4,"down":1,"time":"01:23","yrdln":"CAR 39","ydstogo":10,"ydsnet":17,"posteam":"CAR","desc":"(1:23) (Shotgun) C.Newton pass incomplete deep middle to G.Olsen (S.Weatherspoon) [R.Edwards].","note":null,"players":{"00-0025418":[{"sequence":2,"clubcode":"CAR","playerName":"G.Olsen","statId":115,"yards":0}],"00-0027871":[{"sequence":3,"clubcode":"ATL","playerName":"S.Weatherspoon","statId":85,"yards":0}],"00-0024342":[{"sequence":4,"clubcode":"ATL","playerName":"R.Edwards","statId":110,"yards":0}],"00-0027939":[{"sequence":1,"clubcode":"CAR","playerName":"C.Newton","statId":14,"yards":0},{"sequence":5,"clubcode":"CAR","playerName":"C.Newton","statId":112,"yards":16}]}},"3578":{"sp":0,"qtr":4,"down":2,"time":"01:17","yrdln":"CAR 39","ydstogo":10,"ydsnet":14,"posteam":"CAR","desc":"(1:17) (Shotgun) C.Newton pass deep right to S.Smith to ATL 36 for 25 yards (W.Moore). FUMBLES (W.Moore), ball out of bounds at ATL 37.","note":"FUMBLE","players":{"00-0020337":[{"sequence":4,"clubcode":"CAR","playerName":"S.Smith","statId":21,"yards":24},{"sequence":5,"clubcode":"CAR","playerName":"S.Smith","statId":115,"yards":0},{"sequence":6,"clubcode":"CAR","playerName":"S.Smith","statId":113,"yards":3},{"sequence":8,"clubcode":"CAR","playerName":"S.Smith","statId":52,"yards":0},{"sequence":9,"clubcode":"CAR","playerName":"S.Smith","statId":54,"yards":0}],"0":[{"sequence":1,"clubcode":"CAR","playerName":"","statId":4,"yards":0}],"00-0027031":[{"sequence":7,"clubcode":"ATL","playerName":"W.Moore","statId":79,"yards":0},{"sequence":10,"clubcode":"ATL","playerName":"W.Moore","statId":91,"yards":0}],"00-0027939":[{"sequence":2,"clubcode":"CAR","playerName":"C.Newton","statId":15,"yards":24},{"sequence":3,"clubcode":"CAR","playerName":"C.Newton","statId":111,"yards":21}]}},"3611":{"sp":0,"qtr":4,"down":1,"time":"00:41","yrdln":"ATL 37","ydstogo":10,"ydsnet":62,"posteam":"CAR","desc":"(:41) (Shotgun) C.Newton scrambles up the middle to ATL 36 for 1 yard (V.Walker).","note":null,"players":{"00-0026942":[{"sequence":2,"clubcode":"ATL","playerName":"V.Walker","statId":79,"yards":0}],"00-0027939":[{"sequence":1,"clubcode":"CAR","playerName":"C.Newton","statId":10,"yards":1}]}},"3632":{"sp":0,"qtr":4,"down":0,"time":"00:31","yrdln":"","ydstogo":0,"ydsnet":14,"posteam":"","desc":"Timeout #3 by CAR at 00:31.","note":"TIMEOUT","players":{"0":[{"sequence":1,"clubcode":"CAR","playerName":"","statId":68,"yards":0}]}},"3649":{"sp":0,"qtr":4,"down":2,"time":"00:30","yrdln":"ATL 36","ydstogo":9,"ydsnet":42,"posteam":"CAR","desc":"(:30) (Shotgun) C.Newton pass incomplete short left to G.Olsen.","note":null,"players":{"00-0025418":[{"sequence":2,"clubcode":"CAR","playerName":"G.Olsen","statId":115,"yards":0}],"00-0027939":[{"sequence":1,"clubcode":"CAR","playerName":"C.Newton","statId":14,"yards":0},{"sequence":3,"clubcode":"CAR","playerName":"C.Newton","statId":112,"yards":2}]}},"3671":{"sp":0,"qtr":4,"down":3,"time":"00:26","yrdln":"ATL 36","ydstogo":9,"ydsnet":50,"posteam":"CAR","desc":"(:26) (Shotgun) C.Newton pass short right to G.Olsen ran ob at ATL 28 for 8 yards.","note":null,"players":{"00-0025418":[{"sequence":4,"clubcode":"CAR","playerName":"G.Olsen","statId":21,"yards":8},{"sequence":5,"clubcode":"CAR","playerName":"G.Olsen","statId":115,"yards":0},{"sequence":6,"clubcode":"CAR","playerName":"G.Olsen","statId":113,"yards":1}],"0":[{"sequence":1,"clubcode":"CAR","playerName":"","statId":7,"yards":0}],"00-0027939":[{"sequence":2,"clubcode":"CAR","playerName":"C.Newton","statId":15,"yards":8},{"sequence":3,"clubcode":"CAR","playerName":"C.Newton","statId":111,"yards":7}]}},"3695":{"sp":0,"qtr":4,"down":4,"time":"00:19","yrdln":"ATL 28","ydstogo":1,"ydsnet":62,"posteam":"CAR","desc":"(:19) (Shotgun) C.Newton pass short middle to S.Smith to ATL 16 for 12 yards (C.Lofton).","note":null,"players":{"00-0026177":[{"sequence":8,"clubcode":"ATL","playerName":"C.Lofton","statId":79,"yards":0}],"00-0020337":[{"sequence":5,"clubcode":"CAR","playerName":"S.Smith","statId":21,"yards":12},{"sequence":6,"clubcode":"CAR","playerName":"S.Smith","statId":115,"yards":0},{"sequence":7,"clubcode":"CAR","playerName":"S.Smith","statId":113,"yards":6}],"0":[{"sequence":1,"clubcode":"CAR","playerName":"","statId":4,"yards":0},{"sequence":2,"clubcode":"CAR","playerName":"","statId":8,"yards":0}],"00-0027939":[{"sequence":3,"clubcode":"CAR","playerName":"C.Newton","statId":15,"yards":12},{"sequence":4,"clubcode":"CAR","playerName":"C.Newton","statId":111,"yards":6}]}},"3719":{"sp":0,"qtr":4,"down":1,"time":"00:13","yrdln":"ATL 16","ydstogo":10,"ydsnet":62,"posteam":"CAR","desc":"(:13) C.Newton spiked the ball to stop the clock.","note":null,"players":{"00-0027939":[{"sequence":1,"clubcode":"CAR","playerName":"C.Newton","statId":14,"yards":0},{"sequence":2,"clubcode":"CAR","playerName":"C.Newton","statId":112,"yards":0}]}},"3741":{"sp":0,"qtr":4,"down":2,"time":"00:04","yrdln":"ATL 16","ydstogo":10,"ydsnet":62,"posteam":"CAR","desc":"(:04) (Shotgun) C.Newton pass deep middle intended for J.Shockey INTERCEPTED by T.DeCoud at ATL -4. T.DeCoud to ATL 45 for 49 yards (J.Gross).","note":"INT","players":{"00-0022117":[{"sequence":6,"clubcode":"CAR","playerName":"J.Gross","statId":79,"yards":0}],"00-0021148":[{"sequence":2,"clubcode":"CAR","playerName":"J.Shockey","statId":115,"yards":0}],"00-0026238":[{"sequence":4,"clubcode":"ATL","playerName":"T.DeCoud","statId":25,"yards":49},{"sequence":5,"clubcode":"ATL","playerName":"T.DeCoud","statId":85,"yards":0}],"00-0027939":[{"sequence":1,"clubcode":"CAR","playerName":"C.Newton","statId":19,"yards":0},{"sequence":3,"clubcode":"CAR","playerName":"C.Newton","statId":112,"yards":16}]}}},"fds":3,"result":"Interception","penyds":0,"ydsgained":62,"numplays":12,"postime":"1:56","start":{"qtr":4,"time":"01:56","yrdln":"CAR 22","team":"CAR"},"end":{"qtr":4,"time":"00:00","yrdln":"","team":"CAR"}},"crntdrv":16},"scrsummary":{"565":{"type":"FG","desc":"O.Mare 42 yd. Field Goal Drive: 13 plays, 64 yards in 6:51","qtr":1,"team":"CAR","players":{"O.Mare":"00-0010373"}},"868":{"type":"TD","desc":"M.Turner 1 yd. run (M.Bryant kick is good) Drive: 7 plays, 81 yards in 4:54","qtr":1,"team":"ATL","players":{"M.Turner":"00-0022821","":"0","M.Bryant":"00-0020578"}},"1121":{"type":"TD","desc":"J.Stewart 1 yd. run (O.Mare kick is good) Drive: 9 plays, 81 yards in 4:47","qtr":2,"team":"CAR","players":{"":"0","J.Stewart":"00-0026153","O.Mare":"00-0010373"}},"1483":{"type":"TD","desc":"O.Mughelli 1 yd. pass from M.Ryan (M.Bryant kick is good) Drive: 12 plays, 80 yards in 6:24","qtr":2,"team":"ATL","players":{"":"0","M.Ryan":"00-0026143","O.Mughelli":"00-0022143","M.Bryant":"00-0020578"}},"2279":{"type":"TD","desc":"C.Newton 14 yd. run (O.Mare kick is good) Drive: 13 plays, 80 yards in 8:32","qtr":3,"team":"CAR","players":{"":"0","C.Newton":"00-0027939","O.Mare":"00-0010373"}},"2754":{"type":"FG","desc":"M.Bryant 24 yd. Field Goal Drive: 8 plays, 43 yards in 3:18","qtr":4,"team":"ATL","players":{"M.Bryant":"00-0020578"}},"3131":{"type":"TD","desc":"M.Ryan 1 yd. run (M.Bryant kick is good) Drive: 10 plays, 60 yards in 5:25","qtr":4,"team":"ATL","players":{"":"0","M.Ryan":"00-0026143","M.Bryant":"00-0020578"}},"3448":{"type":"TD","desc":"M.Turner 2 yd. run (M.Bryant kick is good) Drive: 8 plays, 39 yards in 4:10","qtr":4,"team":"ATL","players":{"":"0","M.Turner":"00-0022821","M.Bryant":"00-0020578"}}},"weather":null,"media":null,"yl":"","qtr":"Final","note":null,"down":0,"togo":0,"redzone":true,"clock":"00:00","posteam":"ATL","stadium":null},"nextupdate":206}