{"2011100910":{"home":{"score":{"1":7,"2":3,"3":0,"4":14,"5":0,"T":24},"abbr":"DEN","to":0,"stats":{"passing":{"00-0023541":{"name":"K.Orton","att":13,"cmp":6,"yds":34,"tds":0,"ints":1,"twopta":0,"twoptm":0},"00-0027876":{"name":"T.Tebow","att":10,"cmp":4,"yds":79,"tds":1,"ints":0,"twopta":1,"twoptm":0}},"rushing":{"00-0022178":{"name":"W.McGahee","att":16,"yds":125,"tds":0,"lng":28,"lngtd":0,"twopta":1,"twoptm":1},"00-0027876":{"name":"T.Tebow","att":6,"yds":38,"tds":1,"lng":12,"lngtd":12,"twopta":0,"twoptm":0},"00-0023541":{"name":"K.Orton","att":1,"yds":-1,"tds":0,"lng":-1,"lngtd":0,"twopta":0,"twoptm":0}},"receiving":{"00-0023752":{"name":"D.Fells","rec":3,"yds":47,"tds":0,"lng":31,"lngtd":0,"twopta":0,"twoptm":0},"00-0026988":{"name":"K.Moreno","rec":3,"yds":40,"tds":1,"lng":28,"lngtd":28,"twopta":0,"twoptm":0},"00-0027690":{"name":"E.Decker","rec":2,"yds":-4,"tds":0,"lng":0,"lngtd":0,"twopta":0,"twoptm":0},"00-0022097":{"name":"B.Lloyd","rec":1,"yds":20,"tds":0,"lng":20,"lngtd":0,"twopta":1,"twoptm":0},"00-0025542":{"name":"D.Rosario","rec":1,"yds":10,"tds":0,"lng":10,"lngtd":0,"twopta":0,"twoptm":0}},"fumbles":{"00-0021194":{"name":"A.Goodman","tot":0,"rcv":0,"trcv":1,"yds":0,"lost":0}},"kicking":{"00-0023853":{"name":"M.Prater","fgm":1,"fga":1,"fgyds":35,"totpfg":3,"xpmade":1,"xpmissed":0,"xpa":1,"xpb":0,"xptot":1}},"punting":{"00-0026516":{"name":"B.Colquitt","pts":6,"yds":322,"avg":43,"i20":1,"lng":60}},"kickret":{"00-0026716":{"name":"Q.Cosby","ret":1,"avg":28,"tds":0,"lng":28,"lngtd":0}},"puntret":{"00-0026716":{"name":"Q.Cosby","ret":2,"avg":18,"tds":0,"lng":22,"lngtd":0}},"defense":{"00-0026340":{"name":"J.Mays","tkl":8,"ast":1,"sk":0,"int":0,"ffum":0},"00-0022780":{"name":"D.Williams","tkl":7,"ast":2,"sk":1,"int":0,"ffum":0},"00-0025508":{"name":"M.Thomas","tkl":6,"ast":2,"sk":0,"int":0,"ffum":0},"00-0025828":{"name":"W.Woodyard","tkl":6,"ast":1,"sk":0,"int":0,"ffum":0},"00-0028046":{"name":"Q.Carter","tkl":5,"ast":0,"sk":0,"int":0,"ffum":0},"00-0000585":{"name":"C.Bailey","tkl":4,"ast":1,"sk":0,"int":0,"ffum":0},"00-0026994":{"name":"R.Ayers","tkl":3,"ast":2,"sk":1,"int":0,"ffum":1},"00-0021194":{"name":"A.Goodman","tkl":4,"ast":0,"sk":0,"int":0,"ffum":0},"00-0027290":{"name":"C.Vaughn","tkl":3,"ast":0,"sk":0,"int":1,"ffum":0},"00-0024341":{"name":"E.Dumervil","tkl":3,"ast":0,"sk":0,"int":0,"ffum":0},"00-0025519":{"name":"R.McBean","tkl":2,"ast":1,"sk":1,"int":0,"ffum":0},"00-0027983":{"name":"R.Moore","tkl":2,"ast":1,"sk":0,"int":0,"ffum":0},"00-0027940":{"name":"V.Miller","tkl":2,"ast":0,"sk":1,"int":0,"ffum":0},"00-0023890":{"name":"J.Hunter","tkl":2,"ast":0,"sk":0,"int":0,"ffum":0},"00-0022034":{"name":"M.Haggan","tkl":1,"ast":1,"sk":0,"int":0,"ffum":0},"00-0023648":{"name":"K.Vickerson","tkl":1,"ast":0,"sk":0,"int":0,"ffum":0},"00-0026148":{"name":"D.Harvey","tkl":0,"ast":1,"sk":0,"int":0,"ffum":0}},"team":{"totfd":13,"totyds":275,"pyds":113,"ryds":162,"pen":4,"penyds":53,"trnovr":1,"pt":6,"ptyds":322,"ptavg":43,"top":"19:52"}},"players":null},"away":{"score":{"1":6,"2":17,"3":0,"4":6,"5":0,"T":29},"abbr":"SD","to":1,"stats":{"passing":{"00-0022942":{"name":"P.Rivers","att":29,"cmp":18,"yds":250,"tds":1,"ints":1,"twopta":0,"twoptm":0}},"rushing":{"00-0027864":{"name":"R.Mathews","att":24,"yds":125,"tds":0,"lng":36,"lngtd":0,"twopta":0,"twoptm":0},"00-0026209":{"name":"J.Hester","att":11,"yds":47,"tds":0,"lng":16,"lngtd":0,"twopta":0,"twoptm":0},"00-0026069":{"name":"M.Tolbert","att":5,"yds":24,"tds":0,"lng":13,"lngtd":0,"twopta":0,"twoptm":0},"00-0022942":{"name":"P.Rivers","att":3,"yds":10,"tds":1,"lng":6,"lngtd":2,"twopta":0,"twoptm":0}},"receiving":{"00-0021236":{"name":"R.McMichael","rec":4,"yds":29,"tds":0,"lng":12,"lngtd":0,"twopta":0,"twoptm":0},"00-0022414":{"name":"M.Floyd","rec":3,"yds":100,"tds":1,"lng":42,"lngtd":42,"twopta":0,"twoptm":0},"00-0023496":{"name":"V.Jackson","rec":3,"yds":34,"tds":0,"lng":14,"lngtd":0,"twopta":0,"twoptm":0},"00-0026069":{"name":"M.Tolbert","rec":3,"yds":25,"tds":0,"lng":17,"lngtd":0,"twopta":0,"twoptm":0},"00-0026209":{"name":"J.Hester","rec":2,"yds":13,"tds":0,"lng":9,"lngtd":0,"twopta":0,"twoptm":0},"00-0026757":{"name":"K.Sperry","rec":1,"yds":32,"tds":0,"lng":32,"lngtd":0,"twopta":0,"twoptm":0},"00-0022766":{"name":"P.Crayton","rec":1,"yds":10,"tds":0,"lng":10,"lngtd":0,"twopta":0,"twoptm":0},"00-0027864":{"name":"R.Mathews","rec":1,"yds":7,"tds":0,"lng":7,"lngtd":0,"twopta":0,"twoptm":0}},"fumbles":{"00-0022942":{"name":"P.Rivers","tot":2,"rcv":1,"trcv":1,"yds":0,"lost":1}},"kicking":{"00-0023096":{"name":"N.Novak","fgm":5,"fga":5,"fgyds":51,"totpfg":15,"xpmade":2,"xpmissed":0,"xpa":2,"xpb":0,"xptot":2}},"punting":{"00-0022017":{"name":"M.Scifres","pts":3,"yds":147,"avg":37,"i20":1,"lng":57}},"kickret":{},"puntret":{"00-0022766":{"name":"P.Crayton","ret":5,"avg":13,"tds":0,"lng":29,"lngtd":0}},"defense":{"00-0015474":{"name":"T.Spikes","tkl":4,"ast":1,"sk":0,"int":0,"ffum":0},"00-0027682":{"name":"D.Butler","tkl":4,"ast":0,"sk":0,"int":1,"ffum":0},"00-0026167":{"name":"A.Cason","tkl":4,"ast":0,"sk":0,"int":0,"ffum":0},"00-0022723":{"name":"S.Phillips","tkl":3,"ast":0,"sk":0,"int":0,"ffum":0},"00-0021381":{"name":"Q.Jammer","tkl":3,"ast":0,"sk":0,"int":0,"ffum":0},"00-0025482":{"name":"D.Hughes","tkl":2,"ast":0,"sk":0,"int":0,"ffum":0},"00-0025424":{"name":"E.Weddle","tkl":2,"ast":0,"sk":0,"int":0,"ffum":0},"00-0022169":{"name":"A.Garay","tkl":2,"ast":0,"sk":0,"int":0,"ffum":0},"00-0026992":{"name":"L.English","tkl":1,"ast":1,"sk":0,"int":0,"ffum":0},"00-0027082":{"name":"V.Martin","tkl":1,"ast":0,"sk":0,"int":0,"ffum":0},"00-0022894":{"name":"T.LaBoy","tkl":1,"ast":0,"sk":0,"int":0,"ffum":0},"00-0025857":{"name":"O.Nwagbuo","tkl":0,"ast":1,"sk":0,"int":0,"ffum":0},"00-0027745":{"name":"C.Thomas","tkl":0,"ast":1,"sk":0,"int":0,"ffum":0}},"team":{"totfd":25,"totyds":418,"pyds":212,"ryds":206,"pen":0,"penyds":0,"trnovr":2,"pt":3,"ptyds":147,"ptavg":37,"top":"40:08"}},"players":null},"drives":{"1":{"posteam":"DEN","qtr":1,"redzone":true,"plays":{"36":{"sp":0,"qtr":1,"down":0,"time":"15:00","yrdln":"SD 35","ydstogo":0,"ydsnet":0,"posteam":"SD","desc":"N.Novak kicks 65 yards from SD 35 to end zone, Touchback.","note":"KICKOFF","players":{"00-0023096":[{"sequence":1,"clubcode":"SD","playerName":"N.Novak","statId":44,"yards":65}],"0":[{"sequence":2,"clubcode":"DEN","playerName":null,"statId":51,"yards":0}]}},"54":{"sp":0,"qtr":1,"down":1,"time":"15:00","yrdln":"DEN 20","ydstogo":10,"ydsnet":4,"posteam":"DEN","desc":"(15:00) W.McGahee up the middle to DEN 24 for 4 yards (T.Spikes).","note":null,"players":{"00-0015474":[{"sequence":1,"clubcode":"SD","playerName":"T.Spikes","statId":79,"yards":0}],"00-0022178":[{"sequence":2,"clubcode":"DEN","playerName":"W.McGahee","statId":10,"yards":4}]}},"75":{"sp":0,"qtr":1,"down":2,"time":"14:28","yrdln":"DEN 24","ydstogo":6,"ydsnet":7,"posteam":"DEN","desc":"(14:28) W.McGahee left guard to DEN 27 for 3 yards (D.Butler).","note":null,"players":{"00-0027682":[{"sequence":1,"clubcode":"SD","playerName":"D.Butler","statId":79,"yards":0}],"00-0022178":[{"sequence":2,"clubcode":"DEN","playerName":"W.McGahee","statId":10,"yards":3}]}},"96":{"sp":0,"qtr":1,"down":3,"time":"13:49","yrdln":"DEN 27","ydstogo":3,"ydsnet":7,"posteam":"DEN","desc":"(13:49) (Shotgun) K.Orton pass incomplete short left to E.Decker (D.Hughes).","note":null,"players":{"00-0023541":[{"sequence":3,"clubcode":"DEN","playerName":"K.Orton","statId":112,"yards":6},{"sequence":5,"clubcode":"DEN","playerName":"K.Orton","statId":14,"yards":0}],"00-0025482":[{"sequence":1,"clubcode":"SD","playerName":"D.Hughes","statId":85,"yards":0}],"0":[{"sequence":2,"clubcode":"DEN","playerName":null,"statId":7,"yards":0}],"00-0027690":[{"sequence":4,"clubcode":"DEN","playerName":"E.Decker","statId":115,"yards":0}]}},"118":{"sp":0,"qtr":1,"down":4,"time":"13:44","yrdln":"DEN 27","ydstogo":3,"ydsnet":7,"posteam":"DEN","desc":"(13:44) B.Colquitt punts 54 yards to SD 19, Center-L.Paxton. P.Crayton to SD 48 for 29 yards (L.Ball).","note":"PUNT","players":{"00-0022766":[{"sequence":3,"clubcode":"SD","playerName":"P.Crayton","statId":33,"yards":29}],"00-0026432":[{"sequence":2,"clubcode":"DEN","playerName":"L.Ball","statId":79,"yards":0}],"00-0026516":[{"sequence":1,"clubcode":"DEN","playerName":"B.Colquitt","statId":29,"yards":54}]}}},"fds":0,"result":"Punt","penyds":0,"ydsgained":7,"numplays":5,"postime":"1:29","start":{"qtr":1,"time":"15:00","yrdln":"DEN 20","team":"DEN"},"end":{"qtr":1,"time":"13:31","yrdln":"DEN 27","team":"DEN"}},"2":{"posteam":"SD","qtr":1,"redzone":true,"plays":{"144":{"sp":0,"qtr":1,"down":1,"time":"13:31","yrdln":"SD 48","ydstogo":10,"ydsnet":46,"posteam":"SD","desc":"(13:31) R.Mathews right tackle to DEN 46 for 6 yards (K.Vickerson).","note":null,"players":{"00-0023648":[{"sequence":2,"clubcode":"DEN","playerName":"K.Vickerson","statId":79,"yards":0}],"00-0027864":[{"sequence":1,"clubcode":"SD","playerName":"R.Mathews","statId":10,"yards":6}]}},"165":{"sp":0,"qtr":1,"down":2,"time":"12:54","yrdln":"DEN 46","ydstogo":4,"ydsnet":16,"posteam":"SD","desc":"(12:54) R.Mathews left end to DEN 36 for 10 yards (C.Bailey).","note":null,"players":{"0":[{"sequence":1,"clubcode":"SD","playerName":null,"statId":3,"yards":0}],"00-0027864":[{"sequence":2,"clubcode":"SD","playerName":"R.Mathews","statId":10,"yards":10}],"00-0000585":[{"sequence":3,"clubcode":"DEN","playerName":"C.Bailey","statId":79,"yards":0}]}},"186":{"sp":0,"qtr":1,"down":1,"time":"12:14","yrdln":"DEN 36","ydstogo":10,"ydsnet":21,"posteam":"SD","desc":"(12:14) R.Mathews right tackle to DEN 31 for 5 yards (D.Williams).","note":null,"players":{"00-0027864":[{"sequence":2,"clubcode":"SD","playerName":"R.Mathews","statId":10,"yards":5}],"00-0022780":[{"sequence":1,"clubcode":"DEN","playerName":"D.Williams","statId":79,"yards":0}]}},"207":{"sp":0,"qtr":1,"down":2,"time":"11:32","yrdln":"DEN 31","ydstogo":5,"ydsnet":21,"posteam":"SD","desc":"(11:32) (Shotgun) P.Rivers pass incomplete deep middle to V.Jackson (B.Dawkins).","note":null,"players":{"00-0022942":[{"sequence":1,"clubcode":"SD","playerName":"P.Rivers","statId":14,"yards":0},{"sequence":4,"clubcode":"SD","playerName":"P.Rivers","statId":112,"yards":26}],"00-0004073":[{"sequence":3,"clubcode":"DEN","playerName":"B.Dawkins","statId":85,"yards":0}],"00-0023496":[{"sequence":2,"clubcode":"SD","playerName":"V.Jackson","statId":115,"yards":0}]}},"229":{"sp":0,"qtr":1,"down":3,"time":"11:26","yrdln":"DEN 31","ydstogo":5,"ydsnet":38,"posteam":"SD","desc":"(11:26) (Shotgun) P.Rivers pass short middle to M.Tolbert to DEN 14 for 17 yards (C.Vaughn).","note":null,"players":{"00-0022942":[{"sequence":1,"clubcode":"SD","playerName":"P.Rivers","statId":15,"yards":17},{"sequence":4,"clubcode":"SD","playerName":"P.Rivers","statId":111,"yards":4}],"00-0027290":[{"sequence":6,"clubcode":"DEN","playerName":"C.Vaughn","statId":79,"yards":0}],"00-0026069":[{"sequence":2,"clubcode":"SD","playerName":"M.Tolbert","statId":115,"yards":0},{"sequence":3,"clubcode":"SD","playerName":"M.Tolbert","statId":21,"yards":17},{"sequence":5,"clubcode":"SD","playerName":"M.Tolbert","statId":113,"yards":13}],"0":[{"sequence":7,"clubcode":"SD","playerName":null,"statId":4,"yards":0},{"sequence":8,"clubcode":"SD","playerName":null,"statId":6,"yards":0}]}},"253":{"sp":0,"qtr":1,"down":1,"time":"10:43","yrdln":"DEN 14","ydstogo":10,"ydsnet":43,"posteam":"SD","desc":"(10:43) M.Tolbert up the middle to DEN 9 for 5 yards (D.Williams).","note":null,"players":{"00-0026069":[{"sequence":2,"clubcode":"SD","playerName":"M.Tolbert","statId":10,"yards":5}],"00-0022780":[{"sequence":1,"clubcode":"DEN","playerName":"D.Williams","statId":79,"yards":0}]}},"274":{"sp":0,"qtr":1,"down":2,"time":"10:08","yrdln":"DEN 9","ydstogo":5,"ydsnet":44,"posteam":"SD","desc":"(10:08) R.Mathews right end to DEN 8 for 1 yard (E.Dumervil).","note":null,"players":{"00-0024341":[{"sequence":2,"clubcode":"DEN","playerName":"E.Dumervil","statId":79,"yards":0}],"00-0027864":[{"sequence":1,"clubcode":"SD","playerName":"R.Mathews","statId":10,"yards":1}]}},"295":{"sp":0,"qtr":1,"down":3,"time":"09:23","yrdln":"DEN 8","ydstogo":4,"ydsnet":46,"posteam":"SD","desc":"(9:23) (Shotgun) P.Rivers pass short right to M.Tolbert to DEN 6 for 2 yards (W.Woodyard).","note":null,"players":{"00-0022942":[{"sequence":1,"clubcode":"SD","playerName":"P.Rivers","statId":15,"yards":2},{"sequence":5,"clubcode":"SD","playerName":"P.Rivers","statId":111,"yards":-4}],"00-0025828":[{"sequence":2,"clubcode":"DEN","playerName":"W.Woodyard","statId":79,"yards":0}],"00-0026069":[{"sequence":3,"clubcode":"SD","playerName":"M.Tolbert","statId":21,"yards":2},{"sequence":4,"clubcode":"SD","playerName":"M.Tolbert","statId":115,"yards":0},{"sequence":6,"clubcode":"SD","playerName":"M.Tolbert","statId":113,"yards":6}],"0":[{"sequence":7,"clubcode":"SD","playerName":null,"statId":7,"yards":0}]}},"319":{"sp":1,"qtr":1,"down":4,"time":"08:41","yrdln":"DEN 6","ydstogo":2,"ydsnet":46,"posteam":"SD","desc":"(8:41) N.Novak 24 yard field goal is GOOD, Center-M.Windt, Holder-M.Scifres.","note":"FG","players":{"00-0023096":[{"sequence":1,"clubcode":"SD","playerName":"N.Novak","statId":70,"yards":24}]}}},"fds":2,"result":"Field Goal","penyds":0,"ydsgained":46,"numplays":9,"postime":"4:54","start":{"qtr":1,"time":"13:31","yrdln":"SD 48","team":"SD"},"end":{"qtr":1,"time":"08:37","yrdln":"DEN 6","team":"SD"}},"3":{"posteam":"DEN","qtr":1,"redzone":true,"plays":{"339":{"sp":0,"qtr":1,"down":0,"time":"08:37","yrdln":"SD 35","ydstogo":0,"ydsnet":0,"posteam":"SD","desc":"N.Novak kicks 65 yards from SD 35 to end zone, Touchback.","note":"KICKOFF","players":{"00-0023096":[{"sequence":1,"clubcode":"SD","playerName":"N.Novak","statId":44,"yards":65}],"0":[{"sequence":2,"clubcode":"DEN","playerName":null,"statId":51,"yards":0}]}},"353":{"sp":0,"qtr":1,"down":1,"time":"08:37","yrdln":"DEN 20","ydstogo":10,"ydsnet":2,"posteam":"DEN","desc":"(8:37) W.McGahee right tackle to DEN 22 for 2 yards (V.Martin).","note":null,"players":{"00-0027082":[{"sequence":2,"clubcode":"SD","playerName":"V.Martin","statId":79,"yards":0}],"00-0022178":[{"sequence":1,"clubcode":"DEN","playerName":"W.McGahee","statId":10,"yards":2}]}},"374":{"sp":0,"qtr":1,"down":2,"time":"07:59","yrdln":"DEN 22","ydstogo":8,"ydsnet":8,"posteam":"DEN","desc":"(7:59) (Shotgun) K.Orton pass short right to K.Moreno to DEN 28 for 6 yards (S.Phillips).","note":null,"players":{"00-0023541":[{"sequence":1,"clubcode":"DEN","playerName":"K.Orton","statId":15,"yards":6},{"sequence":6,"clubcode":"DEN","playerName":"K.Orton","statId":111,"yards":2}],"00-0026988":[{"sequence":2,"clubcode":"DEN","playerName":"K.Moreno","statId":115,"yards":0},{"sequence":3,"clubcode":"DEN","playerName":"K.Moreno","statId":21,"yards":6},{"sequence":5,"clubcode":"DEN","playerName":"K.Moreno","statId":113,"yards":4}],"00-0022723":[{"sequence":4,"clubcode":"SD","playerName":"S.Phillips","statId":79,"yards":0}]}},"398":{"sp":0,"qtr":1,"down":3,"time":"07:29","yrdln":"DEN 28","ydstogo":2,"ydsnet":33,"posteam":"DEN","desc":"(7:29) W.McGahee right tackle pushed ob at SD 47 for 25 yards (E.Weddle).","note":null,"players":{"00-0025424":[{"sequence":2,"clubcode":"SD","playerName":"E.Weddle","statId":79,"yards":0}],"0":[{"sequence":1,"clubcode":"DEN","playerName":null,"statId":6,"yards":0},{"sequence":3,"clubcode":"DEN","playerName":null,"statId":3,"yards":0}],"00-0022178":[{"sequence":4,"clubcode":"DEN","playerName":"W.McGahee","statId":10,"yards":25}]}},"419":{"sp":0,"qtr":1,"down":1,"time":"06:54","yrdln":"SD 47","ydstogo":10,"ydsnet":33,"posteam":"DEN","desc":"(6:54) K.Orton pass short right intended for D.Fells INTERCEPTED by D.Butler at SD 44. D.Butler to SD 46 for 2 yards (D.Fells).","note":"INT","players":{"00-0023541":[{"sequence":1,"clubcode":"DEN","playerName":"K.Orton","statId":19,"yards":0},{"sequence":3,"clubcode":"DEN","playerName":"K.Orton","statId":112,"yards":3}],"00-0023752":[{"sequence":4,"clubcode":"DEN","playerName":"D.Fells","statId":79,"yards":0},{"sequence":5,"clubcode":"DEN","playerName":"D.Fells","statId":115,"yards":0}],"00-0027682":[{"sequence":2,"clubcode":"SD","playerName":"D.Butler","statId":25,"yards":2},{"sequence":6,"clubcode":"SD","playerName":"D.Butler","statId":85,"yards":0}]}}},"fds":1,"result":"Interception","penyds":0,"ydsgained":33,"numplays":5,"postime":"1:53","start":{"qtr":1,"time":"08:37","yrdln":"DEN 20","team":"DEN"},"end":{"qtr":1,"time":"06:44","yrdln":"SD 47","team":"DEN"}},"4":{"posteam":"SD","qtr":1,"redzone":true,"plays":{"446":{"sp":0,"qtr":1,"down":1,"time":"06:44","yrdln":"SD 46","ydstogo":10,"ydsnet":2,"posteam":"SD","desc":"(6:44) R.Mathews up the middle to SD 48 for 2 yards (M.Thomas).","note":null,"players":{"00-0025508":[{"sequence":2,"clubcode":"DEN","playerName":"M.Thomas","statId":79,"yards":0}],"00-0027864":[{"sequence":1,"clubcode":"SD","playerName":"R.Mathews","statId":10,"yards":2}]}},"467":{"sp":1,"qtr":1,"down":2,"time":"06:10","yrdln":"SD 48","ydstogo":8,"ydsnet":2,"posteam":"SD","desc":"(6:10) (Shotgun) P.Rivers pass short right intended for P.Crayton INTERCEPTED by C.Vaughn at DEN 45. C.Vaughn for 55 yards, TOUCHDOWN.","note":"TD","players":{"00-0022942":[{"sequence":2,"clubcode":"SD","playerName":"P.Rivers","statId":19,"yards":0},{"sequence":5,"clubcode":"SD","playerName":"P.Rivers","statId":112,"yards":7}],"00-0027290":[{"sequence":3,"clubcode":"DEN","playerName":"C.Vaughn","statId":85,"yards":0},{"sequence":4,"clubcode":"DEN","playerName":"C.Vaughn","statId":26,"yards":55}],"00-0022766":[{"sequence":1,"clubcode":"SD","playerName":"P.Crayton","statId":115,"yards":0}]}}},"fds":0,"result":"Interception","penyds":0,"ydsgained":2,"numplays":2,"postime":"0:46","start":{"qtr":1,"time":"06:44","yrdln":"SD 46","team":"SD"},"end":{"qtr":1,"time":"05:58","yrdln":"SD 48","team":"SD"}},"5":{"posteam":"SD","qtr":1,"redzone":true,"plays":{"506":{"sp":0,"qtr":1,"down":0,"time":"05:58","yrdln":"DEN 35","ydstogo":0,"ydsnet":0,"posteam":"DEN","desc":"M.Prater kicks 65 yards from DEN 35 to end zone, Touchback.","note":"KICKOFF","players":{"0":[{"sequence":2,"clubcode":"SD","playerName":null,"statId":51,"yards":0}],"00-0023853":[{"sequence":1,"clubcode":"DEN","playerName":"M.Prater","statId":44,"yards":65}]}},"524":{"sp":0,"qtr":1,"down":1,"time":"05:58","yrdln":"SD 20","ydstogo":10,"ydsnet":0,"posteam":"SD","desc":"(5:58) R.Mathews up the middle to SD 20 for no gain (J.Mays).","note":null,"players":{"00-0027864":[{"sequence":1,"clubcode":"SD","playerName":"R.Mathews","statId":10,"yards":0}],"00-0026340":[{"sequence":2,"clubcode":"DEN","playerName":"J.Mays","statId":79,"yards":0}]}},"545":{"sp":0,"qtr":1,"down":2,"time":"05:17","yrdln":"SD 20","ydstogo":10,"ydsnet":11,"posteam":"SD","desc":"(5:17) P.Rivers pass short left to V.Jackson pushed ob at SD 31 for 11 yards (A.Goodman).","note":null,"players":{"00-0022942":[{"sequence":1,"clubcode":"SD","playerName":"P.Rivers","statId":111,"yards":11},{"sequence":6,"clubcode":"SD","playerName":"P.Rivers","statId":15,"yards":11}],"00-0021194":[{"sequence":7,"clubcode":"DEN","playerName":"A.Goodman","statId":79,"yards":0}],"0":[{"sequence":3,"clubcode":"SD","playerName":null,"statId":4,"yards":0}],"00-0023496":[{"sequence":2,"clubcode":"SD","playerName":"V.Jackson","statId":21,"yards":11},{"sequence":4,"clubcode":"SD","playerName":"V.Jackson","statId":113,"yards":0},{"sequence":5,"clubcode":"SD","playerName":"V.Jackson","statId":115,"yards":0}]}},"569":{"sp":0,"qtr":1,"down":1,"time":"04:42","yrdln":"SD 31","ydstogo":10,"ydsnet":47,"posteam":"SD","desc":"(4:42) R.Mathews left tackle pushed ob at DEN 33 for 36 yards (J.Hunter).","note":null,"players":{"00-0023890":[{"sequence":1,"clubcode":"DEN","playerName":"J.Hunter","statId":79,"yards":0}],"0":[{"sequence":3,"clubcode":"SD","playerName":null,"statId":3,"yards":0}],"00-0027864":[{"sequence":2,"clubcode":"SD","playerName":"R.Mathews","statId":10,"yards":36}]}},"590":{"sp":0,"qtr":1,"down":1,"time":"04:07","yrdln":"DEN 33","ydstogo":10,"ydsnet":51,"posteam":"SD","desc":"(4:07) M.Tolbert right end to DEN 29 for 4 yards (D.Williams).","note":null,"players":{"00-0026069":[{"sequence":2,"clubcode":"SD","playerName":"M.Tolbert","statId":10,"yards":4}],"00-0022780":[{"sequence":1,"clubcode":"DEN","playerName":"D.Williams","statId":79,"yards":0}]}},"611":{"sp":0,"qtr":1,"down":2,"time":"03:26","yrdln":"DEN 29","ydstogo":6,"ydsnet":58,"posteam":"SD","desc":"(3:26) P.Rivers pass short middle to R.Mathews pushed ob at DEN 22 for 7 yards (W.Woodyard).","note":null,"players":{"00-0022942":[{"sequence":3,"clubcode":"SD","playerName":"P.Rivers","statId":15,"yards":7},{"sequence":5,"clubcode":"SD","playerName":"P.Rivers","statId":111,"yards":-4}],"00-0025828":[{"sequence":2,"clubcode":"DEN","playerName":"W.Woodyard","statId":79,"yards":0}],"0":[{"sequence":7,"clubcode":"SD","playerName":null,"statId":4,"yards":0}],"00-0027864":[{"sequence":1,"clubcode":"SD","playerName":"R.Mathews","statId":21,"yards":7},{"sequence":4,"clubcode":"SD","playerName":"R.Mathews","statId":115,"yards":0},{"sequence":6,"clubcode":"SD","playerName":"R.Mathews","statId":113,"yards":11}]}},"635":{"sp":0,"qtr":1,"down":1,"time":"02:48","yrdln":"DEN 22","ydstogo":10,"ydsnet":71,"posteam":"SD","desc":"(2:48) M.Tolbert left tackle to DEN 9 for 13 yards (C.Bailey; R.Moore).","note":null,"players":{"00-0026069":[{"sequence":4,"clubcode":"SD","playerName":"M.Tolbert","statId":10,"yards":13}],"0":[{"sequence":1,"clubcode":"SD","playerName":null,"statId":3,"yards":0}],"00-0000585":[{"sequence":2,"clubcode":"DEN","playerName":"C.Bailey","statId":82,"yards":0}],"00-0027983":[{"sequence":3,"clubcode":"DEN","playerName":"R.Moore","statId":82,"yards":0}]}},"656":{"sp":0,"qtr":1,"down":1,"time":"02:11","yrdln":"DEN 9","ydstogo":9,"ydsnet":73,"posteam":"SD","desc":"(2:11) M.Tolbert up the middle to DEN 7 for 2 yards (D.Williams; M.Haggan).","note":null,"players":{"00-0022034":[{"sequence":3,"clubcode":"DEN","playerName":"M.Haggan","statId":82,"yards":0}],"00-0026069":[{"sequence":1,"clubcode":"SD","playerName":"M.Tolbert","statId":10,"yards":2}],"00-0022780":[{"sequence":2,"clubcode":"DEN","playerName":"D.Williams","statId":82,"yards":0}]}},"677":{"sp":0,"qtr":1,"down":0,"time":"01:28","yrdln":"","ydstogo":0,"ydsnet":73,"posteam":"","desc":"Timeout #1 by DEN at 01:28.","note":"TIMEOUT","players":{"0":[{"sequence":1,"clubcode":"DEN","playerName":null,"statId":68,"yards":0}]}},"694":{"sp":0,"qtr":1,"down":2,"time":"01:28","yrdln":"DEN 7","ydstogo":7,"ydsnet":66,"posteam":"SD","desc":"(1:28) (Shotgun) P.Rivers sacked at DEN 14 for -7 yards (R.McBean).","note":null,"players":{"00-0022942":[{"sequence":3,"clubcode":"SD","playerName":"P.Rivers","statId":20,"yards":-7}],"00-0025519":[{"sequence":1,"clubcode":"DEN","playerName":"R.McBean","statId":79,"yards":0},{"sequence":2,"clubcode":"DEN","playerName":"R.McBean","statId":120,"yards":0},{"sequence":4,"clubcode":"DEN","playerName":"R.McBean","statId":83,"yards":-7},{"sequence":5,"clubcode":"DEN","playerName":"R.McBean","statId":110,"yards":0}]}},"713":{"sp":0,"qtr":1,"down":3,"time":"00:53","yrdln":"DEN 14","ydstogo":14,"ydsnet":66,"posteam":"SD","desc":"(:53) (Shotgun) P.Rivers pass incomplete short middle to R.McMichael (B.Dawkins). DEN-B.Dawkins was injured during the play.","note":null,"players":{"00-0022942":[{"sequence":4,"clubcode":"SD","playerName":"P.Rivers","statId":112,"yards":14},{"sequence":5,"clubcode":"SD","playerName":"P.Rivers","statId":14,"yards":0}],"00-0021236":[{"sequence":1,"clubcode":"SD","playerName":"R.McMichael","statId":115,"yards":0}],"00-0004073":[{"sequence":3,"clubcode":"DEN","playerName":"B.Dawkins","statId":85,"yards":0}],"0":[{"sequence":2,"clubcode":"SD","playerName":null,"statId":7,"yards":0}]}},"735":{"sp":1,"qtr":1,"down":4,"time":"00:49","yrdln":"DEN 14","ydstogo":14,"ydsnet":66,"posteam":"SD","desc":"(:49) N.Novak 32 yard field goal is GOOD, Center-M.Windt, Holder-M.Scifres.","note":"FG","players":{"00-0023096":[{"sequence":1,"clubcode":"SD","playerName":"N.Novak","statId":70,"yards":32}]}}},"fds":4,"result":"Field Goal","penyds":0,"ydsgained":66,"numplays":12,"postime":"5:13","start":{"qtr":1,"time":"05:58","yrdln":"SD 20","team":"SD"},"end":{"qtr":1,"time":"00:45","yrdln":"DEN 14","team":"SD"}},"6":{"posteam":"DEN","qtr":2,"redzone":true,"plays":{"759":{"sp":0,"qtr":1,"down":0,"time":"00:45","yrdln":"SD 35","ydstogo":0,"ydsnet":0,"posteam":"SD","desc":"N.Novak kicks 65 yards from SD 35 to end zone, Touchback.","note":"KICKOFF","players":{"00-0023096":[{"sequence":1,"clubcode":"SD","playerName":"N.Novak","statId":44,"yards":65}],"0":[{"sequence":2,"clubcode":"DEN","playerName":null,"statId":51,"yards":0}]}},"773":{"sp":0,"qtr":1,"down":1,"time":"00:45","yrdln":"DEN 20","ydstogo":10,"ydsnet":17,"posteam":"DEN","desc":"(:45) W.McGahee right tackle to DEN 37 for 17 yards (Q.Jammer).","note":null,"players":{"0":[{"sequence":3,"clubcode":"DEN","playerName":null,"statId":3,"yards":0}],"00-0021381":[{"sequence":2,"clubcode":"SD","playerName":"Q.Jammer","statId":79,"yards":0}],"00-0022178":[{"sequence":1,"clubcode":"DEN","playerName":"W.McGahee","statId":10,"yards":17}]}},"794":{"sp":0,"qtr":1,"down":1,"time":"00:05","yrdln":"DEN 37","ydstogo":10,"ydsnet":27,"posteam":"DEN","desc":"(:05) (Shotgun) K.Orton pass short left to D.Rosario pushed ob at DEN 47 for 10 yards (A.Cason).","note":null,"players":{"00-0026167":[{"sequence":5,"clubcode":"SD","playerName":"A.Cason","statId":79,"yards":0}],"00-0023541":[{"sequence":2,"clubcode":"DEN","playerName":"K.Orton","statId":15,"yards":10},{"sequence":7,"clubcode":"DEN","playerName":"K.Orton","statId":111,"yards":2}],"00-0025542":[{"sequence":1,"clubcode":"DEN","playerName":"D.Rosario","statId":115,"yards":0},{"sequence":3,"clubcode":"DEN","playerName":"D.Rosario","statId":113,"yards":8},{"sequence":6,"clubcode":"DEN","playerName":"D.Rosario","statId":21,"yards":10}],"0":[{"sequence":4,"clubcode":"DEN","playerName":null,"statId":4,"yards":0}]}},"834":{"sp":0,"qtr":2,"down":1,"time":"15:00","yrdln":"DEN 47","ydstogo":10,"ydsnet":29,"posteam":"DEN","desc":"(15:00) (Shotgun) T.Tebow left tackle to DEN 49 for 2 yards (D.Butler).","note":null,"players":{"00-0027876":[{"sequence":1,"clubcode":"DEN","playerName":"T.Tebow","statId":10,"yards":2}],"00-0027682":[{"sequence":2,"clubcode":"SD","playerName":"D.Butler","statId":79,"yards":0}]}},"855":{"sp":0,"qtr":2,"down":2,"time":"14:22","yrdln":"DEN 49","ydstogo":8,"ydsnet":29,"posteam":"DEN","desc":"(14:22) K.Orton pass incomplete short left to W.McGahee [S.Phillips].","note":null,"players":{"00-0023541":[{"sequence":3,"clubcode":"DEN","playerName":"K.Orton","statId":112,"yards":0},{"sequence":4,"clubcode":"DEN","playerName":"K.Orton","statId":14,"yards":0}],"00-0022723":[{"sequence":2,"clubcode":"SD","playerName":"S.Phillips","statId":110,"yards":0}],"00-0022178":[{"sequence":1,"clubcode":"DEN","playerName":"W.McGahee","statId":115,"yards":0}]}},"877":{"sp":0,"qtr":2,"down":3,"time":"14:16","yrdln":"DEN 49","ydstogo":8,"ydsnet":37,"posteam":"DEN","desc":"(14:16) (Shotgun) K.Orton pass short left to D.Fells to SD 43 for 8 yards (A.Cason). Penalty on SD-S.Phillips, Defensive Offside, declined.","note":null,"players":{"00-0026167":[{"sequence":5,"clubcode":"SD","playerName":"A.Cason","statId":79,"yards":0}],"00-0023541":[{"sequence":4,"clubcode":"DEN","playerName":"K.Orton","statId":15,"yards":8},{"sequence":8,"clubcode":"DEN","playerName":"K.Orton","statId":111,"yards":1}],"0":[{"sequence":2,"clubcode":"DEN","playerName":null,"statId":4,"yards":0},{"sequence":7,"clubcode":"DEN","playerName":null,"statId":6,"yards":0}],"00-0023752":[{"sequence":1,"clubcode":"DEN","playerName":"D.Fells","statId":21,"yards":8},{"sequence":3,"clubcode":"DEN","playerName":"D.Fells","statId":113,"yards":7},{"sequence":6,"clubcode":"DEN","playerName":"D.Fells","statId":115,"yards":0}]}},"912":{"sp":0,"qtr":2,"down":1,"time":"13:55","yrdln":"SD 43","ydstogo":10,"ydsnet":41,"posteam":"DEN","desc":"(13:55) W.McGahee right tackle to SD 39 for 4 yards (Q.Jammer).","note":null,"players":{"00-0021381":[{"sequence":1,"clubcode":"SD","playerName":"Q.Jammer","statId":79,"yards":0}],"00-0022178":[{"sequence":2,"clubcode":"DEN","playerName":"W.McGahee","statId":10,"yards":4}]}},"933":{"sp":0,"qtr":2,"down":2,"time":"13:23","yrdln":"SD 39","ydstogo":6,"ydsnet":57,"posteam":"DEN","desc":"(13:23) W.McGahee right guard to SD 23 for 16 yards (D.Butler).","note":null,"players":{"0":[{"sequence":1,"clubcode":"DEN","playerName":null,"statId":3,"yards":0}],"00-0027682":[{"sequence":3,"clubcode":"SD","playerName":"D.Butler","statId":79,"yards":0}],"00-0022178":[{"sequence":2,"clubcode":"DEN","playerName":"W.McGahee","statId":10,"yards":16}]}},"954":{"sp":0,"qtr":2,"down":1,"time":"12:42","yrdln":"SD 23","ydstogo":10,"ydsnet":57,"posteam":"DEN","desc":"(12:42) W.McGahee left guard to SD 23 for no gain (O.Nwagbuo; C.Thomas).","note":null,"players":{"00-0025857":[{"sequence":1,"clubcode":"SD","playerName":"O.Nwagbuo","statId":82,"yards":0}],"00-0022178":[{"sequence":3,"clubcode":"DEN","playerName":"W.McGahee","statId":10,"yards":0}],"00-0027745":[{"sequence":2,"clubcode":"SD","playerName":"C.Thomas","statId":82,"yards":0}]}},"975":{"sp":0,"qtr":2,"down":2,"time":"12:00","yrdln":"SD 23","ydstogo":10,"ydsnet":57,"posteam":"DEN","desc":"(12:00) K.Orton pass incomplete short left to B.Lloyd (A.Cason).","note":null,"players":{"00-0026167":[{"sequence":4,"clubcode":"SD","playerName":"A.Cason","statId":85,"yards":0}],"00-0023541":[{"sequence":1,"clubcode":"DEN","playerName":"K.Orton","statId":14,"yards":0},{"sequence":2,"clubcode":"DEN","playerName":"K.Orton","statId":112,"yards":9}],"00-0022097":[{"sequence":3,"clubcode":"DEN","playerName":"B.Lloyd","statId":115,"yards":0}]}},"997":{"sp":0,"qtr":2,"down":3,"time":"11:55","yrdln":"SD 23","ydstogo":10,"ydsnet":63,"posteam":"DEN","desc":"(11:55) (Shotgun) K.Orton pass short left to K.Moreno to SD 17 for 6 yards (E.Weddle).","note":null,"players":{"00-0023541":[{"sequence":3,"clubcode":"DEN","playerName":"K.Orton","statId":15,"yards":6},{"sequence":5,"clubcode":"DEN","playerName":"K.Orton","statId":111,"yards":-3}],"00-0026988":[{"sequence":2,"clubcode":"DEN","playerName":"K.Moreno","statId":113,"yards":9},{"sequence":4,"clubcode":"DEN","playerName":"K.Moreno","statId":115,"yards":0},{"sequence":7,"clubcode":"DEN","playerName":"K.Moreno","statId":21,"yards":6}],"0":[{"sequence":6,"clubcode":"DEN","playerName":null,"statId":7,"yards":0}],"00-0025424":[{"sequence":1,"clubcode":"SD","playerName":"E.Weddle","statId":79,"yards":0}]}},"1021":{"sp":1,"qtr":2,"down":4,"time":"11:14","yrdln":"SD 17","ydstogo":4,"ydsnet":63,"posteam":"DEN","desc":"(11:14) M.Prater 35 yard field goal is GOOD, Center-L.Paxton, Holder-B.Colquitt.","note":"FG","players":{"00-0023853":[{"sequence":1,"clubcode":"DEN","playerName":"M.Prater","statId":70,"yards":35}]}}},"fds":4,"result":"Field Goal","penyds":0,"ydsgained":63,"numplays":12,"postime":"4:35","start":{"qtr":1,"time":"00:45","yrdln":"DEN 20","team":"DEN"},"end":{"qtr":1,"time":"11:10","yrdln":"SD 17","team":"DEN"}},"7":{"posteam":"SD","qtr":2,"redzone":true,"plays":{"1041":{"sp":0,"qtr":2,"down":0,"time":"11:10","yrdln":"DEN 35","ydstogo":0,"ydsnet":0,"posteam":"DEN","desc":"M.Prater kicks 65 yards from DEN 35 to end zone, Touchback.","note":"KICKOFF","players":{"0":[{"sequence":1,"clubcode":"SD","playerName":null,"statId":51,"yards":0}],"00-0023853":[{"sequence":2,"clubcode":"DEN","playerName":"M.Prater","statId":44,"yards":65}]}},"1055":{"sp":0,"qtr":2,"down":1,"time":"11:10","yrdln":"SD 20","ydstogo":10,"ydsnet":6,"posteam":"SD","desc":"(11:10) P.Rivers pass short right to M.Tolbert to SD 26 for 6 yards (J.Mays).","note":null,"players":{"00-0022942":[{"sequence":2,"clubcode":"SD","playerName":"P.Rivers","statId":15,"yards":6},{"sequence":3,"clubcode":"SD","playerName":"P.Rivers","statId":111,"yards":-7}],"00-0026069":[{"sequence":1,"clubcode":"SD","playerName":"M.Tolbert","statId":115,"yards":0},{"sequence":5,"clubcode":"SD","playerName":"M.Tolbert","statId":21,"yards":6},{"sequence":6,"clubcode":"SD","playerName":"M.Tolbert","statId":113,"yards":13}],"00-0026340":[{"sequence":4,"clubcode":"DEN","playerName":"J.Mays","statId":79,"yards":0}]}},"1079":{"sp":0,"qtr":2,"down":2,"time":"10:25","yrdln":"SD 26","ydstogo":4,"ydsnet":53,"posteam":"SD","desc":"(10:25) P.Rivers pass short right to K.Sperry pushed ob at DEN 42 for 32 yards (V.Miller). PENALTY on DEN-R.Ayers, Roughing the Passer, 15 yards, enforced at DEN 42.","note":"PENALTY","players":{"00-0022942":[{"sequence":4,"clubcode":"SD","playerName":"P.Rivers","statId":15,"yards":32},{"sequence":8,"clubcode":"SD","playerName":"P.Rivers","statId":111,"yards":15}],"00-0027940":[{"sequence":9,"clubcode":"DEN","playerName":"V.Miller","statId":79,"yards":0}],"0":[{"sequence":1,"clubcode":"SD","playerName":null,"statId":4,"yards":0},{"sequence":6,"clubcode":"SD","playerName":null,"statId":5,"yards":0}],"00-0026994":[{"sequence":7,"clubcode":"DEN","playerName":"R.Ayers","statId":93,"yards":15}],"00-0026757":[{"sequence":2,"clubcode":"SD","playerName":"K.Sperry","statId":113,"yards":17},{"sequence":3,"clubcode":"SD","playerName":"K.Sperry","statId":115,"yards":0},{"sequence":5,"clubcode":"SD","playerName":"K.Sperry","statId":21,"yards":32}]}},"1114":{"sp":0,"qtr":2,"down":1,"time":"09:59","yrdln":"DEN 27","ydstogo":10,"ydsnet":60,"posteam":"SD","desc":"(9:59) J.Hester left tackle to DEN 20 for 7 yards (J.Mays).","note":null,"players":{"00-0026340":[{"sequence":1,"clubcode":"DEN","playerName":"J.Mays","statId":79,"yards":0}],"00-0026209":[{"sequence":2,"clubcode":"SD","playerName":"J.Hester","statId":10,"yards":7}]}},"1135":{"sp":0,"qtr":2,"down":2,"time":"09:21","yrdln":"DEN 20","ydstogo":3,"ydsnet":80,"posteam":"SD","desc":"(9:21) J.Hester left tackle to DEN 4 for 16 yards (Q.Carter). Penalty on DEN-E.Dumervil, Unnecessary Roughness, offsetting. Penalty on SD-M.McNeill, Unnecessary Roughness, offsetting.","note":null,"players":{"00-0028046":[{"sequence":2,"clubcode":"DEN","playerName":"Q.Carter","statId":79,"yards":0}],"0":[{"sequence":3,"clubcode":"SD","playerName":null,"statId":3,"yards":0}],"00-0026209":[{"sequence":1,"clubcode":"SD","playerName":"J.Hester","statId":10,"yards":16}]}},"1167":{"sp":0,"qtr":2,"down":1,"time":"08:55","yrdln":"DEN 4","ydstogo":4,"ydsnet":78,"posteam":"SD","desc":"(8:55) J.Hester up the middle to DEN 2 for 2 yards (R.Ayers; M.Thomas).","note":null,"players":{"00-0025508":[{"sequence":2,"clubcode":"DEN","playerName":"M.Thomas","statId":82,"yards":0}],"00-0026994":[{"sequence":3,"clubcode":"DEN","playerName":"R.Ayers","statId":82,"yards":0}],"00-0026209":[{"sequence":1,"clubcode":"SD","playerName":"J.Hester","statId":10,"yards":2}]}},"1188":{"sp":0,"qtr":2,"down":2,"time":"08:10","yrdln":"DEN 2","ydstogo":2,"ydsnet":80,"posteam":"SD","desc":"(8:10) M.Tolbert up the middle to DEN 2 for no gain (D.Williams).","note":null,"players":{"00-0026069":[{"sequence":1,"clubcode":"SD","playerName":"M.Tolbert","statId":10,"yards":0}],"00-0022780":[{"sequence":2,"clubcode":"DEN","playerName":"D.Williams","statId":79,"yards":0}]}},"1209":{"sp":1,"qtr":2,"down":3,"time":"07:24","yrdln":"DEN 2","ydstogo":2,"ydsnet":80,"posteam":"SD","desc":"(7:24) (Shotgun) P.Rivers scrambles up the middle for 2 yards, TOUCHDOWN.","note":"TD","players":{"00-0022942":[{"sequence":2,"clubcode":"SD","playerName":"P.Rivers","statId":11,"yards":2}],"0":[{"sequence":1,"clubcode":"SD","playerName":null,"statId":3,"yards":0},{"sequence":3,"clubcode":"SD","playerName":null,"statId":6,"yards":0}]}},"1238":{"sp":1,"qtr":2,"down":0,"time":"07:19","yrdln":"DEN 2","ydstogo":0,"ydsnet":80,"posteam":"SD","desc":"N.Novak extra point is GOOD, Center-M.Windt, Holder-M.Scifres.","note":"XP","players":{"00-0023096":[{"sequence":1,"clubcode":"SD","playerName":"N.Novak","statId":72,"yards":0}]}}},"fds":4,"result":"Touchdown","penyds":15,"ydsgained":65,"numplays":9,"postime":"3:51","start":{"qtr":2,"time":"11:10","yrdln":"SD 20","team":"SD"},"end":{"qtr":2,"time":"07:19","yrdln":"DEN 2","team":"SD"}},"8":{"posteam":"DEN","qtr":2,"redzone":true,"plays":{"1254":{"sp":0,"qtr":2,"down":0,"time":"07:19","yrdln":"SD 35","ydstogo":0,"ydsnet":0,"posteam":"SD","desc":"N.Novak kicks 70 yards from SD 35 to DEN -5. Q.Cosby to DEN 23 for 28 yards (A.Gachkar). SD-M.Gilchrist was injured during the play.","note":"KICKOFF","players":{"00-0023096":[{"sequence":3,"clubcode":"SD","playerName":"N.Novak","statId":43,"yards":70}],"00-0026716":[{"sequence":2,"clubcode":"DEN","playerName":"Q.Cosby","statId":45,"yards":28}],"00-0028172":[{"sequence":1,"clubcode":"SD","playerName":"A.Gachkar","statId":79,"yards":0}]}},"1291":{"sp":0,"qtr":2,"down":1,"time":"07:13","yrdln":"DEN 23","ydstogo":10,"ydsnet":1,"posteam":"DEN","desc":"(7:13) K.Orton pass incomplete short right. PENALTY on DEN-R.Clady, Offensive Holding, 10 yards, enforced at DEN 23 - No Play.","note":"PENALTY","players":{"00-0026152":[{"sequence":1,"clubcode":"DEN","playerName":"R.Clady","statId":93,"yards":10}]}},"1336":{"sp":0,"qtr":2,"down":1,"time":"07:04","yrdln":"DEN 13","ydstogo":20,"ydsnet":-7,"posteam":"DEN","desc":"(7:04) W.McGahee left tackle to DEN 16 for 3 yards (L.English).","note":null,"players":{"00-0026992":[{"sequence":2,"clubcode":"SD","playerName":"L.English","statId":79,"yards":0}],"00-0022178":[{"sequence":1,"clubcode":"DEN","playerName":"W.McGahee","statId":10,"yards":3}]}},"1357":{"sp":0,"qtr":2,"down":2,"time":"06:26","yrdln":"DEN 16","ydstogo":17,"ydsnet":-7,"posteam":"DEN","desc":"(6:26) (Shotgun) K.Orton pass incomplete deep left to E.Decker.","note":null,"players":{"00-0023541":[{"sequence":2,"clubcode":"DEN","playerName":"K.Orton","statId":112,"yards":19},{"sequence":3,"clubcode":"DEN","playerName":"K.Orton","statId":14,"yards":0}],"00-0027690":[{"sequence":1,"clubcode":"DEN","playerName":"E.Decker","statId":115,"yards":0}]}},"1379":{"sp":0,"qtr":2,"down":3,"time":"06:19","yrdln":"DEN 16","ydstogo":17,"ydsnet":1,"posteam":"DEN","desc":"(6:19) (Shotgun) K.Orton pass short right to D.Fells to DEN 24 for 8 yards (S.Phillips).","note":null,"players":{"00-0023541":[{"sequence":4,"clubcode":"DEN","playerName":"K.Orton","statId":15,"yards":8},{"sequence":6,"clubcode":"DEN","playerName":"K.Orton","statId":111,"yards":4}],"0":[{"sequence":7,"clubcode":"DEN","playerName":null,"statId":7,"yards":0}],"00-0023752":[{"sequence":1,"clubcode":"DEN","playerName":"D.Fells","statId":21,"yards":8},{"sequence":3,"clubcode":"DEN","playerName":"D.Fells","statId":115,"yards":0},{"sequence":5,"clubcode":"DEN","playerName":"D.Fells","statId":113,"yards":4}],"00-0022723":[{"sequence":2,"clubcode":"SD","playerName":"S.Phillips","statId":79,"yards":0}]}},"1404":{"sp":0,"qtr":2,"down":4,"time":"05:40","yrdln":"DEN 24","ydstogo":9,"ydsnet":1,"posteam":"DEN","desc":"(5:40) B.Colquitt punts 55 yards to SD 21, Center-L.Paxton. P.Crayton pushed ob at SD 34 for 13 yards (V.Green).","note":"PUNT","players":{"00-0022766":[{"sequence":3,"clubcode":"SD","playerName":"P.Crayton","statId":33,"yards":13}],"00-0026516":[{"sequence":2,"clubcode":"DEN","playerName":"B.Colquitt","statId":29,"yards":55}],"00-0028142":[{"sequence":1,"clubcode":"DEN","playerName":"V.Green","statId":79,"yards":0}]}}},"fds":0,"result":"Punt","penyds":-10,"ydsgained":11,"numplays":6,"postime":"1:50","start":{"qtr":2,"time":"07:19","yrdln":"DEN 23","team":"DEN"},"end":{"qtr":2,"time":"05:29","yrdln":"DEN 24","team":"DEN"}},"9":{"posteam":"SD","qtr":2,"redzone":true,"plays":{"1430":{"sp":0,"qtr":2,"down":1,"time":"05:29","yrdln":"SD 34","ydstogo":10,"ydsnet":20,"posteam":"SD","desc":"(5:29) P.Rivers pass deep left to M.Floyd to DEN 46 for 20 yards (A.Goodman).","note":null,"players":{"00-0022942":[{"sequence":1,"clubcode":"SD","playerName":"P.Rivers","statId":15,"yards":20},{"sequence":4,"clubcode":"SD","playerName":"P.Rivers","statId":111,"yards":16}],"00-0022414":[{"sequence":2,"clubcode":"SD","playerName":"M.Floyd","statId":115,"yards":0},{"sequence":6,"clubcode":"SD","playerName":"M.Floyd","statId":21,"yards":20},{"sequence":7,"clubcode":"SD","playerName":"M.Floyd","statId":113,"yards":4}],"00-0021194":[{"sequence":3,"clubcode":"DEN","playerName":"A.Goodman","statId":79,"yards":0}],"0":[{"sequence":5,"clubcode":"SD","playerName":null,"statId":4,"yards":0}]}},"1454":{"sp":0,"qtr":2,"down":1,"time":"04:54","yrdln":"DEN 46","ydstogo":10,"ydsnet":37,"posteam":"SD","desc":"(4:54) R.Mathews up the middle to DEN 29 for 17 yards (E.Dumervil).","note":null,"players":{"00-0024341":[{"sequence":1,"clubcode":"DEN","playerName":"E.Dumervil","statId":79,"yards":0}],"0":[{"sequence":2,"clubcode":"SD","playerName":null,"statId":3,"yards":0}],"00-0027864":[{"sequence":3,"clubcode":"SD","playerName":"R.Mathews","statId":10,"yards":17}]}},"1475":{"sp":0,"qtr":2,"down":1,"time":"04:15","yrdln":"DEN 29","ydstogo":10,"ydsnet":32,"posteam":"SD","desc":"(4:15) R.Mathews up the middle to DEN 34 for -5 yards (J.Mays).","note":null,"players":{"0":[{"sequence":4,"clubcode":"SD","playerName":null,"statId":95,"yards":-5}],"00-0027864":[{"sequence":1,"clubcode":"SD","playerName":"R.Mathews","statId":10,"yards":-5}],"00-0026340":[{"sequence":2,"clubcode":"DEN","playerName":"J.Mays","statId":120,"yards":0},{"sequence":3,"clubcode":"DEN","playerName":"J.Mays","statId":79,"yards":0}]}},"1496":{"sp":0,"qtr":2,"down":0,"time":"03:34","yrdln":"","ydstogo":0,"ydsnet":32,"posteam":"","desc":"Timeout #1 by SD at 03:34.","note":"TIMEOUT","players":{"0":[{"sequence":1,"clubcode":"SD","playerName":null,"statId":68,"yards":0}]}},"1513":{"sp":0,"qtr":2,"down":2,"time":"03:34","yrdln":"DEN 34","ydstogo":15,"ydsnet":41,"posteam":"SD","desc":"(3:34) (Shotgun) P.Rivers pass short right to J.Hester to DEN 25 for 9 yards (A.Goodman).","note":null,"players":{"00-0022942":[{"sequence":2,"clubcode":"SD","playerName":"P.Rivers","statId":15,"yards":9},{"sequence":6,"clubcode":"SD","playerName":"P.Rivers","statId":111,"yards":-4}],"00-0021194":[{"sequence":1,"clubcode":"DEN","playerName":"A.Goodman","statId":79,"yards":0}],"00-0026209":[{"sequence":3,"clubcode":"SD","playerName":"J.Hester","statId":113,"yards":13},{"sequence":4,"clubcode":"SD","playerName":"J.Hester","statId":21,"yards":9},{"sequence":5,"clubcode":"SD","playerName":"J.Hester","statId":115,"yards":0}]}},"1542":{"sp":0,"qtr":2,"down":3,"time":"02:50","yrdln":"DEN 25","ydstogo":6,"ydsnet":56,"posteam":"SD","desc":"(2:50) (Shotgun) P.Rivers pass incomplete short left to R.McMichael. PENALTY on DEN-R.Moore, Unnecessary Roughness, 13 yards, enforced at DEN 25 - No Play.","note":"PENALTY","players":{"0":[{"sequence":1,"clubcode":"SD","playerName":null,"statId":5,"yards":0}],"00-0027983":[{"sequence":2,"clubcode":"DEN","playerName":"R.Moore","statId":93,"yards":13}]}},"1586":{"sp":0,"qtr":2,"down":1,"time":"02:44","yrdln":"DEN 12","ydstogo":10,"ydsnet":56,"posteam":"SD","desc":"(2:44) J.Hester right tackle to DEN 10 for 2 yards (R.McBean, W.Woodyard).","note":null,"players":{"00-0025828":[{"sequence":3,"clubcode":"DEN","playerName":"W.Woodyard","statId":82,"yards":0}],"00-0025519":[{"sequence":2,"clubcode":"DEN","playerName":"R.McBean","statId":80,"yards":0}],"00-0026209":[{"sequence":1,"clubcode":"SD","playerName":"J.Hester","statId":10,"yards":2}]}},"1607":{"sp":0,"qtr":2,"down":2,"time":"02:04","yrdln":"DEN 10","ydstogo":8,"ydsnet":56,"posteam":"SD","desc":"(2:04) (Shotgun) P.Rivers pass incomplete short left to M.Floyd.","note":null,"players":{"00-0022942":[{"sequence":1,"clubcode":"SD","playerName":"P.Rivers","statId":112,"yards":10},{"sequence":3,"clubcode":"SD","playerName":"P.Rivers","statId":14,"yards":0}],"00-0022414":[{"sequence":2,"clubcode":"SD","playerName":"M.Floyd","statId":115,"yards":0}]}},"1646":{"sp":0,"qtr":2,"down":3,"time":"01:58","yrdln":"DEN 10","ydstogo":8,"ydsnet":56,"posteam":"SD","desc":"(1:58) (Shotgun) P.Rivers pass incomplete short right to R.McMichael.","note":null,"players":{"00-0022942":[{"sequence":1,"clubcode":"SD","playerName":"P.Rivers","statId":112,"yards":5},{"sequence":3,"clubcode":"SD","playerName":"P.Rivers","statId":14,"yards":0}],"00-0021236":[{"sequence":4,"clubcode":"SD","playerName":"R.McMichael","statId":115,"yards":0}],"0":[{"sequence":2,"clubcode":"SD","playerName":null,"statId":7,"yards":0}]}},"1668":{"sp":1,"qtr":2,"down":4,"time":"01:51","yrdln":"DEN 10","ydstogo":8,"ydsnet":56,"posteam":"SD","desc":"(1:51) N.Novak 28 yard field goal is GOOD, Center-M.Windt, Holder-M.Scifres.","note":"FG","players":{"00-0023096":[{"sequence":1,"clubcode":"SD","playerName":"N.Novak","statId":70,"yards":28}]}}},"fds":3,"result":"Field Goal","penyds":13,"ydsgained":43,"numplays":10,"postime":"3:42","start":{"qtr":2,"time":"05:29","yrdln":"SD 34","team":"SD"},"end":{"qtr":2,"time":"01:47","yrdln":"DEN 10","team":"SD"}},"10":{"posteam":"DEN","qtr":2,"redzone":true,"plays":{"1688":{"sp":0,"qtr":2,"down":0,"time":"01:47","yrdln":"SD 35","ydstogo":0,"ydsnet":0,"posteam":"SD","desc":"N.Novak kicks 65 yards from SD 35 to end zone, Touchback.","note":"KICKOFF","players":{"00-0023096":[{"sequence":2,"clubcode":"SD","playerName":"N.Novak","statId":44,"yards":65}],"0":[{"sequence":1,"clubcode":"DEN","playerName":null,"statId":51,"yards":0}]}},"1702":{"sp":0,"qtr":2,"down":1,"time":"01:47","yrdln":"DEN 20","ydstogo":10,"ydsnet":-4,"posteam":"DEN","desc":"(1:47) (Shotgun) K.Orton pass short left to E.Decker to DEN 16 for -4 yards (D.Hughes).","note":null,"players":{"00-0023541":[{"sequence":1,"clubcode":"DEN","playerName":"K.Orton","statId":15,"yards":-4},{"sequence":3,"clubcode":"DEN","playerName":"K.Orton","statId":111,"yards":-4}],"00-0025482":[{"sequence":4,"clubcode":"SD","playerName":"D.Hughes","statId":120,"yards":0},{"sequence":7,"clubcode":"SD","playerName":"D.Hughes","statId":79,"yards":0}],"00-0027690":[{"sequence":2,"clubcode":"DEN","playerName":"E.Decker","statId":113,"yards":0},{"sequence":5,"clubcode":"DEN","playerName":"E.Decker","statId":21,"yards":-4},{"sequence":6,"clubcode":"DEN","playerName":"E.Decker","statId":115,"yards":0}]}},"1726":{"sp":0,"qtr":2,"down":2,"time":"01:27","yrdln":"DEN 16","ydstogo":14,"ydsnet":-4,"posteam":"DEN","desc":"(1:27) (Shotgun) K.Orton pass incomplete short right to B.Lloyd (E.Weddle).","note":null,"players":{"00-0023541":[{"sequence":1,"clubcode":"DEN","playerName":"K.Orton","statId":14,"yards":0},{"sequence":3,"clubcode":"DEN","playerName":"K.Orton","statId":112,"yards":14}],"00-0022097":[{"sequence":4,"clubcode":"DEN","playerName":"B.Lloyd","statId":115,"yards":0}],"00-0025424":[{"sequence":2,"clubcode":"SD","playerName":"E.Weddle","statId":85,"yards":0}]}},"1748":{"sp":0,"qtr":2,"down":3,"time":"01:20","yrdln":"DEN 16","ydstogo":14,"ydsnet":-4,"posteam":"DEN","desc":"(1:20) (Shotgun) K.Orton pass incomplete deep right to M.Willis (Q.Jammer).","note":null,"players":{"00-0023541":[{"sequence":2,"clubcode":"DEN","playerName":"K.Orton","statId":112,"yards":19},{"sequence":4,"clubcode":"DEN","playerName":"K.Orton","statId":14,"yards":0}],"0":[{"sequence":5,"clubcode":"DEN","playerName":null,"statId":7,"yards":0}],"00-0024756":[{"sequence":3,"clubcode":"DEN","playerName":"M.Willis","statId":115,"yards":0}],"00-0021381":[{"sequence":1,"clubcode":"SD","playerName":"Q.Jammer","statId":85,"yards":0}]}},"1770":{"sp":0,"qtr":2,"down":4,"time":"01:15","yrdln":"DEN 16","ydstogo":14,"ydsnet":-4,"posteam":"DEN","desc":"(1:15) B.Colquitt punts 50 yards to SD 34, Center-L.Paxton. P.Crayton to SD 46 for 12 yards (L.Ball).","note":"PUNT","players":{"00-0022766":[{"sequence":3,"clubcode":"SD","playerName":"P.Crayton","statId":33,"yards":12}],"00-0026432":[{"sequence":2,"clubcode":"DEN","playerName":"L.Ball","statId":79,"yards":0}],"00-0026516":[{"sequence":1,"clubcode":"DEN","playerName":"B.Colquitt","statId":29,"yards":50}]}}},"fds":0,"result":"Punt","penyds":0,"ydsgained":-4,"numplays":5,"postime":"0:45","start":{"qtr":2,"time":"01:47","yrdln":"DEN 20","team":"DEN"},"end":{"qtr":2,"time":"01:02","yrdln":"DEN 16","team":"DEN"}},"11":{"posteam":"SD","qtr":2,"redzone":true,"plays":{"1796":{"sp":0,"qtr":2,"down":1,"time":"01:02","yrdln":"SD 46","ydstogo":10,"ydsnet":6,"posteam":"SD","desc":"(1:02) (Shotgun) P.Rivers pass short middle to R.McMichael to DEN 48 for 6 yards (W.Woodyard).","note":null,"players":{"00-0022942":[{"sequence":5,"clubcode":"SD","playerName":"P.Rivers","statId":15,"yards":6},{"sequence":6,"clubcode":"SD","playerName":"P.Rivers","statId":111,"yards":4}],"00-0025828":[{"sequence":2,"clubcode":"DEN","playerName":"W.Woodyard","statId":79,"yards":0}],"00-0021236":[{"sequence":1,"clubcode":"SD","playerName":"R.McMichael","statId":113,"yards":2},{"sequence":3,"clubcode":"SD","playerName":"R.McMichael","statId":115,"yards":0},{"sequence":4,"clubcode":"SD","playerName":"R.McMichael","statId":21,"yards":6}]}},"1820":{"sp":0,"qtr":2,"down":2,"time":"00:41","yrdln":"DEN 48","ydstogo":4,"ydsnet":9,"posteam":"SD","desc":"(:41) R.Mathews left guard to DEN 45 for 3 yards (D.Williams).","note":null,"players":{"00-0027864":[{"sequence":2,"clubcode":"SD","playerName":"R.Mathews","statId":10,"yards":3}],"00-0022780":[{"sequence":1,"clubcode":"DEN","playerName":"D.Williams","statId":79,"yards":0}]}},"1841":{"sp":0,"qtr":2,"down":0,"time":"00:34","yrdln":"","ydstogo":0,"ydsnet":9,"posteam":"","desc":"Timeout #2 by SD at 00:34.","note":"TIMEOUT","players":{"0":[{"sequence":1,"clubcode":"SD","playerName":null,"statId":68,"yards":0}]}},"1858":{"sp":0,"qtr":2,"down":3,"time":"00:34","yrdln":"DEN 45","ydstogo":1,"ydsnet":12,"posteam":"SD","desc":"(:34) (Shotgun) R.Mathews right guard to DEN 42 for 3 yards (W.Woodyard).","note":null,"players":{"00-0025828":[{"sequence":2,"clubcode":"DEN","playerName":"W.Woodyard","statId":79,"yards":0}],"0":[{"sequence":3,"clubcode":"SD","playerName":null,"statId":6,"yards":0},{"sequence":4,"clubcode":"SD","playerName":null,"statId":3,"yards":0}],"00-0027864":[{"sequence":1,"clubcode":"SD","playerName":"R.Mathews","statId":10,"yards":3}]}},"1879":{"sp":0,"qtr":2,"down":1,"time":"00:20","yrdln":"DEN 42","ydstogo":10,"ydsnet":12,"posteam":"SD","desc":"(:20) P.Rivers spiked the ball to stop the clock.","note":null,"players":{"00-0022942":[{"sequence":1,"clubcode":"SD","playerName":"P.Rivers","statId":112,"yards":0},{"sequence":2,"clubcode":"SD","playerName":"P.Rivers","statId":14,"yards":0}]}},"1901":{"sp":1,"qtr":2,"down":2,"time":"00:20","yrdln":"DEN 42","ydstogo":10,"ydsnet":54,"posteam":"SD","desc":"(:20) (Shotgun) P.Rivers pass deep right to M.Floyd for 42 yards, TOUCHDOWN.","note":"TD","players":{"00-0022942":[{"sequence":1,"clubcode":"SD","playerName":"P.Rivers","statId":16,"yards":42},{"sequence":3,"clubcode":"SD","playerName":"P.Rivers","statId":111,"yards":42}],"00-0022414":[{"sequence":2,"clubcode":"SD","playerName":"M.Floyd","statId":115,"yards":0},{"sequence":5,"clubcode":"SD","playerName":"M.Floyd","statId":22,"yards":42},{"sequence":6,"clubcode":"SD","playerName":"M.Floyd","statId":113,"yards":0}],"0":[{"sequence":4,"clubcode":"SD","playerName":null,"statId":4,"yards":0}]}},"1922":{"sp":1,"qtr":2,"down":0,"time":"00:13","yrdln":"DEN 2","ydstogo":0,"ydsnet":54,"posteam":"SD","desc":"N.Novak extra point is GOOD, Center-M.Windt, Holder-M.Scifres.","note":"XP","players":{"00-0023096":[{"sequence":1,"clubcode":"SD","playerName":"N.Novak","statId":72,"yards":0}]}}},"fds":2,"result":"Touchdown","penyds":0,"ydsgained":54,"numplays":7,"postime":"0:49","start":{"qtr":2,"time":"01:02","yrdln":"SD 46","team":"SD"},"end":{"qtr":2,"time":"00:13","yrdln":"DEN 42","team":"SD"}},"12":{"posteam":"DEN","qtr":2,"redzone":true,"plays":{"1938":{"sp":0,"qtr":2,"down":0,"time":"00:13","yrdln":"SD 35","ydstogo":0,"ydsnet":0,"posteam":"SD","desc":"N.Novak kicks 65 yards from SD 35 to end zone, Touchback.","note":"KICKOFF","players":{"00-0023096":[{"sequence":1,"clubcode":"SD","playerName":"N.Novak","statId":44,"yards":65}],"0":[{"sequence":2,"clubcode":"DEN","playerName":null,"statId":51,"yards":0}]}},"1952":{"sp":0,"qtr":2,"down":1,"time":"00:12","yrdln":"DEN 20","ydstogo":10,"ydsnet":-1,"posteam":"DEN","desc":"(:12) K.Orton kneels to DEN 19 for -1 yards.","note":null,"players":{"00-0023541":[{"sequence":1,"clubcode":"DEN","playerName":"K.Orton","statId":10,"yards":-1}]}}},"fds":0,"result":"End of Half","penyds":0,"ydsgained":-1,"numplays":2,"postime":"0:13","start":{"qtr":2,"time":"00:13","yrdln":"DEN 20","team":"DEN"},"end":{"qtr":2,"time":"00:00","yrdln":"DEN 20","team":"DEN"}},"13":{"posteam":"SD","qtr":3,"redzone":true,"plays":{"1989":{"sp":0,"qtr":3,"down":0,"time":"15:00","yrdln":"DEN 35","ydstogo":0,"ydsnet":0,"posteam":"DEN","desc":"M.Prater kicks 65 yards from DEN 35 to end zone, Touchback.","note":"KICKOFF","players":{"0":[{"sequence":1,"clubcode":"SD","playerName":null,"statId":51,"yards":0}],"00-0023853":[{"sequence":2,"clubcode":"DEN","playerName":"M.Prater","statId":44,"yards":65}]}},"2003":{"sp":0,"qtr":3,"down":1,"time":"15:00","yrdln":"SD 20","ydstogo":10,"ydsnet":2,"posteam":"SD","desc":"(15:00) R.Mathews up the middle to SD 22 for 2 yards (R.Moore).","note":null,"players":{"00-0027864":[{"sequence":2,"clubcode":"SD","playerName":"R.Mathews","statId":10,"yards":2}],"00-0027983":[{"sequence":1,"clubcode":"DEN","playerName":"R.Moore","statId":79,"yards":0}]}},"2024":{"sp":0,"qtr":3,"down":2,"time":"14:26","yrdln":"SD 22","ydstogo":8,"ydsnet":8,"posteam":"SD","desc":"(14:26) P.Rivers scrambles up the middle to SD 28 for 6 yards (D.Williams).","note":null,"players":{"00-0022942":[{"sequence":1,"clubcode":"SD","playerName":"P.Rivers","statId":10,"yards":6}],"00-0022780":[{"sequence":2,"clubcode":"DEN","playerName":"D.Williams","statId":79,"yards":0}]}},"2045":{"sp":0,"qtr":3,"down":3,"time":"13:42","yrdln":"SD 28","ydstogo":2,"ydsnet":18,"posteam":"SD","desc":"(13:42) (Shotgun) P.Rivers pass short left to P.Crayton to SD 38 for 10 yards (C.Vaughn).","note":null,"players":{"00-0022942":[{"sequence":1,"clubcode":"SD","playerName":"P.Rivers","statId":15,"yards":10},{"sequence":6,"clubcode":"SD","playerName":"P.Rivers","statId":111,"yards":2}],"00-0027290":[{"sequence":2,"clubcode":"DEN","playerName":"C.Vaughn","statId":79,"yards":0}],"00-0022766":[{"sequence":5,"clubcode":"SD","playerName":"P.Crayton","statId":21,"yards":10},{"sequence":7,"clubcode":"SD","playerName":"P.Crayton","statId":115,"yards":0},{"sequence":8,"clubcode":"SD","playerName":"P.Crayton","statId":113,"yards":8}],"0":[{"sequence":3,"clubcode":"SD","playerName":null,"statId":6,"yards":0},{"sequence":4,"clubcode":"SD","playerName":null,"statId":4,"yards":0}]}},"2069":{"sp":0,"qtr":3,"down":1,"time":"13:04","yrdln":"SD 38","ydstogo":10,"ydsnet":25,"posteam":"SD","desc":"(13:04) (Shotgun) P.Rivers pass short right to R.McMichael to SD 45 for 7 yards (Q.Carter).","note":null,"players":{"00-0022942":[{"sequence":4,"clubcode":"SD","playerName":"P.Rivers","statId":111,"yards":3},{"sequence":6,"clubcode":"SD","playerName":"P.Rivers","statId":15,"yards":7}],"00-0028046":[{"sequence":2,"clubcode":"DEN","playerName":"Q.Carter","statId":79,"yards":0}],"00-0021236":[{"sequence":1,"clubcode":"SD","playerName":"R.McMichael","statId":21,"yards":7},{"sequence":3,"clubcode":"SD","playerName":"R.McMichael","statId":115,"yards":0},{"sequence":5,"clubcode":"SD","playerName":"R.McMichael","statId":113,"yards":4}]}},"2093":{"sp":0,"qtr":3,"down":2,"time":"12:19","yrdln":"SD 45","ydstogo":3,"ydsnet":27,"posteam":"SD","desc":"(12:19) R.Mathews up the middle to SD 47 for 2 yards (R.Ayers).","note":null,"players":{"00-0027864":[{"sequence":1,"clubcode":"SD","playerName":"R.Mathews","statId":10,"yards":2}],"00-0026994":[{"sequence":2,"clubcode":"DEN","playerName":"R.Ayers","statId":79,"yards":0}]}},"2114":{"sp":0,"qtr":3,"down":3,"time":"11:33","yrdln":"SD 47","ydstogo":1,"ydsnet":29,"posteam":"SD","desc":"(11:33) R.Mathews right guard to SD 49 for 2 yards (M.Thomas).","note":null,"players":{"00-0025508":[{"sequence":1,"clubcode":"DEN","playerName":"M.Thomas","statId":79,"yards":0}],"0":[{"sequence":3,"clubcode":"SD","playerName":null,"statId":3,"yards":0},{"sequence":4,"clubcode":"SD","playerName":null,"statId":6,"yards":0}],"00-0027864":[{"sequence":2,"clubcode":"SD","playerName":"R.Mathews","statId":10,"yards":2}]}},"2135":{"sp":0,"qtr":3,"down":1,"time":"10:55","yrdln":"SD 49","ydstogo":10,"ydsnet":21,"posteam":"SD","desc":"(10:55) P.Rivers sacked at SD 41 for -8 yards (D.Williams).","note":null,"players":{"00-0022942":[{"sequence":1,"clubcode":"SD","playerName":"P.Rivers","statId":20,"yards":-8}],"00-0022780":[{"sequence":2,"clubcode":"DEN","playerName":"D.Williams","statId":79,"yards":0},{"sequence":3,"clubcode":"DEN","playerName":"D.Williams","statId":110,"yards":0},{"sequence":4,"clubcode":"DEN","playerName":"D.Williams","statId":83,"yards":-8},{"sequence":5,"clubcode":"DEN","playerName":"D.Williams","statId":120,"yards":0}]}},"2154":{"sp":0,"qtr":3,"down":2,"time":"10:21","yrdln":"SD 41","ydstogo":18,"ydsnet":4,"posteam":"SD","desc":"(10:21) P.Rivers sacked at SD 24 for -17 yards. FUMBLES, and recovers at SD 24. P.Rivers to SD 24 for no gain (R.Ayers).","note":"FUMBLE","players":{"00-0022942":[{"sequence":1,"clubcode":"SD","playerName":"P.Rivers","statId":55,"yards":0},{"sequence":3,"clubcode":"SD","playerName":"P.Rivers","statId":53,"yards":0},{"sequence":5,"clubcode":"SD","playerName":"P.Rivers","statId":20,"yards":-17}],"00-0026994":[{"sequence":2,"clubcode":"DEN","playerName":"R.Ayers","statId":120,"yards":0},{"sequence":4,"clubcode":"DEN","playerName":"R.Ayers","statId":79,"yards":0}]}},"2183":{"sp":0,"qtr":3,"down":3,"time":"09:40","yrdln":"SD 24","ydstogo":35,"ydsnet":14,"posteam":"SD","desc":"(9:40) (Shotgun) J.Hester up the middle to SD 34 for 10 yards (E.Dumervil, D.Williams).","note":null,"players":{"00-0024341":[{"sequence":2,"clubcode":"DEN","playerName":"E.Dumervil","statId":80,"yards":0}],"0":[{"sequence":3,"clubcode":"SD","playerName":null,"statId":7,"yards":0}],"00-0022780":[{"sequence":1,"clubcode":"DEN","playerName":"D.Williams","statId":82,"yards":0}],"00-0026209":[{"sequence":4,"clubcode":"SD","playerName":"J.Hester","statId":10,"yards":10}]}},"2204":{"sp":0,"qtr":3,"down":4,"time":"09:07","yrdln":"SD 34","ydstogo":25,"ydsnet":14,"posteam":"SD","desc":"(9:07) M.Scifres punts 57 yards to DEN 9, Center-M.Windt. Q.Cosby to DEN 31 for 22 yards (R.McMichael).","note":"PUNT","players":{"00-0026716":[{"sequence":1,"clubcode":"DEN","playerName":"Q.Cosby","statId":33,"yards":22}],"00-0021236":[{"sequence":2,"clubcode":"SD","playerName":"R.McMichael","statId":79,"yards":0}],"00-0022017":[{"sequence":3,"clubcode":"SD","playerName":"M.Scifres","statId":29,"yards":57}]}}},"fds":2,"result":"Punt","penyds":0,"ydsgained":14,"numplays":11,"postime":"6:06","start":{"qtr":3,"time":"15:00","yrdln":"SD 20","team":"SD"},"end":{"qtr":3,"time":"08:54","yrdln":"SD 34","team":"SD"}},"14":{"posteam":"DEN","qtr":3,"redzone":true,"plays":{"2230":{"sp":0,"qtr":3,"down":1,"time":"08:54","yrdln":"DEN 31","ydstogo":10,"ydsnet":5,"posteam":"DEN","desc":"(8:54) W.McGahee left guard to DEN 36 for 5 yards (T.Spikes).","note":null,"players":{"00-0015474":[{"sequence":2,"clubcode":"SD","playerName":"T.Spikes","statId":79,"yards":0}],"00-0022178":[{"sequence":1,"clubcode":"DEN","playerName":"W.McGahee","statId":10,"yards":5}]}},"2251":{"sp":0,"qtr":3,"down":2,"time":"08:21","yrdln":"DEN 36","ydstogo":5,"ydsnet":2,"posteam":"DEN","desc":"(8:21) W.McGahee right guard to DEN 33 for -3 yards (S.Phillips).","note":null,"players":{"0":[{"sequence":1,"clubcode":"DEN","playerName":null,"statId":95,"yards":-3}],"00-0022723":[{"sequence":2,"clubcode":"SD","playerName":"S.Phillips","statId":79,"yards":0},{"sequence":3,"clubcode":"SD","playerName":"S.Phillips","statId":120,"yards":0}],"00-0022178":[{"sequence":4,"clubcode":"DEN","playerName":"W.McGahee","statId":10,"yards":-3}]}},"2272":{"sp":0,"qtr":3,"down":3,"time":"07:45","yrdln":"DEN 33","ydstogo":8,"ydsnet":2,"posteam":"DEN","desc":"(7:45) (Shotgun) T.Tebow pass short right to E.Decker to DEN 33 for no gain (Q.Jammer).","note":null,"players":{"00-0027876":[{"sequence":4,"clubcode":"DEN","playerName":"T.Tebow","statId":15,"yards":0},{"sequence":7,"clubcode":"DEN","playerName":"T.Tebow","statId":111,"yards":-2}],"0":[{"sequence":6,"clubcode":"DEN","playerName":null,"statId":7,"yards":0}],"00-0027690":[{"sequence":2,"clubcode":"DEN","playerName":"E.Decker","statId":113,"yards":2},{"sequence":3,"clubcode":"DEN","playerName":"E.Decker","statId":115,"yards":0},{"sequence":5,"clubcode":"DEN","playerName":"E.Decker","statId":21,"yards":0}],"00-0021381":[{"sequence":1,"clubcode":"SD","playerName":"Q.Jammer","statId":79,"yards":0}]}},"2296":{"sp":0,"qtr":3,"down":4,"time":"07:13","yrdln":"DEN 33","ydstogo":8,"ydsnet":2,"posteam":"DEN","desc":"(7:13) B.Colquitt punts 60 yards to SD 7, Center-L.Paxton. P.Crayton to SD 20 for 13 yards (D.Rosario).","note":"PUNT","players":{"00-0022766":[{"sequence":3,"clubcode":"SD","playerName":"P.Crayton","statId":33,"yards":13}],"00-0025542":[{"sequence":2,"clubcode":"DEN","playerName":"D.Rosario","statId":79,"yards":0}],"00-0026516":[{"sequence":1,"clubcode":"DEN","playerName":"B.Colquitt","statId":29,"yards":60}]}}},"fds":0,"result":"Punt","penyds":0,"ydsgained":2,"numplays":4,"postime":"1:55","start":{"qtr":3,"time":"08:54","yrdln":"DEN 31","team":"DEN"},"end":{"qtr":3,"time":"06:59","yrdln":"DEN 33","team":"DEN"}},"15":{"posteam":"SD","qtr":3,"redzone":true,"plays":{"2322":{"sp":0,"qtr":3,"down":1,"time":"06:59","yrdln":"SD 20","ydstogo":10,"ydsnet":2,"posteam":"SD","desc":"(6:59) R.Mathews right tackle to SD 22 for 2 yards (Q.Carter).","note":null,"players":{"00-0028046":[{"sequence":2,"clubcode":"DEN","playerName":"Q.Carter","statId":79,"yards":0}],"00-0027864":[{"sequence":1,"clubcode":"SD","playerName":"R.Mathews","statId":10,"yards":2}]}},"2343":{"sp":0,"qtr":3,"down":2,"time":"06:21","yrdln":"SD 22","ydstogo":8,"ydsnet":13,"posteam":"SD","desc":"(6:21) R.Mathews right tackle pushed ob at SD 33 for 11 yards (C.Bailey).","note":null,"players":{"0":[{"sequence":3,"clubcode":"SD","playerName":null,"statId":3,"yards":0}],"00-0027864":[{"sequence":2,"clubcode":"SD","playerName":"R.Mathews","statId":10,"yards":11}],"00-0000585":[{"sequence":1,"clubcode":"DEN","playerName":"C.Bailey","statId":79,"yards":0}]}},"2364":{"sp":0,"qtr":3,"down":1,"time":"05:48","yrdln":"SD 33","ydstogo":10,"ydsnet":27,"posteam":"SD","desc":"(5:48) P.Rivers pass short right to V.Jackson to SD 47 for 14 yards (C.Bailey).","note":null,"players":{"00-0022942":[{"sequence":1,"clubcode":"SD","playerName":"P.Rivers","statId":111,"yards":8},{"sequence":5,"clubcode":"SD","playerName":"P.Rivers","statId":15,"yards":14}],"0":[{"sequence":3,"clubcode":"SD","playerName":null,"statId":4,"yards":0}],"00-0023496":[{"sequence":2,"clubcode":"SD","playerName":"V.Jackson","statId":115,"yards":0},{"sequence":6,"clubcode":"SD","playerName":"V.Jackson","statId":21,"yards":14},{"sequence":7,"clubcode":"SD","playerName":"V.Jackson","statId":113,"yards":6}],"00-0000585":[{"sequence":4,"clubcode":"DEN","playerName":"C.Bailey","statId":79,"yards":0}]}},"2388":{"sp":0,"qtr":3,"down":1,"time":"05:10","yrdln":"SD 47","ydstogo":10,"ydsnet":29,"posteam":"SD","desc":"(5:10) R.Mathews right tackle to SD 49 for 2 yards (J.Mays).","note":null,"players":{"00-0027864":[{"sequence":1,"clubcode":"SD","playerName":"R.Mathews","statId":10,"yards":2}],"00-0026340":[{"sequence":2,"clubcode":"DEN","playerName":"J.Mays","statId":79,"yards":0}]}},"2409":{"sp":0,"qtr":3,"down":2,"time":"04:24","yrdln":"SD 49","ydstogo":8,"ydsnet":29,"posteam":"SD","desc":"(4:24) (Shotgun) P.Rivers pass incomplete short right to V.Jackson.","note":null,"players":{"00-0022942":[{"sequence":1,"clubcode":"SD","playerName":"P.Rivers","statId":14,"yards":0},{"sequence":3,"clubcode":"SD","playerName":"P.Rivers","statId":112,"yards":1}],"00-0023496":[{"sequence":2,"clubcode":"SD","playerName":"V.Jackson","statId":115,"yards":0}]}},"2431":{"sp":0,"qtr":3,"down":3,"time":"04:17","yrdln":"SD 49","ydstogo":8,"ydsnet":29,"posteam":"SD","desc":"(4:17) (Shotgun) P.Rivers pass incomplete short middle to M.Floyd (C.Vaughn).","note":null,"players":{"00-0022942":[{"sequence":1,"clubcode":"SD","playerName":"P.Rivers","statId":14,"yards":0},{"sequence":4,"clubcode":"SD","playerName":"P.Rivers","statId":112,"yards":-10}],"00-0022414":[{"sequence":3,"clubcode":"SD","playerName":"M.Floyd","statId":115,"yards":0}],"00-0027290":[{"sequence":2,"clubcode":"DEN","playerName":"C.Vaughn","statId":85,"yards":0}],"0":[{"sequence":5,"clubcode":"SD","playerName":null,"statId":7,"yards":0}]}},"2453":{"sp":0,"qtr":3,"down":4,"time":"04:04","yrdln":"SD 49","ydstogo":8,"ydsnet":29,"posteam":"SD","desc":"(4:04) M.Scifres punts 44 yards to DEN 7, Center-M.Windt, fair catch by Q.Cosby.","note":"PUNT","players":{"00-0026716":[{"sequence":2,"clubcode":"DEN","playerName":"Q.Cosby","statId":39,"yards":0}],"00-0022017":[{"sequence":1,"clubcode":"SD","playerName":"M.Scifres","statId":29,"yards":44},{"sequence":3,"clubcode":"SD","playerName":"M.Scifres","statId":30,"yards":0}]}}},"fds":2,"result":"Punt","penyds":0,"ydsgained":29,"numplays":7,"postime":"3:03","start":{"qtr":3,"time":"06:59","yrdln":"SD 20","team":"SD"},"end":{"qtr":3,"time":"03:56","yrdln":"SD 49","team":"SD"}},"16":{"posteam":"DEN","qtr":3,"redzone":true,"plays":{"2477":{"sp":0,"qtr":3,"down":1,"time":"03:56","yrdln":"DEN 7","ydstogo":10,"ydsnet":3,"posteam":"DEN","desc":"(3:56) W.McGahee right guard to DEN 10 for 3 yards (A.Garay).","note":null,"players":{"00-0022169":[{"sequence":2,"clubcode":"SD","playerName":"A.Garay","statId":79,"yards":0}],"00-0022178":[{"sequence":1,"clubcode":"DEN","playerName":"W.McGahee","statId":10,"yards":3}]}},"2498":{"sp":0,"qtr":3,"down":2,"time":"03:23","yrdln":"DEN 10","ydstogo":7,"ydsnet":3,"posteam":"DEN","desc":"(3:23) (Shotgun) T.Tebow pass incomplete deep left to B.Lloyd.","note":null,"players":{"00-0027876":[{"sequence":1,"clubcode":"DEN","playerName":"T.Tebow","statId":14,"yards":0},{"sequence":3,"clubcode":"DEN","playerName":"T.Tebow","statId":112,"yards":27}],"00-0022097":[{"sequence":2,"clubcode":"DEN","playerName":"B.Lloyd","statId":115,"yards":0}]}},"2520":{"sp":0,"qtr":3,"down":3,"time":"03:15","yrdln":"DEN 10","ydstogo":7,"ydsnet":3,"posteam":"DEN","desc":"(3:15) (Shotgun) T.Tebow pass incomplete deep middle to E.Decker.","note":null,"players":{"00-0027876":[{"sequence":1,"clubcode":"DEN","playerName":"T.Tebow","statId":14,"yards":0},{"sequence":4,"clubcode":"DEN","playerName":"T.Tebow","statId":112,"yards":40}],"0":[{"sequence":2,"clubcode":"DEN","playerName":null,"statId":7,"yards":0}],"00-0027690":[{"sequence":3,"clubcode":"DEN","playerName":"E.Decker","statId":115,"yards":0}]}},"2542":{"sp":0,"qtr":3,"down":4,"time":"03:02","yrdln":"DEN 10","ydstogo":7,"ydsnet":3,"posteam":"DEN","desc":"(3:02) B.Colquitt punts 51 yards to SD 39, Center-L.Paxton. P.Crayton to SD 37 for -2 yards (C.Vaughn).","note":"PUNT","players":{"00-0027290":[{"sequence":2,"clubcode":"DEN","playerName":"C.Vaughn","statId":79,"yards":0}],"00-0022766":[{"sequence":3,"clubcode":"SD","playerName":"P.Crayton","statId":33,"yards":-2}],"00-0026516":[{"sequence":1,"clubcode":"DEN","playerName":"B.Colquitt","statId":29,"yards":51}]}}},"fds":0,"result":"Punt","penyds":0,"ydsgained":3,"numplays":4,"postime":"1:08","start":{"qtr":3,"time":"03:56","yrdln":"DEN 7","team":"DEN"},"end":{"qtr":3,"time":"02:48","yrdln":"DEN 10","team":"DEN"}},"17":{"posteam":"SD","qtr":4,"redzone":true,"plays":{"2568":{"sp":0,"qtr":3,"down":1,"time":"02:48","yrdln":"SD 37","ydstogo":10,"ydsnet":1,"posteam":"SD","desc":"(2:48) R.Mathews up the middle to SD 38 for 1 yard (J.Mays).","note":null,"players":{"00-0027864":[{"sequence":1,"clubcode":"SD","playerName":"R.Mathews","statId":10,"yards":1}],"00-0026340":[{"sequence":2,"clubcode":"DEN","playerName":"J.Mays","statId":79,"yards":0}]}},"2589":{"sp":0,"qtr":3,"down":2,"time":"02:14","yrdln":"SD 38","ydstogo":9,"ydsnet":1,"posteam":"SD","desc":"(2:14) R.Mathews up the middle to SD 38 for no gain (D.Harvey; R.Ayers).","note":null,"players":{"00-0027864":[{"sequence":1,"clubcode":"SD","playerName":"R.Mathews","statId":10,"yards":0}],"00-0026148":[{"sequence":3,"clubcode":"DEN","playerName":"D.Harvey","statId":82,"yards":0}],"00-0026994":[{"sequence":2,"clubcode":"DEN","playerName":"R.Ayers","statId":82,"yards":0}]}},"2610":{"sp":0,"qtr":3,"down":3,"time":"01:28","yrdln":"SD 38","ydstogo":9,"ydsnet":13,"posteam":"SD","desc":"(1:28) (Shotgun) P.Rivers pass short middle to R.McMichael to DEN 50 for 12 yards (W.Woodyard).","note":null,"players":{"00-0022942":[{"sequence":1,"clubcode":"SD","playerName":"P.Rivers","statId":15,"yards":12},{"sequence":7,"clubcode":"SD","playerName":"P.Rivers","statId":111,"yards":11}],"00-0025828":[{"sequence":8,"clubcode":"DEN","playerName":"W.Woodyard","statId":79,"yards":0}],"00-0021236":[{"sequence":2,"clubcode":"SD","playerName":"R.McMichael","statId":21,"yards":12},{"sequence":4,"clubcode":"SD","playerName":"R.McMichael","statId":115,"yards":0},{"sequence":5,"clubcode":"SD","playerName":"R.McMichael","statId":113,"yards":1}],"0":[{"sequence":3,"clubcode":"SD","playerName":null,"statId":6,"yards":0},{"sequence":6,"clubcode":"SD","playerName":null,"statId":4,"yards":0}]}},"2635":{"sp":0,"qtr":3,"down":1,"time":"00:48","yrdln":"DEN 50","ydstogo":10,"ydsnet":19,"posteam":"SD","desc":"(:48) R.Mathews right tackle to DEN 44 for 6 yards (C.Bailey). FUMBLES (C.Bailey), RECOVERED by DEN-J.Mays at DEN 44. J.Mays to DEN 44 for no gain (K.Dielman). San Diego challenged the fumble ruling, and the play was REVERSED. R.Mathews right tackle to DEN 44 for 6 yards (C.Bailey).","note":null,"players":{"00-0027864":[{"sequence":2,"clubcode":"SD","playerName":"R.Mathews","statId":10,"yards":6}],"00-0000585":[{"sequence":1,"clubcode":"DEN","playerName":"C.Bailey","statId":79,"yards":0}]}},"2719":{"sp":0,"qtr":3,"down":2,"time":"00:32","yrdln":"DEN 44","ydstogo":4,"ydsnet":23,"posteam":"SD","desc":"(:32) P.Rivers pass short right to J.Hester to DEN 40 for 4 yards (Q.Carter).","note":null,"players":{"00-0022942":[{"sequence":1,"clubcode":"SD","playerName":"P.Rivers","statId":15,"yards":4},{"sequence":7,"clubcode":"SD","playerName":"P.Rivers","statId":111,"yards":1}],"00-0028046":[{"sequence":2,"clubcode":"DEN","playerName":"Q.Carter","statId":79,"yards":0}],"0":[{"sequence":4,"clubcode":"SD","playerName":null,"statId":4,"yards":0}],"00-0026209":[{"sequence":3,"clubcode":"SD","playerName":"J.Hester","statId":115,"yards":0},{"sequence":5,"clubcode":"SD","playerName":"J.Hester","statId":113,"yards":3},{"sequence":6,"clubcode":"SD","playerName":"J.Hester","statId":21,"yards":4}]}},"2759":{"sp":0,"qtr":4,"down":1,"time":"15:00","yrdln":"DEN 40","ydstogo":10,"ydsnet":26,"posteam":"SD","desc":"(15:00) R.Mathews left tackle to DEN 37 for 3 yards (J.Mays).","note":null,"players":{"00-0027864":[{"sequence":1,"clubcode":"SD","playerName":"R.Mathews","statId":10,"yards":3}],"00-0026340":[{"sequence":2,"clubcode":"DEN","playerName":"J.Mays","statId":79,"yards":0}]}},"2780":{"sp":0,"qtr":4,"down":2,"time":"14:25","yrdln":"DEN 37","ydstogo":7,"ydsnet":30,"posteam":"SD","desc":"(14:25) R.Mathews left end to DEN 33 for 4 yards (J.Hunter).","note":null,"players":{"00-0023890":[{"sequence":2,"clubcode":"DEN","playerName":"J.Hunter","statId":79,"yards":0}],"00-0027864":[{"sequence":1,"clubcode":"SD","playerName":"R.Mathews","statId":10,"yards":4}]}},"2801":{"sp":0,"qtr":4,"down":3,"time":"13:45","yrdln":"DEN 33","ydstogo":3,"ydsnet":30,"posteam":"SD","desc":"(13:45) P.Rivers pass incomplete short left to V.Jackson (C.Bailey).","note":null,"players":{"00-0022942":[{"sequence":3,"clubcode":"SD","playerName":"P.Rivers","statId":14,"yards":0},{"sequence":5,"clubcode":"SD","playerName":"P.Rivers","statId":112,"yards":3}],"00-0023496":[{"sequence":2,"clubcode":"SD","playerName":"V.Jackson","statId":115,"yards":0}],"0":[{"sequence":1,"clubcode":"SD","playerName":null,"statId":7,"yards":0}],"00-0000585":[{"sequence":4,"clubcode":"DEN","playerName":"C.Bailey","statId":85,"yards":0}]}},"2823":{"sp":1,"qtr":4,"down":4,"time":"13:40","yrdln":"DEN 33","ydstogo":3,"ydsnet":30,"posteam":"SD","desc":"(13:40) N.Novak 51 yard field goal is GOOD, Center-M.Windt, Holder-M.Scifres.","note":"FG","players":{"00-0023096":[{"sequence":1,"clubcode":"SD","playerName":"N.Novak","statId":70,"yards":51}]}}},"fds":2,"result":"Field Goal","penyds":0,"ydsgained":30,"numplays":9,"postime":"4:13","start":{"qtr":3,"time":"02:48","yrdln":"SD 37","team":"SD"},"end":{"qtr":3,"time":"13:35","yrdln":"DEN 33","team":"SD"}},"18":{"posteam":"DEN","qtr":4,"redzone":true,"plays":{"2843":{"sp":0,"qtr":4,"down":0,"time":"13:35","yrdln":"SD 35","ydstogo":0,"ydsnet":0,"posteam":"SD","desc":"N.Novak kicks 65 yards from SD 35 to end zone, Touchback.","note":"KICKOFF","players":{"00-0023096":[{"sequence":2,"clubcode":"SD","playerName":"N.Novak","statId":44,"yards":65}],"0":[{"sequence":1,"clubcode":"DEN","playerName":null,"statId":51,"yards":0}]}},"2861":{"sp":0,"qtr":4,"down":1,"time":"13:35","yrdln":"DEN 20","ydstogo":10,"ydsnet":0,"posteam":"DEN","desc":"(13:35) T.Tebow pass incomplete short left to D.Rosario. SD-S.Phillips was injured during the play.","note":null,"players":{"00-0027876":[{"sequence":2,"clubcode":"DEN","playerName":"T.Tebow","statId":112,"yards":15},{"sequence":3,"clubcode":"DEN","playerName":"T.Tebow","statId":14,"yards":0}],"00-0025542":[{"sequence":1,"clubcode":"DEN","playerName":"D.Rosario","statId":115,"yards":0}]}},"2883":{"sp":0,"qtr":4,"down":2,"time":"13:29","yrdln":"DEN 20","ydstogo":10,"ydsnet":12,"posteam":"DEN","desc":"(13:29) (Shotgun) W.McGahee up the middle to DEN 32 for 12 yards (D.Hughes).","note":null,"players":{"00-0025482":[{"sequence":1,"clubcode":"SD","playerName":"D.Hughes","statId":79,"yards":0}],"0":[{"sequence":3,"clubcode":"DEN","playerName":null,"statId":3,"yards":0}],"00-0022178":[{"sequence":2,"clubcode":"DEN","playerName":"W.McGahee","statId":10,"yards":12}]}},"2908":{"sp":0,"qtr":4,"down":1,"time":"13:03","yrdln":"DEN 32","ydstogo":10,"ydsnet":13,"posteam":"DEN","desc":"(13:03) (Shotgun) W.McGahee up the middle to DEN 33 for 1 yard (T.LaBoy).","note":null,"players":{"00-0022894":[{"sequence":1,"clubcode":"SD","playerName":"T.LaBoy","statId":79,"yards":0}],"00-0022178":[{"sequence":2,"clubcode":"DEN","playerName":"W.McGahee","statId":10,"yards":1}]}},"2929":{"sp":0,"qtr":4,"down":2,"time":"12:32","yrdln":"DEN 33","ydstogo":9,"ydsnet":18,"posteam":"DEN","desc":"(12:32) (Shotgun) T.Tebow scrambles up the middle to DEN 38 for 5 yards (T.Spikes; L.English).","note":null,"players":{"00-0015474":[{"sequence":2,"clubcode":"SD","playerName":"T.Spikes","statId":82,"yards":0}],"00-0027876":[{"sequence":1,"clubcode":"DEN","playerName":"T.Tebow","statId":10,"yards":5}],"00-0026992":[{"sequence":3,"clubcode":"SD","playerName":"L.English","statId":82,"yards":0}]}},"2950":{"sp":0,"qtr":4,"down":3,"time":"11:49","yrdln":"DEN 38","ydstogo":4,"ydsnet":18,"posteam":"DEN","desc":"(11:49) (Shotgun) T.Tebow pass incomplete short left to M.Willis.","note":null,"players":{"00-0027876":[{"sequence":1,"clubcode":"DEN","playerName":"T.Tebow","statId":14,"yards":0},{"sequence":3,"clubcode":"DEN","playerName":"T.Tebow","statId":112,"yards":7}],"0":[{"sequence":4,"clubcode":"DEN","playerName":null,"statId":7,"yards":0}],"00-0024756":[{"sequence":2,"clubcode":"DEN","playerName":"M.Willis","statId":115,"yards":0}]}},"2972":{"sp":0,"qtr":4,"down":4,"time":"11:42","yrdln":"DEN 38","ydstogo":4,"ydsnet":18,"posteam":"DEN","desc":"(11:42) B.Colquitt punts 52 yards to SD 10, Center-L.Paxton, out of bounds.","note":"PUNT","players":{"0":[{"sequence":3,"clubcode":"SD","playerName":null,"statId":37,"yards":0}],"00-0026516":[{"sequence":1,"clubcode":"DEN","playerName":"B.Colquitt","statId":29,"yards":52},{"sequence":2,"clubcode":"DEN","playerName":"B.Colquitt","statId":30,"yards":0}]}}},"fds":1,"result":"Punt","penyds":0,"ydsgained":18,"numplays":7,"postime":"2:02","start":{"qtr":4,"time":"13:35","yrdln":"DEN 20","team":"DEN"},"end":{"qtr":4,"time":"11:33","yrdln":"DEN 38","team":"DEN"}},"19":{"posteam":"SD","qtr":4,"redzone":true,"plays":{"2995":{"sp":0,"qtr":4,"down":1,"time":"11:33","yrdln":"SD 10","ydstogo":10,"ydsnet":11,"posteam":"SD","desc":"(11:33) R.Mathews right guard to SD 21 for 11 yards (A.Goodman).","note":null,"players":{"00-0021194":[{"sequence":3,"clubcode":"DEN","playerName":"A.Goodman","statId":79,"yards":0}],"0":[{"sequence":1,"clubcode":"SD","playerName":"","statId":3,"yards":0}],"00-0027864":[{"sequence":2,"clubcode":"SD","playerName":"R.Mathews","statId":10,"yards":11}]}},"3016":{"sp":0,"qtr":4,"down":1,"time":"10:54","yrdln":"SD 21","ydstogo":10,"ydsnet":12,"posteam":"SD","desc":"(10:54) R.Mathews right guard to SD 22 for 1 yard (J.Mays).","note":null,"players":{"00-0027864":[{"sequence":1,"clubcode":"SD","playerName":"R.Mathews","statId":10,"yards":1}],"00-0026340":[{"sequence":2,"clubcode":"DEN","playerName":"J.Mays","statId":79,"yards":0}]}},"3037":{"sp":0,"qtr":4,"down":2,"time":"10:13","yrdln":"SD 22","ydstogo":9,"ydsnet":16,"posteam":"SD","desc":"(10:13) (Shotgun) P.Rivers pass short left to R.McMichael to SD 26 for 4 yards (W.Woodyard).","note":null,"players":{"00-0022942":[{"sequence":1,"clubcode":"SD","playerName":"P.Rivers","statId":15,"yards":4},{"sequence":2,"clubcode":"SD","playerName":"P.Rivers","statId":111,"yards":2}],"00-0025828":[{"sequence":6,"clubcode":"DEN","playerName":"W.Woodyard","statId":79,"yards":0}],"00-0021236":[{"sequence":3,"clubcode":"SD","playerName":"R.McMichael","statId":21,"yards":4},{"sequence":4,"clubcode":"SD","playerName":"R.McMichael","statId":115,"yards":0},{"sequence":5,"clubcode":"SD","playerName":"R.McMichael","statId":113,"yards":2}]}},"3061":{"sp":0,"qtr":4,"down":3,"time":"09:30","yrdln":"SD 26","ydstogo":5,"ydsnet":10,"posteam":"SD","desc":"(9:30) (Shotgun) P.Rivers sacked at SD 20 for -6 yards (V.Miller).","note":null,"players":{"00-0022942":[{"sequence":2,"clubcode":"SD","playerName":"P.Rivers","statId":20,"yards":-6}],"00-0027940":[{"sequence":3,"clubcode":"DEN","playerName":"V.Miller","statId":83,"yards":-6},{"sequence":4,"clubcode":"DEN","playerName":"V.Miller","statId":110,"yards":0},{"sequence":5,"clubcode":"DEN","playerName":"V.Miller","statId":79,"yards":0},{"sequence":6,"clubcode":"DEN","playerName":"V.Miller","statId":120,"yards":0}],"0":[{"sequence":1,"clubcode":"SD","playerName":"","statId":7,"yards":0}]}},"3080":{"sp":0,"qtr":4,"down":4,"time":"09:06","yrdln":"SD 20","ydstogo":11,"ydsnet":10,"posteam":"SD","desc":"(9:06) M.Scifres punts 46 yards to DEN 34, Center-M.Windt. Q.Cosby to DEN 49 for 15 yards (R.McMichael).","note":"PUNT","players":{"00-0026716":[{"sequence":2,"clubcode":"DEN","playerName":"Q.Cosby","statId":33,"yards":15}],"00-0021236":[{"sequence":3,"clubcode":"SD","playerName":"R.McMichael","statId":79,"yards":0}],"00-0022017":[{"sequence":1,"clubcode":"SD","playerName":"M.Scifres","statId":29,"yards":46}]}}},"fds":1,"result":"Punt","penyds":0,"ydsgained":10,"numplays":5,"postime":"2:39","start":{"qtr":4,"time":"11:33","yrdln":"SD 10","team":"SD"},"end":{"qtr":4,"time":"08:54","yrdln":"SD 20","team":"SD"}},"20":{"posteam":"DEN","qtr":4,"redzone":true,"plays":{"3106":{"sp":0,"qtr":4,"down":1,"time":"08:54","yrdln":"DEN 49","ydstogo":10,"ydsnet":28,"posteam":"DEN","desc":"(8:54) W.McGahee left guard to SD 23 for 28 yards (A.Cason).","note":null,"players":{"00-0026167":[{"sequence":3,"clubcode":"SD","playerName":"A.Cason","statId":79,"yards":0}],"0":[{"sequence":1,"clubcode":"DEN","playerName":"","statId":3,"yards":0}],"00-0022178":[{"sequence":2,"clubcode":"DEN","playerName":"W.McGahee","statId":10,"yards":28}]}},"3127":{"sp":0,"qtr":4,"down":1,"time":"08:05","yrdln":"SD 23","ydstogo":10,"ydsnet":39,"posteam":"DEN","desc":"(8:05) T.Tebow scrambles left end pushed ob at SD 12 for 11 yards (A.Cason).","note":null,"players":{"00-0026167":[{"sequence":3,"clubcode":"SD","playerName":"A.Cason","statId":79,"yards":0}],"00-0027876":[{"sequence":2,"clubcode":"DEN","playerName":"T.Tebow","statId":10,"yards":11}],"0":[{"sequence":1,"clubcode":"DEN","playerName":"","statId":3,"yards":0}]}},"3148":{"sp":0,"qtr":4,"down":1,"time":"07:22","yrdln":"SD 12","ydstogo":10,"ydsnet":39,"posteam":"DEN","desc":"(7:22) T.Tebow up the middle to SD 12 for no gain (A.Garay).","note":null,"players":{"00-0027876":[{"sequence":1,"clubcode":"DEN","playerName":"T.Tebow","statId":10,"yards":0}],"00-0022169":[{"sequence":2,"clubcode":"SD","playerName":"A.Garay","statId":79,"yards":0}]}},"3169":{"sp":1,"qtr":4,"down":2,"time":"06:41","yrdln":"SD 12","ydstogo":10,"ydsnet":51,"posteam":"DEN","desc":"(6:41) (Shotgun) T.Tebow left guard for 12 yards, TOUCHDOWN.","note":"TD","players":{"00-0027876":[{"sequence":2,"clubcode":"DEN","playerName":"T.Tebow","statId":11,"yards":12}],"0":[{"sequence":1,"clubcode":"DEN","playerName":"","statId":3,"yards":0}]}},"3187":{"sp":1,"qtr":4,"down":0,"time":"06:35","yrdln":"SD 2","ydstogo":0,"ydsnet":51,"posteam":"DEN","desc":"(Pass formation) TWO-POINT CONVERSION ATTEMPT. W.McGahee rushes up the middle. ATTEMPT SUCCEEDS.","note":"2PR","players":{"00-0022178":[{"sequence":1,"clubcode":"DEN","playerName":"W.McGahee","statId":75,"yards":0}]}}},"fds":3,"result":"Touchdown","penyds":0,"ydsgained":51,"numplays":5,"postime":"2:19","start":{"qtr":4,"time":"08:54","yrdln":"DEN 49","team":"DEN"},"end":{"qtr":4,"time":"06:35","yrdln":"SD 12","team":"DEN"}},"21":{"posteam":"SD","qtr":4,"redzone":true,"plays":{"3201":{"sp":0,"qtr":4,"down":0,"time":"06:35","yrdln":"DEN 35","ydstogo":0,"ydsnet":0,"posteam":"DEN","desc":"M.Prater kicks 65 yards from DEN 35 to end zone, Touchback.","note":"KICKOFF","players":{"0":[{"sequence":2,"clubcode":"SD","playerName":"","statId":51,"yards":0}],"00-0023853":[{"sequence":1,"clubcode":"DEN","playerName":"M.Prater","statId":44,"yards":65}]}},"3215":{"sp":0,"qtr":4,"down":1,"time":"06:35","yrdln":"SD 20","ydstogo":10,"ydsnet":9,"posteam":"SD","desc":"(6:35) (Shotgun) P.Rivers pass short right to V.Jackson to SD 29 for 9 yards (C.Vaughn).","note":null,"players":{"00-0022942":[{"sequence":1,"clubcode":"SD","playerName":"P.Rivers","statId":15,"yards":9},{"sequence":2,"clubcode":"SD","playerName":"P.Rivers","statId":111,"yards":9}],"00-0027290":[{"sequence":6,"clubcode":"DEN","playerName":"C.Vaughn","statId":79,"yards":0}],"00-0023496":[{"sequence":3,"clubcode":"SD","playerName":"V.Jackson","statId":21,"yards":9},{"sequence":4,"clubcode":"SD","playerName":"V.Jackson","statId":115,"yards":0},{"sequence":5,"clubcode":"SD","playerName":"V.Jackson","statId":113,"yards":0}]}},"3239":{"sp":0,"qtr":4,"down":2,"time":"05:56","yrdln":"SD 29","ydstogo":1,"ydsnet":9,"posteam":"SD","desc":"(5:56) J.Hester up the middle to SD 29 for no gain (M.Thomas).","note":null,"players":{"00-0025508":[{"sequence":2,"clubcode":"DEN","playerName":"M.Thomas","statId":79,"yards":0}],"00-0026209":[{"sequence":1,"clubcode":"SD","playerName":"J.Hester","statId":10,"yards":0}]}},"3260":{"sp":0,"qtr":4,"down":3,"time":"05:27","yrdln":"SD 29","ydstogo":1,"ydsnet":11,"posteam":"SD","desc":"(5:27) P.Rivers up the middle to SD 31 for 2 yards (M.Thomas).","note":null,"players":{"00-0022942":[{"sequence":3,"clubcode":"SD","playerName":"P.Rivers","statId":10,"yards":2}],"00-0025508":[{"sequence":4,"clubcode":"DEN","playerName":"M.Thomas","statId":79,"yards":0}],"0":[{"sequence":1,"clubcode":"SD","playerName":"","statId":3,"yards":0},{"sequence":2,"clubcode":"SD","playerName":"","statId":6,"yards":0}]}},"3281":{"sp":0,"qtr":4,"down":1,"time":"04:45","yrdln":"SD 31","ydstogo":10,"ydsnet":11,"posteam":"SD","desc":"(4:45) (Shotgun) P.Rivers pass incomplete (R.Ayers). Denver challenged the incomplete pass ruling, and the play was REVERSED. (Shotgun) P.Rivers sacked at SD 31 for 0 yards (R.Ayers). FUMBLES (R.Ayers), RECOVERED by DEN-A.Goodman at SD 41. A.Goodman to SD 41 for no gain (P.Crayton).","note":"FUMBLE","players":{"00-0022942":[{"sequence":1,"clubcode":"SD","playerName":"P.Rivers","statId":20,"yards":0},{"sequence":4,"clubcode":"SD","playerName":"P.Rivers","statId":52,"yards":0},{"sequence":5,"clubcode":"SD","playerName":"P.Rivers","statId":106,"yards":0}],"00-0021194":[{"sequence":7,"clubcode":"DEN","playerName":"A.Goodman","statId":59,"yards":0}],"00-0022766":[{"sequence":8,"clubcode":"SD","playerName":"P.Crayton","statId":79,"yards":0}],"00-0026994":[{"sequence":2,"clubcode":"DEN","playerName":"R.Ayers","statId":83,"yards":0},{"sequence":3,"clubcode":"DEN","playerName":"R.Ayers","statId":79,"yards":0},{"sequence":6,"clubcode":"DEN","playerName":"R.Ayers","statId":91,"yards":0}]}}},"fds":1,"result":"Fumble","penyds":0,"ydsgained":11,"numplays":5,"postime":"1:57","start":{"qtr":4,"time":"06:35","yrdln":"SD 20","team":"SD"},"end":{"qtr":4,"time":"04:38","yrdln":"SD 31","team":"SD"}},"22":{"posteam":"DEN","qtr":4,"redzone":true,"plays":{"3346":{"sp":0,"qtr":4,"down":1,"time":"04:38","yrdln":"SD 41","ydstogo":10,"ydsnet":8,"posteam":"DEN","desc":"(4:38) (Shotgun) T.Tebow right tackle to SD 33 for 8 yards (D.Butler).","note":null,"players":{"00-0027876":[{"sequence":1,"clubcode":"DEN","playerName":"T.Tebow","statId":10,"yards":8}],"00-0027682":[{"sequence":2,"clubcode":"SD","playerName":"D.Butler","statId":79,"yards":0}]}},"3368":{"sp":0,"qtr":4,"down":2,"time":"04:04","yrdln":"SD 33","ydstogo":2,"ydsnet":13,"posteam":"DEN","desc":"(4:04) W.McGahee up the middle to SD 28 for 5 yards (T.Spikes).","note":null,"players":{"00-0015474":[{"sequence":3,"clubcode":"SD","playerName":"T.Spikes","statId":79,"yards":0}],"0":[{"sequence":1,"clubcode":"DEN","playerName":"","statId":3,"yards":0}],"00-0022178":[{"sequence":2,"clubcode":"DEN","playerName":"W.McGahee","statId":10,"yards":5}]}},"3389":{"sp":1,"qtr":4,"down":1,"time":"03:30","yrdln":"SD 28","ydstogo":10,"ydsnet":41,"posteam":"DEN","desc":"(3:30) (Shotgun) T.Tebow pass short right to K.Moreno for 28 yards, TOUCHDOWN.","note":"TD","players":{"00-0027876":[{"sequence":2,"clubcode":"DEN","playerName":"T.Tebow","statId":16,"yards":28},{"sequence":3,"clubcode":"DEN","playerName":"T.Tebow","statId":111,"yards":-3}],"00-0026988":[{"sequence":4,"clubcode":"DEN","playerName":"K.Moreno","statId":22,"yards":28},{"sequence":5,"clubcode":"DEN","playerName":"K.Moreno","statId":115,"yards":0},{"sequence":6,"clubcode":"DEN","playerName":"K.Moreno","statId":113,"yards":31}],"0":[{"sequence":1,"clubcode":"DEN","playerName":"","statId":4,"yards":0}]}},"3410":{"sp":0,"qtr":4,"down":0,"time":"03:19","yrdln":"","ydstogo":0,"ydsnet":0,"posteam":"","desc":"Timeout #1 by DEN at 03:19.","note":"TIMEOUT","players":{"0":[{"sequence":1,"clubcode":"DEN","playerName":"","statId":68,"yards":0}]}},"3425":{"sp":0,"qtr":4,"down":0,"time":"03:19","yrdln":"SD 2","ydstogo":0,"ydsnet":41,"posteam":"DEN","desc":"(Pass formation) TWO-POINT CONVERSION ATTEMPT. T.Tebow pass to B.Lloyd is incomplete. ATTEMPT FAILS.","note":"2PPF","players":{"00-0027876":[{"sequence":1,"clubcode":"DEN","playerName":"T.Tebow","statId":78,"yards":0}],"00-0022097":[{"sequence":2,"clubcode":"DEN","playerName":"B.Lloyd","statId":105,"yards":0}]}}},"fds":2,"result":"Touchdown","penyds":0,"ydsgained":41,"numplays":5,"postime":"1:19","start":{"qtr":4,"time":"04:38","yrdln":"SD 41","team":"DEN"},"end":{"qtr":4,"time":"03:19","yrdln":"SD 28","team":"DEN"}},"23":{"posteam":"SD","qtr":4,"redzone":true,"plays":{"3439":{"sp":0,"qtr":4,"down":0,"time":"03:19","yrdln":"DEN 35","ydstogo":0,"ydsnet":0,"posteam":"DEN","desc":"M.Prater kicks 65 yards from DEN 35 to end zone, Touchback.","note":"KICKOFF","players":{"0":[{"sequence":2,"clubcode":"SD","playerName":"","statId":51,"yards":0}],"00-0023853":[{"sequence":1,"clubcode":"DEN","playerName":"M.Prater","statId":44,"yards":65}]}},"3453":{"sp":0,"qtr":4,"down":1,"time":"03:19","yrdln":"SD 20","ydstogo":10,"ydsnet":0,"posteam":"SD","desc":"(3:19) P.Rivers pass incomplete deep right to M.Floyd.","note":null,"players":{"00-0022942":[{"sequence":1,"clubcode":"SD","playerName":"P.Rivers","statId":14,"yards":0},{"sequence":3,"clubcode":"SD","playerName":"P.Rivers","statId":112,"yards":20}],"00-0022414":[{"sequence":2,"clubcode":"SD","playerName":"M.Floyd","statId":115,"yards":0}]}},"3475":{"sp":0,"qtr":4,"down":2,"time":"03:14","yrdln":"SD 20","ydstogo":10,"ydsnet":0,"posteam":"SD","desc":"(3:14) (Shotgun) P.Rivers pass incomplete short left to M.Floyd (A.Goodman).","note":null,"players":{"00-0022942":[{"sequence":1,"clubcode":"SD","playerName":"P.Rivers","statId":14,"yards":0},{"sequence":4,"clubcode":"SD","playerName":"P.Rivers","statId":112,"yards":10}],"00-0022414":[{"sequence":2,"clubcode":"SD","playerName":"M.Floyd","statId":115,"yards":0}],"00-0021194":[{"sequence":3,"clubcode":"DEN","playerName":"A.Goodman","statId":85,"yards":0}]}},"3497":{"sp":0,"qtr":4,"down":3,"time":"03:10","yrdln":"SD 20","ydstogo":10,"ydsnet":38,"posteam":"SD","desc":"(3:10) (Shotgun) P.Rivers pass deep left to M.Floyd to DEN 42 for 38 yards (Q.Carter).","note":null,"players":{"00-0022942":[{"sequence":3,"clubcode":"SD","playerName":"P.Rivers","statId":15,"yards":38},{"sequence":4,"clubcode":"SD","playerName":"P.Rivers","statId":111,"yards":22}],"00-0028046":[{"sequence":8,"clubcode":"DEN","playerName":"Q.Carter","statId":79,"yards":0}],"00-0022414":[{"sequence":5,"clubcode":"SD","playerName":"M.Floyd","statId":21,"yards":38},{"sequence":6,"clubcode":"SD","playerName":"M.Floyd","statId":115,"yards":0},{"sequence":7,"clubcode":"SD","playerName":"M.Floyd","statId":113,"yards":16}],"0":[{"sequence":1,"clubcode":"SD","playerName":"","statId":4,"yards":0},{"sequence":2,"clubcode":"SD","playerName":"","statId":6,"yards":0}]}},"3521":{"sp":0,"qtr":4,"down":0,"time":"02:51","yrdln":"","ydstogo":0,"ydsnet":38,"posteam":"","desc":"Timeout #2 by DEN at 02:51.","note":"TIMEOUT","players":{"0":[{"sequence":1,"clubcode":"DEN","playerName":"","statId":68,"yards":0}]}},"3538":{"sp":0,"qtr":4,"down":1,"time":"02:51","yrdln":"DEN 42","ydstogo":10,"ydsnet":40,"posteam":"SD","desc":"(2:51) J.Hester left guard to DEN 40 for 2 yards (M.Thomas).","note":null,"players":{"00-0025508":[{"sequence":2,"clubcode":"DEN","playerName":"M.Thomas","statId":79,"yards":0}],"00-0026209":[{"sequence":1,"clubcode":"SD","playerName":"J.Hester","statId":10,"yards":2}]}},"3559":{"sp":0,"qtr":4,"down":0,"time":"02:46","yrdln":"","ydstogo":0,"ydsnet":40,"posteam":"","desc":"Timeout #3 by DEN at 02:46.","note":"TIMEOUT","players":{"0":[{"sequence":1,"clubcode":"DEN","playerName":"","statId":68,"yards":0}]}},"3576":{"sp":0,"qtr":4,"down":2,"time":"02:46","yrdln":"DEN 40","ydstogo":8,"ydsnet":58,"posteam":"SD","desc":"(2:46) (Shotgun) J.Hester left end to DEN 37 for 3 yards (M.Haggan). PENALTY on DEN-D.Williams, Unnecessary Roughness, 15 yards, enforced at DEN 37.","note":"PENALTY","players":{"00-0022034":[{"sequence":3,"clubcode":"DEN","playerName":"M.Haggan","statId":79,"yards":0}],"0":[{"sequence":1,"clubcode":"SD","playerName":"","statId":5,"yards":0}],"00-0022780":[{"sequence":4,"clubcode":"DEN","playerName":"D.Williams","statId":93,"yards":15}],"00-0026209":[{"sequence":2,"clubcode":"SD","playerName":"J.Hester","statId":10,"yards":3}]}},"3608":{"sp":0,"qtr":4,"down":1,"time":"02:36","yrdln":"DEN 22","ydstogo":10,"ydsnet":58,"posteam":"SD","desc":"(2:36) J.Hester left end to DEN 22 for no gain (R.Moore, J.Mays).","note":null,"players":{"00-0026340":[{"sequence":3,"clubcode":"DEN","playerName":"J.Mays","statId":82,"yards":0}],"00-0027983":[{"sequence":2,"clubcode":"DEN","playerName":"R.Moore","statId":80,"yards":0}],"00-0026209":[{"sequence":1,"clubcode":"SD","playerName":"J.Hester","statId":10,"yards":0}]}},"3629":{"sp":0,"qtr":4,"down":0,"time":"02:00","yrdln":"","ydstogo":0,"ydsnet":58,"posteam":"","desc":"Two-Minute Warning","note":null,"players":{}},"3646":{"sp":0,"qtr":4,"down":2,"time":"02:00","yrdln":"DEN 22","ydstogo":10,"ydsnet":61,"posteam":"SD","desc":"(2:00) J.Hester up the middle to DEN 19 for 3 yards (M.Thomas).","note":null,"players":{"00-0025508":[{"sequence":2,"clubcode":"DEN","playerName":"M.Thomas","statId":79,"yards":0}],"00-0026209":[{"sequence":1,"clubcode":"SD","playerName":"J.Hester","statId":10,"yards":3}]}},"3667":{"sp":0,"qtr":4,"down":3,"time":"01:13","yrdln":"DEN 19","ydstogo":7,"ydsnet":63,"posteam":"SD","desc":"(1:13) J.Hester left tackle to DEN 17 for 2 yards (M.Thomas; R.McBean).","note":null,"players":{"00-0025508":[{"sequence":3,"clubcode":"DEN","playerName":"M.Thomas","statId":82,"yards":0}],"0":[{"sequence":1,"clubcode":"SD","playerName":"","statId":7,"yards":0}],"00-0025519":[{"sequence":4,"clubcode":"DEN","playerName":"R.McBean","statId":82,"yards":0}],"00-0026209":[{"sequence":2,"clubcode":"SD","playerName":"J.Hester","statId":10,"yards":2}]}},"3688":{"sp":0,"qtr":4,"down":0,"time":"00:28","yrdln":"","ydstogo":0,"ydsnet":63,"posteam":"","desc":"Timeout #1 by SD at 00:28.","note":"TIMEOUT","players":{"0":[{"sequence":1,"clubcode":"SD","playerName":"","statId":68,"yards":0}]}},"3705":{"sp":1,"qtr":4,"down":4,"time":"00:28","yrdln":"DEN 17","ydstogo":5,"ydsnet":63,"posteam":"SD","desc":"(:28) N.Novak 35 yard field goal is GOOD, Center-M.Windt, Holder-M.Scifres.","note":"FG","players":{"00-0023096":[{"sequence":1,"clubcode":"SD","playerName":"N.Novak","statId":70,"yards":35}]}}},"fds":2,"result":"Field Goal","penyds":15,"ydsgained":48,"numplays":14,"postime":"2:55","start":{"qtr":4,"time":"03:19","yrdln":"SD 20","team":"SD"},"end":{"qtr":4,"time":"00:24","yrdln":"DEN 17","team":"SD"}},"24":{"posteam":"DEN","qtr":4,"redzone":true,"plays":{"3725":{"sp":0,"qtr":4,"down":0,"time":"00:24","yrdln":"SD 35","ydstogo":0,"ydsnet":0,"posteam":"SD","desc":"N.Novak kicks 65 yards from SD 35 to end zone, Touchback.","note":"KICKOFF","players":{"00-0023096":[{"sequence":1,"clubcode":"SD","playerName":"N.Novak","statId":44,"yards":65}],"0":[{"sequence":2,"clubcode":"DEN","playerName":"","statId":51,"yards":0}]}},"3739":{"sp":0,"qtr":4,"down":1,"time":"00:24","yrdln":"DEN 20","ydstogo":10,"ydsnet":20,"posteam":"DEN","desc":"(:24) (Shotgun) T.Tebow pass incomplete deep right to B.Lloyd. Play Challenged by Replay Assistant and REVERSED. (Shotgun) T.Tebow pass deep right to B.Lloyd ran ob at DEN 40 for 20 yards.","note":null,"players":{"00-0027876":[{"sequence":2,"clubcode":"DEN","playerName":"T.Tebow","statId":15,"yards":20},{"sequence":3,"clubcode":"DEN","playerName":"T.Tebow","statId":111,"yards":20}],"00-0022097":[{"sequence":4,"clubcode":"DEN","playerName":"B.Lloyd","statId":21,"yards":20},{"sequence":5,"clubcode":"DEN","playerName":"B.Lloyd","statId":115,"yards":0},{"sequence":6,"clubcode":"DEN","playerName":"B.Lloyd","statId":113,"yards":0}],"0":[{"sequence":1,"clubcode":"DEN","playerName":"","statId":4,"yards":0}]}},"3810":{"sp":0,"qtr":4,"down":1,"time":"00:19","yrdln":"DEN 40","ydstogo":10,"ydsnet":51,"posteam":"DEN","desc":"(:19) (Shotgun) T.Tebow pass to D.Fells to SD 29 for 31 yards (T.Spikes).","note":null,"players":{"00-0015474":[{"sequence":7,"clubcode":"SD","playerName":"T.Spikes","statId":79,"yards":0}],"00-0027876":[{"sequence":2,"clubcode":"DEN","playerName":"T.Tebow","statId":15,"yards":31},{"sequence":3,"clubcode":"DEN","playerName":"T.Tebow","statId":111,"yards":-6}],"00-0023752":[{"sequence":4,"clubcode":"DEN","playerName":"D.Fells","statId":21,"yards":31},{"sequence":5,"clubcode":"DEN","playerName":"D.Fells","statId":115,"yards":0},{"sequence":6,"clubcode":"DEN","playerName":"D.Fells","statId":113,"yards":37}],"0":[{"sequence":1,"clubcode":"DEN","playerName":"","statId":4,"yards":0}]}},"3846":{"sp":0,"qtr":4,"down":1,"time":"00:02","yrdln":"SD 29","ydstogo":10,"ydsnet":51,"posteam":"DEN","desc":"(:02) (Shotgun) T.Tebow spiked the ball to stop the clock.","note":null,"players":{"00-0027876":[{"sequence":1,"clubcode":"DEN","playerName":"T.Tebow","statId":14,"yards":0},{"sequence":2,"clubcode":"DEN","playerName":"T.Tebow","statId":112,"yards":0}]}},"3868":{"sp":0,"qtr":4,"down":0,"time":"00:01","yrdln":"","ydstogo":0,"ydsnet":51,"posteam":"","desc":"Timeout #2 by SD at 00:01.","note":"TIMEOUT","players":{"0":[{"sequence":1,"clubcode":"SD","playerName":"","statId":68,"yards":0}]}},"3885":{"sp":0,"qtr":4,"down":2,"time":"00:01","yrdln":"SD 29","ydstogo":10,"ydsnet":51,"posteam":"DEN","desc":"(:01) (Shotgun) T.Tebow pass incomplete deep right to M.Willis.","note":null,"players":{"00-0027876":[{"sequence":1,"clubcode":"DEN","playerName":"T.Tebow","statId":14,"yards":0},{"sequence":3,"clubcode":"DEN","playerName":"T.Tebow","statId":112,"yards":29}],"00-0024756":[{"sequence":2,"clubcode":"DEN","playerName":"M.Willis","statId":115,"yards":0}]}},"3907":{"sp":0,"qtr":4,"down":0,"time":"00:00","yrdln":"","ydstogo":0,"ydsnet":51,"posteam":"","desc":"END GAME","note":null,"players":{}}},"fds":2,"result":"End of Game","penyds":0,"ydsgained":51,"numplays":7,"postime":"0:24","start":{"qtr":4,"time":"00:24","yrdln":"DEN 20","team":"DEN"},"end":{"qtr":4,"time":"00:00","yrdln":"","team":"DEN"}},"crntdrv":24},"scrsummary":{"319":{"type":"FG","desc":"N.Novak 24 yd. Field Goal Drive: 9 plays, 46 yards in 4:54","qtr":1,"team":"SD","players":{"N.Novak":"00-0023096"}},"467":{"type":"TD","desc":"C.Vaughn 55 yd. interception return (M.Prater kick is good)","qtr":1,"team":"DEN","players":{"P.Crayton":"00-0022766","P.Rivers":"00-0022942","C.Vaughn":"00-0027290","M.Prater":"00-0023853"}},"735":{"type":"FG","desc":"N.Novak 32 yd. Field Goal Drive: 10 plays, 66 yards in 5:13","qtr":1,"team":"SD","players":{"N.Novak":"00-0023096"}},"1021":{"type":"FG","desc":"M.Prater 35 yd. Field Goal Drive: 11 plays, 63 yards in 4:35","qtr":2,"team":"DEN","players":{"M.Prater":"00-0023853"}},"1209":{"type":"TD","desc":"P.Rivers 2 yd. run (N.Novak kick is good) Drive: 7 plays, 80 yards in 3:51","qtr":2,"team":"SD","players":{"":"0","P.Rivers":"00-0022942","N.Novak":"00-0023096"}},"1668":{"type":"FG","desc":"N.Novak 28 yd. Field Goal Drive: 8 plays, 56 yards in 3:42","qtr":2,"team":"SD","players":{"N.Novak":"00-0023096"}},"1901":{"type":"TD","desc":"M.Floyd 42 yd. pass from P.Rivers (N.Novak kick is good) Drive: 5 plays, 54 yards in 0:49","qtr":2,"team":"SD","players":{"P.Rivers":"00-0022942","M.Floyd":"00-0022414","":"0","N.Novak":"00-0023096"}},"2823":{"type":"FG","desc":"N.Novak 51 yd. Field Goal Drive: 9 plays, 30 yards in 4:13","qtr":4,"team":"SD","players":{"N.Novak":"00-0023096"}},"3169":{"type":"TD","desc":"T.Tebow 12 yd. run (W.McGahee run) Drive: 4 plays, 51 yards in 2:19","qtr":4,"team":"DEN","players":{"":"0","T.Tebow":"00-0027876","W.McGahee":"00-0022178"}},"3389":{"type":"TD","desc":"K.Moreno 28 yd. pass from T.Tebow (pass failed) Drive: 3 plays, 41 yards in 1:19","qtr":4,"team":"DEN","players":{"":"0","T.Tebow":"00-0027876","K.Moreno":"00-0026988"}},"3705":{"type":"FG","desc":"N.Novak 35 yd. Field Goal Drive: 9 plays, 63 yards in 2:55","qtr":4,"team":"SD","players":{"N.Novak":"00-0023096"}}},"weather":null,"media":null,"yl":"","qtr":"Final","note":null,"down":0,"togo":0,"redzone":true,"clock":"00:01","posteam":"DEN","stadium":null},"nextupdate":272}