{"2011102302":{"home":{"score":{"1":0,"2":0,"3":7,"4":0,"5":0,"T":7},"abbr":"TEN","to":3,"stats":{"passing":{"00-0007091":{"name":"M.Hasselbeck","att":30,"cmp":14,"yds":104,"tds":1,"ints":2,"twopta":0,"twoptm":0},"00-0027946":{"name":"J.Locker","att":1,"cmp":1,"yds":12,"tds":0,"ints":0,"twopta":0,"twoptm":0}},"rushing":{"00-0027120":{"name":"J.Ringer","att":3,"yds":31,"tds":0,"lng":25,"lngtd":0,"twopta":0,"twoptm":0},"00-0026164":{"name":"C.Johnson","att":10,"yds":18,"tds":0,"lng":3,"lngtd":0,"twopta":0,"twoptm":0},"00-0028068":{"name":"J.Harper","att":2,"yds":4,"tds":0,"lng":3,"lngtd":0,"twopta":0,"twoptm":0}},"receiving":{"00-0026164":{"name":"C.Johnson","rec":6,"yds":27,"tds":0,"lng":17,"lngtd":0,"twopta":0,"twoptm":0},"00-0026266":{"name":"L.Hawkins","rec":3,"yds":24,"tds":0,"lng":12,"lngtd":0,"twopta":0,"twoptm":0},"00-0027061":{"name":"J.Cook","rec":2,"yds":22,"tds":1,"lng":17,"lngtd":5,"twopta":0,"twoptm":0},"00-0027120":{"name":"J.Ringer","rec":1,"yds":17,"tds":0,"lng":17,"lngtd":0,"twopta":0,"twoptm":0},"00-0026225":{"name":"C.Stevens","rec":1,"yds":11,"tds":0,"lng":11,"lngtd":0,"twopta":0,"twoptm":0},"00-0023367":{"name":"N.Washington","rec":1,"yds":10,"tds":0,"lng":10,"lngtd":0,"twopta":0,"twoptm":0},"00-0027893":{"name":"D.Williams","rec":1,"yds":5,"tds":0,"lng":5,"lngtd":0,"twopta":0,"twoptm":0}},"fumbles":{"00-0026164":{"name":"C.Johnson","tot":1,"rcv":1,"trcv":1,"yds":0,"lost":0},"00-0027816":{"name":"M.Mariani","tot":1,"rcv":0,"trcv":0,"yds":0,"lost":0},"00-0028068":{"name":"J.Harper","tot":0,"rcv":1,"trcv":1,"yds":0,"lost":0}},"kicking":{"00-0020962":{"name":"R.Bironas","fgm":0,"fga":0,"fgyds":0,"totpfg":0,"xpmade":1,"xpmissed":0,"xpa":1,"xpb":0,"xptot":1}},"punting":{"00-0025825":{"name":"B.Kern","pts":7,"yds":319,"avg":43,"i20":2,"lng":54}},"kickret":{"00-0027816":{"name":"M.Mariani","ret":5,"avg":20,"tds":0,"lng":29,"lngtd":0}},"puntret":{"00-0027816":{"name":"M.Mariani","ret":2,"avg":16,"tds":0,"lng":20,"lngtd":0}},"defense":{"00-0027136":{"name":"J.McCourty","tkl":8,"ast":4,"sk":0,"int":0,"ffum":0},"00-0022409":{"name":"J.Babineaux","tkl":9,"ast":2,"sk":0,"int":0,"ffum":0},"00-0023471":{"name":"B.Ruud","tkl":8,"ast":2,"sk":0,"int":0,"ffum":0},"00-0025406":{"name":"M.Griffin","tkl":6,"ast":3,"sk":0,"int":0,"ffum":0},"00-0021085":{"name":"W.Witherspoon","tkl":3,"ast":2,"sk":0,"int":0,"ffum":0},"00-0024429":{"name":"C.Finnegan","tkl":4,"ast":0,"sk":0,"int":0,"ffum":0},"00-0028080":{"name":"K.Klug","tkl":3,"ast":1,"sk":0,"int":0,"ffum":0},"00-0021679":{"name":"S.Smith","tkl":2,"ast":2,"sk":0,"int":0,"ffum":0},"00-0027038":{"name":"S.Marks","tkl":1,"ast":2,"sk":0,"int":0,"ffum":0},"00-0028015":{"name":"J.Casey","tkl":2,"ast":0,"sk":0,"int":0,"ffum":0},"00-0026194":{"name":"J.Jones","tkl":1,"ast":1,"sk":0,"int":0,"ffum":0},"00-0022814":{"name":"D.Ball","tkl":1,"ast":0,"sk":0,"int":0,"ffum":0},"00-0027977":{"name":"A.Ayers","tkl":1,"ast":0,"sk":0,"int":0,"ffum":0},"00-0027571":{"name":"M.Sheppard","tkl":1,"ast":0,"sk":0,"int":0,"ffum":0},"00-0027868":{"name":"D.Morgan","tkl":0,"ast":1,"sk":0,"int":0,"ffum":0}},"team":{"totfd":11,"totyds":148,"pyds":95,"ryds":53,"pen":8,"penyds":76,"trnovr":2,"pt":7,"ptyds":319,"ptavg":43,"top":"22:02"}},"players":null},"away":{"score":{"1":3,"2":17,"3":7,"4":14,"5":0,"T":41},"abbr":"HOU","to":2,"stats":{"passing":{"00-0022787":{"name":"M.Schaub","att":23,"cmp":18,"yds":296,"tds":2,"ints":0,"twopta":0,"twoptm":0}},"rushing":{"00-0026796":{"name":"A.Foster","att":25,"yds":115,"tds":2,"lng":17,"lngtd":5,"twopta":0,"twoptm":0},"00-0027890":{"name":"B.Tate","att":15,"yds":104,"tds":0,"lng":24,"lngtd":0,"twopta":0,"twoptm":0},"00-0022770":{"name":"D.Ward","att":5,"yds":7,"tds":0,"lng":5,"lngtd":0,"twopta":0,"twoptm":0},"00-0024394":{"name":"L.Vickers","att":1,"yds":0,"tds":0,"lng":0,"lngtd":0,"twopta":0,"twoptm":0},"00-0025460":{"name":"J.Jones","att":1,"yds":-4,"tds":0,"lng":-4,"lngtd":0,"twopta":0,"twoptm":0}},"receiving":{"00-0026796":{"name":"A.Foster","rec":5,"yds":119,"tds":1,"lng":78,"lngtd":78,"twopta":0,"twoptm":0},"00-0024313":{"name":"O.Daniels","rec":4,"yds":71,"tds":0,"lng":34,"lngtd":0,"twopta":0,"twoptm":0},"00-0021931":{"name":"K.Walter","rec":3,"yds":35,"tds":0,"lng":20,"lngtd":0,"twopta":0,"twoptm":0},"00-0023630":{"name":"J.Dreessen","rec":2,"yds":31,"tds":1,"lng":21,"lngtd":10,"twopta":0,"twoptm":0},"00-0025460":{"name":"J.Jones","rec":2,"yds":27,"tds":0,"lng":20,"lngtd":0,"twopta":0,"twoptm":0},"00-0010500":{"name":"D.Mason","rec":1,"yds":7,"tds":0,"lng":7,"lngtd":0,"twopta":0,"twoptm":0},"00-0022156":{"name":"B.Johnson","rec":1,"yds":6,"tds":0,"lng":6,"lngtd":0,"twopta":0,"twoptm":0}},"fumbles":{},"kicking":{"00-0019676":{"name":"N.Rackers","fgm":2,"fga":2,"fgyds":32,"totpfg":6,"xpmade":5,"xpmissed":0,"xpa":5,"xpb":0,"xptot":5}},"punting":{"00-0028540":{"name":"B.Hartmann","pts":2,"yds":96,"avg":32,"i20":0,"lng":57}},"kickret":{},"puntret":{"00-0027606":{"name":"T.Holliday","ret":1,"avg":0,"tds":0,"lng":0,"lngtd":0}},"defense":{"00-0026991":{"name":"B.Cushing","tkl":5,"ast":1,"sk":0,"int":0,"ffum":0},"00-0027980":{"name":"B.Reed","tkl":4,"ast":0,"sk":1,"int":0,"ffum":0},"00-0027949":{"name":"J.Watt","tkl":3,"ast":0,"sk":1,"int":0,"ffum":0},"00-0024239":{"name":"J.Joseph","tkl":3,"ast":0,"sk":0,"int":0,"ffum":1},"00-0026935":{"name":"B.McCain","tkl":3,"ast":0,"sk":0,"int":1,"ffum":0},"00-0027081":{"name":"G.Quin","tkl":1,"ast":2,"sk":0,"int":0,"ffum":0},"00-0026948":{"name":"T.Nolan","tkl":2,"ast":0,"sk":0,"int":0,"ffum":0},"00-0027703":{"name":"D.Sharpton","tkl":2,"ast":0,"sk":0,"int":0,"ffum":0},"00-0027872":{"name":"K.Jackson","tkl":2,"ast":0,"sk":0,"int":0,"ffum":0},"00-0022793":{"name":"A.Smith","tkl":1,"ast":1,"sk":0,"int":0,"ffum":0},"00-0027022":{"name":"C.Barwin","tkl":1,"ast":1,"sk":0,"int":0,"ffum":0},"00-0024257":{"name":"D.Manning","tkl":1,"ast":0,"sk":0,"int":1,"ffum":0},"00-0027684":{"name":"E.Mitchell","tkl":0,"ast":1,"sk":0,"int":0,"ffum":0}},"team":{"totfd":29,"totyds":518,"pyds":296,"ryds":222,"pen":6,"penyds":68,"trnovr":0,"pt":2,"ptyds":96,"ptavg":32,"top":"37:58"}},"players":null},"drives":{"1":{"posteam":"HOU","qtr":1,"redzone":true,"plays":{"36":{"sp":0,"qtr":1,"down":0,"time":"15:00","yrdln":"TEN 35","ydstogo":0,"ydsnet":0,"posteam":"TEN","desc":"R.Bironas kicks 65 yards from TEN 35 to end zone, Touchback.","note":"KICKOFF","players":{"00-0020962":[{"sequence":1,"clubcode":"TEN","playerName":"R.Bironas","statId":44,"yards":65}],"0":[{"sequence":2,"clubcode":"HOU","playerName":null,"statId":51,"yards":0}]}},"54":{"sp":0,"qtr":1,"down":1,"time":"15:00","yrdln":"HOU 20","ydstogo":10,"ydsnet":1,"posteam":"HOU","desc":"(15:00) A.Foster right tackle to HOU 21 for 1 yard (C.Finnegan).","note":null,"players":{"00-0026796":[{"sequence":2,"clubcode":"HOU","playerName":"A.Foster","statId":10,"yards":1}],"00-0024429":[{"sequence":1,"clubcode":"TEN","playerName":"C.Finnegan","statId":79,"yards":0}]}},"75":{"sp":0,"qtr":1,"down":2,"time":"14:22","yrdln":"HOU 21","ydstogo":9,"ydsnet":7,"posteam":"HOU","desc":"(14:22) A.Foster right guard to HOU 28 for 7 yards (S.Smith; J.McCourty).","note":null,"players":{"00-0027136":[{"sequence":1,"clubcode":"TEN","playerName":"J.McCourty","statId":82,"yards":0}],"00-0026796":[{"sequence":3,"clubcode":"HOU","playerName":"A.Foster","statId":10,"yards":7}],"00-0021679":[{"sequence":2,"clubcode":"TEN","playerName":"S.Smith","statId":82,"yards":0}]}},"96":{"sp":0,"qtr":1,"down":3,"time":"13:43","yrdln":"HOU 28","ydstogo":2,"ydsnet":7,"posteam":"HOU","desc":"(13:43) A.Foster left tackle to HOU 27 for -1 yards (S.Smith).","note":null,"players":{"00-0026796":[{"sequence":3,"clubcode":"HOU","playerName":"A.Foster","statId":10,"yards":-1}],"00-0021679":[{"sequence":1,"clubcode":"TEN","playerName":"S.Smith","statId":79,"yards":0},{"sequence":2,"clubcode":"TEN","playerName":"S.Smith","statId":120,"yards":0}],"0":[{"sequence":4,"clubcode":"HOU","playerName":null,"statId":7,"yards":0},{"sequence":5,"clubcode":"HOU","playerName":null,"statId":95,"yards":-1}]}},"117":{"sp":0,"qtr":1,"down":4,"time":"13:17","yrdln":"HOU 27","ydstogo":3,"ydsnet":7,"posteam":"HOU","desc":"(13:17) (Punt formation) B.Hartmann punts 57 yards to TEN 16, Center-J.Weeks. M.Mariani pushed ob at TEN 34 for 18 yards (J.Dreessen). PENALTY on TEN-G.McRath, Illegal Block Above the Waist, 10 yards, enforced at TEN 29.","note":"PUNT","players":{"00-0028540":[{"sequence":2,"clubcode":"HOU","playerName":"B.Hartmann","statId":29,"yards":57}],"00-0023630":[{"sequence":4,"clubcode":"HOU","playerName":"J.Dreessen","statId":79,"yards":0}],"00-0027816":[{"sequence":3,"clubcode":"TEN","playerName":"M.Mariani","statId":33,"yards":13}],"00-0027095":[{"sequence":1,"clubcode":"TEN","playerName":"G.McRath","statId":93,"yards":10}]}}},"fds":0,"result":"Punt","penyds":0,"ydsgained":7,"numplays":5,"postime":"1:58","start":{"qtr":1,"time":"15:00","yrdln":"HOU 20","team":"HOU"},"end":{"qtr":1,"time":"13:02","yrdln":"HOU 27","team":"HOU"}},"2":{"posteam":"TEN","qtr":1,"redzone":true,"plays":{"159":{"sp":0,"qtr":1,"down":1,"time":"13:02","yrdln":"TEN 19","ydstogo":10,"ydsnet":2,"posteam":"TEN","desc":"(13:02) C.Johnson left end to TEN 21 for 2 yards (D.Manning).","note":null,"players":{"00-0026164":[{"sequence":2,"clubcode":"TEN","playerName":"C.Johnson","statId":10,"yards":2}],"00-0024257":[{"sequence":1,"clubcode":"HOU","playerName":"D.Manning","statId":79,"yards":0}]}},"180":{"sp":0,"qtr":1,"down":2,"time":"12:30","yrdln":"TEN 21","ydstogo":8,"ydsnet":3,"posteam":"TEN","desc":"(12:30) C.Johnson up the middle to TEN 22 for 1 yard (K.Jackson).","note":null,"players":{"00-0026164":[{"sequence":2,"clubcode":"TEN","playerName":"C.Johnson","statId":10,"yards":1}],"00-0027872":[{"sequence":1,"clubcode":"HOU","playerName":"K.Jackson","statId":79,"yards":0}]}},"202":{"sp":0,"qtr":1,"down":3,"time":"11:44","yrdln":"TEN 22","ydstogo":7,"ydsnet":33,"posteam":"TEN","desc":"(11:44) (Shotgun) M.Hasselbeck pass incomplete deep left to D.Avery. PENALTY on HOU-K.Jackson, Defensive Pass Interference, 30 yards, enforced at TEN 22 - No Play.","note":"PENALTY","players":{"00-0027872":[{"sequence":2,"clubcode":"HOU","playerName":"K.Jackson","statId":93,"yards":30}],"0":[{"sequence":1,"clubcode":"TEN","playerName":null,"statId":5,"yards":0}]}},"235":{"sp":0,"qtr":1,"down":1,"time":"11:39","yrdln":"HOU 48","ydstogo":10,"ydsnet":33,"posteam":"TEN","desc":"(11:39) M.Hasselbeck pass incomplete deep left to D.Williams.","note":null,"players":{"00-0027893":[{"sequence":3,"clubcode":"TEN","playerName":"D.Williams","statId":115,"yards":0}],"00-0007091":[{"sequence":1,"clubcode":"TEN","playerName":"M.Hasselbeck","statId":112,"yards":33},{"sequence":2,"clubcode":"TEN","playerName":"M.Hasselbeck","statId":14,"yards":0}]}},"257":{"sp":0,"qtr":1,"down":2,"time":"11:33","yrdln":"HOU 48","ydstogo":10,"ydsnet":35,"posteam":"TEN","desc":"(11:33) C.Johnson left end to HOU 46 for 2 yards (B.Cushing).","note":null,"players":{"00-0026164":[{"sequence":1,"clubcode":"TEN","playerName":"C.Johnson","statId":10,"yards":2}],"00-0026991":[{"sequence":2,"clubcode":"HOU","playerName":"B.Cushing","statId":79,"yards":0}]}},"278":{"sp":0,"qtr":1,"down":3,"time":"10:55","yrdln":"HOU 46","ydstogo":8,"ydsnet":35,"posteam":"TEN","desc":"(10:55) (Shotgun) M.Hasselbeck pass incomplete short right to N.Washington.","note":null,"players":{"0":[{"sequence":2,"clubcode":"TEN","playerName":null,"statId":7,"yards":0}],"00-0023367":[{"sequence":3,"clubcode":"TEN","playerName":"N.Washington","statId":115,"yards":0}],"00-0007091":[{"sequence":1,"clubcode":"TEN","playerName":"M.Hasselbeck","statId":112,"yards":11},{"sequence":4,"clubcode":"TEN","playerName":"M.Hasselbeck","statId":14,"yards":0}]}},"300":{"sp":0,"qtr":1,"down":4,"time":"10:50","yrdln":"HOU 46","ydstogo":8,"ydsnet":35,"posteam":"TEN","desc":"(10:50) (Punt formation) B.Kern punts 46 yards to end zone, Center-K.Amato, Touchback.","note":"PUNT","players":{"00-0025825":[{"sequence":2,"clubcode":"TEN","playerName":"B.Kern","statId":32,"yards":46}],"0":[{"sequence":1,"clubcode":"HOU","playerName":null,"statId":40,"yards":0}]}}},"fds":1,"result":"Punt","penyds":30,"ydsgained":5,"numplays":7,"postime":"2:20","start":{"qtr":1,"time":"13:02","yrdln":"TEN 19","team":"TEN"},"end":{"qtr":1,"time":"10:42","yrdln":"HOU 46","team":"TEN"}},"3":{"posteam":"HOU","qtr":1,"redzone":true,"plays":{"322":{"sp":0,"qtr":1,"down":1,"time":"10:42","yrdln":"HOU 20","ydstogo":10,"ydsnet":16,"posteam":"HOU","desc":"(10:42) A.Foster left end to HOU 36 for 16 yards (M.Griffin).","note":null,"players":{"00-0026796":[{"sequence":3,"clubcode":"HOU","playerName":"A.Foster","statId":10,"yards":16}],"00-0025406":[{"sequence":2,"clubcode":"TEN","playerName":"M.Griffin","statId":79,"yards":0}],"0":[{"sequence":1,"clubcode":"HOU","playerName":null,"statId":3,"yards":0}]}},"343":{"sp":0,"qtr":1,"down":1,"time":"10:09","yrdln":"HOU 36","ydstogo":10,"ydsnet":16,"posteam":"HOU","desc":"(10:09) M.Schaub pass incomplete deep right to K.Walter.","note":null,"players":{"00-0021931":[{"sequence":3,"clubcode":"HOU","playerName":"K.Walter","statId":115,"yards":0}],"00-0022787":[{"sequence":1,"clubcode":"HOU","playerName":"M.Schaub","statId":112,"yards":39},{"sequence":2,"clubcode":"HOU","playerName":"M.Schaub","statId":14,"yards":0}]}},"365":{"sp":0,"qtr":1,"down":2,"time":"10:02","yrdln":"HOU 36","ydstogo":10,"ydsnet":16,"posteam":"HOU","desc":"(10:02) M.Schaub pass incomplete deep right to J.Jones [J.Jones].","note":null,"players":{"00-0022787":[{"sequence":1,"clubcode":"HOU","playerName":"M.Schaub","statId":14,"yards":0},{"sequence":2,"clubcode":"HOU","playerName":"M.Schaub","statId":112,"yards":19}],"00-0025460":[{"sequence":4,"clubcode":"HOU","playerName":"J.Jones","statId":115,"yards":0}],"00-0026194":[{"sequence":3,"clubcode":"TEN","playerName":"J.Jones","statId":110,"yards":0}]}},"387":{"sp":0,"qtr":1,"down":3,"time":"09:55","yrdln":"HOU 36","ydstogo":10,"ydsnet":16,"posteam":"HOU","desc":"(9:55) (Shotgun) M.Schaub pass incomplete deep left to J.Jones.","note":null,"players":{"00-0022787":[{"sequence":2,"clubcode":"HOU","playerName":"M.Schaub","statId":14,"yards":0},{"sequence":4,"clubcode":"HOU","playerName":"M.Schaub","statId":112,"yards":24}],"00-0025460":[{"sequence":1,"clubcode":"HOU","playerName":"J.Jones","statId":115,"yards":0}],"0":[{"sequence":3,"clubcode":"HOU","playerName":null,"statId":7,"yards":0}]}},"409":{"sp":0,"qtr":1,"down":4,"time":"09:49","yrdln":"HOU 36","ydstogo":10,"ydsnet":16,"posteam":"HOU","desc":"(9:49) (Punt formation) B.Hartmann punts 39 yards to TEN 25, Center-J.Weeks. M.Mariani to TEN 45 for 20 yards (D.Sharpton).","note":"PUNT","players":{"00-0028540":[{"sequence":3,"clubcode":"HOU","playerName":"B.Hartmann","statId":29,"yards":39}],"00-0027703":[{"sequence":2,"clubcode":"HOU","playerName":"D.Sharpton","statId":79,"yards":0}],"00-0027816":[{"sequence":1,"clubcode":"TEN","playerName":"M.Mariani","statId":33,"yards":20}]}}},"fds":1,"result":"Punt","penyds":0,"ydsgained":16,"numplays":5,"postime":"1:05","start":{"qtr":1,"time":"10:42","yrdln":"HOU 20","team":"HOU"},"end":{"qtr":1,"time":"09:37","yrdln":"HOU 36","team":"HOU"}},"4":{"posteam":"TEN","qtr":1,"redzone":true,"plays":{"435":{"sp":0,"qtr":1,"down":1,"time":"09:37","yrdln":"TEN 45","ydstogo":10,"ydsnet":3,"posteam":"TEN","desc":"(9:37) C.Johnson right guard to TEN 48 for 3 yards (J.Watt).","note":null,"players":{"00-0026164":[{"sequence":2,"clubcode":"TEN","playerName":"C.Johnson","statId":10,"yards":3}],"00-0027949":[{"sequence":1,"clubcode":"HOU","playerName":"J.Watt","statId":79,"yards":0}]}},"457":{"sp":0,"qtr":1,"down":2,"time":"09:04","yrdln":"TEN 48","ydstogo":7,"ydsnet":3,"posteam":"TEN","desc":"(9:04) M.Hasselbeck pass incomplete deep right to D.Williams (J.Joseph).","note":null,"players":{"00-0027893":[{"sequence":3,"clubcode":"TEN","playerName":"D.Williams","statId":115,"yards":0}],"00-0024239":[{"sequence":1,"clubcode":"HOU","playerName":"J.Joseph","statId":85,"yards":0}],"00-0007091":[{"sequence":2,"clubcode":"TEN","playerName":"M.Hasselbeck","statId":112,"yards":17},{"sequence":4,"clubcode":"TEN","playerName":"M.Hasselbeck","statId":14,"yards":0}]}},"479":{"sp":0,"qtr":1,"down":3,"time":"08:56","yrdln":"TEN 48","ydstogo":7,"ydsnet":3,"posteam":"TEN","desc":"(8:56) (Shotgun) M.Hasselbeck pass incomplete deep middle to L.Hawkins.","note":null,"players":{"00-0026266":[{"sequence":3,"clubcode":"TEN","playerName":"L.Hawkins","statId":115,"yards":0}],"0":[{"sequence":2,"clubcode":"TEN","playerName":null,"statId":7,"yards":0}],"00-0007091":[{"sequence":1,"clubcode":"TEN","playerName":"M.Hasselbeck","statId":112,"yards":17},{"sequence":4,"clubcode":"TEN","playerName":"M.Hasselbeck","statId":14,"yards":0}]}},"501":{"sp":0,"qtr":1,"down":4,"time":"08:51","yrdln":"TEN 48","ydstogo":7,"ydsnet":3,"posteam":"TEN","desc":"(8:51) (Punt formation) B.Kern punts 44 yards to HOU 8, Center-K.Amato, fair catch by J.Jones.","note":"PUNT","players":{"00-0025460":[{"sequence":2,"clubcode":"HOU","playerName":"J.Jones","statId":39,"yards":0}],"00-0025825":[{"sequence":1,"clubcode":"TEN","playerName":"B.Kern","statId":30,"yards":0},{"sequence":3,"clubcode":"TEN","playerName":"B.Kern","statId":29,"yards":44}]}}},"fds":0,"result":"Punt","penyds":0,"ydsgained":3,"numplays":4,"postime":"0:54","start":{"qtr":1,"time":"09:37","yrdln":"TEN 45","team":"TEN"},"end":{"qtr":1,"time":"08:43","yrdln":"TEN 48","team":"TEN"}},"5":{"posteam":"HOU","qtr":1,"redzone":true,"plays":{"525":{"sp":0,"qtr":1,"down":1,"time":"08:43","yrdln":"HOU 8","ydstogo":10,"ydsnet":4,"posteam":"HOU","desc":"(8:43) A.Foster right tackle to HOU 12 for 4 yards (J.Babineaux).","note":null,"players":{"00-0026796":[{"sequence":2,"clubcode":"HOU","playerName":"A.Foster","statId":10,"yards":4}],"00-0022409":[{"sequence":1,"clubcode":"TEN","playerName":"J.Babineaux","statId":79,"yards":0}]}},"546":{"sp":0,"qtr":1,"down":2,"time":"08:07","yrdln":"HOU 12","ydstogo":6,"ydsnet":11,"posteam":"HOU","desc":"(8:07) M.Schaub pass short left to J.Jones ran ob at HOU 19 for 7 yards.","note":null,"players":{"00-0022787":[{"sequence":5,"clubcode":"HOU","playerName":"M.Schaub","statId":15,"yards":7},{"sequence":6,"clubcode":"HOU","playerName":"M.Schaub","statId":111,"yards":7}],"00-0025460":[{"sequence":1,"clubcode":"HOU","playerName":"J.Jones","statId":21,"yards":7},{"sequence":2,"clubcode":"HOU","playerName":"J.Jones","statId":115,"yards":0},{"sequence":3,"clubcode":"HOU","playerName":"J.Jones","statId":113,"yards":0}],"0":[{"sequence":4,"clubcode":"HOU","playerName":null,"statId":4,"yards":0}]}},"570":{"sp":0,"qtr":1,"down":1,"time":"07:44","yrdln":"HOU 19","ydstogo":10,"ydsnet":17,"posteam":"HOU","desc":"(7:44) M.Schaub pass short middle to A.Foster to HOU 25 for 6 yards (W.Witherspoon).","note":null,"players":{"00-0026796":[{"sequence":2,"clubcode":"HOU","playerName":"A.Foster","statId":113,"yards":2},{"sequence":3,"clubcode":"HOU","playerName":"A.Foster","statId":21,"yards":6},{"sequence":5,"clubcode":"HOU","playerName":"A.Foster","statId":115,"yards":0}],"00-0022787":[{"sequence":1,"clubcode":"HOU","playerName":"M.Schaub","statId":15,"yards":6},{"sequence":6,"clubcode":"HOU","playerName":"M.Schaub","statId":111,"yards":4}],"00-0021085":[{"sequence":4,"clubcode":"TEN","playerName":"W.Witherspoon","statId":79,"yards":0}]}},"594":{"sp":0,"qtr":1,"down":2,"time":"07:05","yrdln":"HOU 25","ydstogo":4,"ydsnet":13,"posteam":"HOU","desc":"(7:05) J.Jones left end pushed ob at HOU 21 for -4 yards (C.Finnegan).","note":null,"players":{"00-0025460":[{"sequence":2,"clubcode":"HOU","playerName":"J.Jones","statId":10,"yards":-4}],"00-0024429":[{"sequence":3,"clubcode":"TEN","playerName":"C.Finnegan","statId":120,"yards":0},{"sequence":4,"clubcode":"TEN","playerName":"C.Finnegan","statId":79,"yards":0}],"0":[{"sequence":1,"clubcode":"HOU","playerName":null,"statId":95,"yards":-4}]}},"620":{"sp":0,"qtr":1,"down":3,"time":"06:29","yrdln":"HOU 21","ydstogo":8,"ydsnet":39,"posteam":"HOU","desc":"(6:29) (Shotgun) M.Schaub pass short left to A.Foster to HOU 47 for 26 yards (B.Ruud).","note":null,"players":{"00-0023471":[{"sequence":1,"clubcode":"TEN","playerName":"B.Ruud","statId":79,"yards":0}],"00-0022787":[{"sequence":5,"clubcode":"HOU","playerName":"M.Schaub","statId":111,"yards":4},{"sequence":8,"clubcode":"HOU","playerName":"M.Schaub","statId":15,"yards":26}],"00-0026796":[{"sequence":2,"clubcode":"HOU","playerName":"A.Foster","statId":21,"yards":26},{"sequence":6,"clubcode":"HOU","playerName":"A.Foster","statId":113,"yards":22},{"sequence":7,"clubcode":"HOU","playerName":"A.Foster","statId":115,"yards":0}],"0":[{"sequence":3,"clubcode":"HOU","playerName":null,"statId":6,"yards":0},{"sequence":4,"clubcode":"HOU","playerName":null,"statId":4,"yards":0}]}},"644":{"sp":0,"qtr":1,"down":1,"time":"05:47","yrdln":"HOU 47","ydstogo":10,"ydsnet":65,"posteam":"HOU","desc":"(5:47) B.Tate left end pushed ob at TEN 42 for 11 yards (M.Griffin). PENALTY on TEN-W.Witherspoon, Unnecessary Roughness, 15 yards, enforced at TEN 42.","note":"PENALTY","players":{"00-0021085":[{"sequence":3,"clubcode":"TEN","playerName":"W.Witherspoon","statId":93,"yards":15}],"00-0025406":[{"sequence":5,"clubcode":"TEN","playerName":"M.Griffin","statId":79,"yards":0}],"0":[{"sequence":2,"clubcode":"HOU","playerName":null,"statId":3,"yards":0},{"sequence":4,"clubcode":"HOU","playerName":null,"statId":5,"yards":0}],"00-0027890":[{"sequence":1,"clubcode":"HOU","playerName":"B.Tate","statId":10,"yards":11}]}},"676":{"sp":0,"qtr":1,"down":1,"time":"05:25","yrdln":"TEN 27","ydstogo":10,"ydsnet":68,"posteam":"HOU","desc":"(5:25) B.Tate left tackle to TEN 24 for 3 yards (D.Ball).","note":null,"players":{"00-0027890":[{"sequence":2,"clubcode":"HOU","playerName":"B.Tate","statId":10,"yards":3}],"00-0022814":[{"sequence":1,"clubcode":"TEN","playerName":"D.Ball","statId":79,"yards":0}]}},"697":{"sp":0,"qtr":1,"down":2,"time":"04:43","yrdln":"TEN 24","ydstogo":7,"ydsnet":73,"posteam":"HOU","desc":"(4:43) A.Foster right end to TEN 19 for 5 yards (B.Ruud).","note":null,"players":{"00-0023471":[{"sequence":1,"clubcode":"TEN","playerName":"B.Ruud","statId":79,"yards":0}],"00-0026796":[{"sequence":2,"clubcode":"HOU","playerName":"A.Foster","statId":10,"yards":5}]}},"718":{"sp":0,"qtr":1,"down":3,"time":"04:00","yrdln":"TEN 19","ydstogo":2,"ydsnet":76,"posteam":"HOU","desc":"(4:00) A.Foster up the middle to TEN 16 for 3 yards (B.Ruud).","note":null,"players":{"00-0023471":[{"sequence":3,"clubcode":"TEN","playerName":"B.Ruud","statId":79,"yards":0}],"00-0026796":[{"sequence":4,"clubcode":"HOU","playerName":"A.Foster","statId":10,"yards":3}],"0":[{"sequence":1,"clubcode":"HOU","playerName":null,"statId":3,"yards":0},{"sequence":2,"clubcode":"HOU","playerName":null,"statId":6,"yards":0}]}},"739":{"sp":0,"qtr":1,"down":1,"time":"03:24","yrdln":"TEN 16","ydstogo":10,"ydsnet":75,"posteam":"HOU","desc":"(3:24) B.Tate right end to TEN 17 for -1 yards (J.Casey).","note":null,"players":{"00-0028015":[{"sequence":1,"clubcode":"TEN","playerName":"J.Casey","statId":120,"yards":0},{"sequence":2,"clubcode":"TEN","playerName":"J.Casey","statId":79,"yards":0}],"0":[{"sequence":3,"clubcode":"HOU","playerName":null,"statId":95,"yards":-1}],"00-0027890":[{"sequence":4,"clubcode":"HOU","playerName":"B.Tate","statId":10,"yards":-1}]}},"760":{"sp":0,"qtr":1,"down":2,"time":"02:40","yrdln":"TEN 17","ydstogo":11,"ydsnet":65,"posteam":"HOU","desc":"(2:40) M.Schaub pass short right to A.Foster to TEN 12 for 5 yards (J.McCourty; C.Finnegan). PENALTY on HOU-D.Brown, Illegal Use of Hands, 10 yards, enforced at TEN 17 - No Play.","note":"PENALTY","players":{"00-0026166":[{"sequence":1,"clubcode":"HOU","playerName":"D.Brown","statId":93,"yards":10}]}},"795":{"sp":0,"qtr":1,"down":2,"time":"02:16","yrdln":"TEN 27","ydstogo":21,"ydsnet":65,"posteam":"HOU","desc":"(2:16) (Shotgun) M.Schaub pass incomplete short left to O.Daniels [W.Witherspoon].","note":null,"players":{"00-0022787":[{"sequence":1,"clubcode":"HOU","playerName":"M.Schaub","statId":112,"yards":5},{"sequence":2,"clubcode":"HOU","playerName":"M.Schaub","statId":14,"yards":0}],"00-0021085":[{"sequence":3,"clubcode":"TEN","playerName":"W.Witherspoon","statId":110,"yards":0}],"00-0024313":[{"sequence":4,"clubcode":"HOU","playerName":"O.Daniels","statId":115,"yards":0}]}},"818":{"sp":0,"qtr":1,"down":3,"time":"02:11","yrdln":"TEN 27","ydstogo":21,"ydsnet":78,"posteam":"HOU","desc":"(2:11) (Shotgun) A.Foster up the middle to TEN 14 for 13 yards (M.Griffin).","note":null,"players":{"00-0026796":[{"sequence":3,"clubcode":"HOU","playerName":"A.Foster","statId":10,"yards":13}],"00-0025406":[{"sequence":2,"clubcode":"TEN","playerName":"M.Griffin","statId":79,"yards":0}],"0":[{"sequence":1,"clubcode":"HOU","playerName":null,"statId":7,"yards":0}]}},"839":{"sp":1,"qtr":1,"down":4,"time":"01:29","yrdln":"TEN 14","ydstogo":8,"ydsnet":78,"posteam":"HOU","desc":"(1:29) (Field Goal formation) N.Rackers 32 yard field goal is GOOD, Center-J.Weeks, Holder-B.Hartmann.","note":"FG","players":{"00-0019676":[{"sequence":1,"clubcode":"HOU","playerName":"N.Rackers","statId":70,"yards":32}]}}},"fds":5,"result":"Field Goal","penyds":5,"ydsgained":73,"numplays":14,"postime":"7:18","start":{"qtr":1,"time":"08:43","yrdln":"HOU 8","team":"HOU"},"end":{"qtr":1,"time":"01:25","yrdln":"TEN 14","team":"HOU"}},"6":{"posteam":"TEN","qtr":2,"redzone":true,"plays":{"859":{"sp":0,"qtr":1,"down":0,"time":"01:25","yrdln":"HOU 35","ydstogo":0,"ydsnet":43,"posteam":"HOU","desc":"N.Rackers kicks 70 yards from HOU 35 to TEN -5. M.Mariani to TEN 9 for 14 yards (S.Keo).","note":"KICKOFF","players":{"00-0027816":[{"sequence":2,"clubcode":"TEN","playerName":"M.Mariani","statId":45,"yards":14}],"00-0028082":[{"sequence":4,"clubcode":"HOU","playerName":"S.Keo","statId":79,"yards":0}],"00-0019676":[{"sequence":1,"clubcode":"HOU","playerName":"N.Rackers","statId":43,"yards":70},{"sequence":3,"clubcode":"HOU","playerName":"N.Rackers","statId":42,"yards":0}]}},"881":{"sp":0,"qtr":1,"down":1,"time":"01:20","yrdln":"TEN 9","ydstogo":10,"ydsnet":-4,"posteam":"TEN","desc":"(1:20) (Shotgun) PENALTY on TEN-J.Scott, False Start, 4 yards, enforced at TEN 9 - No Play.","note":"PENALTY","players":{"00-0022755":[{"sequence":1,"clubcode":"TEN","playerName":"J.Scott","statId":93,"yards":4}]}},"904":{"sp":0,"qtr":1,"down":1,"time":"01:20","yrdln":"TEN 5","ydstogo":14,"ydsnet":1,"posteam":"TEN","desc":"(1:20) (Shotgun) PENALTY on HOU-J.Watt, Neutral Zone Infraction, 5 yards, enforced at TEN 5 - No Play.","note":"PENALTY","players":{"00-0027949":[{"sequence":1,"clubcode":"HOU","playerName":"J.Watt","statId":93,"yards":5}]}},"927":{"sp":0,"qtr":1,"down":1,"time":"01:20","yrdln":"TEN 10","ydstogo":9,"ydsnet":6,"posteam":"TEN","desc":"(1:20) (Shotgun) M.Hasselbeck pass short left to D.Williams to TEN 15 for 5 yards (D.Sharpton).","note":null,"players":{"00-0027703":[{"sequence":4,"clubcode":"HOU","playerName":"D.Sharpton","statId":79,"yards":0}],"00-0027893":[{"sequence":1,"clubcode":"TEN","playerName":"D.Williams","statId":115,"yards":0},{"sequence":2,"clubcode":"TEN","playerName":"D.Williams","statId":21,"yards":5},{"sequence":3,"clubcode":"TEN","playerName":"D.Williams","statId":113,"yards":2}],"00-0007091":[{"sequence":5,"clubcode":"TEN","playerName":"M.Hasselbeck","statId":15,"yards":5},{"sequence":6,"clubcode":"TEN","playerName":"M.Hasselbeck","statId":111,"yards":3}]}},"951":{"sp":0,"qtr":1,"down":2,"time":"00:51","yrdln":"TEN 15","ydstogo":4,"ydsnet":12,"posteam":"TEN","desc":"(:51) C.Johnson right tackle to TEN 16 for 1 yard (J.Joseph). FUMBLES (J.Joseph), and recovers at TEN 16. C.Johnson to TEN 16 for no gain (J.Watt).","note":"FUMBLE","players":{"00-0026164":[{"sequence":1,"clubcode":"TEN","playerName":"C.Johnson","statId":10,"yards":1},{"sequence":2,"clubcode":"TEN","playerName":"C.Johnson","statId":52,"yards":0},{"sequence":4,"clubcode":"TEN","playerName":"C.Johnson","statId":55,"yards":0}],"00-0024239":[{"sequence":3,"clubcode":"HOU","playerName":"J.Joseph","statId":91,"yards":0},{"sequence":6,"clubcode":"HOU","playerName":"J.Joseph","statId":79,"yards":0}],"00-0027949":[{"sequence":5,"clubcode":"HOU","playerName":"J.Watt","statId":79,"yards":0}]}},"988":{"sp":0,"qtr":1,"down":3,"time":"00:08","yrdln":"TEN 16","ydstogo":3,"ydsnet":12,"posteam":"TEN","desc":"(:08) PENALTY on HOU-A.Smith, Neutral Zone Infraction, 5 yards, enforced at TEN 16 - No Play.","note":"PENALTY","players":{"00-0022793":[{"sequence":1,"clubcode":"HOU","playerName":"A.Smith","statId":93,"yards":5}],"0":[{"sequence":2,"clubcode":"TEN","playerName":null,"statId":5,"yards":0}]}},"1027":{"sp":0,"qtr":2,"down":1,"time":"15:00","yrdln":"TEN 21","ydstogo":10,"ydsnet":14,"posteam":"TEN","desc":"(15:00) C.Johnson up the middle to TEN 23 for 2 yards (B.Cushing; A.Smith).","note":null,"players":{"00-0026164":[{"sequence":2,"clubcode":"TEN","playerName":"C.Johnson","statId":10,"yards":2}],"00-0022793":[{"sequence":1,"clubcode":"HOU","playerName":"A.Smith","statId":82,"yards":0}],"00-0026991":[{"sequence":3,"clubcode":"HOU","playerName":"B.Cushing","statId":82,"yards":0}]}},"1048":{"sp":0,"qtr":2,"down":2,"time":"14:23","yrdln":"TEN 23","ydstogo":8,"ydsnet":31,"posteam":"TEN","desc":"(14:23) (Shotgun) M.Hasselbeck pass short left to C.Johnson to TEN 40 for 17 yards (G.Quin; C.Barwin).","note":null,"players":{"00-0026164":[{"sequence":6,"clubcode":"TEN","playerName":"C.Johnson","statId":115,"yards":0},{"sequence":7,"clubcode":"TEN","playerName":"C.Johnson","statId":21,"yards":17},{"sequence":8,"clubcode":"TEN","playerName":"C.Johnson","statId":113,"yards":13}],"00-0027081":[{"sequence":3,"clubcode":"HOU","playerName":"G.Quin","statId":82,"yards":0}],"0":[{"sequence":2,"clubcode":"TEN","playerName":null,"statId":4,"yards":0}],"00-0027022":[{"sequence":5,"clubcode":"HOU","playerName":"C.Barwin","statId":82,"yards":0}],"00-0007091":[{"sequence":1,"clubcode":"TEN","playerName":"M.Hasselbeck","statId":15,"yards":17},{"sequence":4,"clubcode":"TEN","playerName":"M.Hasselbeck","statId":111,"yards":4}]}},"1072":{"sp":0,"qtr":2,"down":1,"time":"13:44","yrdln":"TEN 40","ydstogo":10,"ydsnet":33,"posteam":"TEN","desc":"(13:44) C.Johnson left tackle to TEN 42 for 2 yards (B.Reed).","note":null,"players":{"00-0026164":[{"sequence":2,"clubcode":"TEN","playerName":"C.Johnson","statId":10,"yards":2}],"00-0027980":[{"sequence":1,"clubcode":"HOU","playerName":"B.Reed","statId":79,"yards":0}]}},"1093":{"sp":0,"qtr":2,"down":2,"time":"13:00","yrdln":"TEN 42","ydstogo":8,"ydsnet":22,"posteam":"TEN","desc":"(13:00) M.Hasselbeck pass deep right to N.Washington pushed ob at HOU 7 for 51 yards. PENALTY on TEN-D.Williams, Offensive Pass Interference, 11 yards, enforced at TEN 42 - No Play.","note":"PENALTY","players":{"00-0027893":[{"sequence":1,"clubcode":"TEN","playerName":"D.Williams","statId":93,"yards":11}]}},"1128":{"sp":0,"qtr":2,"down":2,"time":"12:32","yrdln":"TEN 31","ydstogo":19,"ydsnet":33,"posteam":"TEN","desc":"(12:32) (Shotgun) M.Hasselbeck pass short right to C.Stevens to TEN 42 for 11 yards (B.Reed).","note":null,"players":{"00-0026225":[{"sequence":2,"clubcode":"TEN","playerName":"C.Stevens","statId":113,"yards":6},{"sequence":5,"clubcode":"TEN","playerName":"C.Stevens","statId":21,"yards":11},{"sequence":6,"clubcode":"TEN","playerName":"C.Stevens","statId":115,"yards":0}],"00-0027980":[{"sequence":1,"clubcode":"HOU","playerName":"B.Reed","statId":79,"yards":0}],"00-0007091":[{"sequence":3,"clubcode":"TEN","playerName":"M.Hasselbeck","statId":111,"yards":5},{"sequence":4,"clubcode":"TEN","playerName":"M.Hasselbeck","statId":15,"yards":11}]}},"1152":{"sp":0,"qtr":2,"down":3,"time":"11:47","yrdln":"TEN 42","ydstogo":8,"ydsnet":43,"posteam":"TEN","desc":"(11:47) (Shotgun) M.Hasselbeck pass short middle to N.Washington to HOU 48 for 10 yards (B.McCain).","note":null,"players":{"0":[{"sequence":1,"clubcode":"TEN","playerName":"","statId":4,"yards":0},{"sequence":2,"clubcode":"TEN","playerName":"","statId":6,"yards":0}],"00-0026935":[{"sequence":8,"clubcode":"HOU","playerName":"B.McCain","statId":79,"yards":0}],"00-0023367":[{"sequence":5,"clubcode":"TEN","playerName":"N.Washington","statId":21,"yards":10},{"sequence":6,"clubcode":"TEN","playerName":"N.Washington","statId":115,"yards":0},{"sequence":7,"clubcode":"TEN","playerName":"N.Washington","statId":113,"yards":0}],"00-0007091":[{"sequence":3,"clubcode":"TEN","playerName":"M.Hasselbeck","statId":15,"yards":10},{"sequence":4,"clubcode":"TEN","playerName":"M.Hasselbeck","statId":111,"yards":10}]}},"1176":{"sp":0,"qtr":2,"down":1,"time":"11:01","yrdln":"HOU 48","ydstogo":10,"ydsnet":43,"posteam":"TEN","desc":"(11:01) M.Hasselbeck pass deep right intended for L.Hawkins INTERCEPTED by D.Manning at HOU 13. D.Manning to HOU 13 for no gain (L.Hawkins).","note":"INT","players":{"00-0024257":[{"sequence":4,"clubcode":"HOU","playerName":"D.Manning","statId":25,"yards":0},{"sequence":5,"clubcode":"HOU","playerName":"D.Manning","statId":85,"yards":0}],"00-0026266":[{"sequence":2,"clubcode":"TEN","playerName":"L.Hawkins","statId":115,"yards":0},{"sequence":6,"clubcode":"TEN","playerName":"L.Hawkins","statId":79,"yards":0}],"00-0007091":[{"sequence":1,"clubcode":"TEN","playerName":"M.Hasselbeck","statId":19,"yards":0},{"sequence":3,"clubcode":"TEN","playerName":"M.Hasselbeck","statId":112,"yards":35}]}}},"fds":3,"result":"Interception","penyds":-5,"ydsgained":48,"numplays":13,"postime":"5:32","start":{"qtr":1,"time":"01:25","yrdln":"TEN 9","team":"TEN"},"end":{"qtr":1,"time":"10:53","yrdln":"HOU 48","team":"TEN"}},"7":{"posteam":"HOU","qtr":2,"redzone":true,"plays":{"1203":{"sp":0,"qtr":2,"down":1,"time":"10:53","yrdln":"HOU 13","ydstogo":10,"ydsnet":34,"posteam":"HOU","desc":"(10:53) M.Schaub pass deep left to O.Daniels pushed ob at HOU 47 for 34 yards (J.Babineaux).","note":null,"players":{"00-0022787":[{"sequence":2,"clubcode":"HOU","playerName":"M.Schaub","statId":15,"yards":34},{"sequence":3,"clubcode":"HOU","playerName":"M.Schaub","statId":111,"yards":27}],"00-0022409":[{"sequence":7,"clubcode":"TEN","playerName":"J.Babineaux","statId":79,"yards":0}],"0":[{"sequence":1,"clubcode":"HOU","playerName":"","statId":4,"yards":0}],"00-0024313":[{"sequence":4,"clubcode":"HOU","playerName":"O.Daniels","statId":21,"yards":34},{"sequence":5,"clubcode":"HOU","playerName":"O.Daniels","statId":115,"yards":0},{"sequence":6,"clubcode":"HOU","playerName":"O.Daniels","statId":113,"yards":7}]}},"1227":{"sp":0,"qtr":2,"down":1,"time":"10:23","yrdln":"HOU 47","ydstogo":10,"ydsnet":41,"posteam":"HOU","desc":"(10:23) A.Foster left guard to TEN 46 for 7 yards (J.Babineaux).","note":null,"players":{"00-0026796":[{"sequence":1,"clubcode":"HOU","playerName":"A.Foster","statId":10,"yards":7}],"00-0022409":[{"sequence":2,"clubcode":"TEN","playerName":"J.Babineaux","statId":79,"yards":0}]}},"1248":{"sp":0,"qtr":2,"down":2,"time":"09:47","yrdln":"TEN 46","ydstogo":3,"ydsnet":51,"posteam":"HOU","desc":"(9:47) A.Foster up the middle to TEN 36 for 10 yards (M.Griffin).","note":null,"players":{"00-0026796":[{"sequence":2,"clubcode":"HOU","playerName":"A.Foster","statId":10,"yards":10}],"00-0025406":[{"sequence":3,"clubcode":"TEN","playerName":"M.Griffin","statId":79,"yards":0}],"0":[{"sequence":1,"clubcode":"HOU","playerName":"","statId":3,"yards":0}]}},"1269":{"sp":0,"qtr":2,"down":1,"time":"09:09","yrdln":"TEN 36","ydstogo":10,"ydsnet":54,"posteam":"HOU","desc":"(9:09) B.Tate right tackle to TEN 33 for 3 yards (B.Ruud).","note":null,"players":{"00-0023471":[{"sequence":2,"clubcode":"TEN","playerName":"B.Ruud","statId":79,"yards":0}],"00-0027890":[{"sequence":1,"clubcode":"HOU","playerName":"B.Tate","statId":10,"yards":3}]}},"1290":{"sp":0,"qtr":2,"down":2,"time":"08:33","yrdln":"TEN 33","ydstogo":7,"ydsnet":77,"posteam":"HOU","desc":"(8:33) M.Schaub pass short middle to O.Daniels to TEN 23 for 10 yards (W.Witherspoon). PENALTY on TEN-A.Ayers, Unnecessary Roughness, 11 yards, enforced at TEN 23.","note":"PENALTY","players":{"00-0022787":[{"sequence":3,"clubcode":"HOU","playerName":"M.Schaub","statId":15,"yards":10},{"sequence":4,"clubcode":"HOU","playerName":"M.Schaub","statId":111,"yards":3}],"00-0027977":[{"sequence":9,"clubcode":"TEN","playerName":"A.Ayers","statId":93,"yards":11}],"00-0021085":[{"sequence":8,"clubcode":"TEN","playerName":"W.Witherspoon","statId":79,"yards":0}],"0":[{"sequence":1,"clubcode":"HOU","playerName":"","statId":4,"yards":0},{"sequence":2,"clubcode":"HOU","playerName":"","statId":5,"yards":0}],"00-0024313":[{"sequence":5,"clubcode":"HOU","playerName":"O.Daniels","statId":21,"yards":10},{"sequence":6,"clubcode":"HOU","playerName":"O.Daniels","statId":115,"yards":0},{"sequence":7,"clubcode":"HOU","playerName":"O.Daniels","statId":113,"yards":7}]}},"1325":{"sp":0,"qtr":2,"down":1,"time":"08:07","yrdln":"TEN 12","ydstogo":10,"ydsnet":77,"posteam":"HOU","desc":"(8:07) A.Foster right end to TEN 10 for 2 yards (J.McCourty).","note":null,"players":{"00-0027136":[{"sequence":2,"clubcode":"TEN","playerName":"J.McCourty","statId":79,"yards":0}],"00-0026796":[{"sequence":1,"clubcode":"HOU","playerName":"A.Foster","statId":10,"yards":2}]}},"1346":{"sp":0,"qtr":2,"down":0,"time":"07:29","yrdln":"","ydstogo":0,"ydsnet":77,"posteam":"","desc":"Timeout #1 by HOU at 07:29.","note":"TIMEOUT","players":{"0":[{"sequence":1,"clubcode":"HOU","playerName":"","statId":68,"yards":0}]}},"1364":{"sp":1,"qtr":2,"down":2,"time":"07:29","yrdln":"TEN 10","ydstogo":8,"ydsnet":87,"posteam":"HOU","desc":"(7:29) M.Schaub pass short left to J.Dreessen for 10 yards, TOUCHDOWN.","note":"TD","players":{"00-0022787":[{"sequence":2,"clubcode":"HOU","playerName":"M.Schaub","statId":16,"yards":10},{"sequence":3,"clubcode":"HOU","playerName":"M.Schaub","statId":111,"yards":8}],"00-0023630":[{"sequence":4,"clubcode":"HOU","playerName":"J.Dreessen","statId":22,"yards":10},{"sequence":5,"clubcode":"HOU","playerName":"J.Dreessen","statId":115,"yards":0},{"sequence":6,"clubcode":"HOU","playerName":"J.Dreessen","statId":113,"yards":2}],"0":[{"sequence":1,"clubcode":"HOU","playerName":"","statId":4,"yards":0}]}},"1385":{"sp":1,"qtr":2,"down":0,"time":"07:24","yrdln":"TEN 2","ydstogo":0,"ydsnet":87,"posteam":"HOU","desc":"N.Rackers extra point is GOOD, Center-J.Weeks, Holder-B.Hartmann.","note":"XP","players":{"00-0019676":[{"sequence":1,"clubcode":"HOU","playerName":"N.Rackers","statId":72,"yards":0}]}}},"fds":5,"result":"Touchdown","penyds":11,"ydsgained":76,"numplays":9,"postime":"3:29","start":{"qtr":2,"time":"10:53","yrdln":"HOU 13","team":"HOU"},"end":{"qtr":2,"time":"07:24","yrdln":"TEN 10","team":"HOU"}},"8":{"posteam":"TEN","qtr":2,"redzone":true,"plays":{"1401":{"sp":0,"qtr":2,"down":0,"time":"07:24","yrdln":"HOU 35","ydstogo":0,"ydsnet":20,"posteam":"HOU","desc":"N.Rackers kicks 65 yards from HOU 35 to end zone, Touchback.","note":"KICKOFF","players":{"0":[{"sequence":2,"clubcode":"TEN","playerName":"","statId":51,"yards":0}],"00-0019676":[{"sequence":1,"clubcode":"HOU","playerName":"N.Rackers","statId":44,"yards":65}]}},"1419":{"sp":0,"qtr":2,"down":1,"time":"07:22","yrdln":"TEN 20","ydstogo":10,"ydsnet":3,"posteam":"TEN","desc":"(7:22) C.Johnson left end to TEN 23 for 3 yards (C.Barwin).","note":null,"players":{"00-0026164":[{"sequence":1,"clubcode":"TEN","playerName":"C.Johnson","statId":10,"yards":3}],"00-0027022":[{"sequence":2,"clubcode":"HOU","playerName":"C.Barwin","statId":79,"yards":0}]}},"1440":{"sp":0,"qtr":2,"down":2,"time":"06:46","yrdln":"TEN 23","ydstogo":7,"ydsnet":20,"posteam":"TEN","desc":"(6:46) M.Hasselbeck pass short left to J.Cook to TEN 40 for 17 yards (T.Nolan).","note":null,"players":{"00-0027061":[{"sequence":4,"clubcode":"TEN","playerName":"J.Cook","statId":21,"yards":17},{"sequence":5,"clubcode":"TEN","playerName":"J.Cook","statId":115,"yards":0},{"sequence":6,"clubcode":"TEN","playerName":"J.Cook","statId":113,"yards":2}],"00-0026948":[{"sequence":7,"clubcode":"HOU","playerName":"T.Nolan","statId":79,"yards":0}],"0":[{"sequence":1,"clubcode":"TEN","playerName":"","statId":4,"yards":0}],"00-0007091":[{"sequence":2,"clubcode":"TEN","playerName":"M.Hasselbeck","statId":15,"yards":17},{"sequence":3,"clubcode":"TEN","playerName":"M.Hasselbeck","statId":111,"yards":15}]}},"1464":{"sp":0,"qtr":2,"down":1,"time":"06:10","yrdln":"TEN 40","ydstogo":10,"ydsnet":20,"posteam":"TEN","desc":"(6:10) M.Hasselbeck pass incomplete short left to A.Hall.","note":null,"players":{"00-0024489":[{"sequence":2,"clubcode":"TEN","playerName":"A.Hall","statId":115,"yards":0}],"00-0007091":[{"sequence":1,"clubcode":"TEN","playerName":"M.Hasselbeck","statId":14,"yards":0},{"sequence":3,"clubcode":"TEN","playerName":"M.Hasselbeck","statId":112,"yards":-2}]}},"1486":{"sp":0,"qtr":2,"down":2,"time":"06:04","yrdln":"TEN 40","ydstogo":10,"ydsnet":20,"posteam":"TEN","desc":"(6:04) M.Hasselbeck pass incomplete short right to D.Graham.","note":null,"players":{"00-0021154":[{"sequence":2,"clubcode":"TEN","playerName":"D.Graham","statId":115,"yards":0}],"00-0007091":[{"sequence":1,"clubcode":"TEN","playerName":"M.Hasselbeck","statId":14,"yards":0},{"sequence":3,"clubcode":"TEN","playerName":"M.Hasselbeck","statId":112,"yards":-2}]}},"1508":{"sp":0,"qtr":2,"down":3,"time":"05:59","yrdln":"TEN 40","ydstogo":10,"ydsnet":20,"posteam":"TEN","desc":"(5:59) (Shotgun) M.Hasselbeck pass incomplete deep middle to D.Williams. TEN-D.Williams was injured during the play. His return is Questionable.","note":null,"players":{"00-0027893":[{"sequence":3,"clubcode":"TEN","playerName":"D.Williams","statId":115,"yards":0}],"0":[{"sequence":1,"clubcode":"TEN","playerName":"","statId":7,"yards":0}],"00-0007091":[{"sequence":2,"clubcode":"TEN","playerName":"M.Hasselbeck","statId":14,"yards":0},{"sequence":4,"clubcode":"TEN","playerName":"M.Hasselbeck","statId":112,"yards":48}]}},"1530":{"sp":0,"qtr":2,"down":4,"time":"05:52","yrdln":"TEN 40","ydstogo":10,"ydsnet":20,"posteam":"TEN","desc":"(5:52) (Punt formation) B.Kern punts 54 yards to HOU 6, Center-K.Amato, out of bounds.","note":"PUNT","players":{"0":[{"sequence":3,"clubcode":"HOU","playerName":"","statId":37,"yards":0}],"00-0025825":[{"sequence":1,"clubcode":"TEN","playerName":"B.Kern","statId":29,"yards":54},{"sequence":2,"clubcode":"TEN","playerName":"B.Kern","statId":30,"yards":0}]}}},"fds":1,"result":"Punt","penyds":0,"ydsgained":20,"numplays":7,"postime":"1:43","start":{"qtr":2,"time":"07:24","yrdln":"TEN 20","team":"TEN"},"end":{"qtr":2,"time":"05:41","yrdln":"TEN 40","team":"TEN"}},"9":{"posteam":"HOU","qtr":2,"redzone":true,"plays":{"1557":{"sp":0,"qtr":2,"down":1,"time":"05:41","yrdln":"HOU 6","ydstogo":10,"ydsnet":1,"posteam":"HOU","desc":"(5:41) A.Foster right guard to HOU 7 for 1 yard (K.Klug).","note":null,"players":{"00-0028080":[{"sequence":2,"clubcode":"TEN","playerName":"K.Klug","statId":79,"yards":0}],"00-0026796":[{"sequence":1,"clubcode":"HOU","playerName":"A.Foster","statId":10,"yards":1}]}},"1578":{"sp":0,"qtr":2,"down":2,"time":"05:07","yrdln":"HOU 7","ydstogo":9,"ydsnet":9,"posteam":"HOU","desc":"(5:07) M.Schaub pass short right to K.Walter to HOU 15 for 8 yards (J.McCourty).","note":null,"players":{"00-0027136":[{"sequence":6,"clubcode":"TEN","playerName":"J.McCourty","statId":79,"yards":0}],"00-0021931":[{"sequence":3,"clubcode":"HOU","playerName":"K.Walter","statId":21,"yards":8},{"sequence":4,"clubcode":"HOU","playerName":"K.Walter","statId":115,"yards":0},{"sequence":5,"clubcode":"HOU","playerName":"K.Walter","statId":113,"yards":0}],"00-0022787":[{"sequence":1,"clubcode":"HOU","playerName":"M.Schaub","statId":15,"yards":8},{"sequence":2,"clubcode":"HOU","playerName":"M.Schaub","statId":111,"yards":8}]}},"1602":{"sp":0,"qtr":2,"down":3,"time":"04:29","yrdln":"HOU 15","ydstogo":1,"ydsnet":16,"posteam":"HOU","desc":"(4:29) M.Schaub pass short left to D.Mason to HOU 22 for 7 yards (C.Finnegan). Penalty on TEN-C.Finnegan, Defensive Holding, declined.","note":null,"players":{"00-0010500":[{"sequence":5,"clubcode":"HOU","playerName":"D.Mason","statId":21,"yards":7},{"sequence":6,"clubcode":"HOU","playerName":"D.Mason","statId":115,"yards":0},{"sequence":7,"clubcode":"HOU","playerName":"D.Mason","statId":113,"yards":2}],"00-0022787":[{"sequence":3,"clubcode":"HOU","playerName":"M.Schaub","statId":15,"yards":7},{"sequence":4,"clubcode":"HOU","playerName":"M.Schaub","statId":111,"yards":5}],"00-0024429":[{"sequence":8,"clubcode":"TEN","playerName":"C.Finnegan","statId":79,"yards":0}],"0":[{"sequence":1,"clubcode":"HOU","playerName":"","statId":4,"yards":0},{"sequence":2,"clubcode":"HOU","playerName":"","statId":6,"yards":0}]}},"1637":{"sp":1,"qtr":2,"down":1,"time":"04:08","yrdln":"HOU 22","ydstogo":10,"ydsnet":94,"posteam":"HOU","desc":"(4:08) M.Schaub pass short left to A.Foster for 78 yards, TOUCHDOWN.","note":"TD","players":{"00-0026796":[{"sequence":4,"clubcode":"HOU","playerName":"A.Foster","statId":22,"yards":78},{"sequence":5,"clubcode":"HOU","playerName":"A.Foster","statId":115,"yards":0},{"sequence":6,"clubcode":"HOU","playerName":"A.Foster","statId":113,"yards":64}],"00-0022787":[{"sequence":2,"clubcode":"HOU","playerName":"M.Schaub","statId":16,"yards":78},{"sequence":3,"clubcode":"HOU","playerName":"M.Schaub","statId":111,"yards":14}],"0":[{"sequence":1,"clubcode":"HOU","playerName":"","statId":4,"yards":0}]}},"1658":{"sp":1,"qtr":2,"down":0,"time":"03:53","yrdln":"TEN 2","ydstogo":0,"ydsnet":94,"posteam":"HOU","desc":"N.Rackers extra point is GOOD, Center-J.Weeks, Holder-B.Hartmann.","note":"XP","players":{"00-0019676":[{"sequence":1,"clubcode":"HOU","playerName":"N.Rackers","statId":72,"yards":0}]}}},"fds":2,"result":"Touchdown","penyds":0,"ydsgained":94,"numplays":5,"postime":"1:48","start":{"qtr":2,"time":"05:41","yrdln":"HOU 6","team":"HOU"},"end":{"qtr":2,"time":"03:53","yrdln":"HOU 22","team":"HOU"}},"10":{"posteam":"TEN","qtr":2,"redzone":true,"plays":{"1674":{"sp":0,"qtr":2,"down":0,"time":"03:53","yrdln":"HOU 35","ydstogo":0,"ydsnet":-3,"posteam":"HOU","desc":"N.Rackers kicks 65 yards from HOU 35 to end zone, Touchback.","note":"KICKOFF","players":{"0":[{"sequence":2,"clubcode":"TEN","playerName":"","statId":51,"yards":0}],"00-0019676":[{"sequence":1,"clubcode":"HOU","playerName":"N.Rackers","statId":44,"yards":65}]}},"1692":{"sp":0,"qtr":2,"down":1,"time":"03:53","yrdln":"TEN 20","ydstogo":10,"ydsnet":0,"posteam":"TEN","desc":"(3:53) C.Johnson right tackle to TEN 20 for no gain (B.Cushing).","note":null,"players":{"00-0026164":[{"sequence":1,"clubcode":"TEN","playerName":"C.Johnson","statId":10,"yards":0}],"00-0026991":[{"sequence":2,"clubcode":"HOU","playerName":"B.Cushing","statId":79,"yards":0}]}},"1713":{"sp":0,"qtr":2,"down":2,"time":"03:20","yrdln":"TEN 20","ydstogo":10,"ydsnet":-9,"posteam":"TEN","desc":"(3:20) M.Hasselbeck pass short left to C.Johnson to TEN 11 for -9 yards (J.Joseph).","note":null,"players":{"00-0026164":[{"sequence":3,"clubcode":"TEN","playerName":"C.Johnson","statId":21,"yards":-9},{"sequence":4,"clubcode":"TEN","playerName":"C.Johnson","statId":115,"yards":0},{"sequence":5,"clubcode":"TEN","playerName":"C.Johnson","statId":113,"yards":-4}],"00-0024239":[{"sequence":6,"clubcode":"HOU","playerName":"J.Joseph","statId":79,"yards":0},{"sequence":7,"clubcode":"HOU","playerName":"J.Joseph","statId":120,"yards":0}],"00-0007091":[{"sequence":1,"clubcode":"TEN","playerName":"M.Hasselbeck","statId":15,"yards":-9},{"sequence":2,"clubcode":"TEN","playerName":"M.Hasselbeck","statId":111,"yards":-5}]}},"1737":{"sp":0,"qtr":2,"down":3,"time":"02:38","yrdln":"TEN 11","ydstogo":19,"ydsnet":-3,"posteam":"TEN","desc":"(2:38) (Shotgun) M.Hasselbeck pass short left to C.Johnson to TEN 17 for 6 yards (A.Smith).","note":null,"players":{"00-0026164":[{"sequence":4,"clubcode":"TEN","playerName":"C.Johnson","statId":21,"yards":6},{"sequence":5,"clubcode":"TEN","playerName":"C.Johnson","statId":115,"yards":0},{"sequence":6,"clubcode":"TEN","playerName":"C.Johnson","statId":113,"yards":0}],"00-0022793":[{"sequence":7,"clubcode":"HOU","playerName":"A.Smith","statId":79,"yards":0}],"0":[{"sequence":1,"clubcode":"TEN","playerName":"","statId":7,"yards":0}],"00-0007091":[{"sequence":2,"clubcode":"TEN","playerName":"M.Hasselbeck","statId":15,"yards":6},{"sequence":3,"clubcode":"TEN","playerName":"M.Hasselbeck","statId":111,"yards":6}]}},"1761":{"sp":0,"qtr":2,"down":0,"time":"02:00","yrdln":"","ydstogo":0,"ydsnet":-3,"posteam":"","desc":"Two-Minute Warning","note":null,"players":{}},"1778":{"sp":0,"qtr":2,"down":4,"time":"02:00","yrdln":"TEN 17","ydstogo":13,"ydsnet":-3,"posteam":"TEN","desc":"(2:00) (Punt formation) B.Kern punts 36 yards to HOU 47, Center-K.Amato, fair catch by J.Jones. PENALTY on TEN-T.Campbell, Player Out of Bounds on Punt, 5 yards, enforced at HOU 47.","note":"PUNT","players":{"00-0025460":[{"sequence":2,"clubcode":"HOU","playerName":"J.Jones","statId":39,"yards":0}],"00-0028189":[{"sequence":3,"clubcode":"TEN","playerName":"T.Campbell","statId":93,"yards":5}],"00-0025825":[{"sequence":1,"clubcode":"TEN","playerName":"B.Kern","statId":29,"yards":36}]}}},"fds":0,"result":"Punt","penyds":0,"ydsgained":-3,"numplays":6,"postime":"2:01","start":{"qtr":2,"time":"03:53","yrdln":"TEN 20","team":"TEN"},"end":{"qtr":2,"time":"01:52","yrdln":"TEN 17","team":"TEN"}},"11":{"posteam":"HOU","qtr":2,"redzone":true,"plays":{"1809":{"sp":0,"qtr":2,"down":1,"time":"01:52","yrdln":"TEN 48","ydstogo":10,"ydsnet":28,"posteam":"HOU","desc":"(1:52) M.Schaub pass short right to O.Daniels to TEN 30 for 18 yards (J.Babineaux; J.McCourty).","note":null,"players":{"00-0027136":[{"sequence":8,"clubcode":"TEN","playerName":"J.McCourty","statId":82,"yards":0}],"00-0022787":[{"sequence":2,"clubcode":"HOU","playerName":"M.Schaub","statId":15,"yards":18},{"sequence":3,"clubcode":"HOU","playerName":"M.Schaub","statId":111,"yards":0}],"00-0022409":[{"sequence":7,"clubcode":"TEN","playerName":"J.Babineaux","statId":82,"yards":0}],"0":[{"sequence":1,"clubcode":"HOU","playerName":"","statId":4,"yards":0}],"00-0024313":[{"sequence":4,"clubcode":"HOU","playerName":"O.Daniels","statId":21,"yards":18},{"sequence":5,"clubcode":"HOU","playerName":"O.Daniels","statId":115,"yards":0},{"sequence":6,"clubcode":"HOU","playerName":"O.Daniels","statId":113,"yards":18}]}},"1833":{"sp":0,"qtr":2,"down":1,"time":"01:32","yrdln":"TEN 30","ydstogo":10,"ydsnet":33,"posteam":"HOU","desc":"(1:32) A.Foster up the middle to TEN 27 for 3 yards (K.Klug).","note":null,"players":{"00-0028080":[{"sequence":2,"clubcode":"TEN","playerName":"K.Klug","statId":79,"yards":0}],"00-0026796":[{"sequence":1,"clubcode":"HOU","playerName":"A.Foster","statId":10,"yards":3}]}},"1854":{"sp":0,"qtr":2,"down":2,"time":"01:13","yrdln":"TEN 27","ydstogo":7,"ydsnet":37,"posteam":"HOU","desc":"(1:13) M.Schaub pass short right to K.Walter to TEN 20 for 7 yards (J.Babineaux).","note":null,"players":{"00-0021931":[{"sequence":4,"clubcode":"HOU","playerName":"K.Walter","statId":21,"yards":7},{"sequence":5,"clubcode":"HOU","playerName":"K.Walter","statId":115,"yards":0},{"sequence":6,"clubcode":"HOU","playerName":"K.Walter","statId":113,"yards":7}],"00-0022787":[{"sequence":2,"clubcode":"HOU","playerName":"M.Schaub","statId":15,"yards":7},{"sequence":3,"clubcode":"HOU","playerName":"M.Schaub","statId":111,"yards":0}],"00-0022409":[{"sequence":7,"clubcode":"TEN","playerName":"J.Babineaux","statId":79,"yards":0}],"0":[{"sequence":1,"clubcode":"HOU","playerName":"","statId":4,"yards":0}]}},"1878":{"sp":0,"qtr":2,"down":0,"time":"01:05","yrdln":"","ydstogo":0,"ydsnet":28,"posteam":"","desc":"Timeout #2 by HOU at 01:05.","note":"TIMEOUT","players":{"0":[{"sequence":1,"clubcode":"HOU","playerName":"","statId":68,"yards":0}]}},"1895":{"sp":0,"qtr":2,"down":1,"time":"01:05","yrdln":"TEN 20","ydstogo":10,"ydsnet":37,"posteam":"HOU","desc":"(1:05) M.Schaub pass short right to A.Foster to TEN 15 for 5 yards (J.McCourty).","note":null,"players":{"00-0027136":[{"sequence":6,"clubcode":"TEN","playerName":"J.McCourty","statId":79,"yards":0}],"00-0026796":[{"sequence":3,"clubcode":"HOU","playerName":"A.Foster","statId":21,"yards":5},{"sequence":4,"clubcode":"HOU","playerName":"A.Foster","statId":115,"yards":0},{"sequence":5,"clubcode":"HOU","playerName":"A.Foster","statId":113,"yards":2}],"00-0022787":[{"sequence":1,"clubcode":"HOU","playerName":"M.Schaub","statId":15,"yards":5},{"sequence":2,"clubcode":"HOU","playerName":"M.Schaub","statId":111,"yards":3}]}},"1919":{"sp":0,"qtr":2,"down":2,"time":"00:42","yrdln":"TEN 15","ydstogo":5,"ydsnet":37,"posteam":"HOU","desc":"(:42) M.Schaub pass incomplete short left to M.Schaub.","note":null,"players":{"00-0022787":[{"sequence":1,"clubcode":"HOU","playerName":"M.Schaub","statId":14,"yards":0},{"sequence":2,"clubcode":"HOU","playerName":"M.Schaub","statId":115,"yards":0},{"sequence":3,"clubcode":"HOU","playerName":"M.Schaub","statId":112,"yards":5}]}},"1941":{"sp":0,"qtr":2,"down":3,"time":"00:34","yrdln":"TEN 15","ydstogo":5,"ydsnet":37,"posteam":"HOU","desc":"(:34) M.Schaub pass short right to A.Foster to TEN 11 for 4 yards (J.McCourty).","note":null,"players":{"00-0027136":[{"sequence":7,"clubcode":"TEN","playerName":"J.McCourty","statId":79,"yards":0}],"00-0026796":[{"sequence":4,"clubcode":"HOU","playerName":"A.Foster","statId":21,"yards":4},{"sequence":5,"clubcode":"HOU","playerName":"A.Foster","statId":115,"yards":0},{"sequence":6,"clubcode":"HOU","playerName":"A.Foster","statId":113,"yards":2}],"00-0022787":[{"sequence":2,"clubcode":"HOU","playerName":"M.Schaub","statId":15,"yards":4},{"sequence":3,"clubcode":"HOU","playerName":"M.Schaub","statId":111,"yards":2}],"0":[{"sequence":1,"clubcode":"HOU","playerName":"","statId":7,"yards":0}]}},"1965":{"sp":0,"qtr":2,"down":0,"time":"00:04","yrdln":"","ydstogo":0,"ydsnet":37,"posteam":"","desc":"Timeout #3 by HOU at 00:04.","note":"TIMEOUT","players":{"0":[{"sequence":1,"clubcode":"HOU","playerName":"","statId":68,"yards":0}]}},"1982":{"sp":1,"qtr":2,"down":4,"time":"00:04","yrdln":"TEN 11","ydstogo":1,"ydsnet":37,"posteam":"HOU","desc":"(:04) (Field Goal formation) N.Rackers 29 yard field goal is GOOD, Center-J.Weeks, Holder-B.Hartmann.","note":"FG","players":{"00-0019676":[{"sequence":1,"clubcode":"HOU","playerName":"N.Rackers","statId":70,"yards":29}]}}},"fds":2,"result":"Field Goal","penyds":0,"ydsgained":37,"numplays":9,"postime":"1:52","start":{"qtr":2,"time":"01:52","yrdln":"TEN 48","team":"HOU"},"end":{"qtr":2,"time":"00:00","yrdln":"TEN 11","team":"HOU"}},"12":{"posteam":"TEN","qtr":3,"redzone":true,"plays":{"2015":{"sp":0,"qtr":3,"down":0,"time":"15:00","yrdln":"HOU 35","ydstogo":0,"ydsnet":9,"posteam":"HOU","desc":"N.Rackers kicks 68 yards from HOU 35 to TEN -3. M.Mariani to TEN 20 for 23 yards (J.Nading). FUMBLES (J.Nading), recovered by TEN-J.Harper at TEN 16. J.Harper to TEN 16 for no gain (L.Vickers).","note":"FUMBLE","players":{"00-0026417":[{"sequence":4,"clubcode":"HOU","playerName":"J.Nading","statId":79,"yards":0},{"sequence":6,"clubcode":"HOU","playerName":"J.Nading","statId":91,"yards":0}],"00-0027816":[{"sequence":2,"clubcode":"TEN","playerName":"M.Mariani","statId":45,"yards":19},{"sequence":5,"clubcode":"TEN","playerName":"M.Mariani","statId":52,"yards":0}],"00-0028068":[{"sequence":7,"clubcode":"TEN","playerName":"J.Harper","statId":55,"yards":0}],"00-0024394":[{"sequence":8,"clubcode":"HOU","playerName":"L.Vickers","statId":79,"yards":0}],"00-0019676":[{"sequence":1,"clubcode":"HOU","playerName":"N.Rackers","statId":43,"yards":68},{"sequence":3,"clubcode":"HOU","playerName":"N.Rackers","statId":42,"yards":0}]}},"2048":{"sp":0,"qtr":3,"down":1,"time":"14:53","yrdln":"TEN 16","ydstogo":10,"ydsnet":0,"posteam":"TEN","desc":"(14:53) M.Hasselbeck pass incomplete short right to A.Hall (C.Barwin).","note":null,"players":{"00-0024489":[{"sequence":2,"clubcode":"TEN","playerName":"A.Hall","statId":115,"yards":0}],"00-0027022":[{"sequence":3,"clubcode":"HOU","playerName":"C.Barwin","statId":85,"yards":0}],"00-0007091":[{"sequence":1,"clubcode":"TEN","playerName":"M.Hasselbeck","statId":14,"yards":0},{"sequence":4,"clubcode":"TEN","playerName":"M.Hasselbeck","statId":112,"yards":0}]}},"2070":{"sp":0,"qtr":3,"down":2,"time":"14:49","yrdln":"TEN 16","ydstogo":10,"ydsnet":9,"posteam":"TEN","desc":"(14:49) (Shotgun) M.Hasselbeck pass short right to C.Johnson to TEN 25 for 9 yards (B.Cushing).","note":null,"players":{"00-0026164":[{"sequence":3,"clubcode":"TEN","playerName":"C.Johnson","statId":21,"yards":9},{"sequence":4,"clubcode":"TEN","playerName":"C.Johnson","statId":115,"yards":0},{"sequence":5,"clubcode":"TEN","playerName":"C.Johnson","statId":113,"yards":1}],"00-0026991":[{"sequence":6,"clubcode":"HOU","playerName":"B.Cushing","statId":79,"yards":0}],"00-0007091":[{"sequence":1,"clubcode":"TEN","playerName":"M.Hasselbeck","statId":15,"yards":9},{"sequence":2,"clubcode":"TEN","playerName":"M.Hasselbeck","statId":111,"yards":8}]}},"2098":{"sp":0,"qtr":3,"down":3,"time":"14:16","yrdln":"TEN 25","ydstogo":1,"ydsnet":11,"posteam":"TEN","desc":"(14:16) (Shotgun) C.Johnson up the middle to TEN 27 for 2 yards (B.Reed).","note":null,"players":{"00-0026164":[{"sequence":3,"clubcode":"TEN","playerName":"C.Johnson","statId":10,"yards":2}],"0":[{"sequence":1,"clubcode":"TEN","playerName":"","statId":3,"yards":0},{"sequence":2,"clubcode":"TEN","playerName":"","statId":6,"yards":0}],"00-0027980":[{"sequence":4,"clubcode":"HOU","playerName":"B.Reed","statId":79,"yards":0}]}},"2119":{"sp":0,"qtr":3,"down":1,"time":"13:35","yrdln":"TEN 27","ydstogo":10,"ydsnet":11,"posteam":"TEN","desc":"(13:35) M.Hasselbeck pass incomplete deep left to D.Avery.","note":null,"players":{"00-0026173":[{"sequence":2,"clubcode":"TEN","playerName":"D.Avery","statId":115,"yards":0}],"00-0007091":[{"sequence":1,"clubcode":"TEN","playerName":"M.Hasselbeck","statId":14,"yards":0},{"sequence":3,"clubcode":"TEN","playerName":"M.Hasselbeck","statId":112,"yards":17}]}},"2141":{"sp":0,"qtr":3,"down":2,"time":"13:29","yrdln":"TEN 27","ydstogo":10,"ydsnet":11,"posteam":"TEN","desc":"(13:29) (Shotgun) M.Hasselbeck pass incomplete short left to D.Avery (B.Cushing).","note":null,"players":{"00-0026173":[{"sequence":2,"clubcode":"TEN","playerName":"D.Avery","statId":115,"yards":0}],"00-0026991":[{"sequence":3,"clubcode":"HOU","playerName":"B.Cushing","statId":85,"yards":0}],"00-0007091":[{"sequence":1,"clubcode":"TEN","playerName":"M.Hasselbeck","statId":14,"yards":0},{"sequence":4,"clubcode":"TEN","playerName":"M.Hasselbeck","statId":112,"yards":3}]}},"2163":{"sp":0,"qtr":3,"down":3,"time":"13:25","yrdln":"TEN 27","ydstogo":10,"ydsnet":10,"posteam":"TEN","desc":"(13:25) (Shotgun) M.Hasselbeck pass short right to C.Johnson to TEN 26 for -1 yards (B.Cushing).","note":null,"players":{"00-0026164":[{"sequence":4,"clubcode":"TEN","playerName":"C.Johnson","statId":21,"yards":-1},{"sequence":5,"clubcode":"TEN","playerName":"C.Johnson","statId":115,"yards":0},{"sequence":6,"clubcode":"TEN","playerName":"C.Johnson","statId":113,"yards":1}],"0":[{"sequence":1,"clubcode":"TEN","playerName":"","statId":7,"yards":0}],"00-0026991":[{"sequence":7,"clubcode":"HOU","playerName":"B.Cushing","statId":79,"yards":0},{"sequence":8,"clubcode":"HOU","playerName":"B.Cushing","statId":120,"yards":0}],"00-0007091":[{"sequence":2,"clubcode":"TEN","playerName":"M.Hasselbeck","statId":15,"yards":-1},{"sequence":3,"clubcode":"TEN","playerName":"M.Hasselbeck","statId":111,"yards":-2}]}},"2187":{"sp":0,"qtr":3,"down":4,"time":"12:48","yrdln":"TEN 26","ydstogo":11,"ydsnet":10,"posteam":"TEN","desc":"(12:48) (Punt formation) B.Kern punts 53 yards to HOU 21, Center-K.Amato. T.Holliday to HOU 19 for -2 yards (A.Hall). PENALTY on HOU-S.McManis, Illegal Block Above the Waist, 8 yards, enforced at HOU 16.","note":"PUNT","players":{"00-0024489":[{"sequence":3,"clubcode":"TEN","playerName":"A.Hall","statId":79,"yards":0}],"00-0027743":[{"sequence":4,"clubcode":"HOU","playerName":"S.McManis","statId":93,"yards":8}],"00-0025825":[{"sequence":1,"clubcode":"TEN","playerName":"B.Kern","statId":29,"yards":53}],"00-0027606":[{"sequence":2,"clubcode":"HOU","playerName":"T.Holliday","statId":33,"yards":0}]}}},"fds":1,"result":"Punt","penyds":0,"ydsgained":10,"numplays":8,"postime":"2:26","start":{"qtr":3,"time":"15:00","yrdln":"TEN 16","team":"TEN"},"end":{"qtr":3,"time":"12:34","yrdln":"TEN 26","team":"TEN"}},"13":{"posteam":"HOU","qtr":3,"redzone":true,"plays":{"2223":{"sp":0,"qtr":3,"down":1,"time":"12:34","yrdln":"HOU 8","ydstogo":10,"ydsnet":20,"posteam":"HOU","desc":"(12:34) M.Schaub pass deep middle to K.Walter to HOU 28 for 20 yards (J.Babineaux).","note":null,"players":{"00-0021931":[{"sequence":4,"clubcode":"HOU","playerName":"K.Walter","statId":21,"yards":20},{"sequence":5,"clubcode":"HOU","playerName":"K.Walter","statId":115,"yards":0},{"sequence":6,"clubcode":"HOU","playerName":"K.Walter","statId":113,"yards":3}],"00-0022787":[{"sequence":2,"clubcode":"HOU","playerName":"M.Schaub","statId":15,"yards":20},{"sequence":3,"clubcode":"HOU","playerName":"M.Schaub","statId":111,"yards":17}],"00-0022409":[{"sequence":7,"clubcode":"TEN","playerName":"J.Babineaux","statId":79,"yards":0}],"0":[{"sequence":1,"clubcode":"HOU","playerName":"","statId":4,"yards":0}]}},"2247":{"sp":0,"qtr":3,"down":1,"time":"12:00","yrdln":"HOU 28","ydstogo":10,"ydsnet":37,"posteam":"HOU","desc":"(12:00) A.Foster right tackle pushed ob at HOU 45 for 17 yards (J.McCourty).","note":null,"players":{"00-0027136":[{"sequence":3,"clubcode":"TEN","playerName":"J.McCourty","statId":79,"yards":0}],"00-0026796":[{"sequence":2,"clubcode":"HOU","playerName":"A.Foster","statId":10,"yards":17}],"0":[{"sequence":1,"clubcode":"HOU","playerName":"","statId":3,"yards":0}]}},"2268":{"sp":0,"qtr":3,"down":1,"time":"11:30","yrdln":"HOU 45","ydstogo":10,"ydsnet":54,"posteam":"HOU","desc":"(11:30) B.Tate right tackle pushed ob at TEN 38 for 17 yards (J.Babineaux).","note":null,"players":{"00-0022409":[{"sequence":3,"clubcode":"TEN","playerName":"J.Babineaux","statId":79,"yards":0}],"0":[{"sequence":1,"clubcode":"HOU","playerName":"","statId":3,"yards":0}],"00-0027890":[{"sequence":2,"clubcode":"HOU","playerName":"B.Tate","statId":10,"yards":17}]}},"2289":{"sp":0,"qtr":3,"down":1,"time":"10:58","yrdln":"TEN 38","ydstogo":10,"ydsnet":78,"posteam":"HOU","desc":"(10:58) B.Tate up the middle to TEN 14 for 24 yards (B.Ruud).","note":null,"players":{"00-0023471":[{"sequence":3,"clubcode":"TEN","playerName":"B.Ruud","statId":79,"yards":0}],"0":[{"sequence":1,"clubcode":"HOU","playerName":"","statId":3,"yards":0}],"00-0027890":[{"sequence":2,"clubcode":"HOU","playerName":"B.Tate","statId":10,"yards":24}]}},"2310":{"sp":0,"qtr":3,"down":1,"time":"10:14","yrdln":"TEN 14","ydstogo":10,"ydsnet":82,"posteam":"HOU","desc":"(10:14) A.Foster up the middle to TEN 10 for 4 yards (K.Klug). TEN-B.Ruud was injured during the play. His return is Questionable.","note":null,"players":{"00-0028080":[{"sequence":2,"clubcode":"TEN","playerName":"K.Klug","statId":79,"yards":0}],"00-0026796":[{"sequence":1,"clubcode":"HOU","playerName":"A.Foster","statId":10,"yards":4}]}},"2331":{"sp":0,"qtr":3,"down":2,"time":"09:46","yrdln":"TEN 10","ydstogo":6,"ydsnet":91,"posteam":"HOU","desc":"(9:46) M.Schaub pass short right to O.Daniels to TEN 1 for 9 yards (J.McCourty).","note":null,"players":{"00-0027136":[{"sequence":7,"clubcode":"TEN","playerName":"J.McCourty","statId":79,"yards":0}],"00-0022787":[{"sequence":2,"clubcode":"HOU","playerName":"M.Schaub","statId":15,"yards":9},{"sequence":3,"clubcode":"HOU","playerName":"M.Schaub","statId":111,"yards":8}],"0":[{"sequence":1,"clubcode":"HOU","playerName":"","statId":4,"yards":0}],"00-0024313":[{"sequence":4,"clubcode":"HOU","playerName":"O.Daniels","statId":21,"yards":9},{"sequence":5,"clubcode":"HOU","playerName":"O.Daniels","statId":115,"yards":0},{"sequence":6,"clubcode":"HOU","playerName":"O.Daniels","statId":113,"yards":1}]}},"2359":{"sp":1,"qtr":3,"down":1,"time":"09:10","yrdln":"TEN 1","ydstogo":1,"ydsnet":92,"posteam":"HOU","desc":"(9:10) A.Foster right tackle for 1 yard, TOUCHDOWN.","note":"TD","players":{"00-0026796":[{"sequence":2,"clubcode":"HOU","playerName":"A.Foster","statId":11,"yards":1}],"0":[{"sequence":1,"clubcode":"HOU","playerName":"","statId":3,"yards":0}]}},"2377":{"sp":1,"qtr":3,"down":0,"time":"09:06","yrdln":"TEN 2","ydstogo":0,"ydsnet":92,"posteam":"HOU","desc":"N.Rackers extra point is GOOD, Center-J.Weeks, Holder-B.Hartmann.","note":"XP","players":{"00-0019676":[{"sequence":1,"clubcode":"HOU","playerName":"N.Rackers","statId":72,"yards":0}]}}},"fds":6,"result":"Touchdown","penyds":0,"ydsgained":92,"numplays":8,"postime":"3:28","start":{"qtr":3,"time":"12:34","yrdln":"HOU 8","team":"HOU"},"end":{"qtr":3,"time":"09:06","yrdln":"TEN 1","team":"HOU"}},"14":{"posteam":"TEN","qtr":3,"redzone":true,"plays":{"2393":{"sp":0,"qtr":3,"down":0,"time":"09:06","yrdln":"HOU 35","ydstogo":0,"ydsnet":0,"posteam":"HOU","desc":"N.Rackers kicks 65 yards from HOU 35 to TEN 0. M.Mariani to TEN 24 for 24 yards (B.Braman).","note":"KICKOFF","players":{"00-0027816":[{"sequence":2,"clubcode":"TEN","playerName":"M.Mariani","statId":45,"yards":24}],"00-0028536":[{"sequence":3,"clubcode":"HOU","playerName":"B.Braman","statId":79,"yards":0}],"00-0019676":[{"sequence":1,"clubcode":"HOU","playerName":"N.Rackers","statId":43,"yards":65}]}},"2415":{"sp":0,"qtr":3,"down":1,"time":"08:59","yrdln":"TEN 24","ydstogo":10,"ydsnet":17,"posteam":"TEN","desc":"(8:59) (Shotgun) M.Hasselbeck pass short right to J.Ringer to TEN 41 for 17 yards (B.Cushing).","note":null,"players":{"0":[{"sequence":1,"clubcode":"TEN","playerName":"","statId":4,"yards":0}],"00-0026991":[{"sequence":7,"clubcode":"HOU","playerName":"B.Cushing","statId":79,"yards":0}],"00-0027120":[{"sequence":4,"clubcode":"TEN","playerName":"J.Ringer","statId":21,"yards":17},{"sequence":5,"clubcode":"TEN","playerName":"J.Ringer","statId":115,"yards":0},{"sequence":6,"clubcode":"TEN","playerName":"J.Ringer","statId":113,"yards":11}],"00-0007091":[{"sequence":2,"clubcode":"TEN","playerName":"M.Hasselbeck","statId":15,"yards":17},{"sequence":3,"clubcode":"TEN","playerName":"M.Hasselbeck","statId":111,"yards":6}]}},"2439":{"sp":0,"qtr":3,"down":1,"time":"08:36","yrdln":"TEN 41","ydstogo":10,"ydsnet":19,"posteam":"TEN","desc":"(8:36) (No Huddle, Shotgun) J.Ringer up the middle to TEN 43 for 2 yards (G.Quin).","note":null,"players":{"00-0027081":[{"sequence":2,"clubcode":"HOU","playerName":"G.Quin","statId":79,"yards":0}],"00-0027120":[{"sequence":1,"clubcode":"TEN","playerName":"J.Ringer","statId":10,"yards":2}]}},"2460":{"sp":0,"qtr":3,"down":2,"time":"08:17","yrdln":"TEN 43","ydstogo":8,"ydsnet":31,"posteam":"TEN","desc":"(8:17) (No Huddle, Shotgun) M.Hasselbeck pass short middle to L.Hawkins to HOU 45 for 12 yards (B.McCain).","note":null,"players":{"00-0026266":[{"sequence":4,"clubcode":"TEN","playerName":"L.Hawkins","statId":21,"yards":12},{"sequence":5,"clubcode":"TEN","playerName":"L.Hawkins","statId":115,"yards":0},{"sequence":6,"clubcode":"TEN","playerName":"L.Hawkins","statId":113,"yards":5}],"0":[{"sequence":1,"clubcode":"TEN","playerName":"","statId":4,"yards":0}],"00-0026935":[{"sequence":7,"clubcode":"HOU","playerName":"B.McCain","statId":79,"yards":0}],"00-0007091":[{"sequence":2,"clubcode":"TEN","playerName":"M.Hasselbeck","statId":15,"yards":12},{"sequence":3,"clubcode":"TEN","playerName":"M.Hasselbeck","statId":111,"yards":7}]}},"2484":{"sp":0,"qtr":3,"down":1,"time":"07:42","yrdln":"HOU 45","ydstogo":10,"ydsnet":66,"posteam":"TEN","desc":"(7:42) (No Huddle, Shotgun) J.Ringer up the middle pushed ob at HOU 20 for 25 yards (B.McCain). PENALTY on HOU-S.Keo, Unnecessary Roughness, 10 yards, enforced at HOU 20.","note":"PENALTY","players":{"00-0028082":[{"sequence":5,"clubcode":"HOU","playerName":"S.Keo","statId":93,"yards":10}],"0":[{"sequence":1,"clubcode":"TEN","playerName":"","statId":3,"yards":0},{"sequence":2,"clubcode":"TEN","playerName":"","statId":5,"yards":0}],"00-0026935":[{"sequence":4,"clubcode":"HOU","playerName":"B.McCain","statId":79,"yards":0}],"00-0027120":[{"sequence":3,"clubcode":"TEN","playerName":"J.Ringer","statId":10,"yards":25}]}},"2516":{"sp":0,"qtr":3,"down":1,"time":"07:13","yrdln":"HOU 10","ydstogo":10,"ydsnet":76,"posteam":"TEN","desc":"(7:13) M.Hasselbeck pass incomplete short right to A.Hall.","note":null,"players":{"00-0024489":[{"sequence":2,"clubcode":"TEN","playerName":"A.Hall","statId":115,"yards":0}],"00-0007091":[{"sequence":1,"clubcode":"TEN","playerName":"M.Hasselbeck","statId":14,"yards":0},{"sequence":3,"clubcode":"TEN","playerName":"M.Hasselbeck","statId":112,"yards":5}]}},"2538":{"sp":0,"qtr":3,"down":2,"time":"07:07","yrdln":"HOU 10","ydstogo":10,"ydsnet":66,"posteam":"TEN","desc":"(7:07) (Shotgun) M.Hasselbeck pass short right to L.Hawkins to HOU 10 for no gain (J.Joseph).","note":null,"players":{"00-0026266":[{"sequence":3,"clubcode":"TEN","playerName":"L.Hawkins","statId":21,"yards":0},{"sequence":4,"clubcode":"TEN","playerName":"L.Hawkins","statId":115,"yards":0},{"sequence":5,"clubcode":"TEN","playerName":"L.Hawkins","statId":113,"yards":0}],"00-0024239":[{"sequence":6,"clubcode":"HOU","playerName":"J.Joseph","statId":79,"yards":0}],"00-0007091":[{"sequence":1,"clubcode":"TEN","playerName":"M.Hasselbeck","statId":15,"yards":0},{"sequence":2,"clubcode":"TEN","playerName":"M.Hasselbeck","statId":111,"yards":0}]}},"2562":{"sp":0,"qtr":3,"down":3,"time":"06:26","yrdln":"HOU 10","ydstogo":10,"ydsnet":71,"posteam":"TEN","desc":"(6:26) M.Hasselbeck pass short right to C.Johnson to HOU 5 for 5 yards (T.Nolan).","note":null,"players":{"00-0026164":[{"sequence":4,"clubcode":"TEN","playerName":"C.Johnson","statId":21,"yards":5},{"sequence":5,"clubcode":"TEN","playerName":"C.Johnson","statId":115,"yards":0},{"sequence":6,"clubcode":"TEN","playerName":"C.Johnson","statId":113,"yards":6}],"00-0026948":[{"sequence":7,"clubcode":"HOU","playerName":"T.Nolan","statId":79,"yards":0}],"0":[{"sequence":1,"clubcode":"TEN","playerName":"","statId":7,"yards":0}],"00-0007091":[{"sequence":2,"clubcode":"TEN","playerName":"M.Hasselbeck","statId":15,"yards":5},{"sequence":3,"clubcode":"TEN","playerName":"M.Hasselbeck","statId":111,"yards":-1}]}},"2586":{"sp":1,"qtr":3,"down":4,"time":"05:40","yrdln":"HOU 5","ydstogo":5,"ydsnet":76,"posteam":"TEN","desc":"(5:40) (Shotgun) M.Hasselbeck pass short left to J.Cook for 5 yards, TOUCHDOWN [A.Smith].","note":"TD","players":{"00-0027061":[{"sequence":5,"clubcode":"TEN","playerName":"J.Cook","statId":22,"yards":5},{"sequence":6,"clubcode":"TEN","playerName":"J.Cook","statId":115,"yards":0},{"sequence":7,"clubcode":"TEN","playerName":"J.Cook","statId":113,"yards":0}],"00-0022793":[{"sequence":8,"clubcode":"HOU","playerName":"A.Smith","statId":110,"yards":0}],"0":[{"sequence":1,"clubcode":"TEN","playerName":"","statId":4,"yards":0},{"sequence":2,"clubcode":"TEN","playerName":"","statId":8,"yards":0}],"00-0007091":[{"sequence":3,"clubcode":"TEN","playerName":"M.Hasselbeck","statId":16,"yards":5},{"sequence":4,"clubcode":"TEN","playerName":"M.Hasselbeck","statId":111,"yards":5}]}},"2607":{"sp":1,"qtr":3,"down":0,"time":"05:34","yrdln":"HOU 2","ydstogo":0,"ydsnet":76,"posteam":"TEN","desc":"R.Bironas extra point is GOOD, Center-K.Amato, Holder-B.Kern.","note":"XP","players":{"00-0020962":[{"sequence":1,"clubcode":"TEN","playerName":"R.Bironas","statId":72,"yards":0}]}}},"fds":5,"result":"Touchdown","penyds":10,"ydsgained":66,"numplays":10,"postime":"3:32","start":{"qtr":3,"time":"09:06","yrdln":"TEN 24","team":"TEN"},"end":{"qtr":3,"time":"05:34","yrdln":"HOU 5","team":"TEN"}},"15":{"posteam":"HOU","qtr":3,"redzone":true,"plays":{"2624":{"sp":0,"qtr":3,"down":0,"time":"05:34","yrdln":"TEN 35","ydstogo":0,"ydsnet":0,"posteam":"TEN","desc":"R.Bironas kicks 65 yards from TEN 35 to end zone, Touchback.","note":"KICKOFF","players":{"00-0020962":[{"sequence":1,"clubcode":"TEN","playerName":"R.Bironas","statId":44,"yards":65}],"0":[{"sequence":2,"clubcode":"HOU","playerName":"","statId":51,"yards":0}]}},"2642":{"sp":0,"qtr":3,"down":1,"time":"05:34","yrdln":"HOU 20","ydstogo":10,"ydsnet":8,"posteam":"HOU","desc":"(5:34) A.Foster right end pushed ob at HOU 28 for 8 yards (M.Griffin).","note":null,"players":{"00-0026796":[{"sequence":1,"clubcode":"HOU","playerName":"A.Foster","statId":10,"yards":8}],"00-0025406":[{"sequence":2,"clubcode":"TEN","playerName":"M.Griffin","statId":79,"yards":0}]}},"2668":{"sp":0,"qtr":3,"down":2,"time":"05:04","yrdln":"HOU 28","ydstogo":2,"ydsnet":9,"posteam":"HOU","desc":"(5:04) A.Foster up the middle to HOU 29 for 1 yard (J.Casey).","note":null,"players":{"00-0028015":[{"sequence":2,"clubcode":"TEN","playerName":"J.Casey","statId":79,"yards":0}],"00-0026796":[{"sequence":1,"clubcode":"HOU","playerName":"A.Foster","statId":10,"yards":1}]}},"2689":{"sp":0,"qtr":3,"down":3,"time":"04:24","yrdln":"HOU 29","ydstogo":1,"ydsnet":11,"posteam":"HOU","desc":"(4:24) A.Foster up the middle to HOU 31 for 2 yards (A.Ayers).","note":null,"players":{"00-0026796":[{"sequence":3,"clubcode":"HOU","playerName":"A.Foster","statId":10,"yards":2}],"00-0027977":[{"sequence":4,"clubcode":"TEN","playerName":"A.Ayers","statId":79,"yards":0}],"0":[{"sequence":1,"clubcode":"HOU","playerName":"","statId":3,"yards":0},{"sequence":2,"clubcode":"HOU","playerName":"","statId":6,"yards":0}]}},"2710":{"sp":0,"qtr":3,"down":1,"time":"03:46","yrdln":"HOU 31","ydstogo":10,"ydsnet":15,"posteam":"HOU","desc":"(3:46) B.Tate left guard to HOU 35 for 4 yards (B.Ruud).","note":null,"players":{"00-0023471":[{"sequence":2,"clubcode":"TEN","playerName":"B.Ruud","statId":79,"yards":0}],"00-0027890":[{"sequence":1,"clubcode":"HOU","playerName":"B.Tate","statId":10,"yards":4}]}},"2731":{"sp":0,"qtr":3,"down":2,"time":"03:06","yrdln":"HOU 35","ydstogo":6,"ydsnet":35,"posteam":"HOU","desc":"(3:06) M.Schaub pass deep middle to J.Jones to TEN 45 for 20 yards (C.Finnegan).","note":null,"players":{"00-0022787":[{"sequence":2,"clubcode":"HOU","playerName":"M.Schaub","statId":15,"yards":20},{"sequence":3,"clubcode":"HOU","playerName":"M.Schaub","statId":111,"yards":16}],"00-0025460":[{"sequence":4,"clubcode":"HOU","playerName":"J.Jones","statId":21,"yards":20},{"sequence":5,"clubcode":"HOU","playerName":"J.Jones","statId":115,"yards":0},{"sequence":6,"clubcode":"HOU","playerName":"J.Jones","statId":113,"yards":4}],"00-0024429":[{"sequence":7,"clubcode":"TEN","playerName":"C.Finnegan","statId":79,"yards":0}],"0":[{"sequence":1,"clubcode":"HOU","playerName":"","statId":4,"yards":0}]}},"2756":{"sp":0,"qtr":3,"down":1,"time":"02:25","yrdln":"TEN 45","ydstogo":10,"ydsnet":38,"posteam":"HOU","desc":"(2:25) A.Foster right end pushed ob at TEN 42 for 3 yards (J.McCourty).","note":null,"players":{"00-0027136":[{"sequence":2,"clubcode":"TEN","playerName":"J.McCourty","statId":79,"yards":0}],"00-0026796":[{"sequence":1,"clubcode":"HOU","playerName":"A.Foster","statId":10,"yards":3}]}},"2782":{"sp":0,"qtr":3,"down":2,"time":"01:53","yrdln":"TEN 42","ydstogo":7,"ydsnet":44,"posteam":"HOU","desc":"(1:53) M.Schaub pass short left to B.Johnson to TEN 36 for 6 yards (J.Babineaux).","note":null,"players":{"00-0022787":[{"sequence":1,"clubcode":"HOU","playerName":"M.Schaub","statId":15,"yards":6},{"sequence":2,"clubcode":"HOU","playerName":"M.Schaub","statId":111,"yards":6}],"00-0022409":[{"sequence":6,"clubcode":"TEN","playerName":"J.Babineaux","statId":79,"yards":0}],"00-0022156":[{"sequence":3,"clubcode":"HOU","playerName":"B.Johnson","statId":21,"yards":6},{"sequence":4,"clubcode":"HOU","playerName":"B.Johnson","statId":115,"yards":0},{"sequence":5,"clubcode":"HOU","playerName":"B.Johnson","statId":113,"yards":0}]}},"2810":{"sp":0,"qtr":3,"down":3,"time":"01:14","yrdln":"TEN 36","ydstogo":1,"ydsnet":44,"posteam":"HOU","desc":"(1:14) L.Vickers up the middle to TEN 36 for no gain (S.Marks).","note":null,"players":{"00-0027038":[{"sequence":3,"clubcode":"TEN","playerName":"S.Marks","statId":79,"yards":0}],"0":[{"sequence":1,"clubcode":"HOU","playerName":"","statId":7,"yards":0}],"00-0024394":[{"sequence":2,"clubcode":"HOU","playerName":"L.Vickers","statId":10,"yards":0}]}},"2831":{"sp":0,"qtr":3,"down":4,"time":"00:29","yrdln":"TEN 36","ydstogo":1,"ydsnet":44,"posteam":"HOU","desc":"(:29) A.Foster right tackle to TEN 36 for no gain (J.McCourty; M.Griffin).","note":null,"players":{"00-0027136":[{"sequence":3,"clubcode":"TEN","playerName":"J.McCourty","statId":82,"yards":0}],"00-0026796":[{"sequence":2,"clubcode":"HOU","playerName":"A.Foster","statId":10,"yards":0}],"00-0025406":[{"sequence":4,"clubcode":"TEN","playerName":"M.Griffin","statId":82,"yards":0}],"0":[{"sequence":1,"clubcode":"HOU","playerName":"","statId":9,"yards":0}]}}},"fds":2,"result":"Downs","penyds":0,"ydsgained":44,"numplays":10,"postime":"5:12","start":{"qtr":3,"time":"05:34","yrdln":"HOU 20","team":"HOU"},"end":{"qtr":3,"time":"00:22","yrdln":"TEN 36","team":"HOU"}},"16":{"posteam":"TEN","qtr":4,"redzone":true,"plays":{"2853":{"sp":0,"qtr":3,"down":1,"time":"00:22","yrdln":"TEN 36","ydstogo":10,"ydsnet":0,"posteam":"TEN","desc":"(:22) (Shotgun) M.Hasselbeck pass incomplete short right to L.Hawkins (J.Joseph).","note":null,"players":{"00-0026266":[{"sequence":2,"clubcode":"TEN","playerName":"L.Hawkins","statId":115,"yards":0}],"00-0024239":[{"sequence":3,"clubcode":"HOU","playerName":"J.Joseph","statId":85,"yards":0}],"00-0007091":[{"sequence":1,"clubcode":"TEN","playerName":"M.Hasselbeck","statId":14,"yards":0},{"sequence":4,"clubcode":"TEN","playerName":"M.Hasselbeck","statId":112,"yards":6}]}},"2882":{"sp":0,"qtr":3,"down":2,"time":"00:15","yrdln":"TEN 36","ydstogo":10,"ydsnet":0,"posteam":"TEN","desc":"(:15) (Shotgun) M.Hasselbeck pass incomplete deep right to L.Hawkins (T.Nolan).","note":null,"players":{"00-0026266":[{"sequence":2,"clubcode":"TEN","playerName":"L.Hawkins","statId":115,"yards":0}],"00-0026948":[{"sequence":3,"clubcode":"HOU","playerName":"T.Nolan","statId":85,"yards":0}],"00-0007091":[{"sequence":1,"clubcode":"TEN","playerName":"M.Hasselbeck","statId":14,"yards":0},{"sequence":4,"clubcode":"TEN","playerName":"M.Hasselbeck","statId":112,"yards":22}]}},"2904":{"sp":0,"qtr":3,"down":3,"time":"00:10","yrdln":"TEN 36","ydstogo":10,"ydsnet":-12,"posteam":"TEN","desc":"(:10) (Shotgun) M.Hasselbeck sacked at TEN 24 for -12 yards (J.Watt).","note":null,"players":{"0":[{"sequence":1,"clubcode":"TEN","playerName":"","statId":7,"yards":0}],"00-0027949":[{"sequence":3,"clubcode":"HOU","playerName":"J.Watt","statId":83,"yards":-12},{"sequence":4,"clubcode":"HOU","playerName":"J.Watt","statId":110,"yards":0},{"sequence":5,"clubcode":"HOU","playerName":"J.Watt","statId":79,"yards":0},{"sequence":6,"clubcode":"HOU","playerName":"J.Watt","statId":120,"yards":0}],"00-0007091":[{"sequence":2,"clubcode":"TEN","playerName":"M.Hasselbeck","statId":20,"yards":-12}]}},"2923":{"sp":0,"qtr":3,"down":0,"time":"","yrdln":"","ydstogo":0,"ydsnet":-12,"posteam":"","desc":"END QUARTER 3","note":null,"players":{}},"2939":{"sp":0,"qtr":4,"down":4,"time":"15:00","yrdln":"TEN 24","ydstogo":22,"ydsnet":-12,"posteam":"TEN","desc":"(15:00) (Punt formation) B.Kern punts 43 yards to HOU 33, Center-K.Amato, out of bounds. PENALTY on TEN-T.Campbell, Unsportsmanlike Conduct, 15 yards, enforced at HOU 33.","note":"PUNT","players":{"00-0028189":[{"sequence":3,"clubcode":"TEN","playerName":"T.Campbell","statId":93,"yards":15}],"0":[{"sequence":2,"clubcode":"HOU","playerName":"","statId":37,"yards":0}],"00-0025825":[{"sequence":1,"clubcode":"TEN","playerName":"B.Kern","statId":29,"yards":43}]}}},"fds":0,"result":"Punt","penyds":0,"ydsgained":-12,"numplays":5,"postime":"0:29","start":{"qtr":3,"time":"00:22","yrdln":"TEN 36","team":"TEN"},"end":{"qtr":3,"time":"14:53","yrdln":"TEN 24","team":"TEN"}},"17":{"posteam":"HOU","qtr":4,"redzone":true,"plays":{"2973":{"sp":0,"qtr":4,"down":1,"time":"14:53","yrdln":"HOU 48","ydstogo":10,"ydsnet":2,"posteam":"HOU","desc":"(14:53) A.Foster left tackle to 50 for 2 yards (S.Smith).","note":null,"players":{"00-0026796":[{"sequence":1,"clubcode":"HOU","playerName":"A.Foster","statId":10,"yards":2}],"00-0021679":[{"sequence":2,"clubcode":"TEN","playerName":"S.Smith","statId":79,"yards":0}]}},"2994":{"sp":0,"qtr":4,"down":2,"time":"14:17","yrdln":"50","ydstogo":8,"ydsnet":23,"posteam":"HOU","desc":"(14:17) M.Schaub pass deep right to J.Dreessen to TEN 29 for 21 yards (J.Babineaux).","note":null,"players":{"00-0022787":[{"sequence":2,"clubcode":"HOU","playerName":"M.Schaub","statId":15,"yards":21},{"sequence":3,"clubcode":"HOU","playerName":"M.Schaub","statId":111,"yards":17}],"00-0023630":[{"sequence":4,"clubcode":"HOU","playerName":"J.Dreessen","statId":21,"yards":21},{"sequence":5,"clubcode":"HOU","playerName":"J.Dreessen","statId":115,"yards":0},{"sequence":6,"clubcode":"HOU","playerName":"J.Dreessen","statId":113,"yards":4}],"00-0022409":[{"sequence":7,"clubcode":"TEN","playerName":"J.Babineaux","statId":79,"yards":0}],"0":[{"sequence":1,"clubcode":"HOU","playerName":"","statId":4,"yards":0}]}},"3029":{"sp":0,"qtr":4,"down":1,"time":"13:36","yrdln":"TEN 29","ydstogo":10,"ydsnet":25,"posteam":"HOU","desc":"(13:36) A.Foster right end to TEN 27 for 2 yards (B.Ruud).","note":null,"players":{"00-0023471":[{"sequence":2,"clubcode":"TEN","playerName":"B.Ruud","statId":79,"yards":0}],"00-0026796":[{"sequence":1,"clubcode":"HOU","playerName":"A.Foster","statId":10,"yards":2}]}},"3050":{"sp":0,"qtr":4,"down":2,"time":"12:53","yrdln":"TEN 27","ydstogo":8,"ydsnet":40,"posteam":"HOU","desc":"(12:53) B.Tate left end to TEN 12 for 15 yards (J.Jones).","note":null,"players":{"00-0026194":[{"sequence":3,"clubcode":"TEN","playerName":"J.Jones","statId":79,"yards":0}],"0":[{"sequence":1,"clubcode":"HOU","playerName":"","statId":3,"yards":0}],"00-0027890":[{"sequence":2,"clubcode":"HOU","playerName":"B.Tate","statId":10,"yards":15}]}},"3071":{"sp":0,"qtr":4,"down":1,"time":"12:05","yrdln":"TEN 12","ydstogo":10,"ydsnet":48,"posteam":"HOU","desc":"(12:05) B.Tate up the middle to TEN 2 for 10 yards (J.Babineaux; M.Griffin).","note":null,"players":{"00-0025406":[{"sequence":4,"clubcode":"TEN","playerName":"M.Griffin","statId":82,"yards":0}],"00-0022409":[{"sequence":3,"clubcode":"TEN","playerName":"J.Babineaux","statId":82,"yards":0}],"0":[{"sequence":1,"clubcode":"HOU","playerName":"","statId":3,"yards":0}],"00-0027890":[{"sequence":2,"clubcode":"HOU","playerName":"B.Tate","statId":10,"yards":10}]}},"3092":{"sp":0,"qtr":4,"down":1,"time":"11:31","yrdln":"TEN 2","ydstogo":2,"ydsnet":48,"posteam":"HOU","desc":"(11:31) B.Tate right tackle to TEN 4 for -2 yards (W.Witherspoon; S.Smith).","note":null,"players":{"00-0021679":[{"sequence":4,"clubcode":"TEN","playerName":"S.Smith","statId":82,"yards":0}],"00-0021085":[{"sequence":3,"clubcode":"TEN","playerName":"W.Witherspoon","statId":82,"yards":0}],"0":[{"sequence":2,"clubcode":"HOU","playerName":"","statId":95,"yards":-2}],"00-0027890":[{"sequence":1,"clubcode":"HOU","playerName":"B.Tate","statId":10,"yards":-2}]}},"3113":{"sp":0,"qtr":4,"down":2,"time":"10:44","yrdln":"TEN 4","ydstogo":4,"ydsnet":47,"posteam":"HOU","desc":"(10:44) A.Foster right end to TEN 5 for -1 yards (B.Ruud; W.Witherspoon).","note":null,"players":{"00-0023471":[{"sequence":3,"clubcode":"TEN","playerName":"B.Ruud","statId":82,"yards":0}],"00-0026796":[{"sequence":1,"clubcode":"HOU","playerName":"A.Foster","statId":10,"yards":-1}],"00-0021085":[{"sequence":4,"clubcode":"TEN","playerName":"W.Witherspoon","statId":82,"yards":0}],"0":[{"sequence":2,"clubcode":"HOU","playerName":"","statId":95,"yards":-1}]}},"3134":{"sp":1,"qtr":4,"down":3,"time":"10:00","yrdln":"TEN 5","ydstogo":5,"ydsnet":52,"posteam":"HOU","desc":"(10:00) A.Foster left tackle for 5 yards, TOUCHDOWN.","note":"TD","players":{"00-0026796":[{"sequence":3,"clubcode":"HOU","playerName":"A.Foster","statId":11,"yards":5}],"0":[{"sequence":1,"clubcode":"HOU","playerName":"","statId":3,"yards":0},{"sequence":2,"clubcode":"HOU","playerName":"","statId":6,"yards":0}]}},"3152":{"sp":1,"qtr":4,"down":0,"time":"09:51","yrdln":"TEN 2","ydstogo":0,"ydsnet":52,"posteam":"HOU","desc":"N.Rackers extra point is GOOD, Center-J.Weeks, Holder-B.Hartmann.","note":"XP","players":{"00-0019676":[{"sequence":1,"clubcode":"HOU","playerName":"N.Rackers","statId":72,"yards":0}]}}},"fds":4,"result":"Touchdown","penyds":0,"ydsgained":52,"numplays":9,"postime":"5:02","start":{"qtr":4,"time":"14:53","yrdln":"HOU 48","team":"HOU"},"end":{"qtr":4,"time":"09:51","yrdln":"TEN 5","team":"HOU"}},"18":{"posteam":"TEN","qtr":4,"redzone":true,"plays":{"3168":{"sp":0,"qtr":4,"down":0,"time":"09:51","yrdln":"HOU 35","ydstogo":0,"ydsnet":0,"posteam":"HOU","desc":"N.Rackers kicks 69 yards from HOU 35 to TEN -4. M.Mariani to TEN 25 for 29 yards (N.Rackers).","note":"KICKOFF","players":{"00-0027816":[{"sequence":2,"clubcode":"TEN","playerName":"M.Mariani","statId":45,"yards":29}],"00-0019676":[{"sequence":1,"clubcode":"HOU","playerName":"N.Rackers","statId":43,"yards":69},{"sequence":3,"clubcode":"HOU","playerName":"N.Rackers","statId":79,"yards":0}]}},"3190":{"sp":0,"qtr":4,"down":1,"time":"09:45","yrdln":"TEN 25","ydstogo":10,"ydsnet":0,"posteam":"TEN","desc":"(9:45) (Shotgun) M.Hasselbeck pass incomplete short middle to N.Washington.","note":null,"players":{"00-0023367":[{"sequence":2,"clubcode":"TEN","playerName":"N.Washington","statId":115,"yards":0}],"00-0007091":[{"sequence":1,"clubcode":"TEN","playerName":"M.Hasselbeck","statId":14,"yards":0},{"sequence":3,"clubcode":"TEN","playerName":"M.Hasselbeck","statId":112,"yards":5}]}},"3212":{"sp":1,"qtr":4,"down":2,"time":"09:41","yrdln":"TEN 25","ydstogo":10,"ydsnet":0,"posteam":"TEN","desc":"(9:41) (Shotgun) M.Hasselbeck pass short right intended for D.Avery INTERCEPTED by B.McCain at TEN 38. B.McCain for 38 yards, TOUCHDOWN.","note":"TD","players":{"00-0026173":[{"sequence":2,"clubcode":"TEN","playerName":"D.Avery","statId":115,"yards":0}],"00-0026935":[{"sequence":4,"clubcode":"HOU","playerName":"B.McCain","statId":26,"yards":38},{"sequence":5,"clubcode":"HOU","playerName":"B.McCain","statId":85,"yards":0}],"00-0007091":[{"sequence":1,"clubcode":"TEN","playerName":"M.Hasselbeck","statId":19,"yards":0},{"sequence":3,"clubcode":"TEN","playerName":"M.Hasselbeck","statId":112,"yards":13}]}}},"fds":0,"result":"Interception","penyds":0,"ydsgained":0,"numplays":3,"postime":"0:23","start":{"qtr":4,"time":"09:51","yrdln":"TEN 25","team":"TEN"},"end":{"qtr":4,"time":"09:28","yrdln":"TEN 25","team":"TEN"}},"19":{"posteam":"TEN","qtr":4,"redzone":true,"plays":{"3251":{"sp":0,"qtr":4,"down":0,"time":"09:28","yrdln":"HOU 35","ydstogo":0,"ydsnet":0,"posteam":"HOU","desc":"N.Rackers kicks 67 yards from HOU 35 to TEN -2. M.Mariani to TEN 15 for 17 yards (B.Braman).","note":"KICKOFF","players":{"00-0027816":[{"sequence":2,"clubcode":"TEN","playerName":"M.Mariani","statId":45,"yards":17}],"00-0028536":[{"sequence":4,"clubcode":"HOU","playerName":"B.Braman","statId":79,"yards":0}],"00-0019676":[{"sequence":1,"clubcode":"HOU","playerName":"N.Rackers","statId":43,"yards":67},{"sequence":3,"clubcode":"HOU","playerName":"N.Rackers","statId":42,"yards":0}]}},"3273":{"sp":0,"qtr":4,"down":1,"time":"09:23","yrdln":"TEN 15","ydstogo":10,"ydsnet":-9,"posteam":"TEN","desc":"(9:23) (Shotgun) J.Locker sacked at TEN 6 for -9 yards (B.Reed).","note":null,"players":{"00-0027946":[{"sequence":1,"clubcode":"TEN","playerName":"J.Locker","statId":20,"yards":-9}],"00-0027980":[{"sequence":2,"clubcode":"HOU","playerName":"B.Reed","statId":83,"yards":-9},{"sequence":3,"clubcode":"HOU","playerName":"B.Reed","statId":110,"yards":0},{"sequence":4,"clubcode":"HOU","playerName":"B.Reed","statId":79,"yards":0},{"sequence":5,"clubcode":"HOU","playerName":"B.Reed","statId":120,"yards":0}]}},"3292":{"sp":0,"qtr":4,"down":2,"time":"09:02","yrdln":"TEN 6","ydstogo":19,"ydsnet":-5,"posteam":"TEN","desc":"(9:02) (No Huddle, Shotgun) J.Ringer up the middle to TEN 10 for 4 yards (K.Jackson).","note":null,"players":{"00-0027872":[{"sequence":2,"clubcode":"HOU","playerName":"K.Jackson","statId":79,"yards":0}],"00-0027120":[{"sequence":1,"clubcode":"TEN","playerName":"J.Ringer","statId":10,"yards":4}]}},"3313":{"sp":0,"qtr":4,"down":3,"time":"08:39","yrdln":"TEN 10","ydstogo":15,"ydsnet":7,"posteam":"TEN","desc":"(8:39) (No Huddle, Shotgun) J.Locker pass short left to L.Hawkins ran ob at TEN 22 for 12 yards.","note":null,"players":{"00-0027946":[{"sequence":2,"clubcode":"TEN","playerName":"J.Locker","statId":15,"yards":12},{"sequence":3,"clubcode":"TEN","playerName":"J.Locker","statId":111,"yards":11}],"00-0026266":[{"sequence":4,"clubcode":"TEN","playerName":"L.Hawkins","statId":21,"yards":12},{"sequence":5,"clubcode":"TEN","playerName":"L.Hawkins","statId":115,"yards":0},{"sequence":6,"clubcode":"TEN","playerName":"L.Hawkins","statId":113,"yards":1}],"0":[{"sequence":1,"clubcode":"TEN","playerName":"","statId":7,"yards":0}]}},"3337":{"sp":0,"qtr":4,"down":4,"time":"08:18","yrdln":"TEN 22","ydstogo":3,"ydsnet":2,"posteam":"TEN","desc":"(8:18) (Punt formation) PENALTY on TEN-G.McRath, False Start, 5 yards, enforced at TEN 22 - No Play.","note":"PENALTY","players":{"00-0027095":[{"sequence":1,"clubcode":"TEN","playerName":"G.McRath","statId":93,"yards":5}]}},"3368":{"sp":0,"qtr":4,"down":4,"time":"08:03","yrdln":"TEN 17","ydstogo":8,"ydsnet":2,"posteam":"TEN","desc":"(8:03) (Punt formation) B.Kern punts 43 yards to HOU 40, Center-K.Amato, fair catch by T.Holliday.","note":"PUNT","players":{"00-0025825":[{"sequence":1,"clubcode":"TEN","playerName":"B.Kern","statId":29,"yards":43}],"00-0027606":[{"sequence":2,"clubcode":"HOU","playerName":"T.Holliday","statId":39,"yards":0}]}}},"fds":0,"result":"Punt","penyds":-5,"ydsgained":7,"numplays":6,"postime":"1:33","start":{"qtr":4,"time":"09:28","yrdln":"TEN 15","team":"TEN"},"end":{"qtr":4,"time":"07:55","yrdln":"TEN 17","team":"TEN"}},"20":{"posteam":"HOU","qtr":4,"redzone":true,"plays":{"3392":{"sp":0,"qtr":4,"down":1,"time":"07:55","yrdln":"HOU 40","ydstogo":10,"ydsnet":1,"posteam":"HOU","desc":"(7:55) B.Tate right end to HOU 41 for 1 yard (B.Ruud).","note":null,"players":{"00-0023471":[{"sequence":2,"clubcode":"TEN","playerName":"B.Ruud","statId":79,"yards":0}],"00-0027890":[{"sequence":1,"clubcode":"HOU","playerName":"B.Tate","statId":10,"yards":1}]}},"3413":{"sp":0,"qtr":4,"down":2,"time":"07:11","yrdln":"HOU 41","ydstogo":9,"ydsnet":3,"posteam":"HOU","desc":"(7:11) B.Tate right guard to HOU 43 for 2 yards (J.McCourty; B.Ruud).","note":null,"players":{"00-0027136":[{"sequence":2,"clubcode":"TEN","playerName":"J.McCourty","statId":82,"yards":0}],"00-0023471":[{"sequence":3,"clubcode":"TEN","playerName":"B.Ruud","statId":82,"yards":0}],"00-0027890":[{"sequence":1,"clubcode":"HOU","playerName":"B.Tate","statId":10,"yards":2}]}},"3434":{"sp":0,"qtr":4,"down":0,"time":"06:23","yrdln":"","ydstogo":0,"ydsnet":3,"posteam":"","desc":"Timeout #1 by HOU at 06:23.","note":"TIMEOUT","players":{"0":[{"sequence":1,"clubcode":"HOU","playerName":"","statId":68,"yards":0}]}},"3451":{"sp":0,"qtr":4,"down":3,"time":"06:23","yrdln":"HOU 43","ydstogo":7,"ydsnet":11,"posteam":"HOU","desc":"(6:23) B.Tate right end to TEN 49 for 8 yards (D.Morgan; K.Klug).","note":null,"players":{"00-0028080":[{"sequence":5,"clubcode":"TEN","playerName":"K.Klug","statId":82,"yards":0}],"0":[{"sequence":1,"clubcode":"HOU","playerName":"","statId":3,"yards":0},{"sequence":2,"clubcode":"HOU","playerName":"","statId":6,"yards":0}],"00-0027890":[{"sequence":3,"clubcode":"HOU","playerName":"B.Tate","statId":10,"yards":8}],"00-0027868":[{"sequence":4,"clubcode":"TEN","playerName":"D.Morgan","statId":82,"yards":0}]}},"3472":{"sp":0,"qtr":4,"down":1,"time":"05:37","yrdln":"TEN 49","ydstogo":10,"ydsnet":16,"posteam":"HOU","desc":"(5:37) D.Ward right guard to TEN 44 for 5 yards (M.Griffin).","note":null,"players":{"00-0022770":[{"sequence":1,"clubcode":"HOU","playerName":"D.Ward","statId":10,"yards":5}],"00-0025406":[{"sequence":2,"clubcode":"TEN","playerName":"M.Griffin","statId":79,"yards":0}]}},"3493":{"sp":0,"qtr":4,"down":2,"time":"04:51","yrdln":"TEN 44","ydstogo":5,"ydsnet":17,"posteam":"HOU","desc":"(4:51) D.Ward left tackle to TEN 43 for 1 yard (W.Witherspoon).","note":null,"players":{"00-0022770":[{"sequence":1,"clubcode":"HOU","playerName":"D.Ward","statId":10,"yards":1}],"00-0021085":[{"sequence":2,"clubcode":"TEN","playerName":"W.Witherspoon","statId":79,"yards":0}]}},"3514":{"sp":0,"qtr":4,"down":3,"time":"04:07","yrdln":"TEN 43","ydstogo":4,"ydsnet":23,"posteam":"HOU","desc":"(4:07) B.Tate right tackle to TEN 37 for 6 yards (J.McCourty).","note":null,"players":{"00-0027136":[{"sequence":4,"clubcode":"TEN","playerName":"J.McCourty","statId":79,"yards":0}],"0":[{"sequence":1,"clubcode":"HOU","playerName":"","statId":3,"yards":0},{"sequence":2,"clubcode":"HOU","playerName":"","statId":6,"yards":0}],"00-0027890":[{"sequence":3,"clubcode":"HOU","playerName":"B.Tate","statId":10,"yards":6}]}},"3535":{"sp":0,"qtr":4,"down":1,"time":"03:20","yrdln":"TEN 37","ydstogo":10,"ydsnet":26,"posteam":"HOU","desc":"(3:20) B.Tate up the middle to TEN 34 for 3 yards (J.Babineaux).","note":null,"players":{"00-0022409":[{"sequence":2,"clubcode":"TEN","playerName":"J.Babineaux","statId":79,"yards":0}],"00-0027890":[{"sequence":1,"clubcode":"HOU","playerName":"B.Tate","statId":10,"yards":3}]}},"3557":{"sp":0,"qtr":4,"down":2,"time":"02:36","yrdln":"TEN 34","ydstogo":7,"ydsnet":29,"posteam":"HOU","desc":"(2:36) D.Ward left guard to TEN 31 for 3 yards (J.Jones; S.Marks).","note":null,"players":{"00-0027038":[{"sequence":3,"clubcode":"TEN","playerName":"S.Marks","statId":82,"yards":0}],"00-0022770":[{"sequence":1,"clubcode":"HOU","playerName":"D.Ward","statId":10,"yards":3}],"00-0026194":[{"sequence":2,"clubcode":"TEN","playerName":"J.Jones","statId":82,"yards":0}]}},"3579":{"sp":0,"qtr":4,"down":0,"time":"02:00","yrdln":"","ydstogo":0,"ydsnet":29,"posteam":"","desc":"Two-Minute Warning","note":null,"players":{}},"3596":{"sp":0,"qtr":4,"down":3,"time":"02:00","yrdln":"TEN 31","ydstogo":4,"ydsnet":26,"posteam":"HOU","desc":"(2:00) D.Ward right tackle to TEN 34 for -3 yards (M.Griffin; S.Marks).","note":null,"players":{"00-0027038":[{"sequence":5,"clubcode":"TEN","playerName":"S.Marks","statId":82,"yards":0}],"00-0022770":[{"sequence":2,"clubcode":"HOU","playerName":"D.Ward","statId":10,"yards":-3}],"00-0025406":[{"sequence":4,"clubcode":"TEN","playerName":"M.Griffin","statId":82,"yards":0}],"0":[{"sequence":1,"clubcode":"HOU","playerName":"","statId":7,"yards":0},{"sequence":3,"clubcode":"HOU","playerName":"","statId":95,"yards":-3}]}},"3617":{"sp":0,"qtr":4,"down":4,"time":"01:15","yrdln":"TEN 34","ydstogo":7,"ydsnet":27,"posteam":"HOU","desc":"(1:15) D.Ward right guard to TEN 33 for 1 yard (M.Sheppard).","note":null,"players":{"00-0022770":[{"sequence":2,"clubcode":"HOU","playerName":"D.Ward","statId":10,"yards":1}],"00-0027571":[{"sequence":3,"clubcode":"TEN","playerName":"M.Sheppard","statId":79,"yards":0}],"0":[{"sequence":1,"clubcode":"HOU","playerName":"","statId":9,"yards":0}]}}},"fds":2,"result":"Downs","penyds":0,"ydsgained":27,"numplays":12,"postime":"6:46","start":{"qtr":4,"time":"07:55","yrdln":"HOU 40","team":"HOU"},"end":{"qtr":4,"time":"01:09","yrdln":"TEN 34","team":"HOU"}},"21":{"posteam":"TEN","qtr":4,"redzone":true,"plays":{"3639":{"sp":0,"qtr":4,"down":1,"time":"01:09","yrdln":"TEN 33","ydstogo":10,"ydsnet":3,"posteam":"TEN","desc":"(1:09) J.Harper up the middle to TEN 36 for 3 yards (D.Sharpton).","note":null,"players":{"00-0027703":[{"sequence":2,"clubcode":"HOU","playerName":"D.Sharpton","statId":79,"yards":0}],"00-0028068":[{"sequence":1,"clubcode":"TEN","playerName":"J.Harper","statId":10,"yards":3}]}},"3660":{"sp":0,"qtr":4,"down":2,"time":"00:34","yrdln":"TEN 36","ydstogo":7,"ydsnet":4,"posteam":"TEN","desc":"(:34) J.Harper up the middle to TEN 37 for 1 yard (E.Mitchell; G.Quin).","note":null,"players":{"00-0027684":[{"sequence":2,"clubcode":"HOU","playerName":"E.Mitchell","statId":82,"yards":0}],"00-0027081":[{"sequence":3,"clubcode":"HOU","playerName":"G.Quin","statId":82,"yards":0}],"00-0028068":[{"sequence":1,"clubcode":"TEN","playerName":"J.Harper","statId":10,"yards":1}]}},"3681":{"sp":0,"qtr":4,"down":0,"time":"00:00","yrdln":"","ydstogo":0,"ydsnet":4,"posteam":"","desc":"END GAME","note":null,"players":{}}},"fds":0,"result":"End of Game","penyds":0,"ydsgained":4,"numplays":3,"postime":"1:09","start":{"qtr":4,"time":"01:09","yrdln":"TEN 33","team":"TEN"},"end":{"qtr":4,"time":"00:00","yrdln":"","team":"TEN"}},"crntdrv":21},"scrsummary":{"839":{"type":"FG","desc":"N.Rackers 32 yd. Field Goal Drive: 13 plays, 78 yards in 7:18","qtr":1,"team":"HOU","players":{"N.Rackers":"00-0019676"}},"1364":{"type":"TD","desc":"J.Dreessen 10 yd. pass from M.Schaub (N.Rackers kick is good) Drive: 7 plays, 87 yards in 3:29","qtr":2,"team":"HOU","players":{"":"0","M.Schaub":"00-0022787","J.Dreessen":"00-0023630","N.Rackers":"00-0019676"}},"1637":{"type":"TD","desc":"A.Foster 78 yd. pass from M.Schaub (N.Rackers kick is good) Drive: 4 plays, 94 yards in 1:48","qtr":2,"team":"HOU","players":{"":"0","M.Schaub":"00-0022787","A.Foster":"00-0026796","N.Rackers":"00-0019676"}},"1982":{"type":"FG","desc":"N.Rackers 29 yd. Field Goal Drive: 7 plays, 37 yards in 1:52","qtr":2,"team":"HOU","players":{"N.Rackers":"00-0019676"}},"2359":{"type":"TD","desc":"A.Foster 1 yd. run (N.Rackers kick is good) Drive: 7 plays, 92 yards in 3:28","qtr":3,"team":"HOU","players":{"":"0","A.Foster":"00-0026796","N.Rackers":"00-0019676"}},"2586":{"type":"TD","desc":"J.Cook 5 yd. pass from M.Hasselbeck (R.Bironas kick is good) Drive: 8 plays, 76 yards in 3:32","qtr":3,"team":"TEN","players":{"":"0","M.Hasselbeck":"00-0007091","J.Cook":"00-0027061","R.Bironas":"00-0020962"}},"3134":{"type":"TD","desc":"A.Foster 5 yd. run (N.Rackers kick is good) Drive: 8 plays, 52 yards in 5:02","qtr":4,"team":"HOU","players":{"":"0","A.Foster":"00-0026796","N.Rackers":"00-0019676"}},"3212":{"type":"TD","desc":"B.McCain 38 yd. interception return (N.Rackers kick is good)","qtr":4,"team":"HOU","players":{"M.Hasselbeck":"00-0007091","D.Avery":"00-0026173","B.McCain":"00-0026935","N.Rackers":"00-0019676"}}},"weather":null,"media":null,"yl":"","qtr":"Final","note":null,"down":0,"togo":0,"redzone":true,"clock":"00:34","posteam":"TEN","stadium":null},"nextupdate":287}