{"2011111305":{"home":{"score":{"1":0,"2":0,"3":7,"4":3,"5":0,"T":10},"abbr":"KC","to":0,"stats":{"passing":{"00-0023662":{"name":"M.Cassel","att":28,"cmp":13,"yds":93,"tds":1,"ints":0,"twopta":0,"twoptm":0},"00-0024812":{"name":"T.Palko","att":6,"cmp":5,"yds":47,"tds":0,"ints":0,"twopta":0,"twoptm":0}},"rushing":{"00-0025701":{"name":"J.Battle","att":9,"yds":61,"tds":0,"lng":34,"lngtd":0,"twopta":0,"twoptm":0},"00-0027651":{"name":"D.McCluster","att":8,"yds":45,"tds":0,"lng":10,"lngtd":0,"twopta":0,"twoptm":0},"00-0023662":{"name":"M.Cassel","att":2,"yds":16,"tds":0,"lng":9,"lngtd":0,"twopta":0,"twoptm":0},"00-0024812":{"name":"T.Palko","att":1,"yds":8,"tds":0,"lng":8,"lngtd":0,"twopta":0,"twoptm":0},"00-0019641":{"name":"T.Jones","att":4,"yds":4,"tds":0,"lng":4,"lngtd":0,"twopta":0,"twoptm":0}},"receiving":{"00-0027651":{"name":"D.McCluster","rec":6,"yds":48,"tds":0,"lng":14,"lngtd":0,"twopta":0,"twoptm":0},"00-0025529":{"name":"S.Breaston","rec":4,"yds":33,"tds":0,"lng":17,"lngtd":0,"twopta":0,"twoptm":0},"00-0024287":{"name":"L.Pope","rec":3,"yds":18,"tds":0,"lng":7,"lngtd":0,"twopta":0,"twoptm":0},"00-0025410":{"name":"D.Bowe","rec":2,"yds":17,"tds":0,"lng":10,"lngtd":0,"twopta":0,"twoptm":0},"00-0025524":{"name":"L.McClain","rec":2,"yds":9,"tds":1,"lng":8,"lngtd":1,"twopta":0,"twoptm":0},"00-0027964":{"name":"J.Baldwin","rec":1,"yds":15,"tds":0,"lng":15,"lngtd":0,"twopta":0,"twoptm":0}},"fumbles":{"00-0023662":{"name":"M.Cassel","tot":1,"rcv":0,"trcv":0,"yds":0,"lost":0},"00-0017638":{"name":"C.Wiegmann","tot":0,"rcv":1,"trcv":1,"yds":0,"lost":0}},"kicking":{"00-0026968":{"name":"R.Succop","fgm":1,"fga":1,"fgyds":32,"totpfg":3,"xpmade":1,"xpmissed":0,"xpa":1,"xpb":0,"xptot":1}},"punting":{"00-0023534":{"name":"D.Colquitt","pts":7,"yds":339,"avg":40,"i20":3,"lng":67}},"kickret":{"00-0027660":{"name":"J.Arenas","ret":3,"avg":17,"tds":0,"lng":28,"lngtd":0}},"puntret":{"00-0027660":{"name":"J.Arenas","ret":3,"avg":9,"tds":0,"lng":13,"lngtd":0}},"defense":{"00-0026869":{"name":"J.Belcher","tkl":8,"ast":2,"sk":0,"int":0,"ffum":0},"00-0023449":{"name":"D.Johnson","tkl":7,"ast":2,"sk":0,"int":0,"ffum":0},"00-0026145":{"name":"G.Dorsey","tkl":5,"ast":1,"sk":0,"int":0,"ffum":0},"00-0026980":{"name":"T.Jackson","tkl":5,"ast":1,"sk":0,"int":0,"ffum":0},"00-0026571":{"name":"R.Langford","tkl":3,"ast":2,"sk":0,"int":0,"ffum":0},"00-0027736":{"name":"K.Lewis","tkl":4,"ast":0,"sk":0,"int":0,"ffum":0},"00-0028008":{"name":"J.Houston","tkl":4,"ast":0,"sk":0,"int":0,"ffum":0},"00-0026175":{"name":"B.Flowers","tkl":3,"ast":1,"sk":0,"int":0,"ffum":0},"00-0024235":{"name":"T.Hali","tkl":2,"ast":2,"sk":0,"int":0,"ffum":0},"00-0006398":{"name":"K.Gregg","tkl":3,"ast":0,"sk":0,"int":0,"ffum":0},"00-0021187":{"name":"J.McGraw","tkl":2,"ast":1,"sk":0,"int":0,"ffum":0},"00-0026280":{"name":"B.Carr","tkl":1,"ast":0,"sk":0,"int":0,"ffum":0},"00-0026105":{"name":"W.Gilberry","tkl":1,"ast":0,"sk":0,"int":0,"ffum":0}},"team":{"totfd":17,"totyds":258,"pyds":124,"ryds":134,"pen":4,"penyds":40,"trnovr":0,"pt":7,"ptyds":339,"ptavg":40,"top":"26:22"}},"players":null},"away":{"score":{"1":7,"2":3,"3":0,"4":7,"5":0,"T":17},"abbr":"DEN","to":1,"stats":{"passing":{"00-0027876":{"name":"T.Tebow","att":8,"cmp":2,"yds":69,"tds":1,"ints":0,"twopta":0,"twoptm":0}},"rushing":{"00-0026432":{"name":"L.Ball","att":30,"yds":96,"tds":0,"lng":9,"lngtd":0,"twopta":0,"twoptm":0},"00-0026988":{"name":"K.Moreno","att":4,"yds":52,"tds":0,"lng":24,"lngtd":0,"twopta":0,"twoptm":0},"00-0027876":{"name":"T.Tebow","att":9,"yds":43,"tds":1,"lng":19,"lngtd":7,"twopta":0,"twoptm":0},"00-0026182":{"name":"E.Royal","att":3,"yds":19,"tds":0,"lng":11,"lngtd":0,"twopta":0,"twoptm":0},"00-0026323":{"name":"S.Larsen","att":5,"yds":17,"tds":0,"lng":6,"lngtd":0,"twopta":0,"twoptm":0},"00-0022178":{"name":"W.McGahee","att":4,"yds":17,"tds":0,"lng":12,"lngtd":0,"twopta":0,"twoptm":0}},"receiving":{"00-0027690":{"name":"E.Decker","rec":1,"yds":56,"tds":1,"lng":56,"lngtd":56,"twopta":0,"twoptm":0},"00-0024756":{"name":"M.Willis","rec":1,"yds":13,"tds":0,"lng":13,"lngtd":0,"twopta":0,"twoptm":0}},"fumbles":{"00-0026323":{"name":"S.Larsen","tot":1,"rcv":0,"trcv":0,"yds":0,"lost":0},"00-0022034":{"name":"M.Haggan","tot":0,"rcv":1,"trcv":1,"yds":0,"lost":0}},"kicking":{"00-0023853":{"name":"M.Prater","fgm":1,"fga":2,"fgyds":38,"totpfg":3,"xpmade":2,"xpmissed":0,"xpa":2,"xpb":0,"xptot":2}},"punting":{"00-0026516":{"name":"B.Colquitt","pts":7,"yds":307,"avg":40,"i20":4,"lng":60}},"kickret":{"00-0026323":{"name":"S.Larsen","ret":1,"avg":0,"tds":0,"lng":0,"lngtd":0}},"puntret":{"00-0026716":{"name":"Q.Cosby","ret":2,"avg":8,"tds":0,"lng":9,"lngtd":0}},"defense":{"00-0022780":{"name":"D.Williams","tkl":7,"ast":2,"sk":1,"int":0,"ffum":1},"00-0026340":{"name":"J.Mays","tkl":8,"ast":0,"sk":0,"int":0,"ffum":0},"00-0028224":{"name":"C.Harris","tkl":8,"ast":0,"sk":0,"int":0,"ffum":0},"00-0027940":{"name":"V.Miller","tkl":4,"ast":3,"sk":1.5,"int":0,"ffum":0},"00-0028046":{"name":"Q.Carter","tkl":2,"ast":1,"sk":0,"int":0,"ffum":0},"00-0021194":{"name":"A.Goodman","tkl":2,"ast":1,"sk":0,"int":0,"ffum":0},"00-0025519":{"name":"R.McBean","tkl":2,"ast":0,"sk":1,"int":0,"ffum":0},"00-0004073":{"name":"B.Dawkins","tkl":2,"ast":0,"sk":0,"int":0,"ffum":0},"00-0000585":{"name":"C.Bailey","tkl":2,"ast":0,"sk":0,"int":0,"ffum":0},"00-0024229":{"name":"B.Bunkley","tkl":2,"ast":0,"sk":0,"int":0,"ffum":0},"00-0025508":{"name":"M.Thomas","tkl":1,"ast":1,"sk":0,"int":0,"ffum":0},"00-0026994":{"name":"R.Ayers","tkl":1,"ast":1,"sk":0,"int":0,"ffum":0},"00-0024341":{"name":"E.Dumervil","tkl":0,"ast":1,"sk":0.5,"int":0,"ffum":0}},"team":{"totfd":16,"totyds":313,"pyds":69,"ryds":244,"pen":8,"penyds":65,"trnovr":0,"pt":7,"ptyds":307,"ptavg":40,"top":"33:38"}},"players":null},"drives":{"1":{"posteam":"KC","qtr":1,"redzone":true,"plays":{"36":{"sp":0,"qtr":1,"down":0,"time":"15:00","yrdln":"DEN 35","ydstogo":0,"ydsnet":0,"posteam":"DEN","desc":"M.Prater kicks 65 yards from DEN 35 to end zone, Touchback.","note":"KICKOFF","players":{"0":[{"sequence":1,"clubcode":"KC","playerName":null,"statId":51,"yards":0}],"00-0023853":[{"sequence":2,"clubcode":"DEN","playerName":"M.Prater","statId":44,"yards":65}]}},"54":{"sp":0,"qtr":1,"down":1,"time":"15:00","yrdln":"KC 20","ydstogo":10,"ydsnet":5,"posteam":"KC","desc":"(15:00) J.Battle up the middle to KC 25 for 5 yards (J.Mays).","note":null,"players":{"00-0026340":[{"sequence":2,"clubcode":"DEN","playerName":"J.Mays","statId":79,"yards":0}],"00-0025701":[{"sequence":1,"clubcode":"KC","playerName":"J.Battle","statId":10,"yards":5}]}},"75":{"sp":0,"qtr":1,"down":2,"time":"14:31","yrdln":"KC 25","ydstogo":5,"ydsnet":3,"posteam":"KC","desc":"(14:31) T.Jones right guard to KC 23 for -2 yards (V.Miller).","note":null,"players":{"00-0019641":[{"sequence":1,"clubcode":"KC","playerName":"T.Jones","statId":10,"yards":-2}],"00-0027940":[{"sequence":2,"clubcode":"DEN","playerName":"V.Miller","statId":120,"yards":0},{"sequence":3,"clubcode":"DEN","playerName":"V.Miller","statId":79,"yards":0}],"0":[{"sequence":4,"clubcode":"KC","playerName":null,"statId":95,"yards":-2}]}},"96":{"sp":0,"qtr":1,"down":3,"time":"14:00","yrdln":"KC 23","ydstogo":7,"ydsnet":12,"posteam":"KC","desc":"(14:00) (No Huddle, Shotgun) M.Cassel scrambles up the middle to KC 32 for 9 yards (C.Harris).","note":null,"players":{"00-0023662":[{"sequence":4,"clubcode":"KC","playerName":"M.Cassel","statId":10,"yards":9}],"0":[{"sequence":1,"clubcode":"KC","playerName":null,"statId":6,"yards":0},{"sequence":3,"clubcode":"KC","playerName":null,"statId":3,"yards":0}],"00-0028224":[{"sequence":2,"clubcode":"DEN","playerName":"C.Harris","statId":79,"yards":0}]}},"117":{"sp":0,"qtr":1,"down":1,"time":"13:26","yrdln":"KC 32","ydstogo":10,"ydsnet":2,"posteam":"KC","desc":"(13:26) M.Cassel pass short middle to D.Bowe to KC 45 for 13 yards (C.Bailey) [V.Miller]. PENALTY on KC-B.Albert, Offensive Holding, 10 yards, enforced at KC 32 - No Play.","note":"PENALTY","players":{"00-0026155":[{"sequence":1,"clubcode":"KC","playerName":"B.Albert","statId":93,"yards":10}]}},"152":{"sp":0,"qtr":1,"down":1,"time":"13:09","yrdln":"KC 22","ydstogo":20,"ydsnet":-3,"posteam":"KC","desc":"(13:09) (Shotgun) PENALTY on KC-C.Wiegmann, False Start, 5 yards, enforced at KC 22 - No Play.","note":"PENALTY","players":{"00-0017638":[{"sequence":1,"clubcode":"KC","playerName":"C.Wiegmann","statId":93,"yards":5}]}},"175":{"sp":0,"qtr":1,"down":1,"time":"12:55","yrdln":"KC 17","ydstogo":25,"ydsnet":-7,"posteam":"KC","desc":"(12:55) (Shotgun) M.Cassel sacked at KC 13 for -4 yards (V.Miller).","note":null,"players":{"00-0023662":[{"sequence":3,"clubcode":"KC","playerName":"M.Cassel","statId":20,"yards":-4}],"00-0027940":[{"sequence":1,"clubcode":"DEN","playerName":"V.Miller","statId":79,"yards":0},{"sequence":2,"clubcode":"DEN","playerName":"V.Miller","statId":110,"yards":0},{"sequence":4,"clubcode":"DEN","playerName":"V.Miller","statId":120,"yards":0},{"sequence":5,"clubcode":"DEN","playerName":"V.Miller","statId":83,"yards":-4}]}},"194":{"sp":0,"qtr":1,"down":2,"time":"12:20","yrdln":"KC 13","ydstogo":29,"ydsnet":0,"posteam":"KC","desc":"(12:20) D.McCluster up the middle to KC 20 for 7 yards (C.Harris).","note":null,"players":{"00-0027651":[{"sequence":1,"clubcode":"KC","playerName":"D.McCluster","statId":10,"yards":7}],"00-0028224":[{"sequence":2,"clubcode":"DEN","playerName":"C.Harris","statId":79,"yards":0}]}},"215":{"sp":0,"qtr":1,"down":3,"time":"12:05","yrdln":"KC 20","ydstogo":22,"ydsnet":0,"posteam":"KC","desc":"(12:05) (Shotgun) M.Cassel pass incomplete short left to D.McCluster.","note":null,"players":{"00-0023662":[{"sequence":1,"clubcode":"KC","playerName":"M.Cassel","statId":112,"yards":7},{"sequence":2,"clubcode":"KC","playerName":"M.Cassel","statId":14,"yards":0}],"00-0027651":[{"sequence":4,"clubcode":"KC","playerName":"D.McCluster","statId":115,"yards":0}],"0":[{"sequence":3,"clubcode":"KC","playerName":null,"statId":7,"yards":0}]}},"237":{"sp":0,"qtr":1,"down":4,"time":"11:49","yrdln":"KC 20","ydstogo":22,"ydsnet":0,"posteam":"KC","desc":"(11:49) D.Colquitt punts 37 yards to DEN 43, Center-T.Gafford, fair catch by Q.Cosby.","note":"PUNT","players":{"00-0023534":[{"sequence":2,"clubcode":"KC","playerName":"D.Colquitt","statId":29,"yards":37}],"00-0026716":[{"sequence":1,"clubcode":"DEN","playerName":"Q.Cosby","statId":39,"yards":0}]}}},"fds":1,"result":"Punt","penyds":-15,"ydsgained":15,"numplays":10,"postime":"3:18","start":{"qtr":1,"time":"15:00","yrdln":"KC 20","team":"KC"},"end":{"qtr":1,"time":"11:42","yrdln":"KC 20","team":"KC"}},"2":{"posteam":"DEN","qtr":1,"redzone":true,"plays":{"260":{"sp":0,"qtr":1,"down":1,"time":"11:42","yrdln":"DEN 43","ydstogo":10,"ydsnet":12,"posteam":"DEN","desc":"(11:42) W.McGahee up the middle to KC 45 for 12 yards (J.McGraw).","note":null,"players":{"0":[{"sequence":3,"clubcode":"DEN","playerName":null,"statId":3,"yards":0}],"00-0021187":[{"sequence":2,"clubcode":"KC","playerName":"J.McGraw","statId":79,"yards":0}],"00-0022178":[{"sequence":1,"clubcode":"DEN","playerName":"W.McGahee","statId":10,"yards":12}]}},"281":{"sp":0,"qtr":1,"down":1,"time":"11:13","yrdln":"KC 45","ydstogo":10,"ydsnet":15,"posteam":"DEN","desc":"(11:13) W.McGahee up the middle to KC 42 for 3 yards (D.Johnson).","note":null,"players":{"00-0023449":[{"sequence":2,"clubcode":"KC","playerName":"D.Johnson","statId":79,"yards":0}],"00-0022178":[{"sequence":1,"clubcode":"DEN","playerName":"W.McGahee","statId":10,"yards":3}]}},"302":{"sp":0,"qtr":1,"down":2,"time":"10:38","yrdln":"KC 42","ydstogo":7,"ydsnet":21,"posteam":"DEN","desc":"(10:38) S.Larsen up the middle to KC 36 for 6 yards (D.Johnson; J.Belcher).","note":null,"players":{"00-0023449":[{"sequence":3,"clubcode":"KC","playerName":"D.Johnson","statId":82,"yards":0}],"00-0026869":[{"sequence":1,"clubcode":"KC","playerName":"J.Belcher","statId":82,"yards":0}],"00-0026323":[{"sequence":2,"clubcode":"DEN","playerName":"S.Larsen","statId":10,"yards":6}]}},"323":{"sp":0,"qtr":1,"down":3,"time":"10:00","yrdln":"KC 36","ydstogo":1,"ydsnet":24,"posteam":"DEN","desc":"(10:00) W.McGahee left tackle to KC 33 for 3 yards (J.Belcher).","note":null,"players":{"00-0026869":[{"sequence":2,"clubcode":"KC","playerName":"J.Belcher","statId":79,"yards":0}],"0":[{"sequence":1,"clubcode":"DEN","playerName":null,"statId":6,"yards":0},{"sequence":4,"clubcode":"DEN","playerName":null,"statId":3,"yards":0}],"00-0022178":[{"sequence":3,"clubcode":"DEN","playerName":"W.McGahee","statId":10,"yards":3}]}},"344":{"sp":0,"qtr":1,"down":1,"time":"09:24","yrdln":"KC 33","ydstogo":10,"ydsnet":27,"posteam":"DEN","desc":"(9:24) (Shotgun) K.Moreno up the middle to KC 30 for 3 yards (G.Dorsey).","note":null,"players":{"00-0026988":[{"sequence":2,"clubcode":"DEN","playerName":"K.Moreno","statId":10,"yards":3}],"00-0026145":[{"sequence":1,"clubcode":"KC","playerName":"G.Dorsey","statId":79,"yards":0}]}},"365":{"sp":0,"qtr":1,"down":2,"time":"08:48","yrdln":"KC 30","ydstogo":7,"ydsnet":51,"posteam":"DEN","desc":"(8:48) K.Moreno right end pushed ob at KC 6 for 24 yards (J.McGraw).","note":null,"players":{"00-0026988":[{"sequence":1,"clubcode":"DEN","playerName":"K.Moreno","statId":10,"yards":24}],"0":[{"sequence":2,"clubcode":"DEN","playerName":null,"statId":3,"yards":0}],"00-0021187":[{"sequence":3,"clubcode":"KC","playerName":"J.McGraw","statId":79,"yards":0}]}},"386":{"sp":0,"qtr":1,"down":1,"time":"08:14","yrdln":"KC 6","ydstogo":6,"ydsnet":57,"posteam":"DEN","desc":"(8:14) W.McGahee left guard to KC 7 for -1 yards (T.Jackson). DEN-W.McGahee was injured during the play. His return is Questionable.  Injury to left hamstring","note":null,"players":{"0":[{"sequence":3,"clubcode":"DEN","playerName":null,"statId":95,"yards":-1}],"00-0026980":[{"sequence":1,"clubcode":"KC","playerName":"T.Jackson","statId":79,"yards":0},{"sequence":4,"clubcode":"KC","playerName":"T.Jackson","statId":120,"yards":0}],"00-0022178":[{"sequence":2,"clubcode":"DEN","playerName":"W.McGahee","statId":10,"yards":-1}]}},"416":{"sp":1,"qtr":1,"down":2,"time":"07:38","yrdln":"KC 7","ydstogo":7,"ydsnet":57,"posteam":"DEN","desc":"(7:38) (Shotgun) T.Tebow up the middle for 7 yards, TOUCHDOWN.","note":"TD","players":{"00-0027876":[{"sequence":2,"clubcode":"DEN","playerName":"T.Tebow","statId":11,"yards":7}],"0":[{"sequence":1,"clubcode":"DEN","playerName":null,"statId":3,"yards":0}]}},"438":{"sp":1,"qtr":1,"down":0,"time":"07:31","yrdln":"KC 2","ydstogo":0,"ydsnet":57,"posteam":"DEN","desc":"M.Prater extra point is GOOD, Center-L.Paxton, Holder-B.Colquitt.","note":"XP","players":{"00-0023853":[{"sequence":1,"clubcode":"DEN","playerName":"M.Prater","statId":72,"yards":0}]}}},"fds":4,"result":"Touchdown","penyds":0,"ydsgained":57,"numplays":9,"postime":"4:11","start":{"qtr":1,"time":"11:42","yrdln":"DEN 43","team":"DEN"},"end":{"qtr":1,"time":"07:31","yrdln":"KC 7","team":"DEN"}},"3":{"posteam":"KC","qtr":1,"redzone":true,"plays":{"454":{"sp":0,"qtr":1,"down":0,"time":"07:31","yrdln":"DEN 35","ydstogo":0,"ydsnet":0,"posteam":"DEN","desc":"M.Prater kicks 63 yards from DEN 35 to KC 2. J.Arenas to KC 19 for 17 yards (D.Rosario).","note":"KICKOFF","players":{"00-0025542":[{"sequence":4,"clubcode":"DEN","playerName":"D.Rosario","statId":79,"yards":0}],"00-0027660":[{"sequence":2,"clubcode":"KC","playerName":"J.Arenas","statId":45,"yards":17}],"00-0023853":[{"sequence":1,"clubcode":"DEN","playerName":"M.Prater","statId":41,"yards":63},{"sequence":3,"clubcode":"DEN","playerName":"M.Prater","statId":42,"yards":0}]}},"476":{"sp":0,"qtr":1,"down":1,"time":"07:25","yrdln":"KC 19","ydstogo":10,"ydsnet":8,"posteam":"KC","desc":"(7:25) M.Cassel pass short right to L.McClain to KC 27 for 8 yards (B.Dawkins).","note":null,"players":{"00-0023662":[{"sequence":1,"clubcode":"KC","playerName":"M.Cassel","statId":111,"yards":2},{"sequence":4,"clubcode":"KC","playerName":"M.Cassel","statId":15,"yards":8}],"00-0004073":[{"sequence":3,"clubcode":"DEN","playerName":"B.Dawkins","statId":79,"yards":0}],"00-0025524":[{"sequence":2,"clubcode":"KC","playerName":"L.McClain","statId":113,"yards":6},{"sequence":5,"clubcode":"KC","playerName":"L.McClain","statId":115,"yards":0},{"sequence":6,"clubcode":"KC","playerName":"L.McClain","statId":21,"yards":8}]}},"504":{"sp":0,"qtr":1,"down":2,"time":"06:47","yrdln":"KC 27","ydstogo":2,"ydsnet":16,"posteam":"KC","desc":"(6:47) (Shotgun) D.McCluster left tackle to KC 35 for 8 yards (J.Mays).","note":null,"players":{"00-0027651":[{"sequence":2,"clubcode":"KC","playerName":"D.McCluster","statId":10,"yards":8}],"0":[{"sequence":3,"clubcode":"KC","playerName":null,"statId":3,"yards":0}],"00-0026340":[{"sequence":1,"clubcode":"DEN","playerName":"J.Mays","statId":79,"yards":0}]}},"525":{"sp":0,"qtr":1,"down":1,"time":"06:08","yrdln":"KC 35","ydstogo":10,"ydsnet":26,"posteam":"KC","desc":"(6:08) M.Cassel pass short right to D.Bowe to KC 45 for 10 yards (C.Bailey).","note":null,"players":{"00-0023662":[{"sequence":2,"clubcode":"KC","playerName":"M.Cassel","statId":111,"yards":10},{"sequence":3,"clubcode":"KC","playerName":"M.Cassel","statId":15,"yards":10}],"00-0025410":[{"sequence":4,"clubcode":"KC","playerName":"D.Bowe","statId":21,"yards":10},{"sequence":5,"clubcode":"KC","playerName":"D.Bowe","statId":115,"yards":0},{"sequence":7,"clubcode":"KC","playerName":"D.Bowe","statId":113,"yards":0}],"0":[{"sequence":1,"clubcode":"KC","playerName":null,"statId":4,"yards":0}],"00-0000585":[{"sequence":6,"clubcode":"DEN","playerName":"C.Bailey","statId":79,"yards":0}]}},"549":{"sp":0,"qtr":1,"down":1,"time":"05:30","yrdln":"KC 45","ydstogo":10,"ydsnet":25,"posteam":"KC","desc":"(5:30) D.McCluster right guard to KC 44 for -1 yards (R.McBean).","note":null,"players":{"00-0027651":[{"sequence":1,"clubcode":"KC","playerName":"D.McCluster","statId":10,"yards":-1}],"0":[{"sequence":4,"clubcode":"KC","playerName":null,"statId":95,"yards":-1}],"00-0025519":[{"sequence":2,"clubcode":"DEN","playerName":"R.McBean","statId":120,"yards":0},{"sequence":3,"clubcode":"DEN","playerName":"R.McBean","statId":79,"yards":0}]}},"574":{"sp":0,"qtr":1,"down":2,"time":"04:50","yrdln":"KC 44","ydstogo":11,"ydsnet":32,"posteam":"KC","desc":"(4:50) (Shotgun) M.Cassel scrambles up the middle to DEN 49 for 7 yards (C.Harris).","note":null,"players":{"00-0023662":[{"sequence":1,"clubcode":"KC","playerName":"M.Cassel","statId":10,"yards":7}],"00-0028224":[{"sequence":2,"clubcode":"DEN","playerName":"C.Harris","statId":79,"yards":0}]}},"595":{"sp":0,"qtr":1,"down":3,"time":"04:09","yrdln":"DEN 49","ydstogo":4,"ydsnet":32,"posteam":"KC","desc":"(4:09) (Shotgun) M.Cassel pass incomplete short left to S.Breaston (C.Harris) [R.McBean].","note":null,"players":{"00-0023662":[{"sequence":1,"clubcode":"KC","playerName":"M.Cassel","statId":112,"yards":5},{"sequence":4,"clubcode":"KC","playerName":"M.Cassel","statId":14,"yards":0}],"00-0025529":[{"sequence":6,"clubcode":"KC","playerName":"S.Breaston","statId":115,"yards":0}],"0":[{"sequence":5,"clubcode":"KC","playerName":null,"statId":7,"yards":0}],"00-0028224":[{"sequence":2,"clubcode":"DEN","playerName":"C.Harris","statId":85,"yards":0}],"00-0025519":[{"sequence":3,"clubcode":"DEN","playerName":"R.McBean","statId":110,"yards":0}]}},"617":{"sp":0,"qtr":1,"down":4,"time":"04:04","yrdln":"DEN 49","ydstogo":4,"ydsnet":32,"posteam":"KC","desc":"(4:04) D.Colquitt punts 40 yards to DEN 9, Center-T.Gafford, fair catch by Q.Cosby.","note":"PUNT","players":{"00-0023534":[{"sequence":1,"clubcode":"KC","playerName":"D.Colquitt","statId":29,"yards":40},{"sequence":3,"clubcode":"KC","playerName":"D.Colquitt","statId":30,"yards":0}],"00-0026716":[{"sequence":2,"clubcode":"DEN","playerName":"Q.Cosby","statId":39,"yards":0}]}}},"fds":2,"result":"Punt","penyds":0,"ydsgained":32,"numplays":8,"postime":"3:35","start":{"qtr":1,"time":"07:31","yrdln":"KC 19","team":"KC"},"end":{"qtr":1,"time":"03:56","yrdln":"DEN 49","team":"KC"}},"4":{"posteam":"DEN","qtr":2,"redzone":true,"plays":{"640":{"sp":0,"qtr":1,"down":1,"time":"03:56","yrdln":"DEN 9","ydstogo":10,"ydsnet":3,"posteam":"DEN","desc":"(3:56) (Shotgun) K.Moreno up the middle to DEN 12 for 3 yards (G.Dorsey).","note":null,"players":{"00-0026988":[{"sequence":1,"clubcode":"DEN","playerName":"K.Moreno","statId":10,"yards":3}],"00-0026145":[{"sequence":2,"clubcode":"KC","playerName":"G.Dorsey","statId":79,"yards":0}]}},"661":{"sp":0,"qtr":1,"down":2,"time":"03:23","yrdln":"DEN 12","ydstogo":7,"ydsnet":5,"posteam":"DEN","desc":"(3:23) L.Ball left guard to DEN 14 for 2 yards (D.Johnson).","note":null,"players":{"00-0023449":[{"sequence":1,"clubcode":"KC","playerName":"D.Johnson","statId":79,"yards":0}],"00-0026432":[{"sequence":2,"clubcode":"DEN","playerName":"L.Ball","statId":10,"yards":2}]}},"682":{"sp":0,"qtr":1,"down":3,"time":"02:42","yrdln":"DEN 14","ydstogo":5,"ydsnet":46,"posteam":"DEN","desc":"(2:42) (Shotgun) K.Moreno right end to DEN 36 for 22 yards (D.Johnson). DEN-K.Moreno was injured during the play. His return is Doubtful.  Injury was to right knee.","note":null,"players":{"00-0023449":[{"sequence":1,"clubcode":"KC","playerName":"D.Johnson","statId":79,"yards":0}],"00-0026988":[{"sequence":4,"clubcode":"DEN","playerName":"K.Moreno","statId":10,"yards":22}],"0":[{"sequence":2,"clubcode":"DEN","playerName":null,"statId":3,"yards":0},{"sequence":3,"clubcode":"DEN","playerName":null,"statId":6,"yards":0}]}},"706":{"sp":0,"qtr":1,"down":1,"time":"02:05","yrdln":"DEN 36","ydstogo":10,"ydsnet":32,"posteam":"DEN","desc":"(2:05) S.Larsen up the middle to DEN 41 for 5 yards (J.Belcher).","note":null,"players":{"00-0026869":[{"sequence":1,"clubcode":"KC","playerName":"J.Belcher","statId":79,"yards":0}],"00-0026323":[{"sequence":2,"clubcode":"DEN","playerName":"S.Larsen","statId":10,"yards":5}]}},"727":{"sp":0,"qtr":1,"down":2,"time":"01:28","yrdln":"DEN 41","ydstogo":5,"ydsnet":43,"posteam":"DEN","desc":"(1:28) (Shotgun) E.Royal left end to KC 48 for 11 yards (R.Langford). T.Tebow pitched to E.Royal.","note":null,"players":{"00-0026182":[{"sequence":2,"clubcode":"DEN","playerName":"E.Royal","statId":10,"yards":11}],"00-0026571":[{"sequence":3,"clubcode":"KC","playerName":"R.Langford","statId":79,"yards":0}],"0":[{"sequence":1,"clubcode":"DEN","playerName":null,"statId":3,"yards":0}]}},"748":{"sp":0,"qtr":1,"down":1,"time":"00:42","yrdln":"KC 48","ydstogo":10,"ydsnet":46,"posteam":"DEN","desc":"(:42) L.Ball right guard to KC 45 for 3 yards (D.Johnson).","note":null,"players":{"00-0023449":[{"sequence":1,"clubcode":"KC","playerName":"D.Johnson","statId":79,"yards":0}],"00-0026432":[{"sequence":2,"clubcode":"DEN","playerName":"L.Ball","statId":10,"yards":3}]}},"789":{"sp":0,"qtr":2,"down":2,"time":"15:00","yrdln":"KC 45","ydstogo":7,"ydsnet":44,"posteam":"DEN","desc":"(15:00) T.Tebow pass incomplete deep middle to E.Decker (B.Carr). KC-B.Carr was injured during the play. His return is Questionable.  Injury was leg bruise.","note":null,"players":{"00-0026280":[{"sequence":3,"clubcode":"KC","playerName":"B.Carr","statId":85,"yards":0}],"00-0027876":[{"sequence":1,"clubcode":"DEN","playerName":"T.Tebow","statId":112,"yards":38},{"sequence":2,"clubcode":"DEN","playerName":"T.Tebow","statId":14,"yards":0}],"00-0027690":[{"sequence":4,"clubcode":"DEN","playerName":"E.Decker","statId":115,"yards":0}]}},"814":{"sp":0,"qtr":2,"down":3,"time":"14:54","yrdln":"KC 45","ydstogo":7,"ydsnet":44,"posteam":"DEN","desc":"(14:54) (Shotgun) T.Tebow left end to KC 47 for -2 yards (T.Hali).","note":null,"players":{"00-0024235":[{"sequence":1,"clubcode":"KC","playerName":"T.Hali","statId":120,"yards":0},{"sequence":3,"clubcode":"KC","playerName":"T.Hali","statId":79,"yards":0}],"00-0027876":[{"sequence":4,"clubcode":"DEN","playerName":"T.Tebow","statId":10,"yards":-2}],"0":[{"sequence":2,"clubcode":"DEN","playerName":null,"statId":95,"yards":-2},{"sequence":5,"clubcode":"DEN","playerName":null,"statId":7,"yards":0}]}},"839":{"sp":0,"qtr":2,"down":4,"time":"14:24","yrdln":"KC 47","ydstogo":9,"ydsnet":44,"posteam":"DEN","desc":"(14:24) B.Colquitt punts 40 yards to KC 7, Center-L.Paxton, downed by DEN-L.Paxton.","note":"PUNT","players":{"0":[{"sequence":3,"clubcode":"KC","playerName":null,"statId":38,"yards":0}],"00-0026516":[{"sequence":1,"clubcode":"DEN","playerName":"B.Colquitt","statId":30,"yards":0},{"sequence":2,"clubcode":"DEN","playerName":"B.Colquitt","statId":29,"yards":40}]}}},"fds":2,"result":"Punt","penyds":0,"ydsgained":44,"numplays":9,"postime":"4:44","start":{"qtr":1,"time":"03:56","yrdln":"DEN 9","team":"DEN"},"end":{"qtr":1,"time":"14:12","yrdln":"KC 47","team":"DEN"}},"5":{"posteam":"KC","qtr":2,"redzone":true,"plays":{"862":{"sp":0,"qtr":2,"down":1,"time":"14:12","yrdln":"KC 7","ydstogo":10,"ydsnet":3,"posteam":"KC","desc":"(14:12) J.Battle left guard to KC 10 for 3 yards (J.Mays).","note":null,"players":{"00-0026340":[{"sequence":2,"clubcode":"DEN","playerName":"J.Mays","statId":79,"yards":0}],"00-0025701":[{"sequence":1,"clubcode":"KC","playerName":"J.Battle","statId":10,"yards":3}]}},"883":{"sp":0,"qtr":2,"down":2,"time":"13:41","yrdln":"KC 10","ydstogo":7,"ydsnet":-1,"posteam":"KC","desc":"(13:41) M.Cassel sacked at KC 3 for -7 yards (D.Williams). FUMBLES (D.Williams), recovered by KC-C.Wiegmann at KC 3. C.Wiegmann to KC 3 for no gain (M.Thomas).","note":"FUMBLE","players":{"00-0023662":[{"sequence":3,"clubcode":"KC","playerName":"M.Cassel","statId":20,"yards":-7},{"sequence":4,"clubcode":"KC","playerName":"M.Cassel","statId":52,"yards":0}],"00-0025508":[{"sequence":1,"clubcode":"DEN","playerName":"M.Thomas","statId":120,"yards":0},{"sequence":5,"clubcode":"DEN","playerName":"M.Thomas","statId":79,"yards":0}],"00-0017638":[{"sequence":6,"clubcode":"KC","playerName":"C.Wiegmann","statId":55,"yards":0}],"00-0022780":[{"sequence":2,"clubcode":"DEN","playerName":"D.Williams","statId":91,"yards":0},{"sequence":7,"clubcode":"DEN","playerName":"D.Williams","statId":79,"yards":0},{"sequence":8,"clubcode":"DEN","playerName":"D.Williams","statId":83,"yards":-7}]}},"912":{"sp":0,"qtr":2,"down":3,"time":"13:06","yrdln":"KC 3","ydstogo":14,"ydsnet":-1,"posteam":"KC","desc":"(13:06) D.McCluster up the middle to KC 6 for 3 yards (J.Mays).","note":null,"players":{"00-0027651":[{"sequence":1,"clubcode":"KC","playerName":"D.McCluster","statId":10,"yards":3}],"0":[{"sequence":3,"clubcode":"KC","playerName":null,"statId":7,"yards":0}],"00-0026340":[{"sequence":2,"clubcode":"DEN","playerName":"J.Mays","statId":79,"yards":0}]}},"933":{"sp":0,"qtr":2,"down":4,"time":"12:31","yrdln":"KC 6","ydstogo":11,"ydsnet":-1,"posteam":"KC","desc":"(12:31) D.Colquitt punts 55 yards to DEN 39, Center-T.Gafford. Q.Cosby to DEN 46 for 7 yards (T.Gafford).","note":"PUNT","players":{"00-0023534":[{"sequence":2,"clubcode":"KC","playerName":"D.Colquitt","statId":29,"yards":55}],"00-0026716":[{"sequence":3,"clubcode":"DEN","playerName":"Q.Cosby","statId":33,"yards":7}],"00-0023740":[{"sequence":1,"clubcode":"KC","playerName":"T.Gafford","statId":79,"yards":0}]}}},"fds":0,"result":"Punt","penyds":0,"ydsgained":-1,"numplays":4,"postime":"1:54","start":{"qtr":2,"time":"14:12","yrdln":"KC 7","team":"KC"},"end":{"qtr":2,"time":"12:18","yrdln":"KC 6","team":"KC"}},"6":{"posteam":"DEN","qtr":2,"redzone":true,"plays":{"958":{"sp":0,"qtr":2,"down":1,"time":"12:18","yrdln":"DEN 46","ydstogo":10,"ydsnet":8,"posteam":"DEN","desc":"(12:18) L.Ball left guard to KC 46 for 8 yards (J.Belcher).","note":null,"players":{"00-0026869":[{"sequence":2,"clubcode":"KC","playerName":"J.Belcher","statId":79,"yards":0}],"00-0026432":[{"sequence":1,"clubcode":"DEN","playerName":"L.Ball","statId":10,"yards":8}]}},"979":{"sp":0,"qtr":2,"down":2,"time":"11:46","yrdln":"KC 46","ydstogo":2,"ydsnet":14,"posteam":"DEN","desc":"(11:46) L.Ball left guard to KC 40 for 6 yards (G.Dorsey).","note":null,"players":{"0":[{"sequence":1,"clubcode":"DEN","playerName":null,"statId":3,"yards":0}],"00-0026145":[{"sequence":2,"clubcode":"KC","playerName":"G.Dorsey","statId":79,"yards":0}],"00-0026432":[{"sequence":3,"clubcode":"DEN","playerName":"L.Ball","statId":10,"yards":6}]}},"1000":{"sp":0,"qtr":2,"down":0,"time":"10:59","yrdln":"","ydstogo":0,"ydsnet":14,"posteam":"","desc":"Timeout #1 by DEN at 10:59.","note":"TIMEOUT","players":{"0":[{"sequence":1,"clubcode":"DEN","playerName":null,"statId":68,"yards":0}]}},"1017":{"sp":0,"qtr":2,"down":1,"time":"10:59","yrdln":"KC 40","ydstogo":10,"ydsnet":20,"posteam":"DEN","desc":"(10:59) (Shotgun) E.Royal right end to KC 34 for 6 yards (B.Flowers).","note":null,"players":{"00-0026182":[{"sequence":2,"clubcode":"DEN","playerName":"E.Royal","statId":10,"yards":6}],"00-0026175":[{"sequence":1,"clubcode":"KC","playerName":"B.Flowers","statId":79,"yards":0}]}},"1042":{"sp":0,"qtr":2,"down":2,"time":"10:23","yrdln":"KC 34","ydstogo":4,"ydsnet":29,"posteam":"DEN","desc":"(10:23) L.Ball up the middle to KC 25 for 9 yards (T.Hali; R.Langford).","note":null,"players":{"00-0024235":[{"sequence":4,"clubcode":"KC","playerName":"T.Hali","statId":82,"yards":0}],"00-0026571":[{"sequence":3,"clubcode":"KC","playerName":"R.Langford","statId":82,"yards":0}],"0":[{"sequence":2,"clubcode":"DEN","playerName":null,"statId":3,"yards":0}],"00-0026432":[{"sequence":1,"clubcode":"DEN","playerName":"L.Ball","statId":10,"yards":9}]}},"1063":{"sp":0,"qtr":2,"down":1,"time":"09:46","yrdln":"KC 25","ydstogo":10,"ydsnet":32,"posteam":"DEN","desc":"(9:46) (Shotgun) L.Ball left guard to KC 22 for 3 yards (K.Gregg).","note":null,"players":{"00-0006398":[{"sequence":1,"clubcode":"KC","playerName":"K.Gregg","statId":79,"yards":0}],"00-0026432":[{"sequence":2,"clubcode":"DEN","playerName":"L.Ball","statId":10,"yards":3}]}},"1084":{"sp":0,"qtr":2,"down":2,"time":"09:13","yrdln":"KC 22","ydstogo":7,"ydsnet":33,"posteam":"DEN","desc":"(9:13) S.Larsen up the middle to KC 21 for 1 yard (T.Hali).","note":null,"players":{"00-0024235":[{"sequence":1,"clubcode":"KC","playerName":"T.Hali","statId":79,"yards":0}],"00-0026323":[{"sequence":2,"clubcode":"DEN","playerName":"S.Larsen","statId":10,"yards":1}]}},"1105":{"sp":0,"qtr":2,"down":3,"time":"08:34","yrdln":"KC 21","ydstogo":6,"ydsnet":34,"posteam":"DEN","desc":"(8:34) L.Ball left tackle to KC 20 for 1 yard (D.Johnson).","note":null,"players":{"00-0023449":[{"sequence":3,"clubcode":"KC","playerName":"D.Johnson","statId":79,"yards":0}],"0":[{"sequence":1,"clubcode":"DEN","playerName":null,"statId":7,"yards":0}],"00-0026432":[{"sequence":2,"clubcode":"DEN","playerName":"L.Ball","statId":10,"yards":1}]}},"1126":{"sp":1,"qtr":2,"down":4,"time":"07:51","yrdln":"KC 20","ydstogo":5,"ydsnet":34,"posteam":"DEN","desc":"(7:51) M.Prater 38 yard field goal is GOOD, Center-L.Paxton, Holder-B.Colquitt.","note":"FG","players":{"00-0023853":[{"sequence":1,"clubcode":"DEN","playerName":"M.Prater","statId":70,"yards":38}]}}},"fds":2,"result":"Field Goal","penyds":0,"ydsgained":34,"numplays":9,"postime":"4:32","start":{"qtr":2,"time":"12:18","yrdln":"DEN 46","team":"DEN"},"end":{"qtr":2,"time":"07:46","yrdln":"KC 20","team":"DEN"}},"7":{"posteam":"KC","qtr":2,"redzone":true,"plays":{"1145":{"sp":0,"qtr":2,"down":0,"time":"07:46","yrdln":"DEN 35","ydstogo":0,"ydsnet":0,"posteam":"DEN","desc":"M.Prater kicks 66 yards from DEN 35 to KC -1. J.Arenas to KC 27 for 28 yards (N.Irving).","note":"KICKOFF","players":{"00-0027660":[{"sequence":1,"clubcode":"KC","playerName":"J.Arenas","statId":45,"yards":28}],"00-0028005":[{"sequence":3,"clubcode":"DEN","playerName":"N.Irving","statId":79,"yards":0}],"00-0023853":[{"sequence":2,"clubcode":"DEN","playerName":"M.Prater","statId":43,"yards":66}]}},"1167":{"sp":0,"qtr":2,"down":1,"time":"07:40","yrdln":"KC 27","ydstogo":10,"ydsnet":6,"posteam":"KC","desc":"(7:40) M.Cassel pass short middle to L.Pope to KC 33 for 6 yards (J.Mays).","note":null,"players":{"00-0023662":[{"sequence":2,"clubcode":"KC","playerName":"M.Cassel","statId":15,"yards":6},{"sequence":5,"clubcode":"KC","playerName":"M.Cassel","statId":111,"yards":6}],"00-0024287":[{"sequence":3,"clubcode":"KC","playerName":"L.Pope","statId":115,"yards":0},{"sequence":4,"clubcode":"KC","playerName":"L.Pope","statId":21,"yards":6},{"sequence":6,"clubcode":"KC","playerName":"L.Pope","statId":113,"yards":0}],"00-0026340":[{"sequence":1,"clubcode":"DEN","playerName":"J.Mays","statId":79,"yards":0}]}},"1191":{"sp":0,"qtr":2,"down":2,"time":"07:06","yrdln":"KC 33","ydstogo":4,"ydsnet":11,"posteam":"KC","desc":"(7:06) J.Battle up the middle to KC 38 for 5 yards (J.Mays).","note":null,"players":{"0":[{"sequence":3,"clubcode":"KC","playerName":null,"statId":3,"yards":0}],"00-0026340":[{"sequence":2,"clubcode":"DEN","playerName":"J.Mays","statId":79,"yards":0}],"00-0025701":[{"sequence":1,"clubcode":"KC","playerName":"J.Battle","statId":10,"yards":5}]}},"1212":{"sp":0,"qtr":2,"down":1,"time":"06:25","yrdln":"KC 38","ydstogo":10,"ydsnet":12,"posteam":"KC","desc":"(6:25) J.Battle left guard to KC 39 for 1 yard (R.Ayers).","note":null,"players":{"00-0026994":[{"sequence":1,"clubcode":"DEN","playerName":"R.Ayers","statId":79,"yards":0}],"00-0025701":[{"sequence":2,"clubcode":"KC","playerName":"J.Battle","statId":10,"yards":1}]}},"1233":{"sp":0,"qtr":2,"down":2,"time":"05:47","yrdln":"KC 39","ydstogo":9,"ydsnet":12,"posteam":"KC","desc":"(5:47) (Shotgun) M.Cassel pass incomplete short middle to J.Baldwin.","note":null,"players":{"00-0023662":[{"sequence":2,"clubcode":"KC","playerName":"M.Cassel","statId":112,"yards":11},{"sequence":3,"clubcode":"KC","playerName":"M.Cassel","statId":14,"yards":0}],"00-0027964":[{"sequence":1,"clubcode":"KC","playerName":"J.Baldwin","statId":115,"yards":0}]}},"1255":{"sp":0,"qtr":2,"down":3,"time":"05:42","yrdln":"KC 39","ydstogo":9,"ydsnet":17,"posteam":"KC","desc":"(5:42) M.Cassel pass short right to S.Breaston to KC 44 for 5 yards (C.Harris).","note":null,"players":{"00-0023662":[{"sequence":4,"clubcode":"KC","playerName":"M.Cassel","statId":111,"yards":1},{"sequence":7,"clubcode":"KC","playerName":"M.Cassel","statId":15,"yards":5}],"00-0025529":[{"sequence":1,"clubcode":"KC","playerName":"S.Breaston","statId":113,"yards":4},{"sequence":3,"clubcode":"KC","playerName":"S.Breaston","statId":115,"yards":0},{"sequence":5,"clubcode":"KC","playerName":"S.Breaston","statId":21,"yards":5}],"0":[{"sequence":6,"clubcode":"KC","playerName":null,"statId":7,"yards":0}],"00-0028224":[{"sequence":2,"clubcode":"DEN","playerName":"C.Harris","statId":79,"yards":0}]}},"1283":{"sp":0,"qtr":2,"down":4,"time":"05:23","yrdln":"KC 44","ydstogo":4,"ydsnet":17,"posteam":"KC","desc":"(5:23) D.Colquitt punts 48 yards to DEN 8, Center-T.Gafford. Q.Cosby to DEN 17 for 9 yards (J.Houston).","note":"PUNT","players":{"00-0023534":[{"sequence":1,"clubcode":"KC","playerName":"D.Colquitt","statId":29,"yards":48},{"sequence":3,"clubcode":"KC","playerName":"D.Colquitt","statId":30,"yards":0}],"00-0026716":[{"sequence":2,"clubcode":"DEN","playerName":"Q.Cosby","statId":33,"yards":9}],"00-0028008":[{"sequence":4,"clubcode":"KC","playerName":"J.Houston","statId":79,"yards":0}]}}},"fds":1,"result":"Punt","penyds":0,"ydsgained":17,"numplays":7,"postime":"2:35","start":{"qtr":2,"time":"07:46","yrdln":"KC 27","team":"KC"},"end":{"qtr":2,"time":"05:11","yrdln":"KC 44","team":"KC"}},"8":{"posteam":"DEN","qtr":2,"redzone":true,"plays":{"1308":{"sp":0,"qtr":2,"down":1,"time":"05:11","yrdln":"DEN 17","ydstogo":10,"ydsnet":1,"posteam":"DEN","desc":"(5:11) L.Ball right end to DEN 18 for 1 yard (J.Houston).","note":null,"players":{"00-0026432":[{"sequence":1,"clubcode":"DEN","playerName":"L.Ball","statId":10,"yards":1}],"00-0028008":[{"sequence":2,"clubcode":"KC","playerName":"J.Houston","statId":79,"yards":0}]}},"1329":{"sp":0,"qtr":2,"down":2,"time":"04:38","yrdln":"DEN 18","ydstogo":9,"ydsnet":3,"posteam":"DEN","desc":"(4:38) L.Ball left guard to DEN 20 for 2 yards (J.Belcher).","note":null,"players":{"00-0026869":[{"sequence":2,"clubcode":"KC","playerName":"J.Belcher","statId":79,"yards":0}],"00-0026432":[{"sequence":1,"clubcode":"DEN","playerName":"L.Ball","statId":10,"yards":2}]}},"1350":{"sp":0,"qtr":2,"down":3,"time":"04:00","yrdln":"DEN 20","ydstogo":7,"ydsnet":8,"posteam":"DEN","desc":"(4:00) L.Ball right end pushed ob at DEN 25 for 5 yards (J.Houston). Penalty on DEN-D.Fells, Illegal Block Above the Waist, declined.","note":null,"players":{"0":[{"sequence":3,"clubcode":"DEN","playerName":null,"statId":7,"yards":0}],"00-0026432":[{"sequence":1,"clubcode":"DEN","playerName":"L.Ball","statId":10,"yards":5}],"00-0028008":[{"sequence":2,"clubcode":"KC","playerName":"J.Houston","statId":79,"yards":0}]}},"1387":{"sp":0,"qtr":2,"down":4,"time":"03:33","yrdln":"DEN 25","ydstogo":2,"ydsnet":8,"posteam":"DEN","desc":"(3:33) B.Colquitt punts 51 yards to KC 24, Center-L.Paxton. J.Arenas to KC 29 for 5 yards (D.Rosario).","note":"PUNT","players":{"00-0027660":[{"sequence":3,"clubcode":"KC","playerName":"J.Arenas","statId":33,"yards":5}],"00-0025542":[{"sequence":1,"clubcode":"DEN","playerName":"D.Rosario","statId":79,"yards":0}],"00-0026516":[{"sequence":2,"clubcode":"DEN","playerName":"B.Colquitt","statId":29,"yards":51}]}}},"fds":0,"result":"Punt","penyds":0,"ydsgained":8,"numplays":4,"postime":"1:48","start":{"qtr":2,"time":"05:11","yrdln":"DEN 17","team":"DEN"},"end":{"qtr":2,"time":"03:23","yrdln":"DEN 25","team":"DEN"}},"9":{"posteam":"KC","qtr":2,"redzone":true,"plays":{"1447":{"sp":0,"qtr":2,"down":1,"time":"02:59","yrdln":"KC 29","ydstogo":10,"ydsnet":4,"posteam":"KC","desc":"(2:59) T.Jones left tackle to KC 33 for 4 yards (D.Williams).","note":null,"players":{"00-0019641":[{"sequence":1,"clubcode":"KC","playerName":"T.Jones","statId":10,"yards":4}],"00-0022780":[{"sequence":2,"clubcode":"DEN","playerName":"D.Williams","statId":79,"yards":0}]}},"1468":{"sp":0,"qtr":2,"down":2,"time":"02:22","yrdln":"KC 33","ydstogo":6,"ydsnet":4,"posteam":"KC","desc":"(2:22) M.Cassel pass incomplete short right to D.Bowe.","note":null,"players":{"00-0023662":[{"sequence":1,"clubcode":"KC","playerName":"M.Cassel","statId":112,"yards":5},{"sequence":3,"clubcode":"KC","playerName":"M.Cassel","statId":14,"yards":0}],"00-0025410":[{"sequence":2,"clubcode":"KC","playerName":"D.Bowe","statId":115,"yards":0}]}},"1490":{"sp":0,"qtr":2,"down":3,"time":"02:18","yrdln":"KC 33","ydstogo":6,"ydsnet":14,"posteam":"KC","desc":"(2:18) (Shotgun) M.Cassel pass incomplete short right to L.Pope. PENALTY on DEN-D.Williams, Defensive Pass Interference, 10 yards, enforced at KC 33 - No Play.","note":"PENALTY","players":{"0":[{"sequence":1,"clubcode":"KC","playerName":null,"statId":5,"yards":0}],"00-0022780":[{"sequence":2,"clubcode":"DEN","playerName":"D.Williams","statId":93,"yards":10}]}},"1523":{"sp":0,"qtr":2,"down":1,"time":"02:13","yrdln":"KC 43","ydstogo":10,"ydsnet":16,"posteam":"KC","desc":"(2:13) (Shotgun) D.McCluster left guard to KC 45 for 2 yards (D.Williams).","note":null,"players":{"00-0027651":[{"sequence":1,"clubcode":"KC","playerName":"D.McCluster","statId":10,"yards":2}],"00-0022780":[{"sequence":2,"clubcode":"DEN","playerName":"D.Williams","statId":79,"yards":0}]}},"1561":{"sp":0,"qtr":2,"down":2,"time":"02:00","yrdln":"KC 45","ydstogo":8,"ydsnet":16,"posteam":"KC","desc":"(2:00) (Shotgun) M.Cassel pass incomplete short right to D.Bowe.","note":null,"players":{"00-0023662":[{"sequence":1,"clubcode":"KC","playerName":"M.Cassel","statId":14,"yards":0},{"sequence":3,"clubcode":"KC","playerName":"M.Cassel","statId":112,"yards":7}],"00-0025410":[{"sequence":2,"clubcode":"KC","playerName":"D.Bowe","statId":115,"yards":0}]}},"1590":{"sp":0,"qtr":2,"down":3,"time":"01:55","yrdln":"KC 45","ydstogo":8,"ydsnet":16,"posteam":"KC","desc":"(1:55) (Shotgun) M.Cassel sacked at KC 45 for 0 yards (R.McBean).","note":null,"players":{"00-0023662":[{"sequence":1,"clubcode":"KC","playerName":"M.Cassel","statId":20,"yards":0}],"0":[{"sequence":4,"clubcode":"KC","playerName":null,"statId":7,"yards":0}],"00-0025519":[{"sequence":2,"clubcode":"DEN","playerName":"R.McBean","statId":83,"yards":0},{"sequence":3,"clubcode":"DEN","playerName":"R.McBean","statId":79,"yards":0},{"sequence":5,"clubcode":"DEN","playerName":"R.McBean","statId":110,"yards":0}]}},"1609":{"sp":0,"qtr":2,"down":0,"time":"01:44","yrdln":"","ydstogo":0,"ydsnet":16,"posteam":"","desc":"Timeout #2 by DEN at 01:44.","note":"TIMEOUT","players":{"0":[{"sequence":1,"clubcode":"DEN","playerName":null,"statId":68,"yards":0}]}},"1634":{"sp":0,"qtr":2,"down":4,"time":"01:44","yrdln":"KC 45","ydstogo":8,"ydsnet":16,"posteam":"KC","desc":"(1:44) D.Colquitt punts 38 yards to DEN 17, Center-T.Gafford, fair catch by Q.Cosby.","note":"PUNT","players":{"00-0023534":[{"sequence":2,"clubcode":"KC","playerName":"D.Colquitt","statId":29,"yards":38},{"sequence":3,"clubcode":"KC","playerName":"D.Colquitt","statId":30,"yards":0}],"00-0026716":[{"sequence":1,"clubcode":"DEN","playerName":"Q.Cosby","statId":39,"yards":0}]}}},"fds":1,"result":"Punt","penyds":10,"ydsgained":6,"numplays":8,"postime":"1:46","start":{"qtr":2,"time":"03:23","yrdln":"KC 29","team":"KC"},"end":{"qtr":2,"time":"01:37","yrdln":"KC 45","team":"KC"}},"10":{"posteam":"DEN","qtr":2,"redzone":true,"plays":{"1657":{"sp":0,"qtr":2,"down":1,"time":"01:37","yrdln":"DEN 17","ydstogo":10,"ydsnet":19,"posteam":"DEN","desc":"(1:37) (Shotgun) T.Tebow right end pushed ob at DEN 36 for 19 yards (B.Flowers).","note":null,"players":{"00-0026175":[{"sequence":3,"clubcode":"KC","playerName":"B.Flowers","statId":79,"yards":0}],"00-0027876":[{"sequence":2,"clubcode":"DEN","playerName":"T.Tebow","statId":10,"yards":19}],"0":[{"sequence":1,"clubcode":"DEN","playerName":null,"statId":3,"yards":0}]}},"1678":{"sp":0,"qtr":2,"down":1,"time":"01:31","yrdln":"DEN 36","ydstogo":10,"ydsnet":19,"posteam":"DEN","desc":"(1:31) T.Tebow pass incomplete deep right to E.Royal.","note":null,"players":{"00-0026182":[{"sequence":3,"clubcode":"DEN","playerName":"E.Royal","statId":115,"yards":0}],"00-0027876":[{"sequence":1,"clubcode":"DEN","playerName":"T.Tebow","statId":14,"yards":0},{"sequence":2,"clubcode":"DEN","playerName":"T.Tebow","statId":112,"yards":42}]}},"1700":{"sp":0,"qtr":2,"down":2,"time":"01:24","yrdln":"DEN 36","ydstogo":10,"ydsnet":37,"posteam":"DEN","desc":"(1:24) L.Ball up the middle to DEN 39 for 3 yards (T.Jackson; J.McGraw). PENALTY on KC-J.Belcher, Unnecessary Roughness, 15 yards, enforced at DEN 39.","note":"PENALTY","players":{"00-0026869":[{"sequence":5,"clubcode":"KC","playerName":"J.Belcher","statId":93,"yards":15}],"0":[{"sequence":2,"clubcode":"DEN","playerName":null,"statId":5,"yards":0}],"00-0026980":[{"sequence":3,"clubcode":"KC","playerName":"T.Jackson","statId":82,"yards":0}],"00-0026432":[{"sequence":1,"clubcode":"DEN","playerName":"L.Ball","statId":10,"yards":3}],"00-0021187":[{"sequence":4,"clubcode":"KC","playerName":"J.McGraw","statId":82,"yards":0}]}},"1732":{"sp":0,"qtr":2,"down":1,"time":"01:17","yrdln":"KC 46","ydstogo":10,"ydsnet":37,"posteam":"DEN","desc":"(1:17) T.Tebow pass incomplete deep left to E.Decker (K.Lewis).","note":null,"players":{"00-0027736":[{"sequence":4,"clubcode":"KC","playerName":"K.Lewis","statId":85,"yards":0}],"00-0027876":[{"sequence":1,"clubcode":"DEN","playerName":"T.Tebow","statId":112,"yards":42},{"sequence":2,"clubcode":"DEN","playerName":"T.Tebow","statId":14,"yards":0}],"00-0027690":[{"sequence":3,"clubcode":"DEN","playerName":"E.Decker","statId":115,"yards":0}]}},"1754":{"sp":0,"qtr":2,"down":2,"time":"01:09","yrdln":"KC 46","ydstogo":10,"ydsnet":41,"posteam":"DEN","desc":"(1:09) (Shotgun) L.Ball up the middle to KC 42 for 4 yards (J.Belcher).","note":null,"players":{"00-0026869":[{"sequence":2,"clubcode":"KC","playerName":"J.Belcher","statId":79,"yards":0}],"00-0026432":[{"sequence":1,"clubcode":"DEN","playerName":"L.Ball","statId":10,"yards":4}]}},"1775":{"sp":0,"qtr":2,"down":3,"time":"00:32","yrdln":"KC 42","ydstogo":6,"ydsnet":41,"posteam":"DEN","desc":"(:32) (Shotgun) T.Tebow pass incomplete short middle to E.Royal.","note":null,"players":{"00-0026182":[{"sequence":3,"clubcode":"DEN","playerName":"E.Royal","statId":115,"yards":0}],"00-0027876":[{"sequence":2,"clubcode":"DEN","playerName":"T.Tebow","statId":14,"yards":0},{"sequence":4,"clubcode":"DEN","playerName":"T.Tebow","statId":112,"yards":-1}],"0":[{"sequence":1,"clubcode":"DEN","playerName":null,"statId":7,"yards":0}]}},"1797":{"sp":0,"qtr":2,"down":4,"time":"00:27","yrdln":"KC 42","ydstogo":6,"ydsnet":41,"posteam":"DEN","desc":"(:27) B.Colquitt punts 35 yards to KC 7, Center-L.Paxton, downed by DEN-D.Bruton.","note":"PUNT","players":{"0":[{"sequence":1,"clubcode":"KC","playerName":null,"statId":38,"yards":0}],"00-0026516":[{"sequence":2,"clubcode":"DEN","playerName":"B.Colquitt","statId":30,"yards":0},{"sequence":3,"clubcode":"DEN","playerName":"B.Colquitt","statId":29,"yards":35}]}}},"fds":2,"result":"Punt","penyds":15,"ydsgained":26,"numplays":7,"postime":"1:21","start":{"qtr":2,"time":"01:37","yrdln":"DEN 17","team":"DEN"},"end":{"qtr":2,"time":"00:16","yrdln":"KC 42","team":"DEN"}},"11":{"posteam":"KC","qtr":2,"redzone":true,"plays":{"1820":{"sp":0,"qtr":2,"down":1,"time":"00:16","yrdln":"KC 7","ydstogo":10,"ydsnet":3,"posteam":"KC","desc":"(:16) J.Battle left guard to KC 10 for 3 yards (J.Mays).","note":null,"players":{"00-0026340":[{"sequence":2,"clubcode":"DEN","playerName":"J.Mays","statId":79,"yards":0}],"00-0025701":[{"sequence":1,"clubcode":"KC","playerName":"J.Battle","statId":10,"yards":3}]}}},"fds":0,"result":"End of Half","penyds":0,"ydsgained":3,"numplays":1,"postime":"0:16","start":{"qtr":2,"time":"00:16","yrdln":"KC 7","team":"KC"},"end":{"qtr":2,"time":"00:00","yrdln":"KC 7","team":"KC"}},"12":{"posteam":"DEN","qtr":3,"redzone":true,"plays":{"1857":{"sp":0,"qtr":3,"down":0,"time":"15:00","yrdln":"KC 35","ydstogo":0,"ydsnet":0,"posteam":"KC","desc":"R.Succop kicks 65 yards from KC 35 to end zone, Touchback.","note":"KICKOFF","players":{"0":[{"sequence":2,"clubcode":"DEN","playerName":null,"statId":51,"yards":0}],"00-0026968":[{"sequence":1,"clubcode":"KC","playerName":"R.Succop","statId":44,"yards":65}]}},"1875":{"sp":0,"qtr":3,"down":1,"time":"15:00","yrdln":"DEN 20","ydstogo":10,"ydsnet":5,"posteam":"DEN","desc":"(15:00) L.Ball up the middle to DEN 25 for 5 yards (T.Jackson).","note":null,"players":{"00-0026432":[{"sequence":2,"clubcode":"DEN","playerName":"L.Ball","statId":10,"yards":5}],"00-0026980":[{"sequence":1,"clubcode":"KC","playerName":"T.Jackson","statId":79,"yards":0}]}},"1896":{"sp":0,"qtr":3,"down":2,"time":"14:29","yrdln":"DEN 25","ydstogo":5,"ydsnet":9,"posteam":"DEN","desc":"(14:29) L.Ball left tackle to DEN 29 for 4 yards (B.Carr).","note":null,"players":{"00-0026280":[{"sequence":1,"clubcode":"KC","playerName":"B.Carr","statId":79,"yards":0}],"00-0026432":[{"sequence":2,"clubcode":"DEN","playerName":"L.Ball","statId":10,"yards":4}]}},"1917":{"sp":0,"qtr":3,"down":3,"time":"13:51","yrdln":"DEN 29","ydstogo":1,"ydsnet":11,"posteam":"DEN","desc":"(13:51) (Shotgun) S.Larsen up the middle to DEN 31 for 2 yards (J.Houston).","note":null,"players":{"00-0026323":[{"sequence":2,"clubcode":"DEN","playerName":"S.Larsen","statId":10,"yards":2}],"0":[{"sequence":3,"clubcode":"DEN","playerName":null,"statId":3,"yards":0},{"sequence":4,"clubcode":"DEN","playerName":null,"statId":6,"yards":0}],"00-0028008":[{"sequence":1,"clubcode":"KC","playerName":"J.Houston","statId":79,"yards":0}]}},"1938":{"sp":0,"qtr":3,"down":1,"time":"13:10","yrdln":"DEN 31","ydstogo":10,"ydsnet":12,"posteam":"DEN","desc":"(13:10) L.Ball up the middle to DEN 32 for 1 yard (G.Dorsey).","note":null,"players":{"00-0026145":[{"sequence":1,"clubcode":"KC","playerName":"G.Dorsey","statId":79,"yards":0}],"00-0026432":[{"sequence":2,"clubcode":"DEN","playerName":"L.Ball","statId":10,"yards":1}]}},"1959":{"sp":0,"qtr":3,"down":2,"time":"12:34","yrdln":"DEN 32","ydstogo":9,"ydsnet":12,"posteam":"DEN","desc":"(12:34) (Shotgun) T.Tebow pass incomplete short left to L.Ball (K.Lewis).","note":null,"players":{"00-0027736":[{"sequence":1,"clubcode":"KC","playerName":"K.Lewis","statId":85,"yards":0}],"00-0027876":[{"sequence":3,"clubcode":"DEN","playerName":"T.Tebow","statId":14,"yards":0},{"sequence":4,"clubcode":"DEN","playerName":"T.Tebow","statId":112,"yards":3}],"00-0026432":[{"sequence":2,"clubcode":"DEN","playerName":"L.Ball","statId":115,"yards":0}]}},"1981":{"sp":0,"qtr":3,"down":3,"time":"12:26","yrdln":"DEN 32","ydstogo":9,"ydsnet":13,"posteam":"DEN","desc":"(12:26) (Shotgun) T.Tebow up the middle to DEN 33 for 1 yard (D.Johnson).","note":null,"players":{"00-0023449":[{"sequence":2,"clubcode":"KC","playerName":"D.Johnson","statId":79,"yards":0}],"00-0027876":[{"sequence":1,"clubcode":"DEN","playerName":"T.Tebow","statId":10,"yards":1}],"0":[{"sequence":3,"clubcode":"DEN","playerName":null,"statId":7,"yards":0}]}},"2002":{"sp":0,"qtr":3,"down":4,"time":"11:51","yrdln":"DEN 33","ydstogo":8,"ydsnet":13,"posteam":"DEN","desc":"(11:51) B.Colquitt punts 48 yards to KC 19, Center-L.Paxton. J.Arenas to KC 30 for 11 yards (N.Irving). PENALTY on DEN-M.Willis, Illegal Motion, 5 yards, enforced at KC 30.","note":"PUNT","players":{"00-0027660":[{"sequence":2,"clubcode":"KC","playerName":"J.Arenas","statId":33,"yards":11}],"00-0028005":[{"sequence":3,"clubcode":"DEN","playerName":"N.Irving","statId":79,"yards":0}],"00-0024756":[{"sequence":4,"clubcode":"DEN","playerName":"M.Willis","statId":93,"yards":5}],"00-0026516":[{"sequence":1,"clubcode":"DEN","playerName":"B.Colquitt","statId":29,"yards":48}]}}},"fds":1,"result":"Punt","penyds":0,"ydsgained":13,"numplays":8,"postime":"3:21","start":{"qtr":3,"time":"15:00","yrdln":"DEN 20","team":"DEN"},"end":{"qtr":3,"time":"11:39","yrdln":"DEN 33","team":"DEN"}},"13":{"posteam":"KC","qtr":3,"redzone":true,"plays":{"2027":{"sp":0,"qtr":3,"down":1,"time":"11:39","yrdln":"KC 35","ydstogo":10,"ydsnet":34,"posteam":"KC","desc":"(11:39) J.Battle left tackle pushed ob at DEN 31 for 34 yards (V.Miller).","note":null,"players":{"00-0027940":[{"sequence":1,"clubcode":"DEN","playerName":"V.Miller","statId":79,"yards":0}],"0":[{"sequence":2,"clubcode":"KC","playerName":null,"statId":3,"yards":0}],"00-0025701":[{"sequence":3,"clubcode":"KC","playerName":"J.Battle","statId":10,"yards":34}]}},"2060":{"sp":0,"qtr":3,"down":1,"time":"11:16","yrdln":"DEN 31","ydstogo":10,"ydsnet":34,"posteam":"KC","desc":"(11:16) M.Cassel pass incomplete short right to D.Bowe [J.Mays].","note":null,"players":{"00-0023662":[{"sequence":3,"clubcode":"KC","playerName":"M.Cassel","statId":112,"yards":13},{"sequence":4,"clubcode":"KC","playerName":"M.Cassel","statId":14,"yards":0}],"00-0025410":[{"sequence":1,"clubcode":"KC","playerName":"D.Bowe","statId":115,"yards":0}],"00-0026340":[{"sequence":2,"clubcode":"DEN","playerName":"J.Mays","statId":110,"yards":0}]}},"2082":{"sp":0,"qtr":3,"down":2,"time":"11:11","yrdln":"DEN 31","ydstogo":10,"ydsnet":43,"posteam":"KC","desc":"(11:11) D.McCluster up the middle to DEN 21 for 10 yards (B.Bunkley). FUMBLES (B.Bunkley), RECOVERED by DEN-R.Ayers at DEN 11. R.Ayers to DEN 11 for no gain (R.Lilja). Kansas City challenged the fumble ruling, and the play was REVERSED. D.McCluster up the middle to DEN 21 for 10 yards (B.Bunkley).","note":null,"players":{"00-0027651":[{"sequence":1,"clubcode":"KC","playerName":"D.McCluster","statId":10,"yards":10}],"0":[{"sequence":3,"clubcode":"KC","playerName":null,"statId":3,"yards":0}],"00-0024229":[{"sequence":2,"clubcode":"DEN","playerName":"B.Bunkley","statId":79,"yards":0}]}},"2159":{"sp":0,"qtr":3,"down":1,"time":"10:40","yrdln":"DEN 21","ydstogo":10,"ydsnet":43,"posteam":"KC","desc":"(10:40) T.Jones up the middle to DEN 22 for -1 yards (V.Miller; M.Thomas).","note":null,"players":{"00-0019641":[{"sequence":3,"clubcode":"KC","playerName":"T.Jones","statId":10,"yards":-1}],"00-0025508":[{"sequence":2,"clubcode":"DEN","playerName":"M.Thomas","statId":82,"yards":0}],"00-0027940":[{"sequence":4,"clubcode":"DEN","playerName":"V.Miller","statId":82,"yards":0}],"0":[{"sequence":1,"clubcode":"KC","playerName":null,"statId":95,"yards":-1}]}},"2180":{"sp":0,"qtr":3,"down":2,"time":"09:59","yrdln":"DEN 22","ydstogo":11,"ydsnet":46,"posteam":"KC","desc":"(9:59) M.Cassel pass short right to S.Breaston to DEN 19 for 3 yards (Q.Carter).","note":null,"players":{"00-0023662":[{"sequence":4,"clubcode":"KC","playerName":"M.Cassel","statId":15,"yards":3},{"sequence":6,"clubcode":"KC","playerName":"M.Cassel","statId":111,"yards":3}],"00-0028046":[{"sequence":3,"clubcode":"DEN","playerName":"Q.Carter","statId":79,"yards":0}],"00-0025529":[{"sequence":1,"clubcode":"KC","playerName":"S.Breaston","statId":115,"yards":0},{"sequence":2,"clubcode":"KC","playerName":"S.Breaston","statId":113,"yards":0},{"sequence":5,"clubcode":"KC","playerName":"S.Breaston","statId":21,"yards":3}]}},"2204":{"sp":0,"qtr":3,"down":3,"time":"09:16","yrdln":"DEN 19","ydstogo":8,"ydsnet":60,"posteam":"KC","desc":"(9:16) (Shotgun) M.Cassel pass short left to D.McCluster pushed ob at DEN 5 for 14 yards (D.Williams; Q.Carter).","note":null,"players":{"00-0023662":[{"sequence":3,"clubcode":"KC","playerName":"M.Cassel","statId":15,"yards":14},{"sequence":9,"clubcode":"KC","playerName":"M.Cassel","statId":111,"yards":4}],"00-0028046":[{"sequence":4,"clubcode":"DEN","playerName":"Q.Carter","statId":82,"yards":0}],"00-0027651":[{"sequence":1,"clubcode":"KC","playerName":"D.McCluster","statId":115,"yards":0},{"sequence":2,"clubcode":"KC","playerName":"D.McCluster","statId":113,"yards":10},{"sequence":8,"clubcode":"KC","playerName":"D.McCluster","statId":21,"yards":14}],"0":[{"sequence":6,"clubcode":"KC","playerName":null,"statId":4,"yards":0},{"sequence":7,"clubcode":"KC","playerName":null,"statId":6,"yards":0}],"00-0022780":[{"sequence":5,"clubcode":"DEN","playerName":"D.Williams","statId":82,"yards":0}]}},"2228":{"sp":0,"qtr":3,"down":1,"time":"08:50","yrdln":"DEN 5","ydstogo":5,"ydsnet":64,"posteam":"KC","desc":"(8:50) M.Cassel pass short right to D.McCluster to DEN 1 for 4 yards (A.Goodman).","note":null,"players":{"00-0023662":[{"sequence":1,"clubcode":"KC","playerName":"M.Cassel","statId":15,"yards":4},{"sequence":5,"clubcode":"KC","playerName":"M.Cassel","statId":111,"yards":3}],"00-0027651":[{"sequence":2,"clubcode":"KC","playerName":"D.McCluster","statId":113,"yards":1},{"sequence":3,"clubcode":"KC","playerName":"D.McCluster","statId":115,"yards":0},{"sequence":4,"clubcode":"KC","playerName":"D.McCluster","statId":21,"yards":4}],"00-0021194":[{"sequence":6,"clubcode":"DEN","playerName":"A.Goodman","statId":79,"yards":0}]}},"2252":{"sp":1,"qtr":3,"down":2,"time":"08:15","yrdln":"DEN 1","ydstogo":1,"ydsnet":65,"posteam":"KC","desc":"(8:15) M.Cassel pass short middle to L.McClain for 1 yard, TOUCHDOWN [N.Irving].","note":"TD","players":{"00-0023662":[{"sequence":4,"clubcode":"KC","playerName":"M.Cassel","statId":16,"yards":1},{"sequence":7,"clubcode":"KC","playerName":"M.Cassel","statId":111,"yards":1}],"00-0025524":[{"sequence":3,"clubcode":"KC","playerName":"L.McClain","statId":113,"yards":0},{"sequence":5,"clubcode":"KC","playerName":"L.McClain","statId":115,"yards":0},{"sequence":6,"clubcode":"KC","playerName":"L.McClain","statId":22,"yards":1}],"00-0028005":[{"sequence":2,"clubcode":"DEN","playerName":"N.Irving","statId":110,"yards":0}],"0":[{"sequence":1,"clubcode":"KC","playerName":null,"statId":4,"yards":0}]}},"2272":{"sp":1,"qtr":3,"down":0,"time":"08:10","yrdln":"DEN 2","ydstogo":0,"ydsnet":65,"posteam":"KC","desc":"R.Succop extra point is GOOD, Center-T.Gafford, Holder-D.Colquitt.","note":"XP","players":{"00-0026968":[{"sequence":1,"clubcode":"KC","playerName":"R.Succop","statId":72,"yards":0}]}}},"fds":4,"result":"Touchdown","penyds":0,"ydsgained":65,"numplays":9,"postime":"3:29","start":{"qtr":3,"time":"11:39","yrdln":"KC 35","team":"KC"},"end":{"qtr":3,"time":"08:10","yrdln":"DEN 1","team":"KC"}},"14":{"posteam":"DEN","qtr":3,"redzone":true,"plays":{"2288":{"sp":0,"qtr":3,"down":0,"time":"08:10","yrdln":"KC 35","ydstogo":0,"ydsnet":0,"posteam":"KC","desc":"R.Succop kicks 65 yards from KC 35 to end zone, Touchback.","note":"KICKOFF","players":{"0":[{"sequence":1,"clubcode":"DEN","playerName":null,"statId":51,"yards":0}],"00-0026968":[{"sequence":2,"clubcode":"KC","playerName":"R.Succop","statId":44,"yards":65}]}},"2306":{"sp":0,"qtr":3,"down":1,"time":"08:10","yrdln":"DEN 20","ydstogo":10,"ydsnet":3,"posteam":"DEN","desc":"(8:10) L.Ball right tackle to DEN 23 for 3 yards (J.Houston).","note":null,"players":{"00-0026432":[{"sequence":1,"clubcode":"DEN","playerName":"L.Ball","statId":10,"yards":3}],"00-0028008":[{"sequence":2,"clubcode":"KC","playerName":"J.Houston","statId":79,"yards":0}]}},"2327":{"sp":0,"qtr":3,"down":2,"time":"07:36","yrdln":"DEN 23","ydstogo":7,"ydsnet":6,"posteam":"DEN","desc":"(7:36) (Shotgun) T.Tebow up the middle to DEN 26 for 3 yards (G.Dorsey).","note":null,"players":{"00-0027876":[{"sequence":2,"clubcode":"DEN","playerName":"T.Tebow","statId":10,"yards":3}],"00-0026145":[{"sequence":1,"clubcode":"KC","playerName":"G.Dorsey","statId":79,"yards":0}]}},"2348":{"sp":0,"qtr":3,"down":3,"time":"06:59","yrdln":"DEN 26","ydstogo":4,"ydsnet":6,"posteam":"DEN","desc":"(6:59) (Shotgun) L.Ball up the middle to DEN 26 for no gain (T.Jackson). DEN-R.Clady was injured during the play.","note":null,"players":{"0":[{"sequence":3,"clubcode":"DEN","playerName":null,"statId":7,"yards":0}],"00-0026432":[{"sequence":2,"clubcode":"DEN","playerName":"L.Ball","statId":10,"yards":0}],"00-0026980":[{"sequence":1,"clubcode":"KC","playerName":"T.Jackson","statId":79,"yards":0}]}},"2372":{"sp":0,"qtr":3,"down":4,"time":"06:33","yrdln":"DEN 26","ydstogo":4,"ydsnet":6,"posteam":"DEN","desc":"(6:33) B.Colquitt punts 60 yards to KC 14, Center-L.Paxton. J.Arenas pushed ob at KC 27 for 13 yards (D.Bruton).","note":"PUNT","players":{"00-0027083":[{"sequence":2,"clubcode":"DEN","playerName":"D.Bruton","statId":79,"yards":0}],"00-0027660":[{"sequence":1,"clubcode":"KC","playerName":"J.Arenas","statId":33,"yards":13}],"00-0026516":[{"sequence":3,"clubcode":"DEN","playerName":"B.Colquitt","statId":29,"yards":60}]}}},"fds":0,"result":"Punt","penyds":0,"ydsgained":6,"numplays":5,"postime":"1:51","start":{"qtr":3,"time":"08:10","yrdln":"DEN 20","team":"DEN"},"end":{"qtr":3,"time":"06:19","yrdln":"DEN 26","team":"DEN"}},"15":{"posteam":"KC","qtr":3,"redzone":true,"plays":{"2402":{"sp":0,"qtr":3,"down":1,"time":"06:19","yrdln":"KC 27","ydstogo":10,"ydsnet":3,"posteam":"KC","desc":"(6:19) J.Battle left end to KC 30 for 3 yards (D.Williams). KC-J.Battle was injured during the play.","note":null,"players":{"00-0025701":[{"sequence":2,"clubcode":"KC","playerName":"J.Battle","statId":10,"yards":3}],"00-0022780":[{"sequence":1,"clubcode":"DEN","playerName":"D.Williams","statId":79,"yards":0}]}},"2423":{"sp":0,"qtr":3,"down":2,"time":"05:33","yrdln":"KC 30","ydstogo":7,"ydsnet":6,"posteam":"KC","desc":"(5:33) T.Jones up the middle to KC 33 for 3 yards (R.Ayers; V.Miller).","note":null,"players":{"00-0019641":[{"sequence":1,"clubcode":"KC","playerName":"T.Jones","statId":10,"yards":3}],"00-0027940":[{"sequence":2,"clubcode":"DEN","playerName":"V.Miller","statId":82,"yards":0}],"00-0026994":[{"sequence":3,"clubcode":"DEN","playerName":"R.Ayers","statId":82,"yards":0}]}},"2448":{"sp":0,"qtr":3,"down":3,"time":"04:53","yrdln":"KC 33","ydstogo":4,"ydsnet":6,"posteam":"KC","desc":"(4:53) (Shotgun) M.Cassel pass incomplete deep left to D.McCluster.","note":null,"players":{"00-0023662":[{"sequence":1,"clubcode":"KC","playerName":"M.Cassel","statId":14,"yards":0},{"sequence":4,"clubcode":"KC","playerName":"M.Cassel","statId":112,"yards":16}],"00-0027651":[{"sequence":3,"clubcode":"KC","playerName":"D.McCluster","statId":115,"yards":0}],"0":[{"sequence":2,"clubcode":"KC","playerName":null,"statId":7,"yards":0}]}},"2470":{"sp":0,"qtr":3,"down":4,"time":"04:45","yrdln":"KC 33","ydstogo":4,"ydsnet":6,"posteam":"KC","desc":"(4:45) D.Colquitt punts 67 yards to end zone, Center-T.Gafford, Touchback.","note":"PUNT","players":{"00-0023534":[{"sequence":1,"clubcode":"KC","playerName":"D.Colquitt","statId":32,"yards":67}],"0":[{"sequence":2,"clubcode":"DEN","playerName":null,"statId":40,"yards":0}]}}},"fds":0,"result":"Punt","penyds":0,"ydsgained":6,"numplays":4,"postime":"1:44","start":{"qtr":3,"time":"06:19","yrdln":"KC 27","team":"KC"},"end":{"qtr":3,"time":"04:35","yrdln":"KC 33","team":"KC"}},"16":{"posteam":"DEN","qtr":3,"redzone":true,"plays":{"2491":{"sp":0,"qtr":3,"down":1,"time":"04:35","yrdln":"DEN 20","ydstogo":10,"ydsnet":1,"posteam":"DEN","desc":"(4:35) L.Ball up the middle to DEN 21 for 1 yard (K.Gregg).","note":null,"players":{"00-0006398":[{"sequence":1,"clubcode":"KC","playerName":"K.Gregg","statId":79,"yards":0}],"00-0026432":[{"sequence":2,"clubcode":"DEN","playerName":"L.Ball","statId":10,"yards":1}]}},"2512":{"sp":0,"qtr":3,"down":2,"time":"03:58","yrdln":"DEN 21","ydstogo":9,"ydsnet":14,"posteam":"DEN","desc":"(3:58) (Shotgun) T.Tebow pass short left to M.Willis to DEN 34 for 13 yards (K.Lewis).","note":null,"players":{"00-0027736":[{"sequence":2,"clubcode":"KC","playerName":"K.Lewis","statId":79,"yards":0}],"00-0027876":[{"sequence":3,"clubcode":"DEN","playerName":"T.Tebow","statId":15,"yards":13},{"sequence":4,"clubcode":"DEN","playerName":"T.Tebow","statId":111,"yards":-2}],"0":[{"sequence":5,"clubcode":"DEN","playerName":null,"statId":4,"yards":0}],"00-0024756":[{"sequence":1,"clubcode":"DEN","playerName":"M.Willis","statId":21,"yards":13},{"sequence":6,"clubcode":"DEN","playerName":"M.Willis","statId":113,"yards":15},{"sequence":7,"clubcode":"DEN","playerName":"M.Willis","statId":115,"yards":0}]}},"2536":{"sp":0,"qtr":3,"down":1,"time":"03:26","yrdln":"DEN 34","ydstogo":10,"ydsnet":17,"posteam":"DEN","desc":"(3:26) L.Ball right end to DEN 37 for 3 yards (T.Jackson).","note":null,"players":{"00-0026980":[{"sequence":2,"clubcode":"KC","playerName":"T.Jackson","statId":79,"yards":0}],"00-0026432":[{"sequence":1,"clubcode":"DEN","playerName":"L.Ball","statId":10,"yards":3}]}},"2557":{"sp":0,"qtr":3,"down":2,"time":"02:49","yrdln":"DEN 37","ydstogo":7,"ydsnet":27,"posteam":"DEN","desc":"(2:49) (Shotgun) T.Tebow up the middle to DEN 47 for 10 yards (K.Lewis).","note":null,"players":{"00-0027736":[{"sequence":1,"clubcode":"KC","playerName":"K.Lewis","statId":79,"yards":0}],"00-0027876":[{"sequence":2,"clubcode":"DEN","playerName":"T.Tebow","statId":10,"yards":10}],"0":[{"sequence":3,"clubcode":"DEN","playerName":null,"statId":3,"yards":0}]}},"2578":{"sp":0,"qtr":3,"down":1,"time":"02:12","yrdln":"DEN 47","ydstogo":10,"ydsnet":32,"posteam":"DEN","desc":"(2:12) (Shotgun) T.Tebow left end to KC 48 for 5 yards (R.Langford).","note":null,"players":{"00-0027876":[{"sequence":2,"clubcode":"DEN","playerName":"T.Tebow","statId":10,"yards":5}],"00-0026571":[{"sequence":1,"clubcode":"KC","playerName":"R.Langford","statId":79,"yards":0}]}},"2599":{"sp":0,"qtr":3,"down":2,"time":"01:34","yrdln":"KC 48","ydstogo":5,"ydsnet":33,"posteam":"DEN","desc":"(1:34) T.Tebow right end to KC 47 for 1 yard (T.Hali; D.Johnson).","note":null,"players":{"00-0024235":[{"sequence":3,"clubcode":"KC","playerName":"T.Hali","statId":82,"yards":0}],"00-0023449":[{"sequence":1,"clubcode":"KC","playerName":"D.Johnson","statId":82,"yards":0}],"00-0027876":[{"sequence":2,"clubcode":"DEN","playerName":"T.Tebow","statId":10,"yards":1}]}},"2620":{"sp":0,"qtr":3,"down":3,"time":"00:49","yrdln":"KC 47","ydstogo":4,"ydsnet":33,"posteam":"DEN","desc":"(:49) (Shotgun) T.Tebow pass incomplete short right to D.Rosario.","note":null,"players":{"00-0025542":[{"sequence":4,"clubcode":"DEN","playerName":"D.Rosario","statId":115,"yards":0}],"00-0027876":[{"sequence":2,"clubcode":"DEN","playerName":"T.Tebow","statId":112,"yards":3},{"sequence":3,"clubcode":"DEN","playerName":"T.Tebow","statId":14,"yards":0}],"0":[{"sequence":1,"clubcode":"DEN","playerName":null,"statId":7,"yards":0}]}},"2642":{"sp":0,"qtr":3,"down":4,"time":"00:45","yrdln":"KC 47","ydstogo":4,"ydsnet":33,"posteam":"DEN","desc":"(:45) B.Colquitt punts 37 yards to KC 10, Center-L.Paxton, downed by DEN-D.Rosario.","note":"PUNT","players":{"0":[{"sequence":1,"clubcode":"KC","playerName":null,"statId":38,"yards":0}],"00-0026516":[{"sequence":2,"clubcode":"DEN","playerName":"B.Colquitt","statId":30,"yards":0},{"sequence":3,"clubcode":"DEN","playerName":"B.Colquitt","statId":29,"yards":37}]}}},"fds":2,"result":"Punt","penyds":0,"ydsgained":33,"numplays":8,"postime":"4:00","start":{"qtr":3,"time":"04:35","yrdln":"DEN 20","team":"DEN"},"end":{"qtr":3,"time":"00:35","yrdln":"KC 47","team":"DEN"}},"17":{"posteam":"KC","qtr":4,"redzone":true,"plays":{"2665":{"sp":0,"qtr":3,"down":1,"time":"00:35","yrdln":"KC 10","ydstogo":10,"ydsnet":4,"posteam":"KC","desc":"(:35) J.Battle right end to KC 14 for 4 yards (J.Mays).","note":null,"players":{"00-0026340":[{"sequence":2,"clubcode":"DEN","playerName":"J.Mays","statId":79,"yards":0}],"00-0025701":[{"sequence":1,"clubcode":"KC","playerName":"J.Battle","statId":10,"yards":4}]}},"2702":{"sp":0,"qtr":4,"down":2,"time":"15:00","yrdln":"KC 14","ydstogo":6,"ydsnet":11,"posteam":"KC","desc":"(15:00) M.Cassel pass short right to L.Pope to KC 21 for 7 yards (B.Dawkins) [V.Miller].","note":null,"players":{"00-0023662":[{"sequence":4,"clubcode":"KC","playerName":"M.Cassel","statId":111,"yards":1},{"sequence":8,"clubcode":"KC","playerName":"M.Cassel","statId":15,"yards":7}],"00-0004073":[{"sequence":3,"clubcode":"DEN","playerName":"B.Dawkins","statId":79,"yards":0}],"00-0027940":[{"sequence":2,"clubcode":"DEN","playerName":"V.Miller","statId":110,"yards":0}],"0":[{"sequence":1,"clubcode":"KC","playerName":null,"statId":4,"yards":0}],"00-0024287":[{"sequence":5,"clubcode":"KC","playerName":"L.Pope","statId":113,"yards":6},{"sequence":6,"clubcode":"KC","playerName":"L.Pope","statId":21,"yards":7},{"sequence":7,"clubcode":"KC","playerName":"L.Pope","statId":115,"yards":0}]}},"2726":{"sp":0,"qtr":4,"down":1,"time":"14:23","yrdln":"KC 21","ydstogo":10,"ydsnet":14,"posteam":"KC","desc":"(14:23) J.Battle left tackle to KC 24 for 3 yards (B.Bunkley).","note":null,"players":{"00-0025701":[{"sequence":1,"clubcode":"KC","playerName":"J.Battle","statId":10,"yards":3}],"00-0024229":[{"sequence":2,"clubcode":"DEN","playerName":"B.Bunkley","statId":79,"yards":0}]}},"2747":{"sp":0,"qtr":4,"down":2,"time":"13:44","yrdln":"KC 24","ydstogo":7,"ydsnet":29,"posteam":"KC","desc":"(13:44) M.Cassel pass short left to J.Baldwin to KC 39 for 15 yards (Q.Carter).","note":null,"players":{"00-0023662":[{"sequence":3,"clubcode":"KC","playerName":"M.Cassel","statId":111,"yards":6},{"sequence":5,"clubcode":"KC","playerName":"M.Cassel","statId":15,"yards":15}],"00-0028046":[{"sequence":1,"clubcode":"DEN","playerName":"Q.Carter","statId":79,"yards":0}],"00-0027964":[{"sequence":4,"clubcode":"KC","playerName":"J.Baldwin","statId":21,"yards":15},{"sequence":6,"clubcode":"KC","playerName":"J.Baldwin","statId":113,"yards":9},{"sequence":7,"clubcode":"KC","playerName":"J.Baldwin","statId":115,"yards":0}],"0":[{"sequence":2,"clubcode":"KC","playerName":null,"statId":4,"yards":0}]}},"2771":{"sp":0,"qtr":4,"down":1,"time":"13:05","yrdln":"KC 39","ydstogo":10,"ydsnet":29,"posteam":"KC","desc":"(13:05) M.Cassel pass incomplete deep middle to J.Baldwin (B.Dawkins).","note":null,"players":{"00-0023662":[{"sequence":2,"clubcode":"KC","playerName":"M.Cassel","statId":112,"yards":51},{"sequence":4,"clubcode":"KC","playerName":"M.Cassel","statId":14,"yards":0}],"00-0004073":[{"sequence":3,"clubcode":"DEN","playerName":"B.Dawkins","statId":85,"yards":0}],"00-0027964":[{"sequence":1,"clubcode":"KC","playerName":"J.Baldwin","statId":115,"yards":0}]}},"2793":{"sp":0,"qtr":4,"down":2,"time":"12:54","yrdln":"KC 39","ydstogo":10,"ydsnet":36,"posteam":"KC","desc":"(12:54) M.Cassel pass short right to D.Bowe to KC 46 for 7 yards (C.Bailey).","note":null,"players":{"00-0023662":[{"sequence":4,"clubcode":"KC","playerName":"M.Cassel","statId":15,"yards":7},{"sequence":6,"clubcode":"KC","playerName":"M.Cassel","statId":111,"yards":6}],"00-0025410":[{"sequence":1,"clubcode":"KC","playerName":"D.Bowe","statId":113,"yards":1},{"sequence":2,"clubcode":"KC","playerName":"D.Bowe","statId":21,"yards":7},{"sequence":3,"clubcode":"KC","playerName":"D.Bowe","statId":115,"yards":0}],"00-0000585":[{"sequence":5,"clubcode":"DEN","playerName":"C.Bailey","statId":79,"yards":0}]}},"2817":{"sp":0,"qtr":4,"down":3,"time":"12:18","yrdln":"KC 46","ydstogo":3,"ydsnet":36,"posteam":"KC","desc":"(12:18) (Shotgun) M.Cassel pass incomplete short middle to D.Bowe.","note":null,"players":{"00-0023662":[{"sequence":3,"clubcode":"KC","playerName":"M.Cassel","statId":14,"yards":0},{"sequence":4,"clubcode":"KC","playerName":"M.Cassel","statId":112,"yards":9}],"00-0025410":[{"sequence":1,"clubcode":"KC","playerName":"D.Bowe","statId":115,"yards":0}],"0":[{"sequence":2,"clubcode":"KC","playerName":null,"statId":7,"yards":0}]}},"2839":{"sp":0,"qtr":4,"down":4,"time":"12:13","yrdln":"KC 46","ydstogo":3,"ydsnet":36,"posteam":"KC","desc":"(12:13) D.Colquitt punts 54 yards to end zone, Center-T.Gafford, Touchback.","note":"PUNT","players":{"00-0023534":[{"sequence":2,"clubcode":"KC","playerName":"D.Colquitt","statId":32,"yards":54}],"0":[{"sequence":1,"clubcode":"DEN","playerName":null,"statId":40,"yards":0}]}}},"fds":2,"result":"Punt","penyds":0,"ydsgained":36,"numplays":8,"postime":"3:30","start":{"qtr":3,"time":"00:35","yrdln":"KC 10","team":"KC"},"end":{"qtr":3,"time":"12:05","yrdln":"KC 46","team":"KC"}},"18":{"posteam":"DEN","qtr":4,"redzone":true,"plays":{"2860":{"sp":0,"qtr":4,"down":1,"time":"12:05","yrdln":"DEN 20","ydstogo":10,"ydsnet":4,"posteam":"DEN","desc":"(12:05) L.Ball left end to DEN 24 for 4 yards (J.Belcher).","note":null,"players":{"00-0026869":[{"sequence":1,"clubcode":"KC","playerName":"J.Belcher","statId":79,"yards":0}],"00-0026432":[{"sequence":2,"clubcode":"DEN","playerName":"L.Ball","statId":10,"yards":4}]}},"2881":{"sp":0,"qtr":4,"down":2,"time":"11:22","yrdln":"DEN 24","ydstogo":6,"ydsnet":8,"posteam":"DEN","desc":"(11:22) (Shotgun) L.Ball up the middle to DEN 28 for 4 yards (J.Belcher; G.Dorsey).","note":null,"players":{"00-0026869":[{"sequence":2,"clubcode":"KC","playerName":"J.Belcher","statId":82,"yards":0}],"00-0026145":[{"sequence":3,"clubcode":"KC","playerName":"G.Dorsey","statId":82,"yards":0}],"00-0026432":[{"sequence":1,"clubcode":"DEN","playerName":"L.Ball","statId":10,"yards":4}]}},"2902":{"sp":0,"qtr":4,"down":3,"time":"10:43","yrdln":"DEN 28","ydstogo":2,"ydsnet":12,"posteam":"DEN","desc":"(10:43) L.Ball up the middle to DEN 32 for 4 yards (J.Belcher).","note":null,"players":{"00-0026869":[{"sequence":2,"clubcode":"KC","playerName":"J.Belcher","statId":79,"yards":0}],"0":[{"sequence":1,"clubcode":"DEN","playerName":null,"statId":6,"yards":0},{"sequence":3,"clubcode":"DEN","playerName":null,"statId":3,"yards":0}],"00-0026432":[{"sequence":4,"clubcode":"DEN","playerName":"L.Ball","statId":10,"yards":4}]}},"2923":{"sp":0,"qtr":4,"down":1,"time":"10:09","yrdln":"DEN 32","ydstogo":10,"ydsnet":20,"posteam":"DEN","desc":"(10:09) (Shotgun) L.Ball up the middle to DEN 40 for 8 yards (R.Langford).","note":null,"players":{"00-0026571":[{"sequence":2,"clubcode":"KC","playerName":"R.Langford","statId":79,"yards":0}],"00-0026432":[{"sequence":1,"clubcode":"DEN","playerName":"L.Ball","statId":10,"yards":8}]}},"2944":{"sp":0,"qtr":4,"down":2,"time":"09:24","yrdln":"DEN 40","ydstogo":2,"ydsnet":24,"posteam":"DEN","desc":"(9:24) L.Ball left tackle to DEN 44 for 4 yards (J.Belcher).","note":null,"players":{"00-0026869":[{"sequence":3,"clubcode":"KC","playerName":"J.Belcher","statId":79,"yards":0}],"0":[{"sequence":1,"clubcode":"DEN","playerName":null,"statId":3,"yards":0}],"00-0026432":[{"sequence":2,"clubcode":"DEN","playerName":"L.Ball","statId":10,"yards":4}]}},"2965":{"sp":0,"qtr":4,"down":1,"time":"08:46","yrdln":"DEN 44","ydstogo":10,"ydsnet":27,"posteam":"DEN","desc":"(8:46) S.Larsen up the middle to DEN 47 for 3 yards (K.Lewis).","note":null,"players":{"00-0027736":[{"sequence":2,"clubcode":"KC","playerName":"K.Lewis","statId":79,"yards":0}],"00-0026323":[{"sequence":1,"clubcode":"DEN","playerName":"S.Larsen","statId":10,"yards":3}]}},"2986":{"sp":0,"qtr":4,"down":2,"time":"08:06","yrdln":"DEN 47","ydstogo":7,"ydsnet":29,"posteam":"DEN","desc":"(8:06) (Shotgun) E.Royal right end to DEN 49 for 2 yards (R.Langford; B.Flowers).","note":null,"players":{"00-0026182":[{"sequence":3,"clubcode":"DEN","playerName":"E.Royal","statId":10,"yards":2}],"00-0026175":[{"sequence":1,"clubcode":"KC","playerName":"B.Flowers","statId":82,"yards":0}],"00-0026571":[{"sequence":2,"clubcode":"KC","playerName":"R.Langford","statId":82,"yards":0}]}},"3007":{"sp":0,"qtr":4,"down":3,"time":"07:19","yrdln":"DEN 49","ydstogo":5,"ydsnet":24,"posteam":"DEN","desc":"(7:19) (Shotgun) PENALTY on DEN-T.Tebow, Delay of Game, 5 yards, enforced at DEN 49 - No Play.","note":"PENALTY","players":{"00-0027876":[{"sequence":1,"clubcode":"DEN","playerName":"T.Tebow","statId":93,"yards":5}]}},"3030":{"sp":1,"qtr":4,"down":3,"time":"06:52","yrdln":"DEN 44","ydstogo":10,"ydsnet":80,"posteam":"DEN","desc":"(6:52) (Shotgun) T.Tebow pass deep right to E.Decker for 56 yards, TOUCHDOWN. PENALTY on DEN-E.Decker, Unsportsmanlike Conduct, 15 yards, enforced between downs. Excessive Celebration penalty assessed on kickoff.","note":"TD","players":{"00-0027876":[{"sequence":6,"clubcode":"DEN","playerName":"T.Tebow","statId":16,"yards":56},{"sequence":7,"clubcode":"DEN","playerName":"T.Tebow","statId":111,"yards":41}],"0":[{"sequence":1,"clubcode":"DEN","playerName":null,"statId":4,"yards":0},{"sequence":2,"clubcode":"DEN","playerName":null,"statId":6,"yards":0}],"00-0027690":[{"sequence":3,"clubcode":"DEN","playerName":"E.Decker","statId":93,"yards":15},{"sequence":4,"clubcode":"DEN","playerName":"E.Decker","statId":113,"yards":15},{"sequence":5,"clubcode":"DEN","playerName":"E.Decker","statId":22,"yards":56},{"sequence":8,"clubcode":"DEN","playerName":"E.Decker","statId":115,"yards":0}]}},"3050":{"sp":1,"qtr":4,"down":0,"time":"06:44","yrdln":"KC 2","ydstogo":0,"ydsnet":80,"posteam":"DEN","desc":"M.Prater extra point is GOOD, Center-L.Paxton, Holder-B.Colquitt.","note":"XP","players":{"00-0023853":[{"sequence":1,"clubcode":"DEN","playerName":"M.Prater","statId":72,"yards":0}]}}},"fds":3,"result":"Touchdown","penyds":-5,"ydsgained":85,"numplays":10,"postime":"5:21","start":{"qtr":4,"time":"12:05","yrdln":"DEN 20","team":"DEN"},"end":{"qtr":4,"time":"06:44","yrdln":"DEN 44","team":"DEN"}},"19":{"posteam":"KC","qtr":4,"redzone":true,"plays":{"3078":{"sp":0,"qtr":4,"down":0,"time":"06:44","yrdln":"DEN 20","ydstogo":0,"ydsnet":0,"posteam":"DEN","desc":"M.Prater kicks 65 yards from DEN 20 to KC 15. J.Arenas to KC 23 for 8 yards (J.Hunter). PENALTY on KC-J.O'Connell, Offensive Holding, 10 yards, enforced at KC 23.","note":"KICKOFF","players":{"00-0023890":[{"sequence":1,"clubcode":"DEN","playerName":"J.Hunter","statId":79,"yards":0}],"00-0027660":[{"sequence":4,"clubcode":"KC","playerName":"J.Arenas","statId":45,"yards":8}],"00-0027154":[{"sequence":3,"clubcode":"KC","playerName":"J.O'Connell","statId":93,"yards":10}],"00-0023853":[{"sequence":2,"clubcode":"DEN","playerName":"M.Prater","statId":41,"yards":65}]}},"3115":{"sp":0,"qtr":4,"down":1,"time":"06:37","yrdln":"KC 13","ydstogo":10,"ydsnet":6,"posteam":"KC","desc":"(6:37) D.McCluster up the middle to KC 19 for 6 yards (D.Williams).","note":null,"players":{"00-0027651":[{"sequence":2,"clubcode":"KC","playerName":"D.McCluster","statId":10,"yards":6}],"00-0022780":[{"sequence":1,"clubcode":"DEN","playerName":"D.Williams","statId":79,"yards":0}]}},"3136":{"sp":0,"qtr":4,"down":2,"time":"06:11","yrdln":"KC 19","ydstogo":4,"ydsnet":6,"posteam":"KC","desc":"(6:11) (Shotgun) M.Cassel pass incomplete short right to L.Pope (J.Mays) [C.Harris].","note":null,"players":{"00-0023662":[{"sequence":2,"clubcode":"KC","playerName":"M.Cassel","statId":112,"yards":1},{"sequence":3,"clubcode":"KC","playerName":"M.Cassel","statId":14,"yards":0}],"00-0028224":[{"sequence":4,"clubcode":"DEN","playerName":"C.Harris","statId":110,"yards":0}],"00-0024287":[{"sequence":5,"clubcode":"KC","playerName":"L.Pope","statId":115,"yards":0}],"00-0026340":[{"sequence":1,"clubcode":"DEN","playerName":"J.Mays","statId":85,"yards":0}]}},"3162":{"sp":0,"qtr":4,"down":3,"time":"06:08","yrdln":"KC 19","ydstogo":4,"ydsnet":11,"posteam":"KC","desc":"(6:08) (Shotgun) M.Cassel pass incomplete deep left to S.Breaston. PENALTY on DEN-A.Goodman, Illegal Use of Hands, 5 yards, enforced at KC 19 - No Play.","note":"PENALTY","players":{"00-0021194":[{"sequence":1,"clubcode":"DEN","playerName":"A.Goodman","statId":93,"yards":5}],"0":[{"sequence":2,"clubcode":"KC","playerName":null,"statId":5,"yards":0}]}},"3196":{"sp":0,"qtr":4,"down":1,"time":"06:02","yrdln":"KC 24","ydstogo":10,"ydsnet":36,"posteam":"KC","desc":"(6:02) D.McCluster up the middle to KC 34 for 10 yards (D.Williams). PENALTY on DEN-D.Williams, Face Mask (15 Yards), 15 yards, enforced at KC 34.","note":"PENALTY","players":{"00-0027651":[{"sequence":4,"clubcode":"KC","playerName":"D.McCluster","statId":10,"yards":10}],"0":[{"sequence":2,"clubcode":"KC","playerName":null,"statId":3,"yards":0},{"sequence":3,"clubcode":"KC","playerName":null,"statId":5,"yards":0}],"00-0022780":[{"sequence":1,"clubcode":"DEN","playerName":"D.Williams","statId":79,"yards":0},{"sequence":5,"clubcode":"DEN","playerName":"D.Williams","statId":93,"yards":15}]}},"3228":{"sp":0,"qtr":4,"down":1,"time":"05:40","yrdln":"KC 49","ydstogo":10,"ydsnet":36,"posteam":"KC","desc":"(5:40) (Shotgun) M.Cassel pass incomplete deep left to J.Baldwin.","note":null,"players":{"00-0023662":[{"sequence":1,"clubcode":"KC","playerName":"M.Cassel","statId":14,"yards":0},{"sequence":3,"clubcode":"KC","playerName":"M.Cassel","statId":112,"yards":36}],"00-0027964":[{"sequence":2,"clubcode":"KC","playerName":"J.Baldwin","statId":115,"yards":0}]}},"3250":{"sp":0,"qtr":4,"down":2,"time":"05:33","yrdln":"KC 49","ydstogo":10,"ydsnet":41,"posteam":"KC","desc":"(5:33) M.Cassel pass short right to L.Pope to DEN 46 for 5 yards (C.Harris).","note":null,"players":{"00-0023662":[{"sequence":1,"clubcode":"KC","playerName":"M.Cassel","statId":15,"yards":5},{"sequence":5,"clubcode":"KC","playerName":"M.Cassel","statId":111,"yards":2}],"00-0028224":[{"sequence":3,"clubcode":"DEN","playerName":"C.Harris","statId":79,"yards":0}],"00-0024287":[{"sequence":2,"clubcode":"KC","playerName":"L.Pope","statId":115,"yards":0},{"sequence":4,"clubcode":"KC","playerName":"L.Pope","statId":113,"yards":3},{"sequence":6,"clubcode":"KC","playerName":"L.Pope","statId":21,"yards":5}]}},"3274":{"sp":0,"qtr":4,"down":3,"time":"05:06","yrdln":"DEN 46","ydstogo":5,"ydsnet":41,"posteam":"KC","desc":"(5:06) (No Huddle, Shotgun) M.Cassel pass incomplete deep middle to S.Breaston.","note":null,"players":{"00-0023662":[{"sequence":1,"clubcode":"KC","playerName":"M.Cassel","statId":14,"yards":0},{"sequence":4,"clubcode":"KC","playerName":"M.Cassel","statId":112,"yards":16}],"00-0025529":[{"sequence":2,"clubcode":"KC","playerName":"S.Breaston","statId":115,"yards":0}],"0":[{"sequence":3,"clubcode":"KC","playerName":null,"statId":7,"yards":0}]}},"3296":{"sp":0,"qtr":4,"down":4,"time":"05:01","yrdln":"DEN 46","ydstogo":5,"ydsnet":41,"posteam":"KC","desc":"(5:01) (Shotgun) M.Cassel pass incomplete short left to L.Pope [E.Dumervil].","note":null,"players":{"00-0023662":[{"sequence":3,"clubcode":"KC","playerName":"M.Cassel","statId":14,"yards":0},{"sequence":5,"clubcode":"KC","playerName":"M.Cassel","statId":112,"yards":6}],"00-0024341":[{"sequence":1,"clubcode":"DEN","playerName":"E.Dumervil","statId":110,"yards":0}],"0":[{"sequence":2,"clubcode":"KC","playerName":null,"statId":9,"yards":0}],"00-0024287":[{"sequence":4,"clubcode":"KC","playerName":"L.Pope","statId":115,"yards":0}]}}},"fds":3,"result":"Downs","penyds":20,"ydsgained":21,"numplays":9,"postime":"1:48","start":{"qtr":4,"time":"06:44","yrdln":"KC 13","team":"KC"},"end":{"qtr":4,"time":"04:56","yrdln":"DEN 46","team":"KC"}},"20":{"posteam":"DEN","qtr":4,"redzone":true,"plays":{"3318":{"sp":0,"qtr":4,"down":1,"time":"04:56","yrdln":"DEN 46","ydstogo":10,"ydsnet":-3,"posteam":"DEN","desc":"(4:56) L.Ball up the middle to DEN 43 for -3 yards (B.Flowers).","note":null,"players":{"00-0026175":[{"sequence":1,"clubcode":"KC","playerName":"B.Flowers","statId":120,"yards":0},{"sequence":2,"clubcode":"KC","playerName":"B.Flowers","statId":79,"yards":0}],"0":[{"sequence":4,"clubcode":"DEN","playerName":null,"statId":95,"yards":-3}],"00-0026432":[{"sequence":3,"clubcode":"DEN","playerName":"L.Ball","statId":10,"yards":-3}]}},"3339":{"sp":0,"qtr":4,"down":0,"time":"04:51","yrdln":"","ydstogo":0,"ydsnet":-3,"posteam":"","desc":"Timeout #1 by KC at 04:51.","note":"TIMEOUT","players":{"0":[{"sequence":1,"clubcode":"KC","playerName":null,"statId":68,"yards":0}]}},"3356":{"sp":0,"qtr":4,"down":2,"time":"04:51","yrdln":"DEN 43","ydstogo":13,"ydsnet":6,"posteam":"DEN","desc":"(4:51) L.Ball up the middle to KC 48 for 9 yards (K.Lewis). KC-G.Dorsey was injured during the play.","note":null,"players":{"00-0027736":[{"sequence":2,"clubcode":"KC","playerName":"K.Lewis","statId":79,"yards":0}],"00-0026432":[{"sequence":1,"clubcode":"DEN","playerName":"L.Ball","statId":10,"yards":9}]}},"3380":{"sp":0,"qtr":4,"down":0,"time":"04:21","yrdln":"","ydstogo":0,"ydsnet":6,"posteam":"","desc":"Timeout #1 by DEN at 04:21.","note":"TIMEOUT","players":{"0":[{"sequence":1,"clubcode":"DEN","playerName":null,"statId":68,"yards":0}]}},"3397":{"sp":0,"qtr":4,"down":3,"time":"04:21","yrdln":"KC 48","ydstogo":4,"ydsnet":8,"posteam":"DEN","desc":"(4:21) L.Ball up the middle to KC 46 for 2 yards (T.Jackson).","note":null,"players":{"0":[{"sequence":1,"clubcode":"DEN","playerName":null,"statId":7,"yards":0}],"00-0026432":[{"sequence":3,"clubcode":"DEN","playerName":"L.Ball","statId":10,"yards":2}],"00-0026980":[{"sequence":2,"clubcode":"KC","playerName":"T.Jackson","statId":79,"yards":0}]}},"3418":{"sp":0,"qtr":4,"down":0,"time":"04:15","yrdln":"","ydstogo":0,"ydsnet":8,"posteam":"","desc":"Timeout #2 by KC at 04:15.","note":"TIMEOUT","players":{"0":[{"sequence":1,"clubcode":"KC","playerName":null,"statId":68,"yards":0}]}},"3435":{"sp":0,"qtr":4,"down":4,"time":"04:15","yrdln":"KC 46","ydstogo":2,"ydsnet":3,"posteam":"DEN","desc":"(4:15) (Punt formation) PENALTY on DEN-B.Colquitt, Delay of Game, 5 yards, enforced at KC 46 - No Play.","note":"PENALTY","players":{"00-0026516":[{"sequence":1,"clubcode":"DEN","playerName":"B.Colquitt","statId":93,"yards":5}]}},"3466":{"sp":0,"qtr":4,"down":4,"time":"04:14","yrdln":"DEN 49","ydstogo":7,"ydsnet":3,"posteam":"DEN","desc":"(4:14) B.Colquitt punts 36 yards to KC 15, Center-L.Paxton, fair catch by J.Arenas.","note":"PUNT","players":{"00-0027660":[{"sequence":1,"clubcode":"KC","playerName":"J.Arenas","statId":39,"yards":0}],"00-0026516":[{"sequence":2,"clubcode":"DEN","playerName":"B.Colquitt","statId":29,"yards":36},{"sequence":3,"clubcode":"DEN","playerName":"B.Colquitt","statId":30,"yards":0}]}}},"fds":0,"result":"Punt","penyds":-5,"ydsgained":8,"numplays":8,"postime":"0:48","start":{"qtr":4,"time":"04:56","yrdln":"DEN 46","team":"DEN"},"end":{"qtr":4,"time":"04:08","yrdln":"DEN 49","team":"DEN"}},"21":{"posteam":"KC","qtr":4,"redzone":true,"plays":{"3489":{"sp":0,"qtr":4,"down":1,"time":"04:08","yrdln":"KC 15","ydstogo":10,"ydsnet":0,"posteam":"KC","desc":"(4:08) M.Cassel pass incomplete short left to J.Baldwin.","note":null,"players":{"00-0023662":[{"sequence":2,"clubcode":"KC","playerName":"M.Cassel","statId":112,"yards":12},{"sequence":3,"clubcode":"KC","playerName":"M.Cassel","statId":14,"yards":0}],"00-0027964":[{"sequence":1,"clubcode":"KC","playerName":"J.Baldwin","statId":115,"yards":0}]}},"3511":{"sp":0,"qtr":4,"down":2,"time":"04:04","yrdln":"KC 15","ydstogo":10,"ydsnet":8,"posteam":"KC","desc":"(4:04) (Shotgun) M.Cassel pass short left to S.Breaston to KC 23 for 8 yards (C.Harris).","note":null,"players":{"00-0023662":[{"sequence":2,"clubcode":"KC","playerName":"M.Cassel","statId":15,"yards":8},{"sequence":4,"clubcode":"KC","playerName":"M.Cassel","statId":111,"yards":8}],"00-0025529":[{"sequence":1,"clubcode":"KC","playerName":"S.Breaston","statId":115,"yards":0},{"sequence":3,"clubcode":"KC","playerName":"S.Breaston","statId":113,"yards":0},{"sequence":5,"clubcode":"KC","playerName":"S.Breaston","statId":21,"yards":8}],"00-0028224":[{"sequence":6,"clubcode":"DEN","playerName":"C.Harris","statId":79,"yards":0}]}},"3535":{"sp":0,"qtr":4,"down":3,"time":"03:39","yrdln":"KC 23","ydstogo":2,"ydsnet":8,"posteam":"KC","desc":"(3:39) (No Huddle, Shotgun) M.Cassel pass incomplete short right to D.Bowe [V.Miller].","note":null,"players":{"00-0023662":[{"sequence":3,"clubcode":"KC","playerName":"M.Cassel","statId":14,"yards":0},{"sequence":4,"clubcode":"KC","playerName":"M.Cassel","statId":112,"yards":7}],"00-0025410":[{"sequence":5,"clubcode":"KC","playerName":"D.Bowe","statId":115,"yards":0}],"00-0027940":[{"sequence":1,"clubcode":"DEN","playerName":"V.Miller","statId":110,"yards":0}],"0":[{"sequence":2,"clubcode":"KC","playerName":null,"statId":7,"yards":0}]}},"3557":{"sp":0,"qtr":4,"down":4,"time":"03:35","yrdln":"KC 23","ydstogo":2,"ydsnet":3,"posteam":"KC","desc":"(3:35) (Shotgun) M.Cassel sacked at KC 18 for -5 yards (sack split by E.Dumervil and V.Miller).","note":null,"players":{"00-0023662":[{"sequence":2,"clubcode":"KC","playerName":"M.Cassel","statId":20,"yards":-5}],"00-0027940":[{"sequence":3,"clubcode":"DEN","playerName":"V.Miller","statId":110,"yards":0},{"sequence":4,"clubcode":"DEN","playerName":"V.Miller","statId":84,"yards":-5},{"sequence":6,"clubcode":"DEN","playerName":"V.Miller","statId":82,"yards":0}],"00-0024341":[{"sequence":5,"clubcode":"DEN","playerName":"E.Dumervil","statId":82,"yards":0},{"sequence":7,"clubcode":"DEN","playerName":"E.Dumervil","statId":110,"yards":0},{"sequence":8,"clubcode":"DEN","playerName":"E.Dumervil","statId":84,"yards":-5}],"0":[{"sequence":1,"clubcode":"KC","playerName":null,"statId":9,"yards":0}]}}},"fds":0,"result":"Downs","penyds":0,"ydsgained":3,"numplays":4,"postime":"0:39","start":{"qtr":4,"time":"04:08","yrdln":"KC 15","team":"KC"},"end":{"qtr":4,"time":"03:29","yrdln":"KC 23","team":"KC"}},"22":{"posteam":"DEN","qtr":4,"redzone":true,"plays":{"3576":{"sp":0,"qtr":4,"down":1,"time":"03:29","yrdln":"KC 18","ydstogo":10,"ydsnet":0,"posteam":"DEN","desc":"(3:29) L.Ball left tackle to KC 18 for no gain (W.Gilberry).","note":null,"players":{"00-0026105":[{"sequence":1,"clubcode":"KC","playerName":"W.Gilberry","statId":79,"yards":0}],"00-0026432":[{"sequence":2,"clubcode":"DEN","playerName":"L.Ball","statId":10,"yards":0}]}},"3597":{"sp":0,"qtr":4,"down":0,"time":"03:24","yrdln":"","ydstogo":0,"ydsnet":0,"posteam":"","desc":"Timeout #3 by KC at 03:24.","note":"TIMEOUT","players":{"0":[{"sequence":1,"clubcode":"KC","playerName":null,"statId":68,"yards":0}]}},"3614":{"sp":0,"qtr":4,"down":2,"time":"03:24","yrdln":"KC 18","ydstogo":10,"ydsnet":-5,"posteam":"DEN","desc":"(3:24) L.Ball up the middle to KC 18 for no gain (J.Houston). PENALTY on DEN-E.Decker, Illegal Formation, 5 yards, enforced at KC 18 - No Play.","note":"PENALTY","players":{"00-0027690":[{"sequence":1,"clubcode":"DEN","playerName":"E.Decker","statId":93,"yards":5}]}},"3646":{"sp":0,"qtr":4,"down":2,"time":"03:19","yrdln":"KC 23","ydstogo":15,"ydsnet":-8,"posteam":"DEN","desc":"(3:19) L.Ball up the middle to KC 26 for -3 yards (K.Gregg).","note":null,"players":{"00-0006398":[{"sequence":1,"clubcode":"KC","playerName":"K.Gregg","statId":120,"yards":0},{"sequence":2,"clubcode":"KC","playerName":"K.Gregg","statId":79,"yards":0}],"0":[{"sequence":3,"clubcode":"DEN","playerName":null,"statId":95,"yards":-3}],"00-0026432":[{"sequence":4,"clubcode":"DEN","playerName":"L.Ball","statId":10,"yards":-3}]}},"3667":{"sp":0,"qtr":4,"down":3,"time":"02:38","yrdln":"KC 26","ydstogo":18,"ydsnet":-5,"posteam":"DEN","desc":"(2:38) L.Ball up the middle to KC 23 for 3 yards (D.Johnson).","note":null,"players":{"00-0023449":[{"sequence":2,"clubcode":"KC","playerName":"D.Johnson","statId":79,"yards":0}],"0":[{"sequence":3,"clubcode":"DEN","playerName":null,"statId":7,"yards":0}],"00-0026432":[{"sequence":1,"clubcode":"DEN","playerName":"L.Ball","statId":10,"yards":3}]}},"3705":{"sp":0,"qtr":4,"down":4,"time":"02:00","yrdln":"KC 23","ydstogo":15,"ydsnet":-5,"posteam":"DEN","desc":"(2:00) M.Prater 41 yard field goal is No Good, Wide Left, Center-L.Paxton, Holder-B.Colquitt.","note":"FGM","players":{"00-0023853":[{"sequence":1,"clubcode":"DEN","playerName":"M.Prater","statId":69,"yards":41}]}}},"fds":0,"result":"Missed FG","penyds":-5,"ydsgained":0,"numplays":6,"postime":"1:34","start":{"qtr":4,"time":"03:29","yrdln":"KC 18","team":"DEN"},"end":{"qtr":4,"time":"01:55","yrdln":"KC 23","team":"DEN"}},"23":{"posteam":"KC","qtr":4,"redzone":true,"plays":{"3725":{"sp":0,"qtr":4,"down":1,"time":"01:55","yrdln":"KC 31","ydstogo":10,"ydsnet":14,"posteam":"KC","desc":"(1:55) (Shotgun) T.Palko pass short left to D.McCluster to KC 45 for 14 yards (D.Williams) [E.Dumervil].","note":null,"players":{"00-0027651":[{"sequence":4,"clubcode":"KC","playerName":"D.McCluster","statId":21,"yards":14},{"sequence":6,"clubcode":"KC","playerName":"D.McCluster","statId":113,"yards":20},{"sequence":8,"clubcode":"KC","playerName":"D.McCluster","statId":115,"yards":0}],"00-0024341":[{"sequence":1,"clubcode":"DEN","playerName":"E.Dumervil","statId":110,"yards":0}],"00-0024812":[{"sequence":5,"clubcode":"KC","playerName":"T.Palko","statId":15,"yards":14},{"sequence":7,"clubcode":"KC","playerName":"T.Palko","statId":111,"yards":-6}],"0":[{"sequence":3,"clubcode":"KC","playerName":null,"statId":4,"yards":0}],"00-0022780":[{"sequence":2,"clubcode":"DEN","playerName":"D.Williams","statId":79,"yards":0}]}},"3749":{"sp":0,"qtr":4,"down":1,"time":"01:30","yrdln":"KC 45","ydstogo":10,"ydsnet":22,"posteam":"KC","desc":"(1:30) (No Huddle, Shotgun) T.Palko right end pushed ob at DEN 47 for 8 yards (V.Miller).","note":null,"players":{"00-0027940":[{"sequence":2,"clubcode":"DEN","playerName":"V.Miller","statId":79,"yards":0}],"00-0024812":[{"sequence":1,"clubcode":"KC","playerName":"T.Palko","statId":10,"yards":8}]}},"3775":{"sp":0,"qtr":4,"down":2,"time":"01:20","yrdln":"DEN 47","ydstogo":2,"ydsnet":39,"posteam":"KC","desc":"(1:20) (No Huddle, Shotgun) T.Palko pass short middle to S.Breaston to DEN 30 for 17 yards (C.Harris).","note":null,"players":{"00-0025529":[{"sequence":1,"clubcode":"KC","playerName":"S.Breaston","statId":21,"yards":17},{"sequence":3,"clubcode":"KC","playerName":"S.Breaston","statId":113,"yards":5},{"sequence":5,"clubcode":"KC","playerName":"S.Breaston","statId":115,"yards":0}],"00-0024812":[{"sequence":2,"clubcode":"KC","playerName":"T.Palko","statId":111,"yards":12},{"sequence":6,"clubcode":"KC","playerName":"T.Palko","statId":15,"yards":17}],"0":[{"sequence":7,"clubcode":"KC","playerName":null,"statId":4,"yards":0}],"00-0028224":[{"sequence":4,"clubcode":"DEN","playerName":"C.Harris","statId":79,"yards":0}]}},"3803":{"sp":0,"qtr":4,"down":1,"time":"00:57","yrdln":"DEN 30","ydstogo":10,"ydsnet":46,"posteam":"KC","desc":"(:57) (No Huddle, Shotgun) T.Palko pass short left to D.McCluster to DEN 23 for 7 yards (D.Williams; A.Goodman).","note":null,"players":{"00-0027651":[{"sequence":2,"clubcode":"KC","playerName":"D.McCluster","statId":21,"yards":7},{"sequence":4,"clubcode":"KC","playerName":"D.McCluster","statId":113,"yards":3},{"sequence":5,"clubcode":"KC","playerName":"D.McCluster","statId":115,"yards":0}],"00-0021194":[{"sequence":6,"clubcode":"DEN","playerName":"A.Goodman","statId":82,"yards":0}],"00-0024812":[{"sequence":3,"clubcode":"KC","playerName":"T.Palko","statId":15,"yards":7},{"sequence":7,"clubcode":"KC","playerName":"T.Palko","statId":111,"yards":4}],"00-0022780":[{"sequence":1,"clubcode":"DEN","playerName":"D.Williams","statId":82,"yards":0}]}},"3827":{"sp":0,"qtr":4,"down":2,"time":"00:31","yrdln":"DEN 23","ydstogo":3,"ydsnet":52,"posteam":"KC","desc":"(:31) (No Huddle) T.Palko pass short left to D.McCluster ran ob at DEN 17 for 6 yards (A.Goodman).","note":null,"players":{"00-0027651":[{"sequence":2,"clubcode":"KC","playerName":"D.McCluster","statId":113,"yards":3},{"sequence":3,"clubcode":"KC","playerName":"D.McCluster","statId":21,"yards":6},{"sequence":5,"clubcode":"KC","playerName":"D.McCluster","statId":115,"yards":0}],"00-0021194":[{"sequence":7,"clubcode":"DEN","playerName":"A.Goodman","statId":79,"yards":0}],"00-0024812":[{"sequence":1,"clubcode":"KC","playerName":"T.Palko","statId":111,"yards":3},{"sequence":6,"clubcode":"KC","playerName":"T.Palko","statId":15,"yards":6}],"0":[{"sequence":4,"clubcode":"KC","playerName":null,"statId":4,"yards":0}]}},"3851":{"sp":0,"qtr":4,"down":1,"time":"00:28","yrdln":"DEN 17","ydstogo":10,"ydsnet":55,"posteam":"KC","desc":"(:28) (Shotgun) T.Palko pass short right to D.McCluster to DEN 14 for 3 yards (C.Harris).","note":null,"players":{"00-0027651":[{"sequence":3,"clubcode":"KC","playerName":"D.McCluster","statId":113,"yards":2},{"sequence":5,"clubcode":"KC","playerName":"D.McCluster","statId":21,"yards":3},{"sequence":6,"clubcode":"KC","playerName":"D.McCluster","statId":115,"yards":0}],"00-0024812":[{"sequence":1,"clubcode":"KC","playerName":"T.Palko","statId":15,"yards":3},{"sequence":2,"clubcode":"KC","playerName":"T.Palko","statId":111,"yards":1}],"00-0028224":[{"sequence":4,"clubcode":"DEN","playerName":"C.Harris","statId":79,"yards":0}]}},"3875":{"sp":0,"qtr":4,"down":2,"time":"00:11","yrdln":"DEN 14","ydstogo":7,"ydsnet":55,"posteam":"KC","desc":"(:11) T.Palko spiked the ball to stop the clock.","note":null,"players":{"00-0024812":[{"sequence":1,"clubcode":"KC","playerName":"T.Palko","statId":14,"yards":0},{"sequence":2,"clubcode":"KC","playerName":"T.Palko","statId":112,"yards":0}]}},"3897":{"sp":1,"qtr":4,"down":3,"time":"00:11","yrdln":"DEN 14","ydstogo":7,"ydsnet":55,"posteam":"KC","desc":"(:11) R.Succop 32 yard field goal is GOOD, Center-T.Gafford, Holder-D.Colquitt.","note":"FG","players":{"00-0026968":[{"sequence":1,"clubcode":"KC","playerName":"R.Succop","statId":70,"yards":32}]}}},"fds":3,"result":"Field Goal","penyds":0,"ydsgained":55,"numplays":8,"postime":"1:48","start":{"qtr":4,"time":"01:55","yrdln":"KC 31","team":"KC"},"end":{"qtr":4,"time":"00:07","yrdln":"DEN 14","team":"KC"}},"24":{"posteam":"DEN","qtr":4,"redzone":true,"plays":{"3934":{"sp":0,"qtr":4,"down":0,"time":"00:07","yrdln":"KC 35","ydstogo":0,"ydsnet":-1,"posteam":"KC","desc":"R.Succop kicks onside 11 yards from KC 35 to KC 46. S.Larsen MUFFS catch, recovered by DEN-M.Haggan at KC 46. M.Haggan (didn't try to advance) to KC 46 for no gain (A.Studebaker).","note":"FUMBLE","players":{"00-0026343":[{"sequence":5,"clubcode":"KC","playerName":"A.Studebaker","statId":79,"yards":0}],"00-0026323":[{"sequence":2,"clubcode":"DEN","playerName":"S.Larsen","statId":53,"yards":0},{"sequence":3,"clubcode":"DEN","playerName":"S.Larsen","statId":45,"yards":0}],"00-0022034":[{"sequence":4,"clubcode":"DEN","playerName":"M.Haggan","statId":55,"yards":0}],"00-0026968":[{"sequence":1,"clubcode":"KC","playerName":"R.Succop","statId":41,"yards":11}]}},"3956":{"sp":0,"qtr":4,"down":1,"time":"00:01","yrdln":"KC 46","ydstogo":10,"ydsnet":-1,"posteam":"DEN","desc":"(:01) T.Tebow kneels to KC 47 for -1 yards.","note":null,"players":{"00-0027876":[{"sequence":1,"clubcode":"DEN","playerName":"T.Tebow","statId":10,"yards":-1}]}},"3985":{"sp":0,"qtr":4,"down":0,"time":"00:00","yrdln":"","ydstogo":0,"ydsnet":-1,"posteam":"","desc":"END GAME","note":null,"players":{}}},"fds":0,"result":"End of Game","penyds":0,"ydsgained":-1,"numplays":3,"postime":"0:07","start":{"qtr":4,"time":"00:07","yrdln":"KC 46","team":"DEN"},"end":{"qtr":4,"time":"00:00","yrdln":"","team":"DEN"}},"crntdrv":24},"scrsummary":{"416":{"type":"TD","desc":"T.Tebow 7 yd. run (M.Prater kick is good) Drive: 8 plays, 57 yards in 4:11","qtr":1,"team":"DEN","players":{"":"0","T.Tebow":"00-0027876","M.Prater":"00-0023853"}},"1126":{"type":"FG","desc":"M.Prater 38 yd. Field Goal Drive: 8 plays, 34 yards in 4:32","qtr":2,"team":"DEN","players":{"M.Prater":"00-0023853"}},"2252":{"type":"TD","desc":"L.McClain 1 yd. pass from M.Cassel (R.Succop kick is good) Drive: 8 plays, 65 yards in 3:29","qtr":3,"team":"KC","players":{"":"0","N.Irving":"00-0028005","L.McClain":"00-0025524","M.Cassel":"00-0023662","R.Succop":"00-0026968"}},"3030":{"type":"TD","desc":"E.Decker 56 yd. pass from T.Tebow (M.Prater kick is good) Drive: 8 plays, 80 yards in 5:21","qtr":4,"team":"DEN","players":{"":"0","E.Decker":"00-0027690","T.Tebow":"00-0027876","M.Prater":"00-0023853"}},"3897":{"type":"FG","desc":"R.Succop 32 yd. Field Goal Drive: 8 plays, 55 yards in 1:48","qtr":4,"team":"KC","players":{"R.Succop":"00-0026968"}}},"weather":null,"media":null,"yl":"","qtr":"Final","note":null,"down":0,"togo":0,"redzone":true,"clock":"00:01","posteam":"DEN","stadium":null},"nextupdate":247}